6802,MLDLQPETT,swapped_5979,5,0.016043564,0.0
5105,GILGFVFTL,10x,5,0.29343957,0.0
6635,GILGFVFTL,swapped_5740,5,0.379023,0.0
2273,NLVPMVATV,10x,5,0.28617713,0.0
6400,GILGFVFTL,10x,5,0.33197033,0.0
362,GILGFVFTL,positive,5,0.27760974,1.0
5650,NLVPMVATV,swapped_4499,5,0.01963373,0.0
5249,RTLNAWVKV,10x,5,0.44034633,0.0
6882,NLVPMVATV,swapped_5722,5,0.018857628,0.0
3266,GILGFVFTL,10x,5,0.33751583,0.0
1115,GILGFVFTL,10x,5,0.22672485,0.0
1671,GILGFVFTL,positive,5,0.9441432,1.0
5288,GILGFVFTL,10x,5,0.29289296,0.0
5398,GILGFVFTL,swapped_4268,5,0.33631817,0.0
2900,GILGFVFTL,positive,5,0.2998854,1.0
3056,GILGFVFTL,positive,5,0.9982982,1.0
6040,GILGFVFTL,10x,5,0.25029328,0.0
5792,NLVPMVATV,positive,5,0.5415482,1.0
3039,GILGFVFTL,positive,5,0.9966743,1.0
5067,GILGFVFTL,10x,5,0.23164754,0.0
3420,GLCTLVAML,10x,5,0.45472008,0.0
1039,NLVPMVATV,10x,5,0.018256957,0.0
5722,GILGFVFTL,positive,5,0.9918114,1.0
5769,GILGFVFTL,positive,5,0.95315546,1.0
1348,NLVPMVATV,swapped_141,5,0.02339147,0.0
3253,GILGFVFTL,10x,5,0.29467016,0.0
1547,GLCTLVAML,positive,5,0.5543991,1.0
3998,GILGFVFTL,swapped_2944,5,0.38756397,0.0
938,GLCTLVAML,10x,5,0.4415176,0.0
5448,GLCTLVAML,swapped_4240,5,0.02536092,0.0
4063,NLVPMVATV,swapped_2901,5,0.30421233,0.0
4485,GILGFVFTL,positive,5,0.33145446,1.0
2232,NLVPMVATV,10x,5,0.4588399,0.0
2185,NLVPMVATV,10x,5,0.53014696,0.0
3802,GILGFVFTL,10x,5,0.37145212,0.0
235,GILGFVFTL,positive,5,0.9980539,1.0
5223,GILGFVFTL,10x,5,0.45196798,0.0
318,GILGFVFTL,positive,5,0.86630565,1.0
4005,NLVPMVATV,swapped_3044,5,0.025975343,0.0
4613,GILGFVFTL,10x,5,0.37114665,0.0
2269,GILGFVFTL,10x,5,0.3870074,0.0
2317,GILGFVFTL,10x,5,0.36805803,0.0
2892,GILGFVFTL,positive,5,0.23540911,1.0
330,LLFGYPVYV,positive,5,0.43361866,1.0
2912,FLYALALLL,positive,5,0.5989232,1.0
3489,GILGFVFTL,10x,5,0.36096683,0.0
890,GILGFVFTL,10x,5,0.34398624,0.0
6773,NLVPMVATV,swapped_5871,5,0.01900488,0.0
3586,GLCTLVAML,10x,5,0.53113455,0.0
107,GILGFVFTL,positive,5,0.9980868,1.0
6639,GLCTLVAML,swapped_5732,5,0.023118004,0.0
1387,NLVPMVATV,swapped_96,5,0.3331936,0.0
4321,GILGFVFTL,positive,5,0.9968591,1.0
203,GILGFVFTL,positive,5,0.25155282,1.0
6531,GILGFVFTL,10x,5,0.3001651,0.0
6021,LLFGYPVYV,10x,5,0.4584015,0.0
58,GILGFVFTL,positive,5,0.38860443,1.0
171,MLDLQPETT,positive,5,0.35314313,1.0
1289,NLVPMVATV,swapped_187,5,0.023419557,0.0
4546,GILGFVFTL,positive,5,0.9946616,1.0
4315,GILGFVFTL,positive,5,0.9982102,1.0
406,GILGFVFTL,10x,5,0.34535784,0.0
4067,NLVPMVATV,swapped_2808,5,0.36293823,0.0
1244,NLVPMVATV,swapped_150,5,0.022820419,0.0
6523,GILGFVFTL,10x,5,0.6999529,0.0
5040,GLCTLVAML,10x,5,0.6512854,0.0
2731,GILGFVFTL,positive,5,0.9979685,1.0
5693,GLCTLVAML,swapped_4205,5,0.12640482,0.0
485,GILGFVFTL,10x,5,0.29416767,0.0
5594,GILGFVFTL,swapped_4223,5,0.65116906,0.0
457,GILGFVFTL,10x,5,0.28157488,0.0
4003,GLCTLVAML,swapped_2884,5,0.6192788,0.0
6233,GILGFVFTL,10x,5,0.36282042,0.0
845,GILGFVFTL,10x,5,0.22467934,0.0
6455,GILGFVFTL,10x,5,0.4692561,0.0
991,GLCTLVAML,swapped_73,5,0.4237497,0.0
1778,GILGFVFTL,positive,5,0.9984211,1.0
5292,GILGFVFTL,10x,5,0.36014375,0.0
2763,GILGFVFTL,positive,5,0.99399805,1.0
2794,GILGFVFTL,positive,5,0.99722254,1.0
1623,GILGFVFTL,positive,5,0.9977489,1.0
2992,GILGFVFTL,positive,5,0.9973941,1.0
1773,GILGFVFTL,positive,5,0.28032833,1.0
1891,GILGFVFTL,10x,5,0.30983195,0.0
3824,GLCTLVAML,swapped_2999,5,0.022907054,0.0
5508,NLVPMVATV,swapped_4375,5,0.017427389,0.0
3869,NLVPMVATV,swapped_2989,5,0.019253884,0.0
3763,GILGFVFTL,10x,5,0.28302428,0.0
5181,GILGFVFTL,10x,5,0.24976769,0.0
2823,GILGFVFTL,positive,5,0.9111413,1.0
3569,GILGFVFTL,10x,5,0.7315023,0.0
4641,GILGFVFTL,10x,5,0.9472476,0.0
5042,GILGFVFTL,10x,5,0.28258473,0.0
186,FLYALALLL,positive,5,0.58150655,1.0
4356,GILGFVFTL,positive,5,0.9942068,1.0
2989,GILGFVFTL,positive,5,0.99693346,1.0
1964,GILGFVFTL,10x,5,0.21327277,0.0
5479,GILGFVFTL,swapped_4342,5,0.32442355,0.0
4290,LLFGYPVYV,positive,5,0.43228567,1.0
5293,GILGFVFTL,10x,5,0.8775045,0.0
987,NLVPMVATV,10x,5,0.4324922,0.0
5229,GILGFVFTL,10x,5,0.22350603,0.0
2635,RTLNAWVKV,swapped_1800,5,0.46310118,0.0
6039,GILGFVFTL,10x,5,0.24138765,0.0
251,RMFPNAPYL,positive,5,0.44954482,1.0
1319,GLCTLVAML,swapped_251,5,0.5036351,0.0
4374,GILGFVFTL,positive,5,0.99690574,1.0
6436,GILGFVFTL,10x,5,0.28295735,0.0
1850,GILGFVFTL,10x,5,0.2536018,0.0
5469,NLVPMVATV,swapped_4350,5,0.030227074,0.0
6302,NLVPMVATV,10x,5,0.37184146,0.0
2260,GILGFVFTL,10x,5,0.26517272,0.0
876,GLCTLVAML,10x,5,0.52648556,0.0
4699,GLCTLVAML,10x,5,0.32227993,0.0
4137,KTWGQYWQV,swapped_2912,5,0.5223312,0.0
1834,GILGFVFTL,10x,5,0.29644114,0.0
3369,NLVPMVATV,10x,5,0.675475,0.0
187,GILGFVFTL,positive,5,0.99815744,1.0
5233,GILGFVFTL,10x,5,0.32081893,0.0
4874,GILGFVFTL,10x,5,0.37389192,0.0
6280,GILGFVFTL,10x,5,0.2262265,0.0
5748,GILGFVFTL,positive,5,0.99751055,1.0
6149,GILGFVFTL,10x,5,0.33573756,0.0
1339,GLCTLVAML,swapped_354,5,0.035052806,0.0
5116,GILGFVFTL,10x,5,0.20768538,0.0
5295,GILGFVFTL,10x,5,0.3207422,0.0
3719,GILGFVFTL,10x,5,0.30905735,0.0
1862,GILGFVFTL,10x,5,0.34105822,0.0
4623,LLFGYPVYV,10x,5,0.4461698,0.0
210,GLCTLVAML,positive,5,0.49003962,1.0
4731,GLCTLVAML,10x,5,0.6651732,0.0
4908,GLCTLVAML,10x,5,0.55894077,0.0
1375,GLCTLVAML,swapped_272,5,0.27506986,0.0
5790,FLYALALLL,positive,5,0.5961238,1.0
3222,GILGFVFTL,10x,5,0.27518135,0.0
1921,NLVPMVATV,10x,5,0.40878084,0.0
4850,GILGFVFTL,10x,5,0.24704257,0.0
6216,GILGFVFTL,10x,5,0.23095083,0.0
1852,GILGFVFTL,10x,5,0.224079,0.0
6708,GLCTLVAML,swapped_5825,5,0.020942882,0.0
463,GILGFVFTL,10x,5,0.2859209,0.0
3953,NLVPMVATV,swapped_2746,5,0.3365232,0.0
1138,NLVPMVATV,10x,5,0.4980721,0.0
424,GLCTLVAML,10x,5,0.635912,0.0
4505,GLCTLVAML,positive,5,0.6510368,1.0
1809,GLCTLVAML,positive,5,0.6378334,1.0
3101,GILGFVFTL,10x,5,0.27646318,0.0
336,GILGFVFTL,positive,5,0.9974439,1.0
588,NLVPMVATV,10x,5,0.5560688,0.0
5686,RMFPNAPYL,swapped_4295,5,0.083603926,0.0
5876,GLCTLVAML,positive,5,0.5825059,1.0
24,GILGFVFTL,positive,5,0.99263144,1.0
6167,RTLNAWVKV,10x,5,0.49445692,0.0
6898,GLCTLVAML,swapped_5731,5,0.48507288,0.0
1127,GILGFVFTL,10x,5,0.3223374,0.0
4873,NLVPMVATV,10x,5,0.691179,0.0
968,GILGFVFTL,10x,5,0.33019045,0.0
1876,GILGFVFTL,10x,5,0.2853457,0.0
5560,RMFPNAPYL,swapped_4502,5,0.03244832,0.0
3250,GLCTLVAML,10x,5,0.16561595,0.0
4538,GILGFVFTL,positive,5,0.33756807,1.0
4048,KTWGQYWQV,swapped_2788,5,0.022112258,0.0
4130,NLVPMVATV,swapped_2761,5,0.055395488,0.0
6169,GILGFVFTL,10x,5,0.34909496,0.0
3969,GLCTLVAML,swapped_2846,5,0.023557331,0.0
5038,GILGFVFTL,10x,5,0.30796593,0.0
6576,FLYALALLL,10x,5,0.43725735,0.0
1145,GLCTLVAML,swapped_336,5,0.017889041,0.0
3779,GILGFVFTL,10x,5,0.34382835,0.0
4780,GILGFVFTL,10x,5,0.38061517,0.0
5666,NLVPMVATV,swapped_4311,5,0.45725223,0.0
2368,GILGFVFTL,10x,5,0.2962751,0.0
641,GILGFVFTL,10x,5,0.27256492,0.0
5192,GILGFVFTL,10x,5,0.27672428,0.0
6664,NLVPMVATV,swapped_5720,5,0.39049554,0.0
4584,YLLEMLWRL,10x,5,0.30842686,0.0
6827,GLCTLVAML,swapped_5769,5,0.090059526,0.0
3210,GILGFVFTL,10x,5,0.42179406,0.0
3376,GILGFVFTL,10x,5,0.2574601,0.0
2377,SLFNTVATL,10x,5,0.2533745,0.0
5086,GILGFVFTL,10x,5,0.89893866,0.0
6366,GILGFVFTL,10x,5,0.24038619,0.0
2274,GILGFVFTL,10x,5,0.28391066,0.0
2798,GILGFVFTL,positive,5,0.9984125,1.0
4043,GLCTLVAML,swapped_2892,5,0.30722877,0.0
5882,SLLMWITQV,positive,5,0.113835946,1.0
1966,GILGFVFTL,10x,5,0.20518914,0.0
1939,GILGFVFTL,10x,5,0.6510294,0.0
3022,GILGFVFTL,positive,5,0.29524013,1.0
3312,GILGFVFTL,10x,5,0.3474138,0.0
2236,YLLEMLWRL,10x,5,0.14187758,0.0
2828,FLYALALLL,positive,5,0.580718,1.0
2695,GILGFVFTL,positive,5,0.61291313,1.0
1704,GLCTLVAML,positive,5,0.4419902,1.0
3031,GILGFVFTL,positive,5,0.99656737,1.0
4915,GILGFVFTL,10x,5,0.25631842,0.0
6335,GILGFVFTL,10x,5,0.22423649,0.0
5286,GILGFVFTL,10x,5,0.26574588,0.0
1169,RTLNAWVKV,swapped_47,5,0.28506058,0.0
5544,GLCTLVAML,swapped_4336,5,0.025906151,0.0
4153,GLCTLVAML,swapped_2783,5,0.06150484,0.0
1371,LLFGYPVYV,swapped_38,5,0.46583182,0.0
3345,GLCTLVAML,10x,5,0.4484688,0.0
812,GILGFVFTL,10x,5,0.46301043,0.0
4951,KTWGQYWQV,10x,5,0.46657842,0.0
1726,GILGFVFTL,positive,5,0.30264214,1.0
5195,GILGFVFTL,10x,5,0.33923694,0.0
3636,IMDQVPFSV,10x,5,0.446049,0.0
2938,GILGFVFTL,positive,5,0.9976151,1.0
2882,GILGFVFTL,positive,5,0.6481138,1.0
49,GLCTLVAML,positive,5,0.5159117,1.0
1274,LLFGYPVYV,swapped_263,5,0.43016243,0.0
6052,NLVPMVATV,10x,5,0.4426154,0.0
3106,NLVPMVATV,10x,5,0.46957773,0.0
3948,GILGFVFTL,swapped_2699,5,0.54037046,0.0
5641,LLFGYPVYV,swapped_4238,5,0.42908102,0.0
1329,NLVPMVATV,swapped_55,5,0.44137442,0.0
5731,GILGFVFTL,positive,5,0.24825364,1.0
6252,GILGFVFTL,10x,5,0.4319786,0.0
4024,GLCTLVAML,swapped_2955,5,0.5700972,0.0
6715,GLCTLVAML,swapped_5990,5,0.028480047,0.0
4277,GILGFVFTL,positive,5,0.9982827,1.0
5530,GLCTLVAML,swapped_4445,5,0.26170254,0.0
5981,GILGFVFTL,positive,5,0.36178902,1.0
3773,GILGFVFTL,10x,5,0.30078322,0.0
1875,GILGFVFTL,10x,5,0.25035477,0.0
986,GILGFVFTL,10x,5,0.3334583,0.0
4163,NLVPMVATV,swapped_2801,5,0.025143972,0.0
925,NLVPMVATV,10x,5,0.49277502,0.0
886,GILGFVFTL,10x,5,0.3661268,0.0
911,GILGFVFTL,10x,5,0.35367617,0.0
4281,GILGFVFTL,positive,5,0.4646309,1.0
5405,GILGFVFTL,swapped_4505,5,0.2543706,0.0
3671,GILGFVFTL,10x,5,0.28387168,0.0
1093,GILGFVFTL,10x,5,0.31104064,0.0
178,GILGFVFTL,positive,5,0.9980432,1.0
5403,GLCTLVAML,swapped_4277,5,0.036959585,0.0
676,GILGFVFTL,10x,5,0.79008514,0.0
6306,GILGFVFTL,10x,5,0.28065735,0.0
2032,GILGFVFTL,10x,5,0.4336766,0.0
5151,GILGFVFTL,10x,5,0.2963292,0.0
2898,SLFNTVATL,positive,5,0.36415774,1.0
5112,GILGFVFTL,10x,5,0.3817878,0.0
4041,NLVPMVATV,swapped_2799,5,0.029971622,0.0
6162,GILGFVFTL,10x,5,0.48761842,0.0
3047,GILGFVFTL,positive,5,0.28649017,1.0
4365,GILGFVFTL,positive,5,0.34370095,1.0
5795,GILGFVFTL,positive,5,0.9937403,1.0
5668,GLCTLVAML,swapped_4381,5,0.18774728,0.0
2670,GLCTLVAML,swapped_1623,5,0.032980967,0.0
2515,NLVPMVATV,swapped_1727,5,0.07890885,0.0
5345,SLLMWITQV,swapped_4178,5,0.42466533,0.0
734,SLLMWITQV,10x,5,0.42250398,0.0
2730,KTWGQYWQV,positive,5,0.4926411,1.0
628,GILGFVFTL,10x,5,0.29403126,0.0
3160,RMFPNAPYL,10x,5,0.33045816,0.0
6082,GILGFVFTL,10x,5,0.29656506,0.0
6402,GILGFVFTL,10x,5,0.53418946,0.0
4932,GILGFVFTL,10x,5,0.25176913,0.0
5604,GLCTLVAML,swapped_4397,5,0.5867747,0.0
2468,NLVPMVATV,swapped_1627,5,0.023526167,0.0
2247,GILGFVFTL,10x,5,0.3772063,0.0
6854,GLCTLVAML,swapped_5935,5,0.032495487,0.0
1179,GILGFVFTL,swapped_132,5,0.27882004,0.0
751,GILGFVFTL,10x,5,0.2592218,0.0
2973,GILGFVFTL,positive,5,0.99821717,1.0
5308,NLVPMVATV,10x,5,0.5883091,0.0
242,GILGFVFTL,positive,5,0.9971711,1.0
980,NLVPMVATV,10x,5,0.44733998,0.0
2237,GILGFVFTL,10x,5,0.9655197,0.0
1723,NLVPMVATV,positive,5,0.48753858,1.0
6316,GILGFVFTL,10x,5,0.20674866,0.0
1429,MLDLQPETT,swapped_45,5,0.016152661,0.0
3887,SLFNTVATL,swapped_2860,5,0.023263764,0.0
963,RTLNAWVKV,10x,5,0.4406628,0.0
6151,GILGFVFTL,10x,5,0.21851288,0.0
3157,GILGFVFTL,10x,5,0.31889027,0.0
4397,GILGFVFTL,positive,5,0.33791682,1.0
4619,GILGFVFTL,10x,5,0.31351304,0.0
861,GILGFVFTL,10x,5,0.46938425,0.0
3751,NLVPMVATV,10x,5,0.50690687,0.0
5636,GLCTLVAML,swapped_4315,5,0.029627476,0.0
2808,GILGFVFTL,positive,5,0.46853957,1.0
689,GLCTLVAML,10x,5,0.31588903,0.0
3639,GILGFVFTL,10x,5,0.36963913,0.0
4703,NLVPMVATV,10x,5,0.57719827,0.0
1347,LLFGYPVYV,swapped_256,5,0.025113132,0.0
4666,GILGFVFTL,10x,5,0.2828165,0.0
1890,GLCTLVAML,10x,5,0.36632976,0.0
1014,GILGFVFTL,10x,5,0.30803478,0.0
3870,LLFGYPVYV,swapped_2916,5,0.02339099,0.0
3112,NLVPMVATV,10x,5,0.36205047,0.0
931,MLDLQPETT,10x,5,0.42312205,0.0
1854,NLVPMVATV,10x,5,0.34766442,0.0
3278,GLCTLVAML,10x,5,0.26728868,0.0
3292,SLFNTVATL,10x,5,0.19428742,0.0
1714,NLVPMVATV,positive,5,0.40119058,1.0
4905,GILGFVFTL,10x,5,0.5770509,0.0
2869,GLCTLVAML,positive,5,0.61937946,1.0
160,GILGFVFTL,positive,5,0.9978677,1.0
1820,GILGFVFTL,10x,5,0.36559004,0.0
5178,GILGFVFTL,10x,5,0.30722928,0.0
3436,GILGFVFTL,10x,5,0.31881037,0.0
6013,NLVPMVATV,10x,5,0.58462244,0.0
3932,GILGFVFTL,swapped_2876,5,0.25435564,0.0
5540,GILGFVFTL,swapped_4512,5,0.23646036,0.0
2297,GILGFVFTL,10x,5,0.4153332,0.0
1210,GILGFVFTL,swapped_339,5,0.35030246,0.0
5115,GILGFVFTL,10x,5,0.24555999,0.0
1121,NLVPMVATV,10x,5,0.4164187,0.0
3405,GILGFVFTL,10x,5,0.32055545,0.0
5989,GLCTLVAML,positive,5,0.5250195,1.0
2460,NLVPMVATV,swapped_1776,5,0.4185279,0.0
1322,GILGFVFTL,swapped_344,5,0.39749968,0.0
6170,GILGFVFTL,10x,5,0.36695608,0.0
460,GLCTLVAML,10x,5,0.02719291,0.0
3579,LLFGYPVYV,10x,5,0.40725172,0.0
2228,GILGFVFTL,10x,5,0.29863596,0.0
6493,GILGFVFTL,10x,5,0.4101218,0.0
5945,GILGFVFTL,positive,5,0.18736443,1.0
622,KTWGQYWQV,10x,5,0.39302966,0.0
6274,GILGFVFTL,10x,5,0.37165996,0.0
4360,GILGFVFTL,positive,5,0.9720534,1.0
2088,GILGFVFTL,10x,5,0.30682683,0.0
1208,GLCTLVAML,swapped_217,5,0.42656314,0.0
3995,NLVPMVATV,swapped_3055,5,0.01860691,0.0
5969,GILGFVFTL,positive,5,0.24722409,1.0
5216,GILGFVFTL,10x,5,0.28624672,0.0
422,GILGFVFTL,10x,5,0.21802863,0.0
5004,GILGFVFTL,10x,5,0.38119644,0.0
2830,GILGFVFTL,positive,5,0.9961851,1.0
3760,NLVPMVATV,10x,5,0.4407156,0.0
578,GLCTLVAML,10x,5,0.54539824,0.0
341,GILGFVFTL,positive,5,0.17923489,1.0
60,GILGFVFTL,positive,5,0.997996,1.0
1900,NLVPMVATV,10x,5,0.32694742,0.0
3992,NLVPMVATV,swapped_2739,5,0.021616962,0.0
2257,GILGFVFTL,10x,5,0.27261433,0.0
5740,GLCTLVAML,positive,5,0.21766312,1.0
2801,GILGFVFTL,positive,5,0.9985208,1.0
3845,GLCTLVAML,swapped_2936,5,0.36238277,0.0
1914,GILGFVFTL,10x,5,0.29542163,0.0
531,NLVPMVATV,10x,5,0.54209995,0.0
1056,GLCTLVAML,10x,5,0.4908947,0.0
5539,GLCTLVAML,swapped_4463,5,0.021657094,0.0
956,RTLNAWVKV,10x,5,0.49260777,0.0
3272,GILGFVFTL,10x,5,0.26494196,0.0
830,GILGFVFTL,10x,5,0.24384706,0.0
5159,GILGFVFTL,10x,5,0.3106085,0.0
169,NLVPMVATV,positive,5,0.5240277,1.0
3126,GILGFVFTL,10x,5,0.33403277,0.0
6291,GILGFVFTL,10x,5,0.36496162,0.0
4706,GILGFVFTL,10x,5,0.31303513,0.0
4858,GILGFVFTL,10x,5,0.40686312,0.0
5191,GLCTLVAML,10x,5,0.34710288,0.0
4921,GILGFVFTL,10x,5,0.41891575,0.0
3647,NLVPMVATV,10x,5,0.4538515,0.0
2486,GLCTLVAML,swapped_1702,5,0.027517993,0.0
2482,GLCTLVAML,swapped_1624,5,0.3902307,0.0
4413,GILGFVFTL,positive,5,0.9965964,1.0
6670,NLVPMVATV,swapped_5946,5,0.4380401,0.0
435,YLLEMLWRL,10x,5,0.22205949,0.0
4267,GILGFVFTL,positive,5,0.99736375,1.0
393,GLCTLVAML,10x,5,0.48949653,0.0
5990,GILGFVFTL,positive,5,0.99589926,1.0
3741,GLCTLVAML,10x,5,0.039030783,0.0
4238,SLLMWITQV,positive,5,0.36744696,1.0
421,LLFGYPVYV,10x,5,0.45239443,0.0
5970,NLVPMVATV,positive,5,0.16007672,1.0
103,GILGFVFTL,positive,5,0.98222154,1.0
1088,GILGFVFTL,10x,5,0.23173946,0.0
1837,RMFPNAPYL,10x,5,0.44991517,0.0
4499,GILGFVFTL,positive,5,0.99595165,1.0
1700,GILGFVFTL,positive,5,0.9968129,1.0
3008,GLCTLVAML,positive,5,0.6488469,1.0
2319,NLVPMVATV,10x,5,0.40814474,0.0
2600,NLVPMVATV,swapped_1629,5,0.026077379,0.0
2012,GILGFVFTL,10x,5,0.3470082,0.0
4131,KTWGQYWQV,swapped_2811,5,0.03226406,0.0
1337,GILGFVFTL,swapped_156,5,0.590165,0.0
6692,NLVPMVATV,swapped_5903,5,0.020895984,0.0
2467,GLCTLVAML,swapped_1742,5,0.027228605,0.0
2213,GILGFVFTL,10x,5,0.26992616,0.0
6368,NLVPMVATV,10x,5,0.49410683,0.0
3983,KVLEYVIKV,swapped_2888,5,0.4172817,0.0
3988,GILGFVFTL,swapped_3008,5,0.29625592,0.0
3075,GILGFVFTL,10x,5,0.364985,0.0
2578,GILGFVFTL,swapped_1675,5,0.33171022,0.0
3231,RTLNAWVKV,10x,5,0.4794503,0.0
4143,LLFGYPVYV,swapped_2828,5,0.48657683,0.0
3044,GILGFVFTL,positive,5,0.9977581,1.0
2430,GILGFVFTL,swapped_1547,5,0.29332638,0.0
2793,GILGFVFTL,positive,5,0.99831665,1.0
2689,GLCTLVAML,swapped_1749,5,0.49836445,0.0
4644,GILGFVFTL,10x,5,0.24074869,0.0
6327,NLVPMVATV,10x,5,0.40721786,0.0
6487,CLGGLLTMV,10x,5,0.50993764,0.0
1902,GILGFVFTL,10x,5,0.36839116,0.0
542,GILGFVFTL,10x,5,0.8170624,0.0
3823,GLCTLVAML,swapped_2731,5,0.03040549,0.0
1302,LLFGYPVYV,swapped_227,5,0.15820491,0.0
4336,GILGFVFTL,positive,5,0.99654764,1.0
3702,GLCTLVAML,10x,5,0.3964547,0.0
6001,GLCTLVAML,positive,5,0.6716121,1.0
1214,NLVPMVATV,swapped_241,5,0.32289493,0.0
6612,GLCTLVAML,swapped_5875,5,0.018033477,0.0
392,GILGFVFTL,10x,5,0.29141206,0.0
2170,GILGFVFTL,10x,5,0.23688088,0.0
5674,GILGFVFTL,swapped_4451,5,0.3339091,0.0
3130,NLVPMVATV,10x,5,0.5331417,0.0
2895,GILGFVFTL,positive,5,0.998204,1.0
5385,GILGFVFTL,swapped_4199,5,0.318949,0.0
864,GILGFVFTL,10x,5,0.8516509,0.0
349,GILGFVFTL,positive,5,0.7293484,1.0
6441,GLCTLVAML,10x,5,0.53067577,0.0
2147,GILGFVFTL,10x,5,0.3226599,0.0
5639,NLVPMVATV,swapped_4281,5,0.33321613,0.0
1428,GLCTLVAML,swapped_331,5,0.026584981,0.0
55,GLCTLVAML,positive,5,0.42373595,1.0
5930,NLVPMVATV,positive,5,0.49483517,1.0
6319,GILGFVFTL,10x,5,0.2570728,0.0
2361,GILGFVFTL,10x,5,0.2623164,0.0
3575,GLCTLVAML,10x,5,0.44608253,0.0
2977,GILGFVFTL,positive,5,0.9983045,1.0
3308,GILGFVFTL,10x,5,0.29614744,0.0
5028,GILGFVFTL,10x,5,0.20429787,0.0
1084,IMDQVPFSV,10x,5,0.4724274,0.0
3591,NLVPMVATV,10x,5,0.37134928,0.0
3965,GILGFVFTL,swapped_2958,5,0.2640785,0.0
5937,GILGFVFTL,positive,5,0.99617237,1.0
4610,GILGFVFTL,10x,5,0.27557766,0.0
3394,GLCTLVAML,10x,5,0.5074519,0.0
397,RMFPNAPYL,10x,5,0.44595268,0.0
3430,GLCTLVAML,10x,5,0.5478147,0.0
4078,RTLNAWVKV,swapped_2852,5,0.64875853,0.0
5062,GILGFVFTL,10x,5,0.21833253,0.0
2161,GILGFVFTL,10x,5,0.3540197,0.0
4222,GILGFVFTL,positive,5,0.99450266,1.0
462,GILGFVFTL,10x,5,0.26920643,0.0
6465,GLCTLVAML,10x,5,0.37345457,0.0
2122,GILGFVFTL,10x,5,0.39976963,0.0
505,NLVPMVATV,10x,5,0.5016692,0.0
4178,GILGFVFTL,positive,5,0.3074798,1.0
268,GILGFVFTL,positive,5,0.6103491,1.0
6801,GILGFVFTL,swapped_5882,5,0.8211735,0.0
5456,NLVPMVATV,swapped_4180,5,0.02047531,0.0
3812,GLCTLVAML,swapped_3039,5,0.027337592,0.0
4463,GILGFVFTL,positive,5,0.99769044,1.0
96,GILGFVFTL,positive,5,0.70428747,1.0
1522,LLFGYPVYV,swapped_186,5,0.49228615,0.0
1453,GLCTLVAML,swapped_100,5,0.24880105,0.0
6261,GILGFVFTL,10x,5,0.43401918,0.0
5732,GILGFVFTL,positive,5,0.9943756,1.0
150,GILGFVFTL,positive,5,0.99809986,1.0
4034,NLVPMVATV,swapped_2817,5,0.022860099,0.0
5868,GILGFVFTL,positive,5,0.82150984,1.0
4168,GILGFVFTL,swapped_2897,5,0.30171594,0.0
5640,NLVPMVATV,swapped_4273,5,0.018857496,0.0
191,GILGFVFTL,positive,5,0.9879951,1.0
1075,GILGFVFTL,10x,5,0.319861,0.0
2832,GILGFVFTL,positive,5,0.9984528,1.0
2817,GILGFVFTL,positive,5,0.983021,1.0
6063,RTLNAWVKV,10x,5,0.44462264,0.0
2090,GILGFVFTL,10x,5,0.29247203,0.0
3930,GLCTLVAML,swapped_2807,5,0.52874863,0.0
2036,RTLNAWVKV,10x,5,0.241086,0.0
2398,RMFPNAPYL,10x,5,0.44635946,0.0
6148,GILGFVFTL,10x,5,0.24944857,0.0
5432,RTLNAWVKV,swapped_4515,5,0.06255685,0.0
6657,NLVPMVATV,swapped_5981,5,0.35235414,0.0
1340,GLCTLVAML,swapped_167,5,0.45588169,0.0
5439,RMFPNAPYL,swapped_4365,5,0.4428773,0.0
4783,GILGFVFTL,10x,5,0.31576255,0.0
352,GILGFVFTL,positive,5,0.99633574,1.0
6083,GILGFVFTL,10x,5,0.2931384,0.0
1930,NLVPMVATV,10x,5,0.545564,0.0
1491,GILGFVFTL,swapped_73,5,0.2689196,0.0
5465,NLVPMVATV,swapped_4328,5,0.39604005,0.0
5903,GILGFVFTL,positive,5,0.99692804,1.0
4375,GILGFVFTL,positive,5,0.99502796,1.0
4624,GILGFVFTL,10x,5,0.23235509,0.0
915,GILGFVFTL,10x,5,0.31898457,0.0
5683,RMFPNAPYL,swapped_4364,5,0.041198626,0.0
3533,GILGFVFTL,10x,5,0.26924178,0.0
1929,GILGFVFTL,10x,5,0.24423982,0.0
4274,KTWGQYWQV,positive,5,0.43599162,1.0
2501,GLCTLVAML,swapped_1671,5,0.15813015,0.0
1361,NLVPMVATV,swapped_317,5,0.02261391,0.0
2469,MLDLQPETT,swapped_1726,5,0.27207103,0.0
2053,GILGFVFTL,10x,5,0.26706615,0.0
6257,GILGFVFTL,10x,5,0.44296682,0.0
3927,FLYALALLL,swapped_2923,5,0.24388517,0.0
289,GILGFVFTL,positive,5,0.9982492,1.0
1709,GILGFVFTL,positive,5,0.99804306,1.0
2916,GILGFVFTL,positive,5,0.99727887,1.0
2725,GILGFVFTL,positive,5,0.9959561,1.0
1354,GILGFVFTL,swapped_166,5,0.37417164,0.0
1448,FLYALALLL,swapped_107,5,0.019798143,0.0
2781,GILGFVFTL,positive,5,0.9957997,1.0
35,GILGFVFTL,positive,5,0.7186729,1.0
2859,GILGFVFTL,positive,5,0.33904123,1.0
1291,KTWGQYWQV,swapped_49,5,0.42786577,0.0
5760,GILGFVFTL,positive,5,0.99811435,1.0
1297,GILGFVFTL,swapped_330,5,0.23067383,0.0
4571,GILGFVFTL,10x,5,0.22068022,0.0
1085,NLVPMVATV,10x,5,0.5437961,0.0
2059,GILGFVFTL,10x,5,0.3125804,0.0
4390,GILGFVFTL,positive,5,0.9983261,1.0
1521,FLYALALLL,swapped_103,5,0.037820306,0.0
2116,GILGFVFTL,10x,5,0.26597133,0.0
2349,GILGFVFTL,10x,5,0.39821768,0.0
263,GILGFVFTL,positive,5,0.34336236,1.0
4802,GILGFVFTL,10x,5,0.29719993,0.0
1117,GILGFVFTL,10x,5,0.3456081,0.0
73,KVLEYVIKV,positive,5,0.4256102,1.0
283,GILGFVFTL,positive,5,0.9982728,1.0
1370,KVAELVHFL,swapped_323,5,0.44199035,0.0
1458,NLVPMVATV,swapped_178,5,0.024105031,0.0
2955,GILGFVFTL,positive,5,0.3348665,1.0
2746,GILGFVFTL,positive,5,0.28798363,1.0
5543,RTLNAWVKV,swapped_4257,5,0.4448158,0.0
3390,GILGFVFTL,10x,5,0.4471267,0.0
3524,GILGFVFTL,10x,5,0.30151245,0.0
483,GILGFVFTL,10x,5,0.27626112,0.0
5418,NLVPMVATV,swapped_4521,5,0.0208433,0.0
1170,GLCTLVAML,swapped_193,5,0.03057921,0.0
6609,GILGFVFTL,10x,5,0.33835253,0.0
1345,GLCTLVAML,swapped_365,5,0.35230076,0.0
936,GILGFVFTL,10x,5,0.8728395,0.0
4944,GILGFVFTL,10x,5,0.979255,0.0
4165,NLVPMVATV,swapped_2823,5,0.08786205,0.0
5276,GILGFVFTL,10x,5,0.28975752,0.0
6101,GILGFVFTL,10x,5,0.33313885,0.0
4853,GILGFVFTL,10x,5,0.31075838,0.0
4687,RTLNAWVKV,10x,5,0.49957275,0.0
5424,NLVPMVATV,swapped_4267,5,0.018801378,0.0
2407,RTLNAWVKV,swapped_1677,5,0.05927213,0.0
4502,GILGFVFTL,positive,5,0.99837863,1.0
2199,GLCTLVAML,10x,5,0.59471554,0.0
6031,GILGFVFTL,10x,5,0.24264805,0.0
156,NLVPMVATV,positive,5,0.39814508,1.0
6703,GILGFVFTL,swapped_6001,5,0.2856599,0.0
2739,GILGFVFTL,positive,5,0.99842703,1.0
2505,NLVPMVATV,swapped_1690,5,0.4317807,0.0
451,GILGFVFTL,10x,5,0.309188,0.0
6721,GLCTLVAML,swapped_5809,5,0.51464176,0.0
6034,GLCTLVAML,10x,5,0.56179255,0.0
6147,GILGFVFTL,10x,5,0.43152484,0.0
6068,GLCTLVAML,10x,5,0.16398478,0.0
3346,GLCTLVAML,10x,5,0.66013914,0.0
6309,GLCTLVAML,10x,5,0.6719118,0.0
4268,GLCTLVAML,positive,5,0.69143414,1.0
4841,GILGFVFTL,10x,5,0.2527944,0.0
1679,GILGFVFTL,positive,5,0.9975266,1.0
3970,GILGFVFTL,swapped_2804,5,0.22863747,0.0
3956,NLVPMVATV,swapped_3028,5,0.34791034,0.0
4141,NLVPMVATV,swapped_2962,5,0.025122857,0.0
4316,GILGFVFTL,positive,5,0.2626507,1.0
594,FLYALALLL,10x,5,0.3961838,0.0
4090,GLCTLVAML,swapped_3019,5,0.030293256,0.0
662,GILGFVFTL,10x,5,0.4086594,0.0
2592,RTLNAWVKV,swapped_1713,5,0.5014352,0.0
141,GILGFVFTL,positive,5,0.99790776,1.0
1677,GILGFVFTL,positive,5,0.9985744,1.0
1991,GILGFVFTL,10x,5,0.28951892,0.0
3450,GILGFVFTL,10x,5,0.24834096,0.0
1168,GLCTLVAML,swapped_287,5,0.028654575,0.0
2551,GILGFVFTL,swapped_1777,5,0.2988109,0.0
966,IMDQVPFSV,10x,5,0.4509329,0.0
348,GILGFVFTL,positive,5,0.38827258,1.0
3837,NLVPMVATV,swapped_2974,5,0.37829337,0.0
2167,GILGFVFTL,10x,5,0.28694022,0.0
1595,GILGFVFTL,positive,5,0.30212346,1.0
5144,GILGFVFTL,10x,5,0.32246312,0.0
4661,GILGFVFTL,10x,5,0.27490145,0.0
2497,FLYALALLL,swapped_1590,5,0.22003682,0.0
4180,GILGFVFTL,positive,5,0.9973788,1.0
3355,GILGFVFTL,10x,5,0.3011016,0.0
5667,GLCTLVAML,swapped_4396,5,0.25553662,0.0
1276,GLCTLVAML,swapped_155,5,0.031068576,0.0
5108,GILGFVFTL,10x,5,0.2904769,0.0
2328,GILGFVFTL,10x,5,0.4198063,0.0
4199,NLVPMVATV,positive,5,0.49968442,1.0
4201,GILGFVFTL,positive,5,0.27738088,1.0
4882,GILGFVFTL,10x,5,0.3781925,0.0
4118,GLCTLVAML,swapped_2866,5,0.40123507,0.0
5728,KTWGQYWQV,positive,5,0.41858068,1.0
1379,LLFGYPVYV,swapped_341,5,0.44361472,0.0
6018,RMFPNAPYL,10x,5,0.4403982,0.0
754,GILGFVFTL,10x,5,0.35720032,0.0
2811,GILGFVFTL,positive,5,0.9979814,1.0
4119,GLCTLVAML,swapped_2781,5,0.025639115,0.0
4174,GLCTLVAML,positive,5,0.6045119,1.0
6391,GILGFVFTL,10x,5,0.28888375,0.0
5128,CLGGLLTMV,10x,5,0.51469404,0.0
4580,GILGFVFTL,10x,5,0.26957563,0.0
1154,GILGFVFTL,swapped_65,5,0.2806525,0.0
1864,GILGFVFTL,10x,5,0.30782074,0.0
2698,GILGFVFTL,positive,5,0.3047173,1.0
193,GILGFVFTL,positive,5,0.9981583,1.0
1981,GLCTLVAML,10x,5,0.2534547,0.0
872,GILGFVFTL,10x,5,0.29194322,0.0
323,GILGFVFTL,positive,5,0.28203675,1.0
6903,RTLNAWVKV,swapped_5717,5,0.036904465,0.0
1720,GILGFVFTL,positive,5,0.1898959,1.0
2512,NLVPMVATV,swapped_1766,5,0.3346831,0.0
2945,GILGFVFTL,positive,5,0.72695494,1.0
5720,GILGFVFTL,positive,5,0.35915557,1.0
1766,GILGFVFTL,positive,5,0.5084935,1.0
2444,GILGFVFTL,swapped_1686,5,0.34807548,0.0
613,GILGFVFTL,10x,5,0.33304757,0.0
4424,GILGFVFTL,positive,5,0.99818796,1.0
6128,GILGFVFTL,10x,5,0.28788728,0.0
5369,GLCTLVAML,swapped_4185,5,0.028489804,0.0
5656,FLYALALLL,swapped_4360,5,0.040185083,0.0
6363,GILGFVFTL,10x,5,0.25611725,0.0
1519,FLYALALLL,swapped_203,5,0.29312652,0.0
3567,NLVPMVATV,10x,5,0.32126585,0.0
2948,NLVPMVATV,positive,5,0.41173944,1.0
4662,GILGFVFTL,10x,5,0.33324388,0.0
1846,NLVPMVATV,10x,5,0.51138514,0.0
6221,FLYALALLL,10x,5,0.4551853,0.0
1713,GILGFVFTL,positive,5,0.32807845,1.0
6741,NLVPMVATV,swapped_5760,5,0.027927551,0.0
2958,GLCTLVAML,positive,5,0.6237214,1.0
2045,GILGFVFTL,10x,5,0.2837049,0.0
5658,GLCTLVAML,swapped_4252,5,0.2753742,0.0
2451,KTWGQYWQV,swapped_1720,5,0.28843006,0.0
4170,NLVPMVATV,swapped_2900,5,0.47545466,0.0
100,GILGFVFTL,positive,5,0.42699495,1.0
5363,GLCTLVAML,swapped_4312,5,0.016376013,0.0
5629,GLCTLVAML,swapped_4536,5,0.66718245,0.0
2114,GILGFVFTL,10x,5,0.40671036,0.0
2253,GILGFVFTL,10x,5,0.31229934,0.0
5614,GILGFVFTL,swapped_4439,5,0.30537772,0.0
6353,GILGFVFTL,10x,5,0.3609311,0.0
2590,GILGFVFTL,swapped_1807,5,0.32415593,0.0
6660,GILGFVFTL,swapped_5790,5,0.32949618,0.0
2329,NLVPMVATV,10x,5,0.47133029,0.0
1324,MLDLQPETT,swapped_379,5,0.11508642,0.0
661,SLFNTVATL,10x,5,0.42831677,0.0
4015,NLVPMVATV,swapped_2898,5,0.47546622,0.0
5211,GILGFVFTL,10x,5,0.2201568,0.0
3189,GILGFVFTL,10x,5,0.26109192,0.0
2060,GLCTLVAML,10x,5,0.40661362,0.0
4342,GLCTLVAML,positive,5,0.6628002,1.0
234,FLYALALLL,positive,5,0.5524333,1.0
47,GILGFVFTL,positive,5,0.84047645,1.0
526,GILGFVFTL,10x,5,0.23742276,0.0
3946,NLVPMVATV,swapped_2798,5,0.023456905,0.0
3892,GLCTLVAML,swapped_2793,5,0.016804261,0.0
1884,GILGFVFTL,10x,5,0.2891403,0.0
2231,RTLNAWVKV,10x,5,0.43501407,0.0
418,GLCTLVAML,10x,5,0.33196825,0.0
1807,FLYALALLL,positive,5,0.26924723,1.0
763,GILGFVFTL,10x,5,0.3411064,0.0
4536,FLYALALLL,positive,5,0.5986293,1.0
6201,GILGFVFTL,10x,5,0.35094514,0.0
1625,GILGFVFTL,positive,5,0.39133182,1.0
5436,IMDQVPFSV,swapped_4374,5,0.04329335,0.0
92,GILGFVFTL,positive,5,0.9974899,1.0
3169,GILGFVFTL,10x,5,0.33625832,0.0
2035,LLFGYPVYV,10x,5,0.44787028,0.0
5697,GLCTLVAML,swapped_4538,5,0.69054544,0.0
2518,GILGFVFTL,swapped_1809,5,0.28325275,0.0
3791,GILGFVFTL,10x,5,0.42554358,0.0
646,GILGFVFTL,10x,5,0.26473427,0.0
5243,MLDLQPETT,10x,5,0.32972544,0.0
3495,GLCTLVAML,10x,5,0.19100922,0.0
1416,LLFGYPVYV,swapped_19,5,0.4579607,0.0
3717,GILGFVFTL,10x,5,0.3765893,0.0
3910,GLCTLVAML,swapped_2698,5,0.34929788,0.0
5527,GLCTLVAML,swapped_4186,5,0.47740787,0.0
3386,GLCTLVAML,10x,5,0.33714324,0.0
6905,RMFPNAPYL,swapped_5902,5,0.046385515,0.0
1737,NLVPMVATV,positive,5,0.51056916,1.0
5664,GLCTLVAML,swapped_4546,5,0.019552732,0.0
2200,KTWGQYWQV,10x,5,0.43269184,0.0
5102,GILGFVFTL,10x,5,0.3279131,0.0
4719,GILGFVFTL,10x,5,0.27111894,0.0
2783,GILGFVFTL,positive,5,0.7780721,1.0
1245,RTLNAWVKV,swapped_234,5,0.51916844,0.0
293,GILGFVFTL,positive,5,0.99833626,1.0
1596,GILGFVFTL,positive,5,0.25079706,1.0
5057,GILGFVFTL,10x,5,0.2549159,0.0
5588,GILGFVFTL,swapped_4427,5,0.29777643,0.0
2203,GILGFVFTL,10x,5,0.28145403,0.0
3332,GILGFVFTL,10x,5,0.32098728,0.0
331,GILGFVFTL,positive,5,0.99843544,1.0
4722,GILGFVFTL,10x,5,0.3592194,0.0
4439,GLCTLVAML,positive,5,0.4417031,1.0
1592,GLCTLVAML,positive,5,0.6794413,1.0
1078,SLLMWITQV,10x,5,0.44529656,0.0
565,GILGFVFTL,10x,5,0.99760914,0.0
2933,GILGFVFTL,positive,5,0.30324763,1.0
4810,GILGFVFTL,10x,5,0.20209605,0.0
4129,GLCTLVAML,swapped_2711,5,0.029874489,0.0
1739,GLCTLVAML,positive,5,0.69039893,1.0
2549,GILGFVFTL,swapped_1770,5,0.24229005,0.0
229,GILGFVFTL,positive,5,0.9979569,1.0
1843,GILGFVFTL,10x,5,0.26733366,0.0
1126,GILGFVFTL,10x,5,0.26533857,0.0
6222,GILGFVFTL,10x,5,0.43061948,0.0
1087,GILGFVFTL,10x,5,0.39849967,0.0
4273,GILGFVFTL,positive,5,0.99747866,1.0
4512,GLCTLVAML,positive,5,0.45687616,1.0
1702,GILGFVFTL,positive,5,0.99739045,1.0
5532,GLCTLVAML,swapped_4509,5,0.2013251,0.0
41,GILGFVFTL,positive,5,0.9973889,1.0
2792,GILGFVFTL,positive,5,0.996707,1.0
2699,GLCTLVAML,positive,5,0.6744917,1.0
1283,GLCTLVAML,swapped_145,5,0.46640992,0.0
1490,GILGFVFTL,swapped_169,5,0.2900955,0.0
3409,GILGFVFTL,10x,5,0.3390321,0.0
5662,FLYALALLL,swapped_4431,5,0.27001733,0.0
3622,GILGFVFTL,10x,5,0.24559277,0.0
2936,GILGFVFTL,positive,5,0.528703,1.0
3873,MLDLQPETT,swapped_3047,5,0.4014197,0.0
2381,NLVPMVATV,10x,5,0.60710746,0.0
2851,GILGFVFTL,positive,5,0.9970373,1.0
3361,GLCTLVAML,10x,5,0.67132986,0.0
6725,NLVPMVATV,swapped_5728,5,0.38431466,0.0
4019,NLVPMVATV,swapped_2830,5,0.028599048,0.0
3678,GILGFVFTL,10x,5,0.33044,0.0
3882,GLCTLVAML,swapped_2895,5,0.023841714,0.0
537,GILGFVFTL,10x,5,0.98526865,0.0
1749,GILGFVFTL,positive,5,0.21623673,1.0
3848,GLCTLVAML,swapped_2973,5,0.022363175,0.0
190,NLVPMVATV,positive,5,0.29710644,1.0
947,GILGFVFTL,10x,5,0.25076637,0.0
3825,GLCTLVAML,swapped_2695,5,0.07811384,0.0
2494,GILGFVFTL,swapped_1592,5,0.39567748,0.0
4627,GILGFVFTL,10x,5,0.3144121,0.0
6418,GILGFVFTL,10x,5,0.21506932,0.0
290,GILGFVFTL,positive,5,0.9983045,1.0
2209,NLVPMVATV,10x,5,0.51773536,0.0
6076,RMFPNAPYL,10x,5,0.4388815,0.0
4243,GILGFVFTL,positive,5,0.9947509,1.0
1279,GLCTLVAML,swapped_34,5,0.03200457,0.0
6764,FLYALALLL,swapped_5860,5,0.017053507,0.0
3084,GLCTLVAML,10x,5,0.57759243,0.0
491,NLVPMVATV,10x,5,0.4461634,0.0
5631,FLYALALLL,swapped_4555,5,0.6254454,0.0
6281,NLVPMVATV,10x,5,0.29755118,0.0
5946,GILGFVFTL,positive,5,0.26437652,1.0
2646,NLVPMVATV,swapped_1625,5,0.6355934,0.0
1226,NLVPMVATV,swapped_160,5,0.023174219,0.0
4367,GLCTLVAML,positive,5,0.5653664,1.0
6398,NLVPMVATV,10x,5,0.41639915,0.0
1590,GILGFVFTL,positive,5,0.77039075,1.0
2477,GILGFVFTL,swapped_1704,5,0.3111938,0.0
1060,GILGFVFTL,10x,5,0.2525558,0.0
5215,MLDLQPETT,10x,5,0.39502206,0.0
65,NLVPMVATV,positive,5,0.41402188,1.0
6153,GILGFVFTL,10x,5,0.29591596,0.0
4364,GILGFVFTL,positive,5,0.997537,1.0
132,FLYALALLL,positive,5,0.28517058,1.0
2464,GLCTLVAML,swapped_1778,5,0.026641611,0.0
1198,LLFGYPVYV,swapped_191,5,0.10258709,0.0
690,SLFNTVATL,10x,5,0.2152508,0.0
6166,GILGFVFTL,10x,5,0.31991798,0.0
6788,LLFGYPVYV,swapped_6004,5,0.25277367,0.0
2239,GILGFVFTL,10x,5,0.26041314,0.0
5755,GLCTLVAML,positive,5,0.6911776,1.0
3150,GLCTLVAML,10x,5,0.028281543,0.0
4561,GILGFVFTL,10x,5,0.66318035,0.0
5197,GILGFVFTL,10x,5,0.4107137,0.0
1979,GILGFVFTL,10x,5,0.33971703,0.0
480,GILGFVFTL,10x,5,0.32825163,0.0
1204,GILGFVFTL,swapped_190,5,0.2635977,0.0
21,GILGFVFTL,positive,5,0.99830806,1.0
42,GILGFVFTL,positive,5,0.99820507,1.0
5825,GILGFVFTL,positive,5,0.99329925,1.0
6146,NLVPMVATV,10x,5,0.44718322,0.0
5481,GLCTLVAML,swapped_4485,5,0.58142203,0.0
1020,GILGFVFTL,10x,5,0.30777493,0.0
45,GILGFVFTL,positive,5,0.99802774,1.0
320,GILGFVFTL,positive,5,0.98255825,1.0
1946,GLCTLVAML,10x,5,0.588372,0.0
3447,GILGFVFTL,10x,5,0.47618553,0.0
5860,GILGFVFTL,positive,5,0.9970163,1.0
1147,GILGFVFTL,swapped_22,5,0.3485979,0.0
1389,GILGFVFTL,swapped_18,5,0.29199165,0.0
1465,GLCTLVAML,swapped_35,5,0.10363879,0.0
3796,GILGFVFTL,10x,5,0.29574215,0.0
2524,GILGFVFTL,swapped_1723,5,0.3238995,0.0
4471,NLVPMVATV,positive,5,0.49297938,1.0
6160,GILGFVFTL,10x,5,0.38481188,0.0
4115,NLVPMVATV,swapped_2827,5,0.44877172,0.0
6004,GILGFVFTL,positive,5,0.37589058,1.0
2888,GILGFVFTL,positive,5,0.29181275,1.0
671,GILGFVFTL,10x,5,0.25870827,0.0
2162,GILGFVFTL,10x,5,0.9977076,0.0
4886,GILGFVFTL,10x,5,0.28925633,0.0
1001,GILGFVFTL,10x,5,0.2672211,0.0
1176,RTLNAWVKV,swapped_242,5,0.0958599,0.0
5707,GILGFVFTL,positive,5,0.99527466,1.0
2974,GILGFVFTL,positive,5,0.35344127,1.0
854,GLCTLVAML,10x,5,0.44474295,0.0
4887,GILGFVFTL,10x,5,0.23340078,0.0
1992,GILGFVFTL,10x,5,0.3168946,0.0
4445,GILGFVFTL,positive,5,0.38469556,1.0
1498,NLVPMVATV,swapped_60,5,0.023584904,0.0
3538,GILGFVFTL,10x,5,0.51371944,0.0
6336,GLCTLVAML,10x,5,0.41497642,0.0
2051,NLVPMVATV,10x,5,0.4796119,0.0
1311,NLVPMVATV,swapped_119,5,0.023141319,0.0
4862,GLCTLVAML,10x,5,0.49488667,0.0
3100,GILGFVFTL,10x,5,0.23530827,0.0
247,GILGFVFTL,positive,5,0.9950324,1.0
5441,FLYALALLL,swapped_4424,5,0.020050356,0.0
1944,GILGFVFTL,10x,5,0.27993545,0.0
4522,GILGFVFTL,positive,5,0.99627006,1.0
1131,GILGFVFTL,10x,5,0.37173074,0.0
5411,GILGFVFTL,swapped_4174,5,0.7357678,0.0
3419,GILGFVFTL,10x,5,0.24158382,0.0
4040,GLCTLVAML,swapped_2794,5,0.019669052,0.0
257,GILGFVFTL,positive,5,0.3605249,1.0
155,GILGFVFTL,positive,5,0.99817884,1.0
5871,GILGFVFTL,positive,5,0.99707174,1.0
89,GILGFVFTL,positive,5,0.30627933,1.0
3055,GILGFVFTL,positive,5,0.9946642,1.0
4849,GILGFVFTL,10x,5,0.34404132,0.0
3642,GILGFVFTL,10x,5,0.3025008,0.0
3240,GILGFVFTL,10x,5,0.30185118,0.0
1091,GILGFVFTL,10x,5,0.3770466,0.0
518,NLVPMVATV,10x,5,0.5038719,0.0
2807,GILGFVFTL,positive,5,0.3785791,1.0
1298,KVLEYVIKV,swapped_268,5,0.20748055,0.0
3098,GILGFVFTL,10x,5,0.39258885,0.0
3440,GILGFVFTL,10x,5,0.30101424,0.0
4056,RMFPNAPYL,swapped_2853,5,0.031385247,0.0
3233,FLYALALLL,10x,5,0.29018524,0.0
4292,GILGFVFTL,positive,5,0.24205811,1.0
5606,GILGFVFTL,swapped_4471,5,0.3234764,0.0
1233,GLCTLVAML,swapped_86,5,0.034214918,0.0
1364,GLCTLVAML,swapped_111,5,0.021897167,0.0
6037,GILGFVFTL,10x,5,0.26619977,0.0
5637,NLVPMVATV,swapped_4274,5,0.4727129,0.0
4869,GILGFVFTL,10x,5,0.28355384,0.0
3985,KTWGQYWQV,swapped_2945,5,0.22822553,0.0
4464,NLVPMVATV,positive,5,0.61237496,1.0
5176,GILGFVFTL,10x,5,0.29347256,0.0
3255,GILGFVFTL,10x,5,0.31760457,0.0
3598,GILGFVFTL,10x,5,0.50042844,0.0
1349,RTLNAWVKV,swapped_121,5,0.46951792,0.0
6770,NLVPMVATV,swapped_5932,5,0.45833176,0.0
6510,GLCTLVAML,10x,5,0.025232155,0.0
5109,NLVPMVATV,10x,5,0.52071756,0.0
4219,GILGFVFTL,positive,5,0.2643014,1.0
5026,GILGFVFTL,10x,5,0.2734606,0.0
2492,KTWGQYWQV,swapped_1709,5,0.025577826,0.0
4029,FLYALALLL,swapped_3022,5,0.34922263,0.0
4381,GILGFVFTL,positive,5,0.88288593,1.0
2588,GILGFVFTL,swapped_1739,5,0.3405976,0.0
4295,GILGFVFTL,positive,5,0.9944898,1.0
5389,NLVPMVATV,swapped_4222,5,0.017817795,0.0
2943,GILGFVFTL,positive,5,0.99796814,1.0
6443,GILGFVFTL,10x,5,0.37329677,0.0
3941,GLCTLVAML,swapped_2789,5,0.17330495,0.0
849,GILGFVFTL,10x,5,0.2716445,0.0
2282,GLCTLVAML,10x,5,0.5153747,0.0
3705,FLYALALLL,10x,5,0.33655608,0.0
3172,FLYALALLL,10x,5,0.40899524,0.0
3692,GILGFVFTL,10x,5,0.3354409,0.0
2508,MLDLQPETT,swapped_1596,5,0.24845824,0.0
6339,GILGFVFTL,10x,5,0.27978843,0.0
3606,GILGFVFTL,10x,5,0.25769728,0.0
3560,GILGFVFTL,10x,5,0.4250568,0.0
3603,GILGFVFTL,10x,5,0.3562852,0.0
5146,GILGFVFTL,10x,5,0.4707962,0.0
1514,LLFGYPVYV,swapped_229,5,0.038684763,0.0
1242,RTLNAWVKV,swapped_89,5,0.46779832,0.0
3241,GILGFVFTL,10x,5,0.47554973,0.0
684,GLCTLVAML,10x,5,0.46525246,0.0
4906,GILGFVFTL,10x,5,0.33763832,0.0
6247,GILGFVFTL,10x,5,0.3166577,0.0
18,GLCTLVAML,positive,5,0.6792119,1.0
4354,GILGFVFTL,positive,5,0.99741733,1.0
801,GILGFVFTL,10x,5,0.35584655,0.0
2446,GILGFVFTL,swapped_1552,5,0.21936543,0.0
5401,NLVPMVATV,swapped_4413,5,0.01838011,0.0
3200,GILGFVFTL,10x,5,0.24746494,0.0
3971,GLCTLVAML,swapped_2831,5,0.033541594,0.0
3701,GILGFVFTL,10x,5,0.5307115,0.0
4214,GILGFVFTL,positive,5,0.99029386,1.0
339,GLCTLVAML,positive,5,0.6883575,1.0
4716,GLCTLVAML,10x,5,0.5552746,0.0
2159,GILGFVFTL,10x,5,0.32813296,0.0
5902,GILGFVFTL,positive,5,0.9973441,1.0
2711,GILGFVFTL,positive,5,0.9976248,1.0
6592,GILGFVFTL,10x,5,0.31031433,0.0
1693,GILGFVFTL,positive,5,0.9984958,1.0
2459,GLCTLVAML,swapped_1790,5,0.6765381,0.0
2155,GILGFVFTL,10x,5,0.29543465,0.0
1243,RTLNAWVKV,swapped_320,5,0.022023436,0.0
3657,GILGFVFTL,10x,5,0.2573915,0.0
2884,GILGFVFTL,positive,5,0.30651373,1.0
6611,FLYALALLL,swapped_5974,5,0.43796617,0.0
2860,GILGFVFTL,positive,5,0.9981122,1.0
6808,NLVPMVATV,swapped_5945,5,0.47100994,0.0
4240,GILGFVFTL,positive,5,0.9981194,1.0
3140,GLCTLVAML,10x,5,0.52582043,0.0
3155,GILGFVFTL,10x,5,0.26397204,0.0
669,GILGFVFTL,10x,5,0.3109794,0.0
4646,GILGFVFTL,10x,5,0.25066355,0.0
5906,GILGFVFTL,positive,5,0.5515964,1.0
634,GILGFVFTL,10x,5,0.33629084,0.0
4824,GILGFVFTL,10x,5,0.25598496,0.0
3219,GILGFVFTL,10x,5,0.33231884,0.0
4257,GILGFVFTL,positive,5,0.34431222,1.0
4760,GILGFVFTL,10x,5,0.27001223,0.0
1390,GILGFVFTL,swapped_273,5,0.1919106,0.0
5624,GLCTLVAML,swapped_4290,5,0.26893327,0.0
400,GILGFVFTL,10x,5,0.21077311,0.0
2372,LLFGYPVYV,10x,5,0.26227286,0.0
3920,NLVPMVATV,swapped_3056,5,0.026340595,0.0
2309,GILGFVFTL,10x,5,0.27559617,0.0
217,GILGFVFTL,positive,5,0.37869388,1.0
514,GILGFVFTL,10x,5,0.28480214,0.0
825,GILGFVFTL,10x,5,0.9817468,0.0
2296,GLCTLVAML,10x,5,0.5167048,0.0
3192,GILGFVFTL,10x,5,0.23756155,0.0
704,GLCTLVAML,10x,5,0.3577711,0.0
3783,GILGFVFTL,10x,5,0.25583807,0.0
22,FLYALALLL,positive,5,0.68556523,1.0
1999,GILGFVFTL,10x,5,0.30508998,0.0
4186,GILGFVFTL,positive,5,0.7143046,1.0
2001,NLVPMVATV,10x,5,0.19990794,0.0
3195,GILGFVFTL,10x,5,0.33451536,0.0
2189,GILGFVFTL,10x,5,0.41542915,0.0
2901,GILGFVFTL,positive,5,0.23579977,1.0
5776,GLCTLVAML,positive,5,0.3680769,1.0
1225,LLFGYPVYV,swapped_41,5,0.04223683,0.0
5965,GILGFVFTL,positive,5,0.9978471,1.0
196,GILGFVFTL,positive,5,0.99698,1.0
6771,GILGFVFTL,swapped_5876,5,0.29662612,0.0
2511,GLCTLVAML,swapped_1672,5,0.3606247,0.0
5630,GLCTLVAML,swapped_4215,5,0.024335425,0.0
1690,GLCTLVAML,positive,5,0.4538731,1.0
4753,GILGFVFTL,10x,5,0.23258361,0.0
6120,GLCTLVAML,10x,5,0.5319503,0.0
119,GILGFVFTL,positive,5,0.9982791,1.0
4566,GILGFVFTL,10x,5,0.49760056,0.0
2591,LLFGYPVYV,swapped_1564,5,0.49476874,0.0
807,GILGFVFTL,10x,5,0.25542468,0.0
3576,GILGFVFTL,10x,5,0.38288784,0.0
4431,NLVPMVATV,positive,5,0.27061728,1.0
3813,GILGFVFTL,swapped_2730,5,0.6590716,0.0
6131,SLLMWITQV,10x,5,0.43026203,0.0
5314,RTLNAWVKV,10x,5,0.40329072,0.0
4606,GILGFVFTL,10x,5,0.38000813,0.0
6345,GLCTLVAML,10x,5,0.42615068,0.0
1963,GLCTLVAML,10x,5,0.41423163,0.0
3104,RTLNAWVKV,10x,5,0.35628086,0.0
3261,GILGFVFTL,10x,5,0.37285146,0.0
5597,GILGFVFTL,swapped_4464,5,0.5888002,0.0
6575,GILGFVFTL,10x,5,0.36925712,0.0
1552,GLCTLVAML,positive,5,0.5431135,1.0
5536,GILGFVFTL,swapped_4367,5,0.28945553,0.0
3653,GILGFVFTL,10x,5,0.28504196,0.0
369,GILGFVFTL,positive,5,0.99808806,1.0
287,GILGFVFTL,positive,5,0.9976453,1.0
5680,GLCTLVAML,swapped_4522,5,0.018255627,0.0
4787,GILGFVFTL,10x,5,0.63716537,0.0
2026,GILGFVFTL,10x,5,0.303913,0.0
6853,GLCTLVAML,swapped_5906,5,0.15393391,0.0
4818,NLVPMVATV,10x,5,0.38968447,0.0
4535,GLCTLVAML,positive,5,0.687457,1.0
4223,NLVPMVATV,positive,5,0.6441296,1.0
757,GLCTLVAML,10x,5,0.4172194,0.0
6445,GILGFVFTL,10x,5,0.28845024,0.0
241,GILGFVFTL,positive,5,0.7612167,1.0
709,GILGFVFTL,10x,5,0.34167516,0.0
4891,GILGFVFTL,10x,5,0.3005599,0.0
855,GILGFVFTL,10x,5,0.97369957,0.0
1205,GLCTLVAML,swapped_369,5,0.028488368,0.0
4839,NLVPMVATV,10x,5,0.37722546,0.0
6305,GILGFVFTL,10x,5,0.32872546,0.0
1118,GILGFVFTL,10x,5,0.23314698,0.0
133,GILGFVFTL,positive,5,0.996479,1.0
6431,GILGFVFTL,10x,5,0.22208118,0.0
5466,GLCTLVAML,swapped_4435,5,0.5641091,0.0
3347,GILGFVFTL,10x,5,0.27342457,0.0
3674,GILGFVFTL,10x,5,0.3153016,0.0
3665,GILGFVFTL,10x,5,0.33173645,0.0
2790,GILGFVFTL,positive,5,0.4784873,1.0
4911,LLFGYPVYV,10x,5,0.36322463,0.0
1393,KLQCVDLHV,swapped_349,5,0.5310287,0.0
5096,NLVPMVATV,10x,5,0.057863995,0.0
933,GILGFVFTL,10x,5,0.3456047,0.0
3581,NLVPMVATV,10x,5,0.329308,0.0
2866,GILGFVFTL,positive,5,0.31401038,1.0
4754,GLCTLVAML,10x,5,0.10894132,0.0
3756,GILGFVFTL,10x,5,0.7150942,0.0
1825,GLCTLVAML,10x,5,0.19552319,0.0
504,GILGFVFTL,10x,5,0.27012166,0.0
6904,GILGFVFTL,swapped_5737,5,0.2906616,0.0
1164,GLCTLVAML,swapped_42,5,0.026001005,0.0
2799,GILGFVFTL,positive,5,0.9974246,1.0
1600,GILGFVFTL,positive,5,0.24023037,1.0
1510,YLLEMLWRL,swapped_137,5,0.29597828,0.0
2827,GILGFVFTL,positive,5,0.25831363,1.0
1802,GILGFVFTL,positive,5,0.99827564,1.0
1171,GLCTLVAML,swapped_348,5,0.25882292,0.0
4252,GILGFVFTL,positive,5,0.29381064,1.0
6127,GILGFVFTL,10x,5,0.28546643,0.0
556,GILGFVFTL,10x,5,0.38917783,0.0
1069,GILGFVFTL,10x,5,0.30165383,0.0
1381,NLVPMVATV,swapped_289,5,0.023257015,0.0
2999,GILGFVFTL,positive,5,0.9979455,1.0
1960,GILGFVFTL,10x,5,0.34369612,0.0
2876,MLDLQPETT,positive,5,0.18667437,1.0
3918,GLCTLVAML,swapped_2790,5,0.41438437,0.0
6479,GILGFVFTL,10x,5,0.3304646,0.0
6518,GILGFVFTL,10x,5,0.5608051,0.0
3067,GILGFVFTL,10x,5,0.22701722,0.0
151,GILGFVFTL,positive,5,0.99577516,1.0
1759,FLYALALLL,positive,5,0.45543414,1.0
2525,RMFPNAPYL,swapped_1595,5,0.47591883,0.0
4215,GILGFVFTL,positive,5,0.9978478,1.0
5367,NLVPMVATV,swapped_4390,5,0.025810994,0.0
5529,RTLNAWVKV,swapped_4321,5,0.029837878,0.0
3410,GLCTLVAML,10x,5,0.44451293,0.0
2443,SLLMWITQV,swapped_1700,5,0.022327581,0.0
4139,GILGFVFTL,swapped_3041,5,0.3773779,0.0
1469,GLCTLVAML,swapped_290,5,0.029931055,0.0
795,GLCTLVAML,10x,5,0.24789494,0.0
312,GILGFVFTL,positive,5,0.9977843,1.0
166,GLCTLVAML,positive,5,0.31106272,1.0
2831,GILGFVFTL,positive,5,0.9729931,1.0
2072,NLVPMVATV,10x,5,0.40238875,0.0
1627,GILGFVFTL,positive,5,0.998691,1.0
1790,NLVPMVATV,positive,5,0.6188275,1.0
4870,GILGFVFTL,10x,5,0.38713092,0.0
4311,GILGFVFTL,positive,5,0.32658443,1.0
38,GILGFVFTL,positive,5,0.22916147,1.0
593,FLYALALLL,10x,5,0.3415665,0.0
2094,GLCTLVAML,10x,5,0.53602546,0.0
2691,NLVPMVATV,swapped_1600,5,0.5240505,0.0
379,GILGFVFTL,positive,5,0.5088229,1.0
5979,GILGFVFTL,positive,5,0.99646014,1.0
4962,GILGFVFTL,10x,5,0.5175276,0.0
3542,GILGFVFTL,10x,5,0.6174135,0.0
2613,LLFGYPVYV,swapped_1679,5,0.071012095,0.0
6265,GLCTLVAML,10x,5,0.433341,0.0
1258,NLVPMVATV,swapped_92,5,0.018200435,0.0
3096,GILGFVFTL,10x,5,0.30648112,0.0
3116,GILGFVFTL,10x,5,0.36869183,0.0
1455,GLCTLVAML,swapped_58,5,0.45343718,0.0
1041,GLCTLVAML,10x,5,0.02887923,0.0
3648,GILGFVFTL,10x,5,0.29290748,0.0
6437,GILGFVFTL,10x,5,0.8056277,0.0
4451,IMDQVPFSV,positive,5,0.4312909,1.0
4228,GILGFVFTL,positive,5,0.2958082,1.0
5452,NLVPMVATV,swapped_4219,5,0.41518372,0.0
6104,GILGFVFTL,10x,5,0.99797493,0.0
934,GILGFVFTL,10x,5,0.6544494,0.0
1629,GILGFVFTL,positive,5,0.99837935,1.0
2979,GILGFVFTL,positive,5,0.99766505,1.0
6338,GILGFVFTL,10x,5,0.3568269,0.0
443,KTWGQYWQV,10x,5,0.43754008,0.0
3287,GILGFVFTL,10x,5,0.2996762,0.0
2789,GILGFVFTL,positive,5,0.55395454,1.0
3181,GILGFVFTL,10x,5,0.26538587,0.0
6700,GLCTLVAML,swapped_5965,5,0.022602307,0.0
627,GLCTLVAML,10x,5,0.2599302,0.0
4634,GILGFVFTL,10x,5,0.29079154,0.0
3351,NLVPMVATV,10x,5,0.4893105,0.0
6534,GILGFVFTL,10x,5,0.63379925,0.0
5870,GILGFVFTL,positive,5,0.99771994,1.0
4991,GILGFVFTL,10x,5,0.31263366,0.0
2024,GILGFVFTL,10x,5,0.9670833,0.0
3829,LLFGYPVYV,swapped_3051,5,0.024486369,0.0
2348,GILGFVFTL,10x,5,0.26608548,0.0
344,GLCTLVAML,positive,5,0.655192,1.0
5294,GILGFVFTL,10x,5,0.33472952,0.0
1926,KTWGQYWQV,10x,5,0.47039896,0.0
3481,GILGFVFTL,10x,5,0.19249058,0.0
2066,GILGFVFTL,10x,5,0.3524217,0.0
4771,GILGFVFTL,10x,5,0.44573444,0.0
2683,FLYALALLL,swapped_1693,5,0.022552734,0.0
576,GILGFVFTL,10x,5,0.28785893,0.0
1777,NLVPMVATV,positive,5,0.29521912,1.0
3493,GLCTLVAML,10x,5,0.5001827,0.0
3954,GLCTLVAML,swapped_2851,5,0.02523961,0.0
1399,GLCTLVAML,swapped_151,5,0.017780848,0.0
1672,GILGFVFTL,positive,5,0.40751365,1.0
1446,KVAELVHFL,swapped_318,5,0.07591987,0.0
1742,GILGFVFTL,positive,5,0.99804866,1.0
3271,GILGFVFTL,10x,5,0.3195291,0.0
696,GLCTLVAML,10x,5,0.53111374,0.0
883,GILGFVFTL,10x,5,0.39897457,0.0
1006,GILGFVFTL,10x,5,0.3960474,0.0
3999,GILGFVFTL,swapped_2869,5,0.29534036,0.0
3019,GILGFVFTL,positive,5,0.99860865,1.0
6812,GLCTLVAML,swapped_5748,5,0.035028525,0.0
2944,NLVPMVATV,positive,5,0.45251456,1.0
5932,GILGFVFTL,positive,5,0.8625674,1.0
33,GLCTLVAML,positive,5,0.6865701,1.0
3743,GILGFVFTL,10x,5,0.23905554,0.0
3186,NLVPMVATV,10x,5,0.33220953,0.0
6177,GILGFVFTL,10x,5,0.23596926,0.0
6571,GILGFVFTL,10x,5,0.31227237,0.0
137,NLVPMVATV,positive,5,0.40085387,1.0
918,GILGFVFTL,10x,5,0.27577215,0.0
5696,NLVPMVATV,swapped_4228,5,0.48190317,0.0
4737,GILGFVFTL,10x,5,0.9685866,0.0
4587,GILGFVFTL,10x,5,0.43572623,0.0
1873,MLDLQPETT,10x,5,0.19904624,0.0
6632,NLVPMVATV,swapped_5795,5,0.02010613,0.0
6303,GILGFVFTL,10x,5,0.28232974,0.0
6016,GILGFVFTL,10x,5,0.31680918,0.0
1157,GILGFVFTL,swapped_210,5,0.29782444,0.0
5217,GILGFVFTL,10x,5,0.37245125,0.0
273,NLVPMVATV,positive,5,0.51097083,1.0
2533,GILGFVFTL,swapped_1689,5,0.5662238,0.0
4670,GILGFVFTL,10x,5,0.400082,0.0
2160,FLYALALLL,10x,5,0.27635932,0.0
3626,RMFPNAPYL,10x,5,0.48260304,0.0
2962,GILGFVFTL,positive,5,0.9978265,1.0
685,GILGFVFTL,10x,5,0.40689433,0.0
6696,GLCTLVAML,swapped_5707,5,0.019871581,0.0
1403,GLCTLVAML,swapped_235,5,0.027331673,0.0
4521,GILGFVFTL,positive,5,0.9983082,1.0
3041,GLCTLVAML,positive,5,0.6770286,1.0
5080,GILGFVFTL,10x,5,0.29111248,0.0
6056,GLCTLVAML,10x,5,0.38630682,0.0
6237,GLCTLVAML,10x,5,0.5319063,0.0
1736,NLVPMVATV,positive,5,0.5412747,1.0
3698,GILGFVFTL,10x,5,0.31227827,0.0
5717,GILGFVFTL,positive,5,0.9978104,1.0
3286,NLVPMVATV,10x,5,0.33048308,0.0
1990,GILGFVFTL,10x,5,0.28136057,0.0
667,LLFGYPVYV,10x,5,0.4662921,0.0
3339,GILGFVFTL,10x,5,0.3077459,0.0
1250,GLCTLVAML,swapped_312,5,0.023918085,0.0
4919,GILGFVFTL,10x,5,0.45491612,0.0
1137,GLCTLVAML,10x,5,0.019033598,0.0
5660,GILGFVFTL,swapped_4535,5,0.34714812,0.0
6762,KTWGQYWQV,swapped_5868,5,0.3172781,0.0
1135,GLCTLVAML,10x,5,0.44077826,0.0
1153,NLVPMVATV,swapped_133,5,0.0166649,0.0
1919,GILGFVFTL,10x,5,0.7421008,0.0
1727,GILGFVFTL,positive,5,0.94871575,1.0
4830,GLCTLVAML,10x,5,0.3655775,0.0
6124,GILGFVFTL,10x,5,0.23592034,0.0
2509,GILGFVFTL,swapped_1736,5,0.4634315,0.0
1474,NLVPMVATV,swapped_21,5,0.028476017,0.0
3884,NLVPMVATV,swapped_2992,5,0.02172135,0.0
3225,GILGFVFTL,10x,5,0.32496342,0.0
3770,GILGFVFTL,10x,5,0.36482906,0.0
3115,NLVPMVATV,10x,5,0.44971964,0.0
3383,GILGFVFTL,10x,5,0.3764651,0.0
3901,MLDLQPETT,swapped_2832,5,0.016996937,0.0
2009,GILGFVFTL,10x,5,0.25353155,0.0
1272,GLCTLVAML,swapped_309,5,0.022116646,0.0
6360,GILGFVFTL,10x,5,0.3200106,0.0
2923,GILGFVFTL,positive,5,0.38624933,1.0
3594,GILGFVFTL,10x,5,0.3370283,0.0
5241,GILGFVFTL,10x,5,0.28356302,0.0
3444,GILGFVFTL,10x,5,0.26126826,0.0
2853,GILGFVFTL,positive,5,0.9971783,1.0
19,GILGFVFTL,positive,5,0.30642784,1.0
5816,NLVPMVATV,positive,5,0.40757513,1.0
4599,GLCTLVAML,10x,5,0.6852824,0.0
3486,GILGFVFTL,10x,5,0.31977066,0.0
1788,GILGFVFTL,positive,5,0.34599447,1.0
3973,LLFGYPVYV,swapped_2792,5,0.025852038,0.0
3911,GLCTLVAML,swapped_2979,5,0.022120463,0.0
454,GILGFVFTL,10x,5,0.9861756,0.0
5875,GILGFVFTL,positive,5,0.99824774,1.0
5337,FLYALALLL,swapped_4201,5,0.15810539,0.0
4509,GILGFVFTL,positive,5,0.624887,1.0
2701,GILGFVFTL,positive,5,0.99740523,1.0
2852,GLCTLVAML,positive,5,0.6910243,1.0
5878,LLFGYPVYV,positive,5,0.43475527,1.0
308,GILGFVFTL,positive,5,0.41951582,1.0
1188,RTLNAWVKV,swapped_308,5,0.45955995,0.0
6874,GILGFVFTL,swapped_5970,5,0.38203457,0.0
2676,GILGFVFTL,swapped_1737,5,0.39719692,0.0
3152,NLVPMVATV,10x,5,0.16943684,0.0
5520,MLDLQPETT,swapped_4243,5,0.015193365,0.0
4555,GILGFVFTL,positive,5,0.66058505,1.0
551,GILGFVFTL,10x,5,0.3413424,0.0
5677,GLCTLVAML,swapped_4354,5,0.02309923,0.0
3303,GILGFVFTL,10x,5,0.26391858,0.0
6392,GILGFVFTL,10x,5,0.2898046,0.0
2529,GLCTLVAML,swapped_1773,5,0.44980657,0.0
741,GILGFVFTL,10x,5,0.24044824,0.0
365,GILGFVFTL,positive,5,0.3410783,1.0
3914,GLCTLVAML,swapped_2882,5,0.12612279,0.0
3368,LLFGYPVYV,10x,5,0.43974707,0.0
601,GILGFVFTL,10x,5,0.38657174,0.0
499,GILGFVFTL,10x,5,0.3097838,0.0
354,GILGFVFTL,positive,5,0.9984188,1.0
3215,GILGFVFTL,10x,5,0.41099188,0.0
4960,RTLNAWVKV,10x,5,0.43100148,0.0
5525,GLCTLVAML,swapped_4316,5,0.5242465,0.0
6244,GILGFVFTL,10x,5,0.28828156,0.0
6790,KTWGQYWQV,swapped_5792,5,0.45586655,0.0
2804,FLYALALLL,positive,5,0.43807912,1.0
3798,GILGFVFTL,10x,5,0.2297807,0.0
3922,NLVPMVATV,swapped_2938,5,0.018844469,0.0
3826,GLCTLVAML,swapped_2701,5,0.025729708,0.0
539,GILGFVFTL,10x,5,0.33645836,0.0
4795,NLVPMVATV,10x,5,0.50439775,0.0
5430,NLVPMVATV,swapped_4356,5,0.017965443,0.0
6236,NLVPMVATV,10x,5,0.37448612,0.0
1099,GILGFVFTL,10x,5,0.34829706,0.0
1922,GILGFVFTL,10x,5,0.5489047,0.0
227,GILGFVFTL,positive,5,0.9440608,1.0
3294,GILGFVFTL,10x,5,0.4007509,0.0
3280,NLVPMVATV,10x,5,0.38236424,0.0
2897,GLCTLVAML,positive,5,0.5371593,1.0
3252,GLCTLVAML,10x,5,0.4563542,0.0
4435,GILGFVFTL,positive,5,0.27057812,1.0
2432,GILGFVFTL,swapped_1714,5,0.23119146,0.0
2255,GILGFVFTL,10x,5,0.3125302,0.0
2070,GILGFVFTL,10x,5,0.32140106,0.0
6847,GILGFVFTL,swapped_5816,5,0.36610034,0.0
6865,GILGFVFTL,swapped_5776,5,0.35640404,0.0
272,GILGFVFTL,positive,5,0.8774379,1.0
6423,NLVPMVATV,10x,5,0.39532983,0.0
1215,NLVPMVATV,swapped_257,5,0.4920028,0.0
3122,GILGFVFTL,10x,5,0.5176857,0.0
1872,GILGFVFTL,10x,5,0.3146314,0.0
1144,GLCTLVAML,swapped_249,5,0.02441653,0.0
34,GILGFVFTL,positive,5,0.99874014,1.0
736,GILGFVFTL,10x,5,0.43377462,0.0
1689,NLVPMVATV,positive,5,0.43062812,1.0
4236,GLCTLVAML,positive,5,0.42297143,1.0
5935,GILGFVFTL,positive,5,0.9957475,1.0
6796,GILGFVFTL,swapped_5989,5,0.2905467,0.0
6152,GILGFVFTL,10x,5,0.22386384,0.0
5182,GILGFVFTL,10x,5,0.42693046,0.0
121,GILGFVFTL,positive,5,0.2703151,1.0
145,GILGFVFTL,positive,5,0.2287738,1.0
975,GILGFVFTL,10x,5,0.26433694,0.0
1318,GLCTLVAML,swapped_24,5,0.01928696,0.0
1431,FLYALALLL,swapped_362,5,0.40236259,0.0
6844,SLFNTVATL,swapped_5870,5,0.024468023,0.0
5208,GILGFVFTL,10x,5,0.3516049,0.0
3522,GILGFVFTL,10x,5,0.22101434,0.0
6100,GILGFVFTL,10x,5,0.32638818,0.0
3856,NLVPMVATV,swapped_2725,5,0.016465595,0.0
1220,NLVPMVATV,swapped_196,5,0.02018663,0.0
6036,FLYALALLL,10x,5,0.4018116,0.0
4898,GILGFVFTL,10x,5,0.27875152,0.0
471,GILGFVFTL,10x,5,0.25657645,0.0
949,GILGFVFTL,10x,5,0.21815419,0.0
4515,GILGFVFTL,positive,5,0.99745303,1.0
3775,GILGFVFTL,10x,5,0.2760003,0.0
2107,GILGFVFTL,10x,5,0.2623687,0.0
1503,FLYALALLL,swapped_33,5,0.68864995,0.0
3333,FLYALALLL,10x,5,0.08093233,0.0
1554,GILGFVFTL,positive,5,0.5714801,1.0
6889,YLLEMLWRL,swapped_5969,5,0.44087675,0.0
3028,GILGFVFTL,positive,5,0.2770835,1.0
2761,GILGFVFTL,positive,5,0.9966934,1.0
4328,GILGFVFTL,positive,5,0.283208,1.0
3685,GILGFVFTL,10x,5,0.9705833,0.0
564,GILGFVFTL,10x,5,0.19967896,0.0
6594,GLCTLVAML,10x,5,0.29741532,0.0
1949,GILGFVFTL,10x,5,0.46897006,0.0
2846,GILGFVFTL,positive,5,0.997912,1.0
437,GILGFVFTL,10x,5,0.35385713,0.0
317,GILGFVFTL,positive,5,0.9980956,1.0
3624,IMDQVPFSV,10x,5,0.51491964,0.0
3118,GLCTLVAML,10x,5,0.5177092,0.0
4749,GILGFVFTL,10x,5,0.26180413,0.0
1310,FLYALALLL,swapped_283,5,0.01962215,0.0
3051,GILGFVFTL,positive,5,0.9979388,1.0
5737,GLCTLVAML,positive,5,0.5391068,1.0
4185,GILGFVFTL,positive,5,0.99843186,1.0
3641,GILGFVFTL,10x,5,0.299154,0.0
3068,GILGFVFTL,10x,5,0.32705662,0.0
3706,GILGFVFTL,10x,5,0.39873925,0.0
111,GILGFVFTL,positive,5,0.99835193,1.0
5061,NLVPMVATV,10x,5,0.4745931,0.0
4205,GILGFVFTL,positive,5,0.60799074,1.0
5231,GLCTLVAML,10x,5,0.5251776,0.0
3400,SLLMWITQV,10x,5,0.50456387,0.0
1800,GILGFVFTL,positive,5,0.26546958,1.0
6183,GLCTLVAML,10x,5,0.30005288,0.0
1838,NLVPMVATV,10x,5,0.4050093,0.0
1776,GILGFVFTL,positive,5,0.6124068,1.0
926,GILGFVFTL,10x,5,0.29767978,0.0
3732,GILGFVFTL,10x,5,0.28121978,0.0
256,GILGFVFTL,positive,5,0.99709284,1.0
664,GILGFVFTL,10x,5,0.5237511,0.0
249,GILGFVFTL,positive,5,0.9980805,1.0
6243,GILGFVFTL,10x,5,0.32378796,0.0
645,YLLEMLWRL,10x,5,0.072427884,0.0
5029,NLVPMVATV,10x,5,0.44387767,0.0
2173,GILGFVFTL,10x,5,0.5333341,0.0
4004,IMDQVPFSV,swapped_3031,5,0.025275458,0.0
5306,GILGFVFTL,10x,5,0.30562264,0.0
4350,GILGFVFTL,positive,5,0.99771297,1.0
4396,NLVPMVATV,positive,5,0.38532934,1.0
1675,FLYALALLL,positive,5,0.5630394,1.0
2577,NLVPMVATV,swapped_1802,5,0.019794118,0.0
3135,GILGFVFTL,10x,5,0.30754852,0.0
5132,GILGFVFTL,10x,5,0.7390689,0.0
6156,GILGFVFTL,10x,5,0.22131728,0.0
3523,GILGFVFTL,10x,5,0.28644428,0.0
675,GILGFVFTL,10x,5,0.28057113,0.0
2693,GILGFVFTL,swapped_1759,5,0.31986326,0.0
6425,GLCTLVAML,10x,5,0.23353177,0.0
6563,NLVPMVATV,10x,5,0.48413047,0.0
1253,FLYALALLL,swapped_247,5,0.015874544,0.0
2662,YLLEMLWRL,swapped_1554,5,0.12929305,0.0
6320,GILGFVFTL,10x,5,0.32857305,0.0
86,GILGFVFTL,positive,5,0.998395,1.0
1686,FLYALALLL,positive,5,0.5407712,1.0
1313,GLCTLVAML,swapped_352,5,0.038726114,0.0
3765,GILGFVFTL,10x,5,0.35151514,0.0
5513,GLCTLVAML,swapped_4292,5,0.42120853,0.0
6819,NLVPMVATV,swapped_5937,5,0.018357746,0.0
5347,GILGFVFTL,swapped_4236,5,0.3085288,0.0
1770,NLVPMVATV,positive,5,0.41708633,1.0
4121,NLVPMVATV,swapped_2763,5,0.03986872,0.0
1970,GILGFVFTL,10x,5,0.99434894,0.0
6481,LLFGYPVYV,10x,5,0.5002633,0.0
4160,GILGFVFTL,swapped_2948,5,0.24861635,0.0
1564,NLVPMVATV,positive,5,0.5789995,1.0
167,GILGFVFTL,positive,5,0.27811536,1.0
4312,GILGFVFTL,positive,5,0.9955218,1.0
1420,GILGFVFTL,swapped_171,5,0.299134,0.0
469,RMFPNAPYL,10x,5,0.21365234,0.0
5974,GILGFVFTL,positive,5,0.31543106,1.0
1911,GILGFVFTL,10x,5,0.37986475,0.0
5032,GILGFVFTL,10x,5,0.27940446,0.0
1010,GILGFVFTL,10x,5,0.28265676,0.0
4976,GILGFVFTL,10x,5,0.3803028,0.0
6079,GILGFVFTL,10x,5,0.32803613,0.0
2788,GILGFVFTL,positive,5,0.9979786,1.0
6687,GILGFVFTL,swapped_5930,5,0.32114834,0.0
1148,NLVPMVATV,swapped_293,5,0.024373535,0.0
5278,GILGFVFTL,10x,5,0.22938114,0.0
887,GLCTLVAML,10x,5,0.26208577,0.0
3151,GILGFVFTL,10x,5,0.24296986,0.0
869,GILGFVFTL,10x,5,0.31542423,0.0
2395,GILGFVFTL,10x,5,0.3072273,0.0
3326,GILGFVFTL,10x,5,0.35391003,0.0
2393,GILGFVFTL,10x,5,0.30525777,0.0
5598,SLLMWITQV,swapped_4214,5,0.018601725,0.0
3725,GILGFVFTL,10x,5,0.23360105,0.0
3921,NLVPMVATV,swapped_2977,5,0.019175515,0.0
1867,GILGFVFTL,10x,5,0.2594989,0.0
4721,GILGFVFTL,10x,5,0.35553434,0.0
5013,GILGFVFTL,10x,5,0.3439047,0.0
6178,NLVPMVATV,10x,5,0.4660929,0.0
6668,GLCTLVAML,swapped_5862,5,0.5029213,0.0
4083,GLCTLVAML,swapped_2859,5,0.41406405,0.0
6719,GILGFVFTL,swapped_5878,5,0.25833666,0.0
5071,NLVPMVATV,10x,5,0.41101506,0.0
4705,GILGFVFTL,10x,5,0.23983273,0.0
2674,NLVPMVATV,swapped_1788,5,0.37707967,0.0
4427,NLVPMVATV,positive,5,0.39559075,1.0
5862,GILGFVFTL,positive,5,0.20713471,1.0
6387,NLVPMVATV,10x,5,0.44687173,0.0
4031,FLYALALLL,swapped_2943,5,0.022012593,0.0
3893,NLVPMVATV,swapped_2933,5,0.32707626,0.0
3378,GILGFVFTL,10x,5,0.33192405,0.0
6429,SLFNTVATL,10x,5,0.09862235,0.0
1624,GILGFVFTL,positive,5,0.76662004,1.0
5312,GLCTLVAML,10x,5,0.43774316,0.0
4645,GLCTLVAML,10x,5,0.3638258,0.0
5809,GILGFVFTL,positive,5,0.25767207,1.0
309,GILGFVFTL,positive,5,0.99676836,1.0
5186,LLFGYPVYV,10x,5,0.1892363,0.0
2110,LLFGYPVYV,10x,5,0.44785795,0.0
785,GLCTLVAML,10x,5,0.15528534,0.0
6709,GILGFVFTL,swapped_5755,5,0.33569816,0.0
