6802,MLDLQPETT,swapped_5979,5,0.045170728,0.0
5105,GILGFVFTL,10x,5,0.33958125,0.0
6635,GILGFVFTL,swapped_5740,5,0.721884,0.0
2273,NLVPMVATV,10x,5,0.40165287,0.0
6400,GILGFVFTL,10x,5,0.35096794,0.0
362,GILGFVFTL,positive,5,0.360519,1.0
5650,NLVPMVATV,swapped_4499,5,0.045270473,0.0
5249,RTLNAWVKV,10x,5,0.47167024,0.0
6882,NLVPMVATV,swapped_5722,5,0.041685577,0.0
3266,GILGFVFTL,10x,5,0.23059331,0.0
1115,GILGFVFTL,10x,5,0.23915888,0.0
1671,GILGFVFTL,positive,5,0.9781569,1.0
5288,GILGFVFTL,10x,5,0.2372038,0.0
5398,GILGFVFTL,swapped_4268,5,0.28660446,0.0
2900,GILGFVFTL,positive,5,0.21364264,1.0
3056,GILGFVFTL,positive,5,0.98911756,1.0
6040,GILGFVFTL,10x,5,0.2064986,0.0
5792,NLVPMVATV,positive,5,0.3836041,1.0
3039,GILGFVFTL,positive,5,0.9927665,1.0
5067,GILGFVFTL,10x,5,0.21779396,0.0
3420,GLCTLVAML,10x,5,0.32427233,0.0
1039,NLVPMVATV,10x,5,0.1222621,0.0
5722,GILGFVFTL,positive,5,0.9913412,1.0
5769,GILGFVFTL,positive,5,0.9882655,1.0
1348,NLVPMVATV,swapped_141,5,0.042280585,0.0
3253,GILGFVFTL,10x,5,0.23694138,0.0
1547,GLCTLVAML,positive,5,0.67937666,1.0
3998,GILGFVFTL,swapped_2944,5,0.30883303,0.0
938,GLCTLVAML,10x,5,0.25990003,0.0
5448,GLCTLVAML,swapped_4240,5,0.04358887,0.0
4063,NLVPMVATV,swapped_2901,5,0.31812915,0.0
4485,GILGFVFTL,positive,5,0.399231,1.0
2232,NLVPMVATV,10x,5,0.17530513,0.0
2185,NLVPMVATV,10x,5,0.53355914,0.0
3802,GILGFVFTL,10x,5,0.19066152,0.0
235,GILGFVFTL,positive,5,0.99212354,1.0
5223,GILGFVFTL,10x,5,0.22963676,0.0
318,GILGFVFTL,positive,5,0.99607784,1.0
4005,NLVPMVATV,swapped_3044,5,0.04495293,0.0
4613,GILGFVFTL,10x,5,0.28385672,0.0
2269,GILGFVFTL,10x,5,0.30252543,0.0
2317,GILGFVFTL,10x,5,0.21314292,0.0
2892,GILGFVFTL,positive,5,0.22994749,1.0
330,LLFGYPVYV,positive,5,0.43575433,1.0
2912,FLYALALLL,positive,5,0.5614258,1.0
3489,GILGFVFTL,10x,5,0.198938,0.0
890,GILGFVFTL,10x,5,0.23342715,0.0
6773,NLVPMVATV,swapped_5871,5,0.04464439,0.0
3586,GLCTLVAML,10x,5,0.5393079,0.0
107,GILGFVFTL,positive,5,0.9888526,1.0
6639,GLCTLVAML,swapped_5732,5,0.05044236,0.0
1387,NLVPMVATV,swapped_96,5,0.52504945,0.0
4321,GILGFVFTL,positive,5,0.9919143,1.0
203,GILGFVFTL,positive,5,0.20330484,1.0
6531,GILGFVFTL,10x,5,0.24162263,0.0
6021,LLFGYPVYV,10x,5,0.49439874,0.0
58,GILGFVFTL,positive,5,0.24548714,1.0
171,MLDLQPETT,positive,5,0.29270822,1.0
1289,NLVPMVATV,swapped_187,5,0.04386608,0.0
4546,GILGFVFTL,positive,5,0.99160844,1.0
4315,GILGFVFTL,positive,5,0.8207061,1.0
406,GILGFVFTL,10x,5,0.29007456,0.0
4067,NLVPMVATV,swapped_2808,5,0.12159836,0.0
1244,NLVPMVATV,swapped_150,5,0.047971115,0.0
6523,GILGFVFTL,10x,5,0.8500102,0.0
5040,GLCTLVAML,10x,5,0.40923244,0.0
2731,GILGFVFTL,positive,5,0.99279106,1.0
5693,GLCTLVAML,swapped_4205,5,0.14790636,0.0
485,GILGFVFTL,10x,5,0.2082644,0.0
5594,GILGFVFTL,swapped_4223,5,0.3856048,0.0
457,GILGFVFTL,10x,5,0.24872129,0.0
4003,GLCTLVAML,swapped_2884,5,0.10451797,0.0
6233,GILGFVFTL,10x,5,0.2083418,0.0
845,GILGFVFTL,10x,5,0.1852878,0.0
6455,GILGFVFTL,10x,5,0.22397368,0.0
991,GLCTLVAML,swapped_73,5,0.34894186,0.0
1778,GILGFVFTL,positive,5,0.9936208,1.0
5292,GILGFVFTL,10x,5,0.16968192,0.0
2763,GILGFVFTL,positive,5,0.9835724,1.0
2794,GILGFVFTL,positive,5,0.953313,1.0
1623,GILGFVFTL,positive,5,0.9889944,1.0
2992,GILGFVFTL,positive,5,0.9931665,1.0
1773,GILGFVFTL,positive,5,0.21042532,1.0
1891,GILGFVFTL,10x,5,0.6712529,0.0
3824,GLCTLVAML,swapped_2999,5,0.04195573,0.0
5508,NLVPMVATV,swapped_4375,5,0.044289306,0.0
3869,NLVPMVATV,swapped_2989,5,0.04278158,0.0
3763,GILGFVFTL,10x,5,0.21528895,0.0
5181,GILGFVFTL,10x,5,0.2085336,0.0
2823,GILGFVFTL,positive,5,0.9952382,1.0
3569,GILGFVFTL,10x,5,0.8250568,0.0
4641,GILGFVFTL,10x,5,0.61119217,0.0
5042,GILGFVFTL,10x,5,0.19734721,0.0
186,FLYALALLL,positive,5,0.54835427,1.0
4356,GILGFVFTL,positive,5,0.9912675,1.0
2989,GILGFVFTL,positive,5,0.9797165,1.0
1964,GILGFVFTL,10x,5,0.48402086,0.0
5479,GILGFVFTL,swapped_4342,5,0.22788571,0.0
4290,LLFGYPVYV,positive,5,0.5109384,1.0
5293,GILGFVFTL,10x,5,0.9557634,0.0
987,NLVPMVATV,10x,5,0.26894656,0.0
5229,GILGFVFTL,10x,5,0.18146035,0.0
2635,RTLNAWVKV,swapped_1800,5,0.24193047,0.0
6039,GILGFVFTL,10x,5,0.23433028,0.0
251,RMFPNAPYL,positive,5,0.4561147,1.0
1319,GLCTLVAML,swapped_251,5,0.27931985,0.0
4374,GILGFVFTL,positive,5,0.9923949,1.0
6436,GILGFVFTL,10x,5,0.19736068,0.0
1850,GILGFVFTL,10x,5,0.1928715,0.0
5469,NLVPMVATV,swapped_4350,5,0.042904984,0.0
6302,NLVPMVATV,10x,5,0.50210834,0.0
2260,GILGFVFTL,10x,5,0.22514841,0.0
876,GLCTLVAML,10x,5,0.43187612,0.0
4699,GLCTLVAML,10x,5,0.27320322,0.0
4137,KTWGQYWQV,swapped_2912,5,0.55210394,0.0
1834,GILGFVFTL,10x,5,0.21660425,0.0
3369,NLVPMVATV,10x,5,0.5644657,0.0
187,GILGFVFTL,positive,5,0.9934282,1.0
5233,GILGFVFTL,10x,5,0.21620215,0.0
4874,GILGFVFTL,10x,5,0.14411297,0.0
6280,GILGFVFTL,10x,5,0.2361031,0.0
5748,GILGFVFTL,positive,5,0.8987336,1.0
6149,GILGFVFTL,10x,5,0.20880209,0.0
1339,GLCTLVAML,swapped_354,5,0.047094703,0.0
5116,GILGFVFTL,10x,5,0.21448381,0.0
5295,GILGFVFTL,10x,5,0.28334913,0.0
3719,GILGFVFTL,10x,5,0.23450598,0.0
1862,GILGFVFTL,10x,5,0.24525867,0.0
4623,LLFGYPVYV,10x,5,0.5216471,0.0
210,GLCTLVAML,positive,5,0.5194713,1.0
4731,GLCTLVAML,10x,5,0.52212954,0.0
4908,GLCTLVAML,10x,5,0.39812592,0.0
1375,GLCTLVAML,swapped_272,5,0.10985993,0.0
5790,FLYALALLL,positive,5,0.52165914,1.0
3222,GILGFVFTL,10x,5,0.18283194,0.0
1921,NLVPMVATV,10x,5,0.17249572,0.0
4850,GILGFVFTL,10x,5,0.18855037,0.0
6216,GILGFVFTL,10x,5,0.23407833,0.0
1852,GILGFVFTL,10x,5,0.23063646,0.0
6708,GLCTLVAML,swapped_5825,5,0.04459699,0.0
463,GILGFVFTL,10x,5,0.2211085,0.0
3953,NLVPMVATV,swapped_2746,5,0.2569908,0.0
1138,NLVPMVATV,10x,5,0.47145298,0.0
424,GLCTLVAML,10x,5,0.36948252,0.0
4505,GLCTLVAML,positive,5,0.57807887,1.0
1809,GLCTLVAML,positive,5,0.24010578,1.0
3101,GILGFVFTL,10x,5,0.18141551,0.0
336,GILGFVFTL,positive,5,0.9918846,1.0
588,NLVPMVATV,10x,5,0.5306011,0.0
5686,RMFPNAPYL,swapped_4295,5,0.04555904,0.0
5876,GLCTLVAML,positive,5,0.55371433,1.0
24,GILGFVFTL,positive,5,0.9968303,1.0
6167,RTLNAWVKV,10x,5,0.4477056,0.0
6898,GLCTLVAML,swapped_5731,5,0.06407149,0.0
1127,GILGFVFTL,10x,5,0.22420168,0.0
4873,NLVPMVATV,10x,5,0.57663363,0.0
968,GILGFVFTL,10x,5,0.24784555,0.0
1876,GILGFVFTL,10x,5,0.2363877,0.0
5560,RMFPNAPYL,swapped_4502,5,0.04596512,0.0
3250,GLCTLVAML,10x,5,0.3200271,0.0
4538,GILGFVFTL,positive,5,0.1916083,1.0
4048,KTWGQYWQV,swapped_2788,5,0.045007825,0.0
4130,NLVPMVATV,swapped_2761,5,0.046450533,0.0
6169,GILGFVFTL,10x,5,0.2342831,0.0
3969,GLCTLVAML,swapped_2846,5,0.038533602,0.0
5038,GILGFVFTL,10x,5,0.20592584,0.0
6576,FLYALALLL,10x,5,0.47807053,0.0
1145,GLCTLVAML,swapped_336,5,0.039403915,0.0
3779,GILGFVFTL,10x,5,0.44557887,0.0
4780,GILGFVFTL,10x,5,0.28560752,0.0
5666,NLVPMVATV,swapped_4311,5,0.43827245,0.0
2368,GILGFVFTL,10x,5,0.36395842,0.0
641,GILGFVFTL,10x,5,0.30736753,0.0
5192,GILGFVFTL,10x,5,0.17948762,0.0
6664,NLVPMVATV,swapped_5720,5,0.06239752,0.0
4584,YLLEMLWRL,10x,5,0.19824094,0.0
6827,GLCTLVAML,swapped_5769,5,0.060206436,0.0
3210,GILGFVFTL,10x,5,0.28588533,0.0
3376,GILGFVFTL,10x,5,0.2055817,0.0
2377,SLFNTVATL,10x,5,0.30805704,0.0
5086,GILGFVFTL,10x,5,0.50869626,0.0
6366,GILGFVFTL,10x,5,0.20136856,0.0
2274,GILGFVFTL,10x,5,0.46397167,0.0
2798,GILGFVFTL,positive,5,0.9942469,1.0
4043,GLCTLVAML,swapped_2892,5,0.24138935,0.0
5882,SLLMWITQV,positive,5,0.15787962,1.0
1966,GILGFVFTL,10x,5,0.3236346,0.0
1939,GILGFVFTL,10x,5,0.8689339,0.0
3022,GILGFVFTL,positive,5,0.19432272,1.0
3312,GILGFVFTL,10x,5,0.7600752,0.0
2236,YLLEMLWRL,10x,5,0.17232694,0.0
2828,FLYALALLL,positive,5,0.4990883,1.0
2695,GILGFVFTL,positive,5,0.91352564,1.0
1704,GLCTLVAML,positive,5,0.5208069,1.0
3031,GILGFVFTL,positive,5,0.989307,1.0
4915,GILGFVFTL,10x,5,0.94799656,0.0
6335,GILGFVFTL,10x,5,0.22720656,0.0
5286,GILGFVFTL,10x,5,0.24741244,0.0
1169,RTLNAWVKV,swapped_47,5,0.52480346,0.0
5544,GLCTLVAML,swapped_4336,5,0.04014361,0.0
4153,GLCTLVAML,swapped_2783,5,0.059226885,0.0
1371,LLFGYPVYV,swapped_38,5,0.576309,0.0
3345,GLCTLVAML,10x,5,0.45994875,0.0
812,GILGFVFTL,10x,5,0.21559854,0.0
4951,KTWGQYWQV,10x,5,0.47150847,0.0
1726,GILGFVFTL,positive,5,0.20831689,1.0
5195,GILGFVFTL,10x,5,0.24325229,0.0
3636,IMDQVPFSV,10x,5,0.25327072,0.0
2938,GILGFVFTL,positive,5,0.9943691,1.0
2882,GILGFVFTL,positive,5,0.995828,1.0
49,GLCTLVAML,positive,5,0.5875883,1.0
1274,LLFGYPVYV,swapped_263,5,0.3682382,0.0
6052,NLVPMVATV,10x,5,0.5131353,0.0
3106,NLVPMVATV,10x,5,0.12118948,0.0
3948,GILGFVFTL,swapped_2699,5,0.28337067,0.0
5641,LLFGYPVYV,swapped_4238,5,0.43610197,0.0
1329,NLVPMVATV,swapped_55,5,0.50983703,0.0
5731,GILGFVFTL,positive,5,0.9640803,1.0
6252,GILGFVFTL,10x,5,0.33358863,0.0
4024,GLCTLVAML,swapped_2955,5,0.5778245,0.0
6715,GLCTLVAML,swapped_5990,5,0.045556366,0.0
4277,GILGFVFTL,positive,5,0.9967457,1.0
5530,GLCTLVAML,swapped_4445,5,0.24684675,0.0
5981,GILGFVFTL,positive,5,0.75987446,1.0
3773,GILGFVFTL,10x,5,0.2929943,0.0
1875,GILGFVFTL,10x,5,0.2581304,0.0
986,GILGFVFTL,10x,5,0.19798884,0.0
4163,NLVPMVATV,swapped_2801,5,0.054542918,0.0
925,NLVPMVATV,10x,5,0.12038824,0.0
886,GILGFVFTL,10x,5,0.22935955,0.0
911,GILGFVFTL,10x,5,0.21989092,0.0
4281,GILGFVFTL,positive,5,0.98257303,1.0
5405,GILGFVFTL,swapped_4505,5,0.32952654,0.0
3671,GILGFVFTL,10x,5,0.31546903,0.0
1093,GILGFVFTL,10x,5,0.19557582,0.0
178,GILGFVFTL,positive,5,0.9902479,1.0
5403,GLCTLVAML,swapped_4277,5,0.060370933,0.0
676,GILGFVFTL,10x,5,0.27967083,0.0
6306,GILGFVFTL,10x,5,0.23245862,0.0
2032,GILGFVFTL,10x,5,0.9721253,0.0
5151,GILGFVFTL,10x,5,0.22323783,0.0
2898,SLFNTVATL,positive,5,0.6012949,1.0
5112,GILGFVFTL,10x,5,0.33683315,0.0
4041,NLVPMVATV,swapped_2799,5,0.1563078,0.0
6162,GILGFVFTL,10x,5,0.2684837,0.0
3047,GILGFVFTL,positive,5,0.32305977,1.0
4365,GILGFVFTL,positive,5,0.19137573,1.0
5795,GILGFVFTL,positive,5,0.97377926,1.0
5668,GLCTLVAML,swapped_4381,5,0.06349388,0.0
2670,GLCTLVAML,swapped_1623,5,0.043432217,0.0
2515,NLVPMVATV,swapped_1727,5,0.04806291,0.0
5345,SLLMWITQV,swapped_4178,5,0.27574572,0.0
734,SLLMWITQV,10x,5,0.20966044,0.0
2730,KTWGQYWQV,positive,5,0.63056934,1.0
628,GILGFVFTL,10x,5,0.22215503,0.0
3160,RMFPNAPYL,10x,5,0.53979355,0.0
6082,GILGFVFTL,10x,5,0.27756712,0.0
6402,GILGFVFTL,10x,5,0.23309904,0.0
4932,GILGFVFTL,10x,5,0.21428351,0.0
5604,GLCTLVAML,swapped_4397,5,0.15110637,0.0
2468,NLVPMVATV,swapped_1627,5,0.045693554,0.0
2247,GILGFVFTL,10x,5,0.32654643,0.0
6854,GLCTLVAML,swapped_5935,5,0.05275323,0.0
1179,GILGFVFTL,swapped_132,5,0.2595282,0.0
751,GILGFVFTL,10x,5,0.22587678,0.0
2973,GILGFVFTL,positive,5,0.99336797,1.0
5308,NLVPMVATV,10x,5,0.40036982,0.0
242,GILGFVFTL,positive,5,0.99326706,1.0
980,NLVPMVATV,10x,5,0.49814978,0.0
2237,GILGFVFTL,10x,5,0.98660463,0.0
1723,NLVPMVATV,positive,5,0.15862434,1.0
6316,GILGFVFTL,10x,5,0.21002112,0.0
1429,MLDLQPETT,swapped_45,5,0.04661203,0.0
3887,SLFNTVATL,swapped_2860,5,0.04153256,0.0
963,RTLNAWVKV,10x,5,0.5102881,0.0
6151,GILGFVFTL,10x,5,0.17137377,0.0
3157,GILGFVFTL,10x,5,0.22245649,0.0
4397,GILGFVFTL,positive,5,0.9186092,1.0
4619,GILGFVFTL,10x,5,0.17285551,0.0
861,GILGFVFTL,10x,5,0.7029136,0.0
3751,NLVPMVATV,10x,5,0.48566338,0.0
5636,GLCTLVAML,swapped_4315,5,0.13196887,0.0
2808,GILGFVFTL,positive,5,0.7687159,1.0
689,GLCTLVAML,10x,5,0.31799975,0.0
3639,GILGFVFTL,10x,5,0.24760921,0.0
4703,NLVPMVATV,10x,5,0.47600156,0.0
1347,LLFGYPVYV,swapped_256,5,0.054253593,0.0
4666,GILGFVFTL,10x,5,0.37850913,0.0
1890,GLCTLVAML,10x,5,0.4557244,0.0
1014,GILGFVFTL,10x,5,0.22129472,0.0
3870,LLFGYPVYV,swapped_2916,5,0.054951772,0.0
3112,NLVPMVATV,10x,5,0.42436963,0.0
931,MLDLQPETT,10x,5,0.4370519,0.0
1854,NLVPMVATV,10x,5,0.16684629,0.0
3278,GLCTLVAML,10x,5,0.2962467,0.0
3292,SLFNTVATL,10x,5,0.33088925,0.0
1714,NLVPMVATV,positive,5,0.44834402,1.0
4905,GILGFVFTL,10x,5,0.50253576,0.0
2869,GLCTLVAML,positive,5,0.583074,1.0
160,GILGFVFTL,positive,5,0.9887321,1.0
1820,GILGFVFTL,10x,5,0.38794822,0.0
5178,GILGFVFTL,10x,5,0.17725968,0.0
3436,GILGFVFTL,10x,5,0.18855616,0.0
6013,NLVPMVATV,10x,5,0.57957333,0.0
3932,GILGFVFTL,swapped_2876,5,0.35821465,0.0
5540,GILGFVFTL,swapped_4512,5,0.39644966,0.0
2297,GILGFVFTL,10x,5,0.47961256,0.0
1210,GILGFVFTL,swapped_339,5,0.28729403,0.0
5115,GILGFVFTL,10x,5,0.17504135,0.0
1121,NLVPMVATV,10x,5,0.20028499,0.0
3405,GILGFVFTL,10x,5,0.21928594,0.0
5989,GLCTLVAML,positive,5,0.19263515,1.0
2460,NLVPMVATV,swapped_1776,5,0.479763,0.0
1322,GILGFVFTL,swapped_344,5,0.2349095,0.0
6170,GILGFVFTL,10x,5,0.17628539,0.0
460,GLCTLVAML,10x,5,0.06956097,0.0
3579,LLFGYPVYV,10x,5,0.48257372,0.0
2228,GILGFVFTL,10x,5,0.2720223,0.0
6493,GILGFVFTL,10x,5,0.2498264,0.0
5945,GILGFVFTL,positive,5,0.9768885,1.0
622,KTWGQYWQV,10x,5,0.37615424,0.0
6274,GILGFVFTL,10x,5,0.2729091,0.0
4360,GILGFVFTL,positive,5,0.98527944,1.0
2088,GILGFVFTL,10x,5,0.3266115,0.0
1208,GLCTLVAML,swapped_217,5,0.23137148,0.0
3995,NLVPMVATV,swapped_3055,5,0.048880983,0.0
5969,GILGFVFTL,positive,5,0.8685267,1.0
5216,GILGFVFTL,10x,5,0.22270462,0.0
422,GILGFVFTL,10x,5,0.19091964,0.0
5004,GILGFVFTL,10x,5,0.3483293,0.0
2830,GILGFVFTL,positive,5,0.96816516,1.0
3760,NLVPMVATV,10x,5,0.5989567,0.0
578,GLCTLVAML,10x,5,0.49575666,0.0
341,GILGFVFTL,positive,5,0.16475144,1.0
60,GILGFVFTL,positive,5,0.9901556,1.0
1900,NLVPMVATV,10x,5,0.61053437,0.0
3992,NLVPMVATV,swapped_2739,5,0.040189598,0.0
2257,GILGFVFTL,10x,5,0.20869042,0.0
5740,GLCTLVAML,positive,5,0.30361766,1.0
2801,GILGFVFTL,positive,5,0.9975551,1.0
3845,GLCTLVAML,swapped_2936,5,0.25007436,0.0
1914,GILGFVFTL,10x,5,0.2386679,0.0
531,NLVPMVATV,10x,5,0.54348016,0.0
1056,GLCTLVAML,10x,5,0.26536894,0.0
5539,GLCTLVAML,swapped_4463,5,0.039998993,0.0
956,RTLNAWVKV,10x,5,0.5076675,0.0
3272,GILGFVFTL,10x,5,0.20226696,0.0
830,GILGFVFTL,10x,5,0.18782489,0.0
5159,GILGFVFTL,10x,5,0.22238532,0.0
169,NLVPMVATV,positive,5,0.48254484,1.0
3126,GILGFVFTL,10x,5,0.20231567,0.0
6291,GILGFVFTL,10x,5,0.20896655,0.0
4706,GILGFVFTL,10x,5,0.27476805,0.0
4858,GILGFVFTL,10x,5,0.44185963,0.0
5191,GLCTLVAML,10x,5,0.37470308,0.0
4921,GILGFVFTL,10x,5,0.31613776,0.0
3647,NLVPMVATV,10x,5,0.39273322,0.0
2486,GLCTLVAML,swapped_1702,5,0.041122485,0.0
2482,GLCTLVAML,swapped_1624,5,0.4702246,0.0
4413,GILGFVFTL,positive,5,0.9905426,1.0
6670,NLVPMVATV,swapped_5946,5,0.07112052,0.0
435,YLLEMLWRL,10x,5,0.46525413,0.0
4267,GILGFVFTL,positive,5,0.99482095,1.0
393,GLCTLVAML,10x,5,0.28469068,0.0
5990,GILGFVFTL,positive,5,0.98900896,1.0
3741,GLCTLVAML,10x,5,0.09996614,0.0
4238,SLLMWITQV,positive,5,0.2660045,1.0
421,LLFGYPVYV,10x,5,0.48992765,0.0
5970,NLVPMVATV,positive,5,0.4856398,1.0
103,GILGFVFTL,positive,5,0.99585956,1.0
1088,GILGFVFTL,10x,5,0.18105452,0.0
1837,RMFPNAPYL,10x,5,0.27154174,0.0
4499,GILGFVFTL,positive,5,0.9911787,1.0
1700,GILGFVFTL,positive,5,0.98858005,1.0
3008,GLCTLVAML,positive,5,0.6630302,1.0
2319,NLVPMVATV,10x,5,0.44288206,0.0
2600,NLVPMVATV,swapped_1629,5,0.050799243,0.0
2012,GILGFVFTL,10x,5,0.26752236,0.0
4131,KTWGQYWQV,swapped_2811,5,0.04448696,0.0
1337,GILGFVFTL,swapped_156,5,0.58978343,0.0
6692,NLVPMVATV,swapped_5903,5,0.041979283,0.0
2467,GLCTLVAML,swapped_1742,5,0.047283843,0.0
2213,GILGFVFTL,10x,5,0.18780272,0.0
6368,NLVPMVATV,10x,5,0.43087336,0.0
3983,KVLEYVIKV,swapped_2888,5,0.3214277,0.0
3988,GILGFVFTL,swapped_3008,5,0.254971,0.0
3075,GILGFVFTL,10x,5,0.19782706,0.0
2578,GILGFVFTL,swapped_1675,5,0.2241492,0.0
3231,RTLNAWVKV,10x,5,0.5245484,0.0
4143,LLFGYPVYV,swapped_2828,5,0.4924621,0.0
3044,GILGFVFTL,positive,5,0.99156827,1.0
2430,GILGFVFTL,swapped_1547,5,0.29511046,0.0
2793,GILGFVFTL,positive,5,0.9928595,1.0
2689,GLCTLVAML,swapped_1749,5,0.074096374,0.0
4644,GILGFVFTL,10x,5,0.3908501,0.0
6327,NLVPMVATV,10x,5,0.51408553,0.0
6487,CLGGLLTMV,10x,5,0.5306278,0.0
1902,GILGFVFTL,10x,5,0.3597194,0.0
542,GILGFVFTL,10x,5,0.317134,0.0
3823,GLCTLVAML,swapped_2731,5,0.040013846,0.0
1302,LLFGYPVYV,swapped_227,5,0.24527411,0.0
4336,GILGFVFTL,positive,5,0.9822803,1.0
3702,GLCTLVAML,10x,5,0.220847,0.0
6001,GLCTLVAML,positive,5,0.48105013,1.0
1214,NLVPMVATV,swapped_241,5,0.05132807,0.0
6612,GLCTLVAML,swapped_5875,5,0.041745182,0.0
392,GILGFVFTL,10x,5,0.18133906,0.0
2170,GILGFVFTL,10x,5,0.20487978,0.0
5674,GILGFVFTL,swapped_4451,5,0.55753976,0.0
3130,NLVPMVATV,10x,5,0.48419026,0.0
2895,GILGFVFTL,positive,5,0.9904813,1.0
5385,GILGFVFTL,swapped_4199,5,0.28946763,0.0
864,GILGFVFTL,10x,5,0.92510504,0.0
349,GILGFVFTL,positive,5,0.71815264,1.0
6441,GLCTLVAML,10x,5,0.3407247,0.0
2147,GILGFVFTL,10x,5,0.2545534,0.0
5639,NLVPMVATV,swapped_4281,5,0.07961552,0.0
1428,GLCTLVAML,swapped_331,5,0.045206085,0.0
55,GLCTLVAML,positive,5,0.49842593,1.0
5930,NLVPMVATV,positive,5,0.6555135,1.0
6319,GILGFVFTL,10x,5,0.20760988,0.0
2361,GILGFVFTL,10x,5,0.18685594,0.0
3575,GLCTLVAML,10x,5,0.15564102,0.0
2977,GILGFVFTL,positive,5,0.9823981,1.0
3308,GILGFVFTL,10x,5,0.24182211,0.0
5028,GILGFVFTL,10x,5,0.20641454,0.0
1084,IMDQVPFSV,10x,5,0.54363173,0.0
3591,NLVPMVATV,10x,5,0.22122921,0.0
3965,GILGFVFTL,swapped_2958,5,0.19465776,0.0
5937,GILGFVFTL,positive,5,0.9950517,1.0
4610,GILGFVFTL,10x,5,0.34230906,0.0
3394,GLCTLVAML,10x,5,0.38220853,0.0
397,RMFPNAPYL,10x,5,0.53314817,0.0
3430,GLCTLVAML,10x,5,0.6305473,0.0
4078,RTLNAWVKV,swapped_2852,5,0.65327,0.0
5062,GILGFVFTL,10x,5,0.19528858,0.0
2161,GILGFVFTL,10x,5,0.2304044,0.0
4222,GILGFVFTL,positive,5,0.99153274,1.0
462,GILGFVFTL,10x,5,0.26510224,0.0
6465,GLCTLVAML,10x,5,0.3136315,0.0
2122,GILGFVFTL,10x,5,0.4570683,0.0
505,NLVPMVATV,10x,5,0.54346526,0.0
4178,GILGFVFTL,positive,5,0.29991987,1.0
268,GILGFVFTL,positive,5,0.39655152,1.0
6801,GILGFVFTL,swapped_5882,5,0.48765007,0.0
5456,NLVPMVATV,swapped_4180,5,0.045913897,0.0
3812,GLCTLVAML,swapped_3039,5,0.03903401,0.0
4463,GILGFVFTL,positive,5,0.994439,1.0
96,GILGFVFTL,positive,5,0.40514565,1.0
1522,LLFGYPVYV,swapped_186,5,0.54121673,0.0
1453,GLCTLVAML,swapped_100,5,0.085588954,0.0
6261,GILGFVFTL,10x,5,0.6212726,0.0
5732,GILGFVFTL,positive,5,0.9969789,1.0
150,GILGFVFTL,positive,5,0.9924838,1.0
4034,NLVPMVATV,swapped_2817,5,0.042595163,0.0
5868,GILGFVFTL,positive,5,0.48804897,1.0
4168,GILGFVFTL,swapped_2897,5,0.23606345,0.0
5640,NLVPMVATV,swapped_4273,5,0.043864965,0.0
191,GILGFVFTL,positive,5,0.9923212,1.0
1075,GILGFVFTL,10x,5,0.20269111,0.0
2832,GILGFVFTL,positive,5,0.994643,1.0
2817,GILGFVFTL,positive,5,0.97091573,1.0
6063,RTLNAWVKV,10x,5,0.5815696,0.0
2090,GILGFVFTL,10x,5,0.2202659,0.0
3930,GLCTLVAML,swapped_2807,5,0.61729646,0.0
2036,RTLNAWVKV,10x,5,0.06283403,0.0
2398,RMFPNAPYL,10x,5,0.4570377,0.0
6148,GILGFVFTL,10x,5,0.19465066,0.0
5432,RTLNAWVKV,swapped_4515,5,0.051323216,0.0
6657,NLVPMVATV,swapped_5981,5,0.1044688,0.0
1340,GLCTLVAML,swapped_167,5,0.23671186,0.0
5439,RMFPNAPYL,swapped_4365,5,0.50657,0.0
4783,GILGFVFTL,10x,5,0.25018114,0.0
352,GILGFVFTL,positive,5,0.92512625,1.0
6083,GILGFVFTL,10x,5,0.24291931,0.0
1930,NLVPMVATV,10x,5,0.5778756,0.0
1491,GILGFVFTL,swapped_73,5,0.19794004,0.0
5465,NLVPMVATV,swapped_4328,5,0.09710381,0.0
5903,GILGFVFTL,positive,5,0.99017286,1.0
4375,GILGFVFTL,positive,5,0.9920304,1.0
4624,GILGFVFTL,10x,5,0.2341714,0.0
915,GILGFVFTL,10x,5,0.29924676,0.0
5683,RMFPNAPYL,swapped_4364,5,0.061363425,0.0
3533,GILGFVFTL,10x,5,0.39602017,0.0
1929,GILGFVFTL,10x,5,0.28051597,0.0
4274,KTWGQYWQV,positive,5,0.2836999,1.0
2501,GLCTLVAML,swapped_1671,5,0.05013165,0.0
1361,NLVPMVATV,swapped_317,5,0.05128216,0.0
2469,MLDLQPETT,swapped_1726,5,0.5260927,0.0
2053,GILGFVFTL,10x,5,0.37127694,0.0
6257,GILGFVFTL,10x,5,0.51437944,0.0
3927,FLYALALLL,swapped_2923,5,0.53322023,0.0
289,GILGFVFTL,positive,5,0.98803353,1.0
1709,GILGFVFTL,positive,5,0.9917916,1.0
2916,GILGFVFTL,positive,5,0.9868176,1.0
2725,GILGFVFTL,positive,5,0.99666613,1.0
1354,GILGFVFTL,swapped_166,5,0.36187238,0.0
1448,FLYALALLL,swapped_107,5,0.045868225,0.0
2781,GILGFVFTL,positive,5,0.9822642,1.0
35,GILGFVFTL,positive,5,0.29468614,1.0
2859,GILGFVFTL,positive,5,0.920722,1.0
1291,KTWGQYWQV,swapped_49,5,0.5139801,0.0
5760,GILGFVFTL,positive,5,0.9960658,1.0
1297,GILGFVFTL,swapped_330,5,0.16564253,0.0
4571,GILGFVFTL,10x,5,0.36637163,0.0
1085,NLVPMVATV,10x,5,0.495682,0.0
2059,GILGFVFTL,10x,5,0.22612251,0.0
4390,GILGFVFTL,positive,5,0.98556316,1.0
1521,FLYALALLL,swapped_103,5,0.051211588,0.0
2116,GILGFVFTL,10x,5,0.19968948,0.0
2349,GILGFVFTL,10x,5,0.45438492,0.0
263,GILGFVFTL,positive,5,0.9154353,1.0
4802,GILGFVFTL,10x,5,0.22653727,0.0
1117,GILGFVFTL,10x,5,0.326438,0.0
73,KVLEYVIKV,positive,5,0.40894634,1.0
283,GILGFVFTL,positive,5,0.99107414,1.0
1370,KVAELVHFL,swapped_323,5,0.27886498,0.0
1458,NLVPMVATV,swapped_178,5,0.051210534,0.0
2955,GILGFVFTL,positive,5,0.2522828,1.0
2746,GILGFVFTL,positive,5,0.25748867,1.0
5543,RTLNAWVKV,swapped_4257,5,0.17349741,0.0
3390,GILGFVFTL,10x,5,0.2516477,0.0
3524,GILGFVFTL,10x,5,0.21218033,0.0
483,GILGFVFTL,10x,5,0.16500288,0.0
5418,NLVPMVATV,swapped_4521,5,0.041824434,0.0
1170,GLCTLVAML,swapped_193,5,0.19599317,0.0
6609,GILGFVFTL,10x,5,0.70644677,0.0
1345,GLCTLVAML,swapped_365,5,0.07569071,0.0
936,GILGFVFTL,10x,5,0.56379217,0.0
4944,GILGFVFTL,10x,5,0.6832262,0.0
4165,NLVPMVATV,swapped_2823,5,0.05723641,0.0
5276,GILGFVFTL,10x,5,0.23596382,0.0
6101,GILGFVFTL,10x,5,0.25132933,0.0
4853,GILGFVFTL,10x,5,0.7946239,0.0
4687,RTLNAWVKV,10x,5,0.47467002,0.0
5424,NLVPMVATV,swapped_4267,5,0.04523816,0.0
2407,RTLNAWVKV,swapped_1677,5,0.050083105,0.0
4502,GILGFVFTL,positive,5,0.9943342,1.0
2199,GLCTLVAML,10x,5,0.42531186,0.0
6031,GILGFVFTL,10x,5,0.24127486,0.0
156,NLVPMVATV,positive,5,0.18388483,1.0
6703,GILGFVFTL,swapped_6001,5,0.21476312,0.0
2739,GILGFVFTL,positive,5,0.9960813,1.0
2505,NLVPMVATV,swapped_1690,5,0.20340323,0.0
451,GILGFVFTL,10x,5,0.41880503,0.0
6721,GLCTLVAML,swapped_5809,5,0.27002576,0.0
6034,GLCTLVAML,10x,5,0.47550365,0.0
6147,GILGFVFTL,10x,5,0.3814311,0.0
6068,GLCTLVAML,10x,5,0.5507009,0.0
3346,GLCTLVAML,10x,5,0.36374933,0.0
6309,GLCTLVAML,10x,5,0.51696634,0.0
4268,GLCTLVAML,positive,5,0.67880225,1.0
4841,GILGFVFTL,10x,5,0.18667929,0.0
1679,GILGFVFTL,positive,5,0.99540615,1.0
3970,GILGFVFTL,swapped_2804,5,0.19902413,0.0
3956,NLVPMVATV,swapped_3028,5,0.09424572,0.0
4141,NLVPMVATV,swapped_2962,5,0.04043517,0.0
4316,GILGFVFTL,positive,5,0.18133195,1.0
594,FLYALALLL,10x,5,0.4907065,0.0
4090,GLCTLVAML,swapped_3019,5,0.042232417,0.0
662,GILGFVFTL,10x,5,0.2627764,0.0
2592,RTLNAWVKV,swapped_1713,5,0.24382517,0.0
141,GILGFVFTL,positive,5,0.9929212,1.0
1677,GILGFVFTL,positive,5,0.9936919,1.0
1991,GILGFVFTL,10x,5,0.20720617,0.0
3450,GILGFVFTL,10x,5,0.18597735,0.0
1168,GLCTLVAML,swapped_287,5,0.043084085,0.0
2551,GILGFVFTL,swapped_1777,5,0.3091877,0.0
966,IMDQVPFSV,10x,5,0.44483256,0.0
348,GILGFVFTL,positive,5,0.6862286,1.0
3837,NLVPMVATV,swapped_2974,5,0.2956461,0.0
2167,GILGFVFTL,10x,5,0.39751926,0.0
1595,GILGFVFTL,positive,5,0.58637655,1.0
5144,GILGFVFTL,10x,5,0.3356606,0.0
4661,GILGFVFTL,10x,5,0.21450123,0.0
2497,FLYALALLL,swapped_1590,5,0.37891543,0.0
4180,GILGFVFTL,positive,5,0.98923767,1.0
3355,GILGFVFTL,10x,5,0.31128567,0.0
5667,GLCTLVAML,swapped_4396,5,0.14644517,0.0
1276,GLCTLVAML,swapped_155,5,0.04441597,0.0
5108,GILGFVFTL,10x,5,0.20460862,0.0
2328,GILGFVFTL,10x,5,0.8171578,0.0
4199,NLVPMVATV,positive,5,0.6665997,1.0
4201,GILGFVFTL,positive,5,0.34655818,1.0
4882,GILGFVFTL,10x,5,0.28944656,0.0
4118,GLCTLVAML,swapped_2866,5,0.20930208,0.0
5728,KTWGQYWQV,positive,5,0.214433,1.0
1379,LLFGYPVYV,swapped_341,5,0.49841154,0.0
6018,RMFPNAPYL,10x,5,0.4895743,0.0
754,GILGFVFTL,10x,5,0.70531374,0.0
2811,GILGFVFTL,positive,5,0.9930474,1.0
4119,GLCTLVAML,swapped_2781,5,0.039092064,0.0
4174,GLCTLVAML,positive,5,0.4218084,1.0
6391,GILGFVFTL,10x,5,0.27663952,0.0
5128,CLGGLLTMV,10x,5,0.4543733,0.0
4580,GILGFVFTL,10x,5,0.20217064,0.0
1154,GILGFVFTL,swapped_65,5,0.2364035,0.0
1864,GILGFVFTL,10x,5,0.20230317,0.0
2698,GILGFVFTL,positive,5,0.25774142,1.0
193,GILGFVFTL,positive,5,0.9915662,1.0
1981,GLCTLVAML,10x,5,0.049281884,0.0
872,GILGFVFTL,10x,5,0.2239184,0.0
323,GILGFVFTL,positive,5,0.3644753,1.0
6903,RTLNAWVKV,swapped_5717,5,0.044575416,0.0
1720,GILGFVFTL,positive,5,0.6470185,1.0
2512,NLVPMVATV,swapped_1766,5,0.09200762,0.0
2945,GILGFVFTL,positive,5,0.7214956,1.0
5720,GILGFVFTL,positive,5,0.6588542,1.0
1766,GILGFVFTL,positive,5,0.9417792,1.0
2444,GILGFVFTL,swapped_1686,5,0.20904373,0.0
613,GILGFVFTL,10x,5,0.18719718,0.0
4424,GILGFVFTL,positive,5,0.9963672,1.0
6128,GILGFVFTL,10x,5,0.22685522,0.0
5369,GLCTLVAML,swapped_4185,5,0.03974059,0.0
5656,FLYALALLL,swapped_4360,5,0.2517117,0.0
6363,GILGFVFTL,10x,5,0.19976705,0.0
1519,FLYALALLL,swapped_203,5,0.44275135,0.0
3567,NLVPMVATV,10x,5,0.43308076,0.0
2948,NLVPMVATV,positive,5,0.19172025,1.0
4662,GILGFVFTL,10x,5,0.24312761,0.0
1846,NLVPMVATV,10x,5,0.5564873,0.0
6221,FLYALALLL,10x,5,0.54032457,0.0
1713,GILGFVFTL,positive,5,0.941566,1.0
6741,NLVPMVATV,swapped_5760,5,0.041092362,0.0
2958,GLCTLVAML,positive,5,0.52438194,1.0
2045,GILGFVFTL,10x,5,0.8541615,0.0
5658,GLCTLVAML,swapped_4252,5,0.13031974,0.0
2451,KTWGQYWQV,swapped_1720,5,0.072744094,0.0
4170,NLVPMVATV,swapped_2900,5,0.4359575,0.0
100,GILGFVFTL,positive,5,0.96788657,1.0
5363,GLCTLVAML,swapped_4312,5,0.040660188,0.0
5629,GLCTLVAML,swapped_4536,5,0.5108103,0.0
2114,GILGFVFTL,10x,5,0.48566365,0.0
2253,GILGFVFTL,10x,5,0.7360711,0.0
5614,GILGFVFTL,swapped_4439,5,0.3001679,0.0
6353,GILGFVFTL,10x,5,0.3429983,0.0
2590,GILGFVFTL,swapped_1807,5,0.43704042,0.0
6660,GILGFVFTL,swapped_5790,5,0.23614657,0.0
2329,NLVPMVATV,10x,5,0.4382835,0.0
1324,MLDLQPETT,swapped_379,5,0.052729473,0.0
661,SLFNTVATL,10x,5,0.41737673,0.0
4015,NLVPMVATV,swapped_2898,5,0.616061,0.0
5211,GILGFVFTL,10x,5,0.17642623,0.0
3189,GILGFVFTL,10x,5,0.19925874,0.0
2060,GLCTLVAML,10x,5,0.49713892,0.0
4342,GLCTLVAML,positive,5,0.5441871,1.0
234,FLYALALLL,positive,5,0.55950385,1.0
47,GILGFVFTL,positive,5,0.2898458,1.0
526,GILGFVFTL,10x,5,0.20794764,0.0
3946,NLVPMVATV,swapped_2798,5,0.04557775,0.0
3892,GLCTLVAML,swapped_2793,5,0.042622257,0.0
1884,GILGFVFTL,10x,5,0.31587654,0.0
2231,RTLNAWVKV,10x,5,0.4872709,0.0
418,GLCTLVAML,10x,5,0.11757762,0.0
1807,FLYALALLL,positive,5,0.47325876,1.0
763,GILGFVFTL,10x,5,0.18424203,0.0
4536,FLYALALLL,positive,5,0.55124056,1.0
6201,GILGFVFTL,10x,5,0.26503256,0.0
1625,GILGFVFTL,positive,5,0.82423264,1.0
5436,IMDQVPFSV,swapped_4374,5,0.05703416,0.0
92,GILGFVFTL,positive,5,0.9945147,1.0
3169,GILGFVFTL,10x,5,0.3546225,0.0
2035,LLFGYPVYV,10x,5,0.4666347,0.0
5697,GLCTLVAML,swapped_4538,5,0.4643772,0.0
2518,GILGFVFTL,swapped_1809,5,0.21563849,0.0
3791,GILGFVFTL,10x,5,0.21423745,0.0
646,GILGFVFTL,10x,5,0.24698848,0.0
5243,MLDLQPETT,10x,5,0.46780884,0.0
3495,GLCTLVAML,10x,5,0.091556184,0.0
1416,LLFGYPVYV,swapped_19,5,0.3116045,0.0
3717,GILGFVFTL,10x,5,0.2264989,0.0
3910,GLCTLVAML,swapped_2698,5,0.42344233,0.0
5527,GLCTLVAML,swapped_4186,5,0.5682882,0.0
3386,GLCTLVAML,10x,5,0.44650114,0.0
6905,RMFPNAPYL,swapped_5902,5,0.057139233,0.0
1737,NLVPMVATV,positive,5,0.6503861,1.0
5664,GLCTLVAML,swapped_4546,5,0.042442802,0.0
2200,KTWGQYWQV,10x,5,0.3468791,0.0
5102,GILGFVFTL,10x,5,0.32730263,0.0
4719,GILGFVFTL,10x,5,0.22751527,0.0
2783,GILGFVFTL,positive,5,0.97357225,1.0
1245,RTLNAWVKV,swapped_234,5,0.55380684,0.0
293,GILGFVFTL,positive,5,0.98673546,1.0
1596,GILGFVFTL,positive,5,0.17781296,1.0
5057,GILGFVFTL,10x,5,0.22888331,0.0
5588,GILGFVFTL,swapped_4427,5,0.23169647,0.0
2203,GILGFVFTL,10x,5,0.19013752,0.0
3332,GILGFVFTL,10x,5,0.20306486,0.0
331,GILGFVFTL,positive,5,0.93331146,1.0
4722,GILGFVFTL,10x,5,0.27543375,0.0
4439,GLCTLVAML,positive,5,0.145433,1.0
1592,GLCTLVAML,positive,5,0.68038034,1.0
1078,SLLMWITQV,10x,5,0.52184916,0.0
565,GILGFVFTL,10x,5,0.99563247,0.0
2933,GILGFVFTL,positive,5,0.63505894,1.0
4810,GILGFVFTL,10x,5,0.16641518,0.0
4129,GLCTLVAML,swapped_2711,5,0.03834069,0.0
1739,GLCTLVAML,positive,5,0.66370803,1.0
2549,GILGFVFTL,swapped_1770,5,0.21265835,0.0
229,GILGFVFTL,positive,5,0.9929644,1.0
1843,GILGFVFTL,10x,5,0.2327264,0.0
1126,GILGFVFTL,10x,5,0.20900771,0.0
6222,GILGFVFTL,10x,5,0.37796736,0.0
1087,GILGFVFTL,10x,5,0.4560278,0.0
4273,GILGFVFTL,positive,5,0.99200374,1.0
4512,GLCTLVAML,positive,5,0.2898349,1.0
1702,GILGFVFTL,positive,5,0.9792668,1.0
5532,GLCTLVAML,swapped_4509,5,0.08617988,0.0
41,GILGFVFTL,positive,5,0.9916359,1.0
2792,GILGFVFTL,positive,5,0.98100096,1.0
2699,GLCTLVAML,positive,5,0.67537385,1.0
1283,GLCTLVAML,swapped_145,5,0.22854014,0.0
1490,GILGFVFTL,swapped_169,5,0.20880884,0.0
3409,GILGFVFTL,10x,5,0.2345921,0.0
5662,FLYALALLL,swapped_4431,5,0.3900222,0.0
3622,GILGFVFTL,10x,5,0.23889568,0.0
2936,GILGFVFTL,positive,5,0.52433795,1.0
3873,MLDLQPETT,swapped_3047,5,0.43920574,0.0
2381,NLVPMVATV,10x,5,0.5706575,0.0
2851,GILGFVFTL,positive,5,0.9726979,1.0
3361,GLCTLVAML,10x,5,0.36391294,0.0
6725,NLVPMVATV,swapped_5728,5,0.28855065,0.0
4019,NLVPMVATV,swapped_2830,5,0.091842934,0.0
3678,GILGFVFTL,10x,5,0.6368126,0.0
3882,GLCTLVAML,swapped_2895,5,0.04170817,0.0
537,GILGFVFTL,10x,5,0.6766263,0.0
1749,GILGFVFTL,positive,5,0.9645533,1.0
3848,GLCTLVAML,swapped_2973,5,0.038546976,0.0
190,NLVPMVATV,positive,5,0.25834924,1.0
947,GILGFVFTL,10x,5,0.80180174,0.0
3825,GLCTLVAML,swapped_2695,5,0.122615255,0.0
2494,GILGFVFTL,swapped_1592,5,0.31535396,0.0
4627,GILGFVFTL,10x,5,0.2178988,0.0
6418,GILGFVFTL,10x,5,0.1697886,0.0
290,GILGFVFTL,positive,5,0.9945275,1.0
2209,NLVPMVATV,10x,5,0.5085837,0.0
6076,RMFPNAPYL,10x,5,0.50440276,0.0
4243,GILGFVFTL,positive,5,0.98664236,1.0
1279,GLCTLVAML,swapped_34,5,0.047935843,0.0
6764,FLYALALLL,swapped_5860,5,0.18344027,0.0
3084,GLCTLVAML,10x,5,0.34043807,0.0
491,NLVPMVATV,10x,5,0.54337484,0.0
5631,FLYALALLL,swapped_4555,5,0.5592888,0.0
6281,NLVPMVATV,10x,5,0.24645615,0.0
5946,GILGFVFTL,positive,5,0.8135577,1.0
2646,NLVPMVATV,swapped_1625,5,0.41855395,0.0
1226,NLVPMVATV,swapped_160,5,0.051155828,0.0
4367,GLCTLVAML,positive,5,0.27183235,1.0
6398,NLVPMVATV,10x,5,0.41287136,0.0
1590,GILGFVFTL,positive,5,0.9711448,1.0
2477,GILGFVFTL,swapped_1704,5,0.2200458,0.0
1060,GILGFVFTL,10x,5,0.18643834,0.0
5215,MLDLQPETT,10x,5,0.48375946,0.0
65,NLVPMVATV,positive,5,0.40155995,1.0
6153,GILGFVFTL,10x,5,0.2272989,0.0
4364,GILGFVFTL,positive,5,0.99666494,1.0
132,FLYALALLL,positive,5,0.33659557,1.0
2464,GLCTLVAML,swapped_1778,5,0.039619785,0.0
1198,LLFGYPVYV,swapped_191,5,0.18622015,0.0
690,SLFNTVATL,10x,5,0.09991347,0.0
6166,GILGFVFTL,10x,5,0.41367444,0.0
6788,LLFGYPVYV,swapped_6004,5,0.39322644,0.0
2239,GILGFVFTL,10x,5,0.22978929,0.0
5755,GLCTLVAML,positive,5,0.5413451,1.0
3150,GLCTLVAML,10x,5,0.11301654,0.0
4561,GILGFVFTL,10x,5,0.3266427,0.0
5197,GILGFVFTL,10x,5,0.24549781,0.0
1979,GILGFVFTL,10x,5,0.25169837,0.0
480,GILGFVFTL,10x,5,0.44291267,0.0
1204,GILGFVFTL,swapped_190,5,0.19216026,0.0
21,GILGFVFTL,positive,5,0.9929333,1.0
42,GILGFVFTL,positive,5,0.99092454,1.0
5825,GILGFVFTL,positive,5,0.9897479,1.0
6146,NLVPMVATV,10x,5,0.3582409,0.0
5481,GLCTLVAML,swapped_4485,5,0.61527693,0.0
1020,GILGFVFTL,10x,5,0.22972614,0.0
45,GILGFVFTL,positive,5,0.9852368,1.0
320,GILGFVFTL,positive,5,0.9838578,1.0
1946,GLCTLVAML,10x,5,0.35394987,0.0
3447,GILGFVFTL,10x,5,0.2520366,0.0
5860,GILGFVFTL,positive,5,0.9558699,1.0
1147,GILGFVFTL,swapped_22,5,0.2139232,0.0
1389,GILGFVFTL,swapped_18,5,0.28206173,0.0
1465,GLCTLVAML,swapped_35,5,0.39045468,0.0
3796,GILGFVFTL,10x,5,0.22484946,0.0
2524,GILGFVFTL,swapped_1723,5,0.46203634,0.0
4471,NLVPMVATV,positive,5,0.58636576,1.0
6160,GILGFVFTL,10x,5,0.34776196,0.0
4115,NLVPMVATV,swapped_2827,5,0.41872168,0.0
6004,GILGFVFTL,positive,5,0.46291485,1.0
2888,GILGFVFTL,positive,5,0.78959334,1.0
671,GILGFVFTL,10x,5,0.28601807,0.0
2162,GILGFVFTL,10x,5,0.98103285,0.0
4886,GILGFVFTL,10x,5,0.408191,0.0
1001,GILGFVFTL,10x,5,0.19258338,0.0
1176,RTLNAWVKV,swapped_242,5,0.04279485,0.0
5707,GILGFVFTL,positive,5,0.98599315,1.0
2974,GILGFVFTL,positive,5,0.31650975,1.0
854,GLCTLVAML,10x,5,0.51606613,0.0
4887,GILGFVFTL,10x,5,0.19722882,0.0
1992,GILGFVFTL,10x,5,0.18399112,0.0
4445,GILGFVFTL,positive,5,0.44825768,1.0
1498,NLVPMVATV,swapped_60,5,0.04076606,0.0
3538,GILGFVFTL,10x,5,0.22006077,0.0
6336,GLCTLVAML,10x,5,0.5697404,0.0
2051,NLVPMVATV,10x,5,0.51570857,0.0
1311,NLVPMVATV,swapped_119,5,0.041275397,0.0
4862,GLCTLVAML,10x,5,0.16971317,0.0
3100,GILGFVFTL,10x,5,0.17425632,0.0
247,GILGFVFTL,positive,5,0.9960884,1.0
5441,FLYALALLL,swapped_4424,5,0.08597615,0.0
1944,GILGFVFTL,10x,5,0.26080304,0.0
4522,GILGFVFTL,positive,5,0.99596906,1.0
1131,GILGFVFTL,10x,5,0.58025086,0.0
5411,GILGFVFTL,swapped_4174,5,0.5413,0.0
3419,GILGFVFTL,10x,5,0.3440611,0.0
4040,GLCTLVAML,swapped_2794,5,0.042073186,0.0
257,GILGFVFTL,positive,5,0.8290223,1.0
155,GILGFVFTL,positive,5,0.9917258,1.0
5871,GILGFVFTL,positive,5,0.9928677,1.0
89,GILGFVFTL,positive,5,0.94465476,1.0
3055,GILGFVFTL,positive,5,0.9891823,1.0
4849,GILGFVFTL,10x,5,0.68798196,0.0
3642,GILGFVFTL,10x,5,0.25105214,0.0
3240,GILGFVFTL,10x,5,0.19633988,0.0
1091,GILGFVFTL,10x,5,0.4919686,0.0
518,NLVPMVATV,10x,5,0.265092,0.0
2807,GILGFVFTL,positive,5,0.22789398,1.0
1298,KVLEYVIKV,swapped_268,5,0.27459544,0.0
3098,GILGFVFTL,10x,5,0.35611853,0.0
3440,GILGFVFTL,10x,5,0.2836645,0.0
4056,RMFPNAPYL,swapped_2853,5,0.046859905,0.0
3233,FLYALALLL,10x,5,0.5308182,0.0
4292,GILGFVFTL,positive,5,0.94063103,1.0
5606,GILGFVFTL,swapped_4471,5,0.26681626,0.0
1233,GLCTLVAML,swapped_86,5,0.042306736,0.0
1364,GLCTLVAML,swapped_111,5,0.039457556,0.0
6037,GILGFVFTL,10x,5,0.9122836,0.0
5637,NLVPMVATV,swapped_4274,5,0.40178448,0.0
4869,GILGFVFTL,10x,5,0.27227455,0.0
3985,KTWGQYWQV,swapped_2945,5,0.12018704,0.0
4464,NLVPMVATV,positive,5,0.60260403,1.0
5176,GILGFVFTL,10x,5,0.17394653,0.0
3255,GILGFVFTL,10x,5,0.25510976,0.0
3598,GILGFVFTL,10x,5,0.24483551,0.0
1349,RTLNAWVKV,swapped_121,5,0.49992502,0.0
6770,NLVPMVATV,swapped_5932,5,0.1992797,0.0
6510,GLCTLVAML,10x,5,0.049451187,0.0
5109,NLVPMVATV,10x,5,0.43482003,0.0
4219,GILGFVFTL,positive,5,0.98654765,1.0
5026,GILGFVFTL,10x,5,0.21142547,0.0
2492,KTWGQYWQV,swapped_1709,5,0.042239543,0.0
4029,FLYALALLL,swapped_3022,5,0.5011772,0.0
4381,GILGFVFTL,positive,5,0.9957267,1.0
2588,GILGFVFTL,swapped_1739,5,0.24687311,0.0
4295,GILGFVFTL,positive,5,0.99091667,1.0
5389,NLVPMVATV,swapped_4222,5,0.045710854,0.0
2943,GILGFVFTL,positive,5,0.9836911,1.0
6443,GILGFVFTL,10x,5,0.22846058,0.0
3941,GLCTLVAML,swapped_2789,5,0.06709911,0.0
849,GILGFVFTL,10x,5,0.19199868,0.0
2282,GLCTLVAML,10x,5,0.5272379,0.0
3705,FLYALALLL,10x,5,0.3972261,0.0
3172,FLYALALLL,10x,5,0.4628448,0.0
3692,GILGFVFTL,10x,5,0.2197127,0.0
2508,MLDLQPETT,swapped_1596,5,0.44333267,0.0
6339,GILGFVFTL,10x,5,0.18020509,0.0
3606,GILGFVFTL,10x,5,0.30651492,0.0
3560,GILGFVFTL,10x,5,0.3799362,0.0
3603,GILGFVFTL,10x,5,0.21394771,0.0
5146,GILGFVFTL,10x,5,0.20031245,0.0
1514,LLFGYPVYV,swapped_229,5,0.06255341,0.0
1242,RTLNAWVKV,swapped_89,5,0.13380632,0.0
3241,GILGFVFTL,10x,5,0.4492822,0.0
684,GLCTLVAML,10x,5,0.33936355,0.0
4906,GILGFVFTL,10x,5,0.68735975,0.0
6247,GILGFVFTL,10x,5,0.40741765,0.0
18,GLCTLVAML,positive,5,0.67537516,1.0
4354,GILGFVFTL,positive,5,0.99387676,1.0
801,GILGFVFTL,10x,5,0.24788451,0.0
2446,GILGFVFTL,swapped_1552,5,0.21665339,0.0
5401,NLVPMVATV,swapped_4413,5,0.048213955,0.0
3200,GILGFVFTL,10x,5,0.17227456,0.0
3971,GLCTLVAML,swapped_2831,5,0.052214853,0.0
3701,GILGFVFTL,10x,5,0.7137341,0.0
4214,GILGFVFTL,positive,5,0.9895865,1.0
339,GLCTLVAML,positive,5,0.6802877,1.0
4716,GLCTLVAML,10x,5,0.24294238,0.0
2159,GILGFVFTL,10x,5,0.26465127,0.0
5902,GILGFVFTL,positive,5,0.9960367,1.0
2711,GILGFVFTL,positive,5,0.9859847,1.0
6592,GILGFVFTL,10x,5,0.23765717,0.0
1693,GILGFVFTL,positive,5,0.9874728,1.0
2459,GLCTLVAML,swapped_1790,5,0.44798788,0.0
2155,GILGFVFTL,10x,5,0.20696637,0.0
1243,RTLNAWVKV,swapped_320,5,0.04481293,0.0
3657,GILGFVFTL,10x,5,0.18459362,0.0
2884,GILGFVFTL,positive,5,0.9288772,1.0
6611,FLYALALLL,swapped_5974,5,0.32809764,0.0
2860,GILGFVFTL,positive,5,0.9921313,1.0
6808,NLVPMVATV,swapped_5945,5,0.114041805,0.0
4240,GILGFVFTL,positive,5,0.99675745,1.0
3140,GLCTLVAML,10x,5,0.27564898,0.0
3155,GILGFVFTL,10x,5,0.26356423,0.0
669,GILGFVFTL,10x,5,0.2732778,0.0
4646,GILGFVFTL,10x,5,0.14345928,0.0
5906,GILGFVFTL,positive,5,0.99335504,1.0
634,GILGFVFTL,10x,5,0.24249606,0.0
4824,GILGFVFTL,10x,5,0.21240492,0.0
3219,GILGFVFTL,10x,5,0.82491463,0.0
4257,GILGFVFTL,positive,5,0.9325667,1.0
4760,GILGFVFTL,10x,5,0.24959552,0.0
1390,GILGFVFTL,swapped_273,5,0.17587957,0.0
5624,GLCTLVAML,swapped_4290,5,0.43610466,0.0
400,GILGFVFTL,10x,5,0.2360772,0.0
2372,LLFGYPVYV,10x,5,0.4000057,0.0
3920,NLVPMVATV,swapped_3056,5,0.04199526,0.0
2309,GILGFVFTL,10x,5,0.2778605,0.0
217,GILGFVFTL,positive,5,0.81107384,1.0
514,GILGFVFTL,10x,5,0.23188762,0.0
825,GILGFVFTL,10x,5,0.26054877,0.0
2296,GLCTLVAML,10x,5,0.42477965,0.0
3192,GILGFVFTL,10x,5,0.21933419,0.0
704,GLCTLVAML,10x,5,0.5414312,0.0
3783,GILGFVFTL,10x,5,0.20075218,0.0
22,FLYALALLL,positive,5,0.54907495,1.0
1999,GILGFVFTL,10x,5,0.23828787,0.0
4186,GILGFVFTL,positive,5,0.36300218,1.0
2001,NLVPMVATV,10x,5,0.3735365,0.0
3195,GILGFVFTL,10x,5,0.3455271,0.0
2189,GILGFVFTL,10x,5,0.4205068,0.0
2901,GILGFVFTL,positive,5,0.27787346,1.0
5776,GLCTLVAML,positive,5,0.6695095,1.0
1225,LLFGYPVYV,swapped_41,5,0.051938932,0.0
5965,GILGFVFTL,positive,5,0.98344326,1.0
196,GILGFVFTL,positive,5,0.98695123,1.0
6771,GILGFVFTL,swapped_5876,5,0.24442844,0.0
2511,GLCTLVAML,swapped_1672,5,0.1602086,0.0
5630,GLCTLVAML,swapped_4215,5,0.0410621,0.0
1690,GLCTLVAML,positive,5,0.19288135,1.0
4753,GILGFVFTL,10x,5,0.19933908,0.0
6120,GLCTLVAML,10x,5,0.47437155,0.0
119,GILGFVFTL,positive,5,0.9954516,1.0
4566,GILGFVFTL,10x,5,0.31113118,0.0
2591,LLFGYPVYV,swapped_1564,5,0.5801213,0.0
807,GILGFVFTL,10x,5,0.21693273,0.0
3576,GILGFVFTL,10x,5,0.20395523,0.0
4431,NLVPMVATV,positive,5,0.21090902,1.0
3813,GILGFVFTL,swapped_2730,5,0.317996,0.0
6131,SLLMWITQV,10x,5,0.48984972,0.0
5314,RTLNAWVKV,10x,5,0.4304433,0.0
4606,GILGFVFTL,10x,5,0.26718414,0.0
6345,GLCTLVAML,10x,5,0.45155317,0.0
1963,GLCTLVAML,10x,5,0.25524205,0.0
3104,RTLNAWVKV,10x,5,0.40520456,0.0
3261,GILGFVFTL,10x,5,0.27951208,0.0
5597,GILGFVFTL,swapped_4464,5,0.31714112,0.0
6575,GILGFVFTL,10x,5,0.27344206,0.0
1552,GLCTLVAML,positive,5,0.6428607,1.0
5536,GILGFVFTL,swapped_4367,5,0.21348439,0.0
3653,GILGFVFTL,10x,5,0.1881031,0.0
369,GILGFVFTL,positive,5,0.995398,1.0
287,GILGFVFTL,positive,5,0.98899406,1.0
5680,GLCTLVAML,swapped_4522,5,0.042458914,0.0
4787,GILGFVFTL,10x,5,0.2117845,0.0
2026,GILGFVFTL,10x,5,0.21272089,0.0
6853,GLCTLVAML,swapped_5906,5,0.06279333,0.0
4818,NLVPMVATV,10x,5,0.47161794,0.0
4535,GLCTLVAML,positive,5,0.6778692,1.0
4223,NLVPMVATV,positive,5,0.49508047,1.0
757,GLCTLVAML,10x,5,0.5177102,0.0
6445,GILGFVFTL,10x,5,0.24356006,0.0
241,GILGFVFTL,positive,5,0.9955486,1.0
709,GILGFVFTL,10x,5,0.27919865,0.0
4891,GILGFVFTL,10x,5,0.23891053,0.0
855,GILGFVFTL,10x,5,0.96699345,0.0
1205,GLCTLVAML,swapped_369,5,0.041074555,0.0
4839,NLVPMVATV,10x,5,0.41470557,0.0
6305,GILGFVFTL,10x,5,0.2234195,0.0
1118,GILGFVFTL,10x,5,0.22929893,0.0
133,GILGFVFTL,positive,5,0.9605797,1.0
6431,GILGFVFTL,10x,5,0.20642027,0.0
5466,GLCTLVAML,swapped_4435,5,0.59676886,0.0
3347,GILGFVFTL,10x,5,0.30042756,0.0
3674,GILGFVFTL,10x,5,0.31119367,0.0
3665,GILGFVFTL,10x,5,0.31049496,0.0
2790,GILGFVFTL,positive,5,0.9904923,1.0
4911,LLFGYPVYV,10x,5,0.38093144,0.0
1393,KLQCVDLHV,swapped_349,5,0.5572628,0.0
5096,NLVPMVATV,10x,5,0.04901247,0.0
933,GILGFVFTL,10x,5,0.22754815,0.0
3581,NLVPMVATV,10x,5,0.4591146,0.0
2866,GILGFVFTL,positive,5,0.20667079,1.0
4754,GLCTLVAML,10x,5,0.098669365,0.0
3756,GILGFVFTL,10x,5,0.8967866,0.0
1825,GLCTLVAML,10x,5,0.13597672,0.0
504,GILGFVFTL,10x,5,0.24709575,0.0
6904,GILGFVFTL,swapped_5737,5,0.29279628,0.0
1164,GLCTLVAML,swapped_42,5,0.0462722,0.0
2799,GILGFVFTL,positive,5,0.9221967,1.0
1600,GILGFVFTL,positive,5,0.18643953,1.0
1510,YLLEMLWRL,swapped_137,5,0.5045959,0.0
2827,GILGFVFTL,positive,5,0.21427843,1.0
1802,GILGFVFTL,positive,5,0.9955338,1.0
1171,GLCTLVAML,swapped_348,5,0.09312407,0.0
4252,GILGFVFTL,positive,5,0.52988845,1.0
6127,GILGFVFTL,10x,5,0.2315113,0.0
556,GILGFVFTL,10x,5,0.35824326,0.0
1069,GILGFVFTL,10x,5,0.27215824,0.0
1381,NLVPMVATV,swapped_289,5,0.05367568,0.0
2999,GILGFVFTL,positive,5,0.99281,1.0
1960,GILGFVFTL,10x,5,0.23234752,0.0
2876,MLDLQPETT,positive,5,0.29652652,1.0
3918,GLCTLVAML,swapped_2790,5,0.1205283,0.0
6479,GILGFVFTL,10x,5,0.20283215,0.0
6518,GILGFVFTL,10x,5,0.26514408,0.0
3067,GILGFVFTL,10x,5,0.22211313,0.0
151,GILGFVFTL,positive,5,0.99036473,1.0
1759,FLYALALLL,positive,5,0.4876291,1.0
2525,RMFPNAPYL,swapped_1595,5,0.40778023,0.0
4215,GILGFVFTL,positive,5,0.99600285,1.0
5367,NLVPMVATV,swapped_4390,5,0.04709573,0.0
5529,RTLNAWVKV,swapped_4321,5,0.046119686,0.0
3410,GLCTLVAML,10x,5,0.20250742,0.0
2443,SLLMWITQV,swapped_1700,5,0.07612141,0.0
4139,GILGFVFTL,swapped_3041,5,0.3135393,0.0
1469,GLCTLVAML,swapped_290,5,0.049432147,0.0
795,GLCTLVAML,10x,5,0.08607793,0.0
312,GILGFVFTL,positive,5,0.9952218,1.0
166,GLCTLVAML,positive,5,0.25845534,1.0
2831,GILGFVFTL,positive,5,0.9966869,1.0
2072,NLVPMVATV,10x,5,0.5034237,0.0
1627,GILGFVFTL,positive,5,0.9839855,1.0
1790,NLVPMVATV,positive,5,0.45093372,1.0
4870,GILGFVFTL,10x,5,0.20614943,0.0
4311,GILGFVFTL,positive,5,0.21993802,1.0
38,GILGFVFTL,positive,5,0.19781417,1.0
593,FLYALALLL,10x,5,0.44599807,0.0
2094,GLCTLVAML,10x,5,0.47671062,0.0
2691,NLVPMVATV,swapped_1600,5,0.4898654,0.0
379,GILGFVFTL,positive,5,0.99603623,1.0
5979,GILGFVFTL,positive,5,0.991523,1.0
4962,GILGFVFTL,10x,5,0.2518098,0.0
3542,GILGFVFTL,10x,5,0.3402295,0.0
2613,LLFGYPVYV,swapped_1679,5,0.0940257,0.0
6265,GLCTLVAML,10x,5,0.23204164,0.0
1258,NLVPMVATV,swapped_92,5,0.05251636,0.0
3096,GILGFVFTL,10x,5,0.7140516,0.0
3116,GILGFVFTL,10x,5,0.53670347,0.0
1455,GLCTLVAML,swapped_58,5,0.43568054,0.0
1041,GLCTLVAML,10x,5,0.049459916,0.0
3648,GILGFVFTL,10x,5,0.3224875,0.0
6437,GILGFVFTL,10x,5,0.48954853,0.0
4451,IMDQVPFSV,positive,5,0.4651344,1.0
4228,GILGFVFTL,positive,5,0.2602297,1.0
5452,NLVPMVATV,swapped_4219,5,0.06629159,0.0
6104,GILGFVFTL,10x,5,0.9942346,0.0
934,GILGFVFTL,10x,5,0.9263215,0.0
1629,GILGFVFTL,positive,5,0.9929382,1.0
2979,GILGFVFTL,positive,5,0.9816684,1.0
6338,GILGFVFTL,10x,5,0.62431276,0.0
443,KTWGQYWQV,10x,5,0.4155856,0.0
3287,GILGFVFTL,10x,5,0.26240438,0.0
2789,GILGFVFTL,positive,5,0.99588567,1.0
3181,GILGFVFTL,10x,5,0.21679887,0.0
6700,GLCTLVAML,swapped_5965,5,0.038385868,0.0
627,GLCTLVAML,10x,5,0.17663983,0.0
4634,GILGFVFTL,10x,5,0.22323023,0.0
3351,NLVPMVATV,10x,5,0.4962531,0.0
6534,GILGFVFTL,10x,5,0.21305877,0.0
5870,GILGFVFTL,positive,5,0.99196213,1.0
4991,GILGFVFTL,10x,5,0.19063908,0.0
2024,GILGFVFTL,10x,5,0.3816959,0.0
3829,LLFGYPVYV,swapped_3051,5,0.05706116,0.0
2348,GILGFVFTL,10x,5,0.19599079,0.0
344,GLCTLVAML,positive,5,0.65362966,1.0
5294,GILGFVFTL,10x,5,0.26936746,0.0
1926,KTWGQYWQV,10x,5,0.33724365,0.0
3481,GILGFVFTL,10x,5,0.1884319,0.0
2066,GILGFVFTL,10x,5,0.5118677,0.0
4771,GILGFVFTL,10x,5,0.23257917,0.0
2683,FLYALALLL,swapped_1693,5,0.070354685,0.0
576,GILGFVFTL,10x,5,0.20684026,0.0
1777,NLVPMVATV,positive,5,0.13505922,1.0
3493,GLCTLVAML,10x,5,0.19811618,0.0
3954,GLCTLVAML,swapped_2851,5,0.05164131,0.0
1399,GLCTLVAML,swapped_151,5,0.04196247,0.0
1672,GILGFVFTL,positive,5,0.7982819,1.0
1446,KVAELVHFL,swapped_318,5,0.04586454,0.0
1742,GILGFVFTL,positive,5,0.99070835,1.0
3271,GILGFVFTL,10x,5,0.33775926,0.0
696,GLCTLVAML,10x,5,0.37864625,0.0
883,GILGFVFTL,10x,5,0.3247376,0.0
1006,GILGFVFTL,10x,5,0.2502,0.0
3999,GILGFVFTL,swapped_2869,5,0.22273698,0.0
3019,GILGFVFTL,positive,5,0.98225963,1.0
6812,GLCTLVAML,swapped_5748,5,0.1417084,0.0
2944,NLVPMVATV,positive,5,0.3539131,1.0
5932,GILGFVFTL,positive,5,0.9729593,1.0
33,GLCTLVAML,positive,5,0.6796085,1.0
3743,GILGFVFTL,10x,5,0.18966334,0.0
3186,NLVPMVATV,10x,5,0.37481114,0.0
6177,GILGFVFTL,10x,5,0.21686089,0.0
6571,GILGFVFTL,10x,5,0.22079617,0.0
137,NLVPMVATV,positive,5,0.5530161,1.0
918,GILGFVFTL,10x,5,0.16242886,0.0
5696,NLVPMVATV,swapped_4228,5,0.5400914,0.0
4737,GILGFVFTL,10x,5,0.6461338,0.0
4587,GILGFVFTL,10x,5,0.2424157,0.0
1873,MLDLQPETT,10x,5,0.31965944,0.0
6632,NLVPMVATV,swapped_5795,5,0.051316936,0.0
6303,GILGFVFTL,10x,5,0.26823723,0.0
6016,GILGFVFTL,10x,5,0.315955,0.0
1157,GILGFVFTL,swapped_210,5,0.4139797,0.0
5217,GILGFVFTL,10x,5,0.5062313,0.0
273,NLVPMVATV,positive,5,0.5519518,1.0
2533,GILGFVFTL,swapped_1689,5,0.62393886,0.0
4670,GILGFVFTL,10x,5,0.83664185,0.0
2160,FLYALALLL,10x,5,0.40999687,0.0
3626,RMFPNAPYL,10x,5,0.5005493,0.0
2962,GILGFVFTL,positive,5,0.993964,1.0
685,GILGFVFTL,10x,5,0.19946416,0.0
6696,GLCTLVAML,swapped_5707,5,0.04286283,0.0
1403,GLCTLVAML,swapped_235,5,0.043512877,0.0
4521,GILGFVFTL,positive,5,0.99581474,1.0
3041,GLCTLVAML,positive,5,0.6678809,1.0
5080,GILGFVFTL,10x,5,0.2176298,0.0
6056,GLCTLVAML,10x,5,0.53628653,0.0
6237,GLCTLVAML,10x,5,0.39117655,0.0
1736,NLVPMVATV,positive,5,0.5872927,1.0
3698,GILGFVFTL,10x,5,0.16728489,0.0
5717,GILGFVFTL,positive,5,0.99367166,1.0
3286,NLVPMVATV,10x,5,0.33095703,0.0
1990,GILGFVFTL,10x,5,0.20646039,0.0
667,LLFGYPVYV,10x,5,0.54008585,0.0
3339,GILGFVFTL,10x,5,0.19994478,0.0
1250,GLCTLVAML,swapped_312,5,0.042624895,0.0
4919,GILGFVFTL,10x,5,0.43353122,0.0
1137,GLCTLVAML,10x,5,0.04152977,0.0
5660,GILGFVFTL,swapped_4535,5,0.30598572,0.0
6762,KTWGQYWQV,swapped_5868,5,0.33898062,0.0
1135,GLCTLVAML,10x,5,0.18436459,0.0
1153,NLVPMVATV,swapped_133,5,0.06298448,0.0
1919,GILGFVFTL,10x,5,0.21657112,0.0
1727,GILGFVFTL,positive,5,0.9964929,1.0
4830,GLCTLVAML,10x,5,0.23074558,0.0
6124,GILGFVFTL,10x,5,0.35837492,0.0
2509,GILGFVFTL,swapped_1736,5,0.21986115,0.0
1474,NLVPMVATV,swapped_21,5,0.04249221,0.0
3884,NLVPMVATV,swapped_2992,5,0.042982947,0.0
3225,GILGFVFTL,10x,5,0.2283778,0.0
3770,GILGFVFTL,10x,5,0.23770404,0.0
3115,NLVPMVATV,10x,5,0.16190003,0.0
3383,GILGFVFTL,10x,5,0.3207151,0.0
3901,MLDLQPETT,swapped_2832,5,0.04424805,0.0
2009,GILGFVFTL,10x,5,0.19857344,0.0
1272,GLCTLVAML,swapped_309,5,0.04451067,0.0
6360,GILGFVFTL,10x,5,0.36135396,0.0
2923,GILGFVFTL,positive,5,0.22753492,1.0
3594,GILGFVFTL,10x,5,0.21616003,0.0
5241,GILGFVFTL,10x,5,0.22036815,0.0
3444,GILGFVFTL,10x,5,0.21079479,0.0
2853,GILGFVFTL,positive,5,0.9950808,1.0
19,GILGFVFTL,positive,5,0.92654085,1.0
5816,NLVPMVATV,positive,5,0.6217498,1.0
4599,GLCTLVAML,10x,5,0.5099379,0.0
3486,GILGFVFTL,10x,5,0.1863375,0.0
1788,GILGFVFTL,positive,5,0.9514967,1.0
3973,LLFGYPVYV,swapped_2792,5,0.08457113,0.0
3911,GLCTLVAML,swapped_2979,5,0.03993898,0.0
454,GILGFVFTL,10x,5,0.9379063,0.0
5875,GILGFVFTL,positive,5,0.9937961,1.0
5337,FLYALALLL,swapped_4201,5,0.50497586,0.0
4509,GILGFVFTL,positive,5,0.6223212,1.0
2701,GILGFVFTL,positive,5,0.98719984,1.0
2852,GLCTLVAML,positive,5,0.6776168,1.0
5878,LLFGYPVYV,positive,5,0.45904085,1.0
308,GILGFVFTL,positive,5,0.9891829,1.0
1188,RTLNAWVKV,swapped_308,5,0.0762981,0.0
6874,GILGFVFTL,swapped_5970,5,0.19882362,0.0
2676,GILGFVFTL,swapped_1737,5,0.26923853,0.0
3152,NLVPMVATV,10x,5,0.28195173,0.0
5520,MLDLQPETT,swapped_4243,5,0.043900277,0.0
4555,GILGFVFTL,positive,5,0.3499784,1.0
551,GILGFVFTL,10x,5,0.39624527,0.0
5677,GLCTLVAML,swapped_4354,5,0.046105646,0.0
3303,GILGFVFTL,10x,5,0.22695693,0.0
6392,GILGFVFTL,10x,5,0.16329512,0.0
2529,GLCTLVAML,swapped_1773,5,0.12966718,0.0
741,GILGFVFTL,10x,5,0.2186752,0.0
365,GILGFVFTL,positive,5,0.9836928,1.0
3914,GLCTLVAML,swapped_2882,5,0.06482221,0.0
3368,LLFGYPVYV,10x,5,0.3423441,0.0
601,GILGFVFTL,10x,5,0.51079404,0.0
499,GILGFVFTL,10x,5,0.28024262,0.0
354,GILGFVFTL,positive,5,0.98922426,1.0
3215,GILGFVFTL,10x,5,0.706066,0.0
4960,RTLNAWVKV,10x,5,0.45729253,0.0
5525,GLCTLVAML,swapped_4316,5,0.48199448,0.0
6244,GILGFVFTL,10x,5,0.2198149,0.0
6790,KTWGQYWQV,swapped_5792,5,0.36654615,0.0
2804,FLYALALLL,positive,5,0.5183811,1.0
3798,GILGFVFTL,10x,5,0.186579,0.0
3922,NLVPMVATV,swapped_2938,5,0.057197485,0.0
3826,GLCTLVAML,swapped_2701,5,0.048631556,0.0
539,GILGFVFTL,10x,5,0.47346646,0.0
4795,NLVPMVATV,10x,5,0.3929404,0.0
5430,NLVPMVATV,swapped_4356,5,0.048373263,0.0
6236,NLVPMVATV,10x,5,0.42472675,0.0
1099,GILGFVFTL,10x,5,0.2617849,0.0
1922,GILGFVFTL,10x,5,0.67051154,0.0
227,GILGFVFTL,positive,5,0.76982313,1.0
3294,GILGFVFTL,10x,5,0.19722602,0.0
3280,NLVPMVATV,10x,5,0.5507366,0.0
2897,GLCTLVAML,positive,5,0.2517378,1.0
3252,GLCTLVAML,10x,5,0.39636093,0.0
4435,GILGFVFTL,positive,5,0.2364683,1.0
2432,GILGFVFTL,swapped_1714,5,0.21878593,0.0
2255,GILGFVFTL,10x,5,0.2732785,0.0
2070,GILGFVFTL,10x,5,0.43693057,0.0
6847,GILGFVFTL,swapped_5816,5,0.29159462,0.0
6865,GILGFVFTL,swapped_5776,5,0.28283784,0.0
272,GILGFVFTL,positive,5,0.8523207,1.0
6423,NLVPMVATV,10x,5,0.5590816,0.0
1215,NLVPMVATV,swapped_257,5,0.23125039,0.0
3122,GILGFVFTL,10x,5,0.5799184,0.0
1872,GILGFVFTL,10x,5,0.23434581,0.0
1144,GLCTLVAML,swapped_249,5,0.047038652,0.0
34,GILGFVFTL,positive,5,0.9899256,1.0
736,GILGFVFTL,10x,5,0.23137634,0.0
1689,NLVPMVATV,positive,5,0.48881552,1.0
4236,GLCTLVAML,positive,5,0.1634991,1.0
5935,GILGFVFTL,positive,5,0.9449228,1.0
6796,GILGFVFTL,swapped_5989,5,0.2865979,0.0
6152,GILGFVFTL,10x,5,0.26558086,0.0
5182,GILGFVFTL,10x,5,0.20419787,0.0
121,GILGFVFTL,positive,5,0.46967828,1.0
145,GILGFVFTL,positive,5,0.55196637,1.0
975,GILGFVFTL,10x,5,0.21896599,0.0
1318,GLCTLVAML,swapped_24,5,0.045276277,0.0
1431,FLYALALLL,swapped_362,5,0.46709383,0.0
6844,SLFNTVATL,swapped_5870,5,0.044790745,0.0
5208,GILGFVFTL,10x,5,0.31547892,0.0
3522,GILGFVFTL,10x,5,0.2126706,0.0
6100,GILGFVFTL,10x,5,0.21346962,0.0
3856,NLVPMVATV,swapped_2725,5,0.04436721,0.0
1220,NLVPMVATV,swapped_196,5,0.06431561,0.0
6036,FLYALALLL,10x,5,0.55411506,0.0
4898,GILGFVFTL,10x,5,0.20483649,0.0
471,GILGFVFTL,10x,5,0.17369764,0.0
949,GILGFVFTL,10x,5,0.17978658,0.0
4515,GILGFVFTL,positive,5,0.9952083,1.0
3775,GILGFVFTL,10x,5,0.30438507,0.0
2107,GILGFVFTL,10x,5,0.25514108,0.0
1503,FLYALALLL,swapped_33,5,0.677955,0.0
3333,FLYALALLL,10x,5,0.4300743,0.0
1554,GILGFVFTL,positive,5,0.9428817,1.0
6889,YLLEMLWRL,swapped_5969,5,0.09972176,0.0
3028,GILGFVFTL,positive,5,0.95054716,1.0
2761,GILGFVFTL,positive,5,0.99673223,1.0
4328,GILGFVFTL,positive,5,0.8433734,1.0
3685,GILGFVFTL,10x,5,0.7740635,0.0
564,GILGFVFTL,10x,5,0.20754382,0.0
6594,GLCTLVAML,10x,5,0.31333238,0.0
1949,GILGFVFTL,10x,5,0.2725638,0.0
2846,GILGFVFTL,positive,5,0.99458414,1.0
437,GILGFVFTL,10x,5,0.2577164,0.0
317,GILGFVFTL,positive,5,0.98751825,1.0
3624,IMDQVPFSV,10x,5,0.5432527,0.0
3118,GLCTLVAML,10x,5,0.24007487,0.0
4749,GILGFVFTL,10x,5,0.1703199,0.0
1310,FLYALALLL,swapped_283,5,0.06420602,0.0
3051,GILGFVFTL,positive,5,0.9960018,1.0
5737,GLCTLVAML,positive,5,0.678891,1.0
4185,GILGFVFTL,positive,5,0.9956884,1.0
3641,GILGFVFTL,10x,5,0.20400657,0.0
3068,GILGFVFTL,10x,5,0.22069755,0.0
3706,GILGFVFTL,10x,5,0.24860674,0.0
111,GILGFVFTL,positive,5,0.9958067,1.0
5061,NLVPMVATV,10x,5,0.21888126,0.0
4205,GILGFVFTL,positive,5,0.438264,1.0
5231,GLCTLVAML,10x,5,0.6029203,0.0
3400,SLLMWITQV,10x,5,0.4472418,0.0
1800,GILGFVFTL,positive,5,0.9315559,1.0
6183,GLCTLVAML,10x,5,0.0939481,0.0
1838,NLVPMVATV,10x,5,0.2718117,0.0
1776,GILGFVFTL,positive,5,0.275666,1.0
926,GILGFVFTL,10x,5,0.17965502,0.0
3732,GILGFVFTL,10x,5,0.1850601,0.0
256,GILGFVFTL,positive,5,0.9838694,1.0
664,GILGFVFTL,10x,5,0.29239067,0.0
249,GILGFVFTL,positive,5,0.9881151,1.0
6243,GILGFVFTL,10x,5,0.22944273,0.0
645,YLLEMLWRL,10x,5,0.15440832,0.0
5029,NLVPMVATV,10x,5,0.07442152,0.0
2173,GILGFVFTL,10x,5,0.226934,0.0
4004,IMDQVPFSV,swapped_3031,5,0.069766976,0.0
5306,GILGFVFTL,10x,5,0.21044292,0.0
4350,GILGFVFTL,positive,5,0.991482,1.0
4396,NLVPMVATV,positive,5,0.32323393,1.0
1675,FLYALALLL,positive,5,0.5350503,1.0
2577,NLVPMVATV,swapped_1802,5,0.04239229,0.0
3135,GILGFVFTL,10x,5,0.8098513,0.0
5132,GILGFVFTL,10x,5,0.423314,0.0
6156,GILGFVFTL,10x,5,0.64578146,0.0
3523,GILGFVFTL,10x,5,0.18416953,0.0
675,GILGFVFTL,10x,5,0.20115319,0.0
2693,GILGFVFTL,swapped_1759,5,0.24344058,0.0
6425,GLCTLVAML,10x,5,0.095037356,0.0
6563,NLVPMVATV,10x,5,0.47118154,0.0
1253,FLYALALLL,swapped_247,5,0.053116105,0.0
2662,YLLEMLWRL,swapped_1554,5,0.05753792,0.0
6320,GILGFVFTL,10x,5,0.38663658,0.0
86,GILGFVFTL,positive,5,0.9933149,1.0
1686,FLYALALLL,positive,5,0.53115374,1.0
1313,GLCTLVAML,swapped_352,5,0.0694197,0.0
3765,GILGFVFTL,10x,5,0.5579134,0.0
5513,GLCTLVAML,swapped_4292,5,0.08306756,0.0
6819,NLVPMVATV,swapped_5937,5,0.044219926,0.0
5347,GILGFVFTL,swapped_4236,5,0.2978811,0.0
1770,NLVPMVATV,positive,5,0.47417387,1.0
4121,NLVPMVATV,swapped_2763,5,0.041902278,0.0
1970,GILGFVFTL,10x,5,0.93355054,0.0
6481,LLFGYPVYV,10x,5,0.55188227,0.0
4160,GILGFVFTL,swapped_2948,5,0.34358764,0.0
1564,NLVPMVATV,positive,5,0.614112,1.0
167,GILGFVFTL,positive,5,0.32852638,1.0
4312,GILGFVFTL,positive,5,0.99644727,1.0
1420,GILGFVFTL,swapped_171,5,0.39226946,0.0
469,RMFPNAPYL,10x,5,0.12686397,0.0
5974,GILGFVFTL,positive,5,0.6805665,1.0
1911,GILGFVFTL,10x,5,0.5887742,0.0
5032,GILGFVFTL,10x,5,0.24024197,0.0
1010,GILGFVFTL,10x,5,0.19366463,0.0
4976,GILGFVFTL,10x,5,0.44676852,0.0
6079,GILGFVFTL,10x,5,0.35790282,0.0
2788,GILGFVFTL,positive,5,0.99244434,1.0
6687,GILGFVFTL,swapped_5930,5,0.2839459,0.0
1148,NLVPMVATV,swapped_293,5,0.049706835,0.0
5278,GILGFVFTL,10x,5,0.22243841,0.0
887,GLCTLVAML,10x,5,0.36698392,0.0
3151,GILGFVFTL,10x,5,0.24061194,0.0
869,GILGFVFTL,10x,5,0.21964546,0.0
2395,GILGFVFTL,10x,5,0.21521229,0.0
3326,GILGFVFTL,10x,5,0.22168885,0.0
2393,GILGFVFTL,10x,5,0.3465076,0.0
5598,SLLMWITQV,swapped_4214,5,0.04980984,0.0
3725,GILGFVFTL,10x,5,0.18217199,0.0
3921,NLVPMVATV,swapped_2977,5,0.05966888,0.0
1867,GILGFVFTL,10x,5,0.24952988,0.0
4721,GILGFVFTL,10x,5,0.453747,0.0
5013,GILGFVFTL,10x,5,0.27494505,0.0
6178,NLVPMVATV,10x,5,0.590961,0.0
6668,GLCTLVAML,swapped_5862,5,0.34962296,0.0
4083,GLCTLVAML,swapped_2859,5,0.22040316,0.0
6719,GILGFVFTL,swapped_5878,5,0.18384571,0.0
5071,NLVPMVATV,10x,5,0.3136682,0.0
4705,GILGFVFTL,10x,5,0.20882814,0.0
2674,NLVPMVATV,swapped_1788,5,0.15023835,0.0
4427,NLVPMVATV,positive,5,0.61099786,1.0
5862,GILGFVFTL,positive,5,0.1729657,1.0
6387,NLVPMVATV,10x,5,0.12921675,0.0
4031,FLYALALLL,swapped_2943,5,0.04667735,0.0
3893,NLVPMVATV,swapped_2933,5,0.16466399,0.0
3378,GILGFVFTL,10x,5,0.30891705,0.0
6429,SLFNTVATL,10x,5,0.47912607,0.0
1624,GILGFVFTL,positive,5,0.40583217,1.0
5312,GLCTLVAML,10x,5,0.47864333,0.0
4645,GLCTLVAML,10x,5,0.48741257,0.0
5809,GILGFVFTL,positive,5,0.54271823,1.0
309,GILGFVFTL,positive,5,0.98878723,1.0
5186,LLFGYPVYV,10x,5,0.4883074,0.0
2110,LLFGYPVYV,10x,5,0.47868395,0.0
785,GLCTLVAML,10x,5,0.09725281,0.0
6709,GILGFVFTL,swapped_5755,5,0.25106978,0.0
