6802,MLDLQPETT,swapped_5979,5,0.015899578,0.0
5105,GILGFVFTL,10x,5,0.1471486,0.0
6635,GILGFVFTL,swapped_5740,5,0.17591181,0.0
2273,NLVPMVATV,10x,5,0.4392525,0.0
6400,GILGFVFTL,10x,5,0.22533676,0.0
362,GILGFVFTL,positive,5,0.27544022,1.0
5650,NLVPMVATV,swapped_4499,5,0.0069767963,0.0
5249,RTLNAWVKV,10x,5,0.4474805,0.0
6882,NLVPMVATV,swapped_5722,5,0.008910466,0.0
3266,GILGFVFTL,10x,5,0.12583348,0.0
1115,GILGFVFTL,10x,5,0.17085794,0.0
1671,GILGFVFTL,positive,5,0.97178775,1.0
5288,GILGFVFTL,10x,5,0.09968793,0.0
5398,GILGFVFTL,swapped_4268,5,0.2805651,0.0
2900,GILGFVFTL,positive,5,0.15069738,1.0
3056,GILGFVFTL,positive,5,0.99694425,1.0
6040,GILGFVFTL,10x,5,0.16298616,0.0
5792,NLVPMVATV,positive,5,0.45019743,1.0
3039,GILGFVFTL,positive,5,0.9961033,1.0
5067,GILGFVFTL,10x,5,0.21581584,0.0
3420,GLCTLVAML,10x,5,0.14066418,0.0
1039,NLVPMVATV,10x,5,0.014190372,0.0
5722,GILGFVFTL,positive,5,0.9993729,1.0
5769,GILGFVFTL,positive,5,0.9993783,1.0
1348,NLVPMVATV,swapped_141,5,0.025552329,0.0
3253,GILGFVFTL,10x,5,0.26051483,0.0
1547,GLCTLVAML,positive,5,0.92327285,1.0
3998,GILGFVFTL,swapped_2944,5,0.15075348,0.0
938,GLCTLVAML,10x,5,0.41832328,0.0
5448,GLCTLVAML,swapped_4240,5,0.01578065,0.0
4063,NLVPMVATV,swapped_2901,5,0.30093256,0.0
4485,GILGFVFTL,positive,5,0.3448004,1.0
2232,NLVPMVATV,10x,5,0.54961914,0.0
2185,NLVPMVATV,10x,5,0.50322425,0.0
3802,GILGFVFTL,10x,5,0.122526355,0.0
235,GILGFVFTL,positive,5,0.9994512,1.0
5223,GILGFVFTL,10x,5,0.15288086,0.0
318,GILGFVFTL,positive,5,0.9994004,1.0
4005,NLVPMVATV,swapped_3044,5,0.008106799,0.0
4613,GILGFVFTL,10x,5,0.12807715,0.0
2269,GILGFVFTL,10x,5,0.15936539,0.0
2317,GILGFVFTL,10x,5,0.17717493,0.0
2892,GILGFVFTL,positive,5,0.10675137,1.0
330,LLFGYPVYV,positive,5,0.5033553,1.0
2912,FLYALALLL,positive,5,0.63738185,1.0
3489,GILGFVFTL,10x,5,0.0848476,0.0
890,GILGFVFTL,10x,5,0.16559026,0.0
6773,NLVPMVATV,swapped_5871,5,0.007746592,0.0
3586,GLCTLVAML,10x,5,0.6207746,0.0
107,GILGFVFTL,positive,5,0.99963236,1.0
6639,GLCTLVAML,swapped_5732,5,0.011224591,0.0
1387,NLVPMVATV,swapped_96,5,0.7707172,0.0
4321,GILGFVFTL,positive,5,0.9990957,1.0
203,GILGFVFTL,positive,5,0.080903195,1.0
6531,GILGFVFTL,10x,5,0.47143203,0.0
6021,LLFGYPVYV,10x,5,0.53741735,0.0
58,GILGFVFTL,positive,5,0.23094454,1.0
171,MLDLQPETT,positive,5,0.50277287,1.0
1289,NLVPMVATV,swapped_187,5,0.09685272,0.0
4546,GILGFVFTL,positive,5,0.9990483,1.0
4315,GILGFVFTL,positive,5,0.95426697,1.0
406,GILGFVFTL,10x,5,0.11505363,0.0
4067,NLVPMVATV,swapped_2808,5,0.1306625,0.0
1244,NLVPMVATV,swapped_150,5,0.009115657,0.0
6523,GILGFVFTL,10x,5,0.9193005,0.0
5040,GLCTLVAML,10x,5,0.35044432,0.0
2731,GILGFVFTL,positive,5,0.9992736,1.0
5693,GLCTLVAML,swapped_4205,5,0.06917526,0.0
485,GILGFVFTL,10x,5,0.11739694,0.0
5594,GILGFVFTL,swapped_4223,5,0.46318457,0.0
457,GILGFVFTL,10x,5,0.21928155,0.0
4003,GLCTLVAML,swapped_2884,5,0.08088409,0.0
6233,GILGFVFTL,10x,5,0.28923583,0.0
845,GILGFVFTL,10x,5,0.08364683,0.0
6455,GILGFVFTL,10x,5,0.17574486,0.0
991,GLCTLVAML,swapped_73,5,0.23208247,0.0
1778,GILGFVFTL,positive,5,0.9973015,1.0
5292,GILGFVFTL,10x,5,0.14404422,0.0
2763,GILGFVFTL,positive,5,0.9996203,1.0
2794,GILGFVFTL,positive,5,0.5093436,1.0
1623,GILGFVFTL,positive,5,0.98875755,1.0
2992,GILGFVFTL,positive,5,0.9987128,1.0
1773,GILGFVFTL,positive,5,0.10945699,1.0
1891,GILGFVFTL,10x,5,0.44920477,0.0
3824,GLCTLVAML,swapped_2999,5,0.006064037,0.0
5508,NLVPMVATV,swapped_4375,5,0.00753413,0.0
3869,NLVPMVATV,swapped_2989,5,0.0063914666,0.0
3763,GILGFVFTL,10x,5,0.17446189,0.0
5181,GILGFVFTL,10x,5,0.25851485,0.0
2823,GILGFVFTL,positive,5,0.99822396,1.0
3569,GILGFVFTL,10x,5,0.4059179,0.0
4641,GILGFVFTL,10x,5,0.9131784,0.0
5042,GILGFVFTL,10x,5,0.27039573,0.0
186,FLYALALLL,positive,5,0.79329485,1.0
4356,GILGFVFTL,positive,5,0.9994635,1.0
2989,GILGFVFTL,positive,5,0.9988117,1.0
1964,GILGFVFTL,10x,5,0.28396472,0.0
5479,GILGFVFTL,swapped_4342,5,0.08601423,0.0
4290,LLFGYPVYV,positive,5,0.5269809,1.0
5293,GILGFVFTL,10x,5,0.1706692,0.0
987,NLVPMVATV,10x,5,0.21449462,0.0
5229,GILGFVFTL,10x,5,0.105128504,0.0
2635,RTLNAWVKV,swapped_1800,5,0.3101117,0.0
6039,GILGFVFTL,10x,5,0.09727415,0.0
251,RMFPNAPYL,positive,5,0.40605998,1.0
1319,GLCTLVAML,swapped_251,5,0.121676855,0.0
4374,GILGFVFTL,positive,5,0.9994265,1.0
6436,GILGFVFTL,10x,5,0.08646115,0.0
1850,GILGFVFTL,10x,5,0.08107274,0.0
5469,NLVPMVATV,swapped_4350,5,0.01308164,0.0
6302,NLVPMVATV,10x,5,0.3930226,0.0
2260,GILGFVFTL,10x,5,0.25548133,0.0
876,GLCTLVAML,10x,5,0.41595405,0.0
4699,GLCTLVAML,10x,5,0.31484592,0.0
4137,KTWGQYWQV,swapped_2912,5,0.56051546,0.0
1834,GILGFVFTL,10x,5,0.26603812,0.0
3369,NLVPMVATV,10x,5,0.6408356,0.0
187,GILGFVFTL,positive,5,0.97858757,1.0
5233,GILGFVFTL,10x,5,0.16510811,0.0
4874,GILGFVFTL,10x,5,0.08422951,0.0
6280,GILGFVFTL,10x,5,0.09233254,0.0
5748,GILGFVFTL,positive,5,0.9908213,1.0
6149,GILGFVFTL,10x,5,0.09178694,0.0
1339,GLCTLVAML,swapped_354,5,0.01160103,0.0
5116,GILGFVFTL,10x,5,0.08668616,0.0
5295,GILGFVFTL,10x,5,0.12415538,0.0
3719,GILGFVFTL,10x,5,0.2170582,0.0
1862,GILGFVFTL,10x,5,0.2927619,0.0
4623,LLFGYPVYV,10x,5,0.5691524,0.0
210,GLCTLVAML,positive,5,0.88493484,1.0
4731,GLCTLVAML,10x,5,0.7407669,0.0
4908,GLCTLVAML,10x,5,0.34083343,0.0
1375,GLCTLVAML,swapped_272,5,0.07400179,0.0
5790,FLYALALLL,positive,5,0.8576532,1.0
3222,GILGFVFTL,10x,5,0.080335446,0.0
1921,NLVPMVATV,10x,5,0.33222577,0.0
4850,GILGFVFTL,10x,5,0.12785442,0.0
6216,GILGFVFTL,10x,5,0.11596465,0.0
1852,GILGFVFTL,10x,5,0.23026451,0.0
6708,GLCTLVAML,swapped_5825,5,0.0060829055,0.0
463,GILGFVFTL,10x,5,0.16068028,0.0
3953,NLVPMVATV,swapped_2746,5,0.22852255,0.0
1138,NLVPMVATV,10x,5,0.66709375,0.0
424,GLCTLVAML,10x,5,0.35640067,0.0
4505,GLCTLVAML,positive,5,0.91033226,1.0
1809,GLCTLVAML,positive,5,0.7987121,1.0
3101,GILGFVFTL,10x,5,0.16305473,0.0
336,GILGFVFTL,positive,5,0.9996691,1.0
588,NLVPMVATV,10x,5,0.48522833,0.0
5686,RMFPNAPYL,swapped_4295,5,0.011536173,0.0
5876,GLCTLVAML,positive,5,0.6855388,1.0
24,GILGFVFTL,positive,5,0.99422544,1.0
6167,RTLNAWVKV,10x,5,0.55631727,0.0
6898,GLCTLVAML,swapped_5731,5,0.028717013,0.0
1127,GILGFVFTL,10x,5,0.32242566,0.0
4873,NLVPMVATV,10x,5,0.6043077,0.0
968,GILGFVFTL,10x,5,0.22298457,0.0
1876,GILGFVFTL,10x,5,0.20273593,0.0
5560,RMFPNAPYL,swapped_4502,5,0.025290677,0.0
3250,GLCTLVAML,10x,5,0.058390785,0.0
4538,GILGFVFTL,positive,5,0.08471961,1.0
4048,KTWGQYWQV,swapped_2788,5,0.014570455,0.0
4130,NLVPMVATV,swapped_2761,5,0.009370075,0.0
6169,GILGFVFTL,10x,5,0.30202565,0.0
3969,GLCTLVAML,swapped_2846,5,0.006078231,0.0
5038,GILGFVFTL,10x,5,0.09602131,0.0
6576,FLYALALLL,10x,5,0.19588175,0.0
1145,GLCTLVAML,swapped_336,5,0.0062366743,0.0
3779,GILGFVFTL,10x,5,0.22618824,0.0
4780,GILGFVFTL,10x,5,0.2367095,0.0
5666,NLVPMVATV,swapped_4311,5,0.5448528,0.0
2368,GILGFVFTL,10x,5,0.33327895,0.0
641,GILGFVFTL,10x,5,0.32497665,0.0
5192,GILGFVFTL,10x,5,0.09477339,0.0
6664,NLVPMVATV,swapped_5720,5,0.19401515,0.0
4584,YLLEMLWRL,10x,5,0.45527038,0.0
6827,GLCTLVAML,swapped_5769,5,0.0068310327,0.0
3210,GILGFVFTL,10x,5,0.22714238,0.0
3376,GILGFVFTL,10x,5,0.15962291,0.0
2377,SLFNTVATL,10x,5,0.16550907,0.0
5086,GILGFVFTL,10x,5,0.4954558,0.0
6366,GILGFVFTL,10x,5,0.23865856,0.0
2274,GILGFVFTL,10x,5,0.45419952,0.0
2798,GILGFVFTL,positive,5,0.99900836,1.0
4043,GLCTLVAML,swapped_2892,5,0.45623785,0.0
5882,SLLMWITQV,positive,5,0.3619897,1.0
1966,GILGFVFTL,10x,5,0.32635802,0.0
1939,GILGFVFTL,10x,5,0.18524018,0.0
3022,GILGFVFTL,positive,5,0.12230848,1.0
3312,GILGFVFTL,10x,5,0.938443,0.0
2236,YLLEMLWRL,10x,5,0.3271286,0.0
2828,FLYALALLL,positive,5,0.7091975,1.0
2695,GILGFVFTL,positive,5,0.9854742,1.0
1704,GLCTLVAML,positive,5,0.7323549,1.0
3031,GILGFVFTL,positive,5,0.9995009,1.0
4915,GILGFVFTL,10x,5,0.93185884,0.0
6335,GILGFVFTL,10x,5,0.09566483,0.0
5286,GILGFVFTL,10x,5,0.11493512,0.0
1169,RTLNAWVKV,swapped_47,5,0.5513799,0.0
5544,GLCTLVAML,swapped_4336,5,0.0068955556,0.0
4153,GLCTLVAML,swapped_2783,5,0.035331026,0.0
1371,LLFGYPVYV,swapped_38,5,0.5995294,0.0
3345,GLCTLVAML,10x,5,0.2690816,0.0
812,GILGFVFTL,10x,5,0.08418601,0.0
4951,KTWGQYWQV,10x,5,0.531194,0.0
1726,GILGFVFTL,positive,5,0.17125128,1.0
5195,GILGFVFTL,10x,5,0.2981291,0.0
3636,IMDQVPFSV,10x,5,0.5221042,0.0
2938,GILGFVFTL,positive,5,0.9971409,1.0
2882,GILGFVFTL,positive,5,0.9995202,1.0
49,GLCTLVAML,positive,5,0.50786597,1.0
1274,LLFGYPVYV,swapped_263,5,0.19033842,0.0
6052,NLVPMVATV,10x,5,0.5807525,0.0
3106,NLVPMVATV,10x,5,0.14291896,0.0
3948,GILGFVFTL,swapped_2699,5,0.17515486,0.0
5641,LLFGYPVYV,swapped_4238,5,0.56520087,0.0
1329,NLVPMVATV,swapped_55,5,0.63345075,0.0
5731,GILGFVFTL,positive,5,0.9909961,1.0
6252,GILGFVFTL,10x,5,0.14067714,0.0
4024,GLCTLVAML,swapped_2955,5,0.5099098,0.0
6715,GLCTLVAML,swapped_5990,5,0.013495109,0.0
4277,GILGFVFTL,positive,5,0.999154,1.0
5530,GLCTLVAML,swapped_4445,5,0.0705889,0.0
5981,GILGFVFTL,positive,5,0.52813303,1.0
3773,GILGFVFTL,10x,5,0.2708566,0.0
1875,GILGFVFTL,10x,5,0.12348554,0.0
986,GILGFVFTL,10x,5,0.08747013,0.0
4163,NLVPMVATV,swapped_2801,5,0.01146075,0.0
925,NLVPMVATV,10x,5,0.25771686,0.0
886,GILGFVFTL,10x,5,0.2226537,0.0
911,GILGFVFTL,10x,5,0.12529771,0.0
4281,GILGFVFTL,positive,5,0.9975883,1.0
5405,GILGFVFTL,swapped_4505,5,0.12788865,0.0
3671,GILGFVFTL,10x,5,0.11906176,0.0
1093,GILGFVFTL,10x,5,0.18894462,0.0
178,GILGFVFTL,positive,5,0.9996257,1.0
5403,GLCTLVAML,swapped_4277,5,0.008502157,0.0
676,GILGFVFTL,10x,5,0.16995192,0.0
6306,GILGFVFTL,10x,5,0.11041935,0.0
2032,GILGFVFTL,10x,5,0.49445948,0.0
5151,GILGFVFTL,10x,5,0.13396108,0.0
2898,SLFNTVATL,positive,5,0.42703983,1.0
5112,GILGFVFTL,10x,5,0.27540624,0.0
4041,NLVPMVATV,swapped_2799,5,0.030427227,0.0
6162,GILGFVFTL,10x,5,0.2985396,0.0
3047,GILGFVFTL,positive,5,0.54878294,1.0
4365,GILGFVFTL,positive,5,0.323684,1.0
5795,GILGFVFTL,positive,5,0.9992132,1.0
5668,GLCTLVAML,swapped_4381,5,0.006969205,0.0
2670,GLCTLVAML,swapped_1623,5,0.0062247985,0.0
2515,NLVPMVATV,swapped_1727,5,0.006744204,0.0
5345,SLLMWITQV,swapped_4178,5,0.3937506,0.0
734,SLLMWITQV,10x,5,0.31152564,0.0
2730,KTWGQYWQV,positive,5,0.8330577,1.0
628,GILGFVFTL,10x,5,0.15635554,0.0
3160,RMFPNAPYL,10x,5,0.5463744,0.0
6082,GILGFVFTL,10x,5,0.30743048,0.0
6402,GILGFVFTL,10x,5,0.21193355,0.0
4932,GILGFVFTL,10x,5,0.20148708,0.0
5604,GLCTLVAML,swapped_4397,5,0.14008592,0.0
2468,NLVPMVATV,swapped_1627,5,0.0067918873,0.0
2247,GILGFVFTL,10x,5,0.22908235,0.0
6854,GLCTLVAML,swapped_5935,5,0.014424243,0.0
1179,GILGFVFTL,swapped_132,5,0.3585916,0.0
751,GILGFVFTL,10x,5,0.13333541,0.0
2973,GILGFVFTL,positive,5,0.999481,1.0
5308,NLVPMVATV,10x,5,0.37991688,0.0
242,GILGFVFTL,positive,5,0.99956745,1.0
980,NLVPMVATV,10x,5,0.4036771,0.0
2237,GILGFVFTL,10x,5,0.6682956,0.0
1723,NLVPMVATV,positive,5,0.4190594,1.0
6316,GILGFVFTL,10x,5,0.09642587,0.0
1429,MLDLQPETT,swapped_45,5,0.008516423,0.0
3887,SLFNTVATL,swapped_2860,5,0.0066255843,0.0
963,RTLNAWVKV,10x,5,0.4448367,0.0
6151,GILGFVFTL,10x,5,0.09984488,0.0
3157,GILGFVFTL,10x,5,0.12544858,0.0
4397,GILGFVFTL,positive,5,0.96872956,1.0
4619,GILGFVFTL,10x,5,0.114765465,0.0
861,GILGFVFTL,10x,5,0.36636612,0.0
3751,NLVPMVATV,10x,5,0.45950675,0.0
5636,GLCTLVAML,swapped_4315,5,0.22851773,0.0
2808,GILGFVFTL,positive,5,0.64791816,1.0
689,GLCTLVAML,10x,5,0.30273336,0.0
3639,GILGFVFTL,10x,5,0.23045515,0.0
4703,NLVPMVATV,10x,5,0.4234438,0.0
1347,LLFGYPVYV,swapped_256,5,0.0143469395,0.0
4666,GILGFVFTL,10x,5,0.84255385,0.0
1890,GLCTLVAML,10x,5,0.45237306,0.0
1014,GILGFVFTL,10x,5,0.14714447,0.0
3870,LLFGYPVYV,swapped_2916,5,0.010999666,0.0
3112,NLVPMVATV,10x,5,0.45390698,0.0
931,MLDLQPETT,10x,5,0.3435306,0.0
1854,NLVPMVATV,10x,5,0.2974648,0.0
3278,GLCTLVAML,10x,5,0.024044354,0.0
3292,SLFNTVATL,10x,5,0.28533885,0.0
1714,NLVPMVATV,positive,5,0.48261875,1.0
4905,GILGFVFTL,10x,5,0.08574882,0.0
2869,GLCTLVAML,positive,5,0.5111832,1.0
160,GILGFVFTL,positive,5,0.99955684,1.0
1820,GILGFVFTL,10x,5,0.3833984,0.0
5178,GILGFVFTL,10x,5,0.107040904,0.0
3436,GILGFVFTL,10x,5,0.12147434,0.0
6013,NLVPMVATV,10x,5,0.39643788,0.0
3932,GILGFVFTL,swapped_2876,5,0.39144617,0.0
5540,GILGFVFTL,swapped_4512,5,0.12517217,0.0
2297,GILGFVFTL,10x,5,0.1470624,0.0
1210,GILGFVFTL,swapped_339,5,0.3476622,0.0
5115,GILGFVFTL,10x,5,0.111605324,0.0
1121,NLVPMVATV,10x,5,0.30115032,0.0
3405,GILGFVFTL,10x,5,0.10920438,0.0
5989,GLCTLVAML,positive,5,0.1839651,1.0
2460,NLVPMVATV,swapped_1776,5,0.5233568,0.0
1322,GILGFVFTL,swapped_344,5,0.12467932,0.0
6170,GILGFVFTL,10x,5,0.10848901,0.0
460,GLCTLVAML,10x,5,0.13236158,0.0
3579,LLFGYPVYV,10x,5,0.44474322,0.0
2228,GILGFVFTL,10x,5,0.34192738,0.0
6493,GILGFVFTL,10x,5,0.22853342,0.0
5945,GILGFVFTL,positive,5,0.97257113,1.0
622,KTWGQYWQV,10x,5,0.3845826,0.0
6274,GILGFVFTL,10x,5,0.18773322,0.0
4360,GILGFVFTL,positive,5,0.99695086,1.0
2088,GILGFVFTL,10x,5,0.14348592,0.0
1208,GLCTLVAML,swapped_217,5,0.06784014,0.0
3995,NLVPMVATV,swapped_3055,5,0.006181555,0.0
5969,GILGFVFTL,positive,5,0.98390734,1.0
5216,GILGFVFTL,10x,5,0.28908366,0.0
422,GILGFVFTL,10x,5,0.10028381,0.0
5004,GILGFVFTL,10x,5,0.28706375,0.0
2830,GILGFVFTL,positive,5,0.95707834,1.0
3760,NLVPMVATV,10x,5,0.8495306,0.0
578,GLCTLVAML,10x,5,0.51765,0.0
341,GILGFVFTL,positive,5,0.07726391,1.0
60,GILGFVFTL,positive,5,0.9980128,1.0
1900,NLVPMVATV,10x,5,0.40829188,0.0
3992,NLVPMVATV,swapped_2739,5,0.008554209,0.0
2257,GILGFVFTL,10x,5,0.18656512,0.0
5740,GLCTLVAML,positive,5,0.22108577,1.0
2801,GILGFVFTL,positive,5,0.99931276,1.0
3845,GLCTLVAML,swapped_2936,5,0.30019936,0.0
1914,GILGFVFTL,10x,5,0.16465467,0.0
531,NLVPMVATV,10x,5,0.44854894,0.0
1056,GLCTLVAML,10x,5,0.25038132,0.0
5539,GLCTLVAML,swapped_4463,5,0.006176557,0.0
956,RTLNAWVKV,10x,5,0.486966,0.0
3272,GILGFVFTL,10x,5,0.084162034,0.0
830,GILGFVFTL,10x,5,0.08330784,0.0
5159,GILGFVFTL,10x,5,0.13589452,0.0
169,NLVPMVATV,positive,5,0.45798564,1.0
3126,GILGFVFTL,10x,5,0.16205464,0.0
6291,GILGFVFTL,10x,5,0.22232437,0.0
4706,GILGFVFTL,10x,5,0.12710944,0.0
4858,GILGFVFTL,10x,5,0.10996014,0.0
5191,GLCTLVAML,10x,5,0.3348609,0.0
4921,GILGFVFTL,10x,5,0.23779848,0.0
3647,NLVPMVATV,10x,5,0.3956033,0.0
2486,GLCTLVAML,swapped_1702,5,0.0070160595,0.0
2482,GLCTLVAML,swapped_1624,5,0.34211257,0.0
4413,GILGFVFTL,positive,5,0.9991997,1.0
6670,NLVPMVATV,swapped_5946,5,0.29800576,0.0
435,YLLEMLWRL,10x,5,0.3896858,0.0
4267,GILGFVFTL,positive,5,0.9988274,1.0
393,GLCTLVAML,10x,5,0.60509473,0.0
5990,GILGFVFTL,positive,5,0.9991247,1.0
3741,GLCTLVAML,10x,5,0.0387687,0.0
4238,SLLMWITQV,positive,5,0.4643117,1.0
421,LLFGYPVYV,10x,5,0.4641255,0.0
5970,NLVPMVATV,positive,5,0.4842517,1.0
103,GILGFVFTL,positive,5,0.9988432,1.0
1088,GILGFVFTL,10x,5,0.08222641,0.0
1837,RMFPNAPYL,10x,5,0.46400413,0.0
4499,GILGFVFTL,positive,5,0.9973399,1.0
1700,GILGFVFTL,positive,5,0.98808146,1.0
3008,GLCTLVAML,positive,5,0.86607945,1.0
2319,NLVPMVATV,10x,5,0.42091885,0.0
2600,NLVPMVATV,swapped_1629,5,0.019956073,0.0
2012,GILGFVFTL,10x,5,0.406674,0.0
4131,KTWGQYWQV,swapped_2811,5,0.011402482,0.0
1337,GILGFVFTL,swapped_156,5,0.30008963,0.0
6692,NLVPMVATV,swapped_5903,5,0.022833364,0.0
2467,GLCTLVAML,swapped_1742,5,0.0063159834,0.0
2213,GILGFVFTL,10x,5,0.09660025,0.0
6368,NLVPMVATV,10x,5,0.399004,0.0
3983,KVLEYVIKV,swapped_2888,5,0.34669033,0.0
3988,GILGFVFTL,swapped_3008,5,0.08177031,0.0
3075,GILGFVFTL,10x,5,0.15617064,0.0
2578,GILGFVFTL,swapped_1675,5,0.14644012,0.0
3231,RTLNAWVKV,10x,5,0.5915629,0.0
4143,LLFGYPVYV,swapped_2828,5,0.56092745,0.0
3044,GILGFVFTL,positive,5,0.9991061,1.0
2430,GILGFVFTL,swapped_1547,5,0.09563155,0.0
2793,GILGFVFTL,positive,5,0.9995603,1.0
2689,GLCTLVAML,swapped_1749,5,0.06180074,0.0
4644,GILGFVFTL,10x,5,0.1624521,0.0
6327,NLVPMVATV,10x,5,0.44638434,0.0
6487,CLGGLLTMV,10x,5,0.18341528,0.0
1902,GILGFVFTL,10x,5,0.31243452,0.0
542,GILGFVFTL,10x,5,0.0886978,0.0
3823,GLCTLVAML,swapped_2731,5,0.006369299,0.0
1302,LLFGYPVYV,swapped_227,5,0.4654656,0.0
4336,GILGFVFTL,positive,5,0.98936033,1.0
3702,GLCTLVAML,10x,5,0.2944355,0.0
6001,GLCTLVAML,positive,5,0.8275287,1.0
1214,NLVPMVATV,swapped_241,5,0.016718047,0.0
6612,GLCTLVAML,swapped_5875,5,0.006766504,0.0
392,GILGFVFTL,10x,5,0.085944615,0.0
2170,GILGFVFTL,10x,5,0.11735139,0.0
5674,GILGFVFTL,swapped_4451,5,0.50946593,0.0
3130,NLVPMVATV,10x,5,0.45106822,0.0
2895,GILGFVFTL,positive,5,0.99972314,1.0
5385,GILGFVFTL,swapped_4199,5,0.1907417,0.0
864,GILGFVFTL,10x,5,0.49155286,0.0
349,GILGFVFTL,positive,5,0.55416137,1.0
6441,GLCTLVAML,10x,5,0.18439138,0.0
2147,GILGFVFTL,10x,5,0.19863728,0.0
5639,NLVPMVATV,swapped_4281,5,0.018097298,0.0
1428,GLCTLVAML,swapped_331,5,0.009347859,0.0
55,GLCTLVAML,positive,5,0.6762861,1.0
5930,NLVPMVATV,positive,5,0.6264207,1.0
6319,GILGFVFTL,10x,5,0.13361526,0.0
2361,GILGFVFTL,10x,5,0.09475126,0.0
3575,GLCTLVAML,10x,5,0.11571941,0.0
2977,GILGFVFTL,positive,5,0.99846613,1.0
3308,GILGFVFTL,10x,5,0.124339014,0.0
5028,GILGFVFTL,10x,5,0.1598361,0.0
1084,IMDQVPFSV,10x,5,0.5165238,0.0
3591,NLVPMVATV,10x,5,0.18669967,0.0
3965,GILGFVFTL,swapped_2958,5,0.07958434,0.0
5937,GILGFVFTL,positive,5,0.99977404,1.0
4610,GILGFVFTL,10x,5,0.19198836,0.0
3394,GLCTLVAML,10x,5,0.44416064,0.0
397,RMFPNAPYL,10x,5,0.5645296,0.0
3430,GLCTLVAML,10x,5,0.3973333,0.0
4078,RTLNAWVKV,swapped_2852,5,0.8455578,0.0
5062,GILGFVFTL,10x,5,0.19630316,0.0
2161,GILGFVFTL,10x,5,0.27936402,0.0
4222,GILGFVFTL,positive,5,0.9981579,1.0
462,GILGFVFTL,10x,5,0.48160437,0.0
6465,GLCTLVAML,10x,5,0.39999026,0.0
2122,GILGFVFTL,10x,5,0.17341709,0.0
505,NLVPMVATV,10x,5,0.511967,0.0
4178,GILGFVFTL,positive,5,0.44684407,1.0
268,GILGFVFTL,positive,5,0.2428005,1.0
6801,GILGFVFTL,swapped_5882,5,0.22606726,0.0
5456,NLVPMVATV,swapped_4180,5,0.009885687,0.0
3812,GLCTLVAML,swapped_3039,5,0.0067372373,0.0
4463,GILGFVFTL,positive,5,0.99832803,1.0
96,GILGFVFTL,positive,5,0.5464006,1.0
1522,LLFGYPVYV,swapped_186,5,0.5935118,0.0
1453,GLCTLVAML,swapped_100,5,0.0099221775,0.0
6261,GILGFVFTL,10x,5,0.3198806,0.0
5732,GILGFVFTL,positive,5,0.99980015,1.0
150,GILGFVFTL,positive,5,0.99963224,1.0
4034,NLVPMVATV,swapped_2817,5,0.0072028283,0.0
5868,GILGFVFTL,positive,5,0.44174492,1.0
4168,GILGFVFTL,swapped_2897,5,0.14330395,0.0
5640,NLVPMVATV,swapped_4273,5,0.0071222954,0.0
191,GILGFVFTL,positive,5,0.99373454,1.0
1075,GILGFVFTL,10x,5,0.107725024,0.0
2832,GILGFVFTL,positive,5,0.9988966,1.0
2817,GILGFVFTL,positive,5,0.99897873,1.0
6063,RTLNAWVKV,10x,5,0.5841314,0.0
2090,GILGFVFTL,10x,5,0.15516913,0.0
3930,GLCTLVAML,swapped_2807,5,0.5474799,0.0
2036,RTLNAWVKV,10x,5,0.08441337,0.0
2398,RMFPNAPYL,10x,5,0.49664393,0.0
6148,GILGFVFTL,10x,5,0.15019637,0.0
5432,RTLNAWVKV,swapped_4515,5,0.038786065,0.0
6657,NLVPMVATV,swapped_5981,5,0.2457848,0.0
1340,GLCTLVAML,swapped_167,5,0.17935055,0.0
5439,RMFPNAPYL,swapped_4365,5,0.43841225,0.0
4783,GILGFVFTL,10x,5,0.15633698,0.0
352,GILGFVFTL,positive,5,0.47069624,1.0
6083,GILGFVFTL,10x,5,0.20390223,0.0
1930,NLVPMVATV,10x,5,0.46066922,0.0
1491,GILGFVFTL,swapped_73,5,0.23232073,0.0
5465,NLVPMVATV,swapped_4328,5,0.08701436,0.0
5903,GILGFVFTL,positive,5,0.9997472,1.0
4375,GILGFVFTL,positive,5,0.99904186,1.0
4624,GILGFVFTL,10x,5,0.07944791,0.0
915,GILGFVFTL,10x,5,0.15304059,0.0
5683,RMFPNAPYL,swapped_4364,5,0.10284434,0.0
3533,GILGFVFTL,10x,5,0.13501665,0.0
1929,GILGFVFTL,10x,5,0.1331089,0.0
4274,KTWGQYWQV,positive,5,0.55957353,1.0
2501,GLCTLVAML,swapped_1671,5,0.05925114,0.0
1361,NLVPMVATV,swapped_317,5,0.0068099042,0.0
2469,MLDLQPETT,swapped_1726,5,0.40378097,0.0
2053,GILGFVFTL,10x,5,0.26011306,0.0
6257,GILGFVFTL,10x,5,0.44622,0.0
3927,FLYALALLL,swapped_2923,5,0.38305476,0.0
289,GILGFVFTL,positive,5,0.9988875,1.0
1709,GILGFVFTL,positive,5,0.9984524,1.0
2916,GILGFVFTL,positive,5,0.9985623,1.0
2725,GILGFVFTL,positive,5,0.9996371,1.0
1354,GILGFVFTL,swapped_166,5,0.11656583,0.0
1448,FLYALALLL,swapped_107,5,0.0066826134,0.0
2781,GILGFVFTL,positive,5,0.9992059,1.0
35,GILGFVFTL,positive,5,0.15991502,1.0
2859,GILGFVFTL,positive,5,0.99153817,1.0
1291,KTWGQYWQV,swapped_49,5,0.44456127,0.0
5760,GILGFVFTL,positive,5,0.9994579,1.0
1297,GILGFVFTL,swapped_330,5,0.09477236,0.0
4571,GILGFVFTL,10x,5,0.416667,0.0
1085,NLVPMVATV,10x,5,0.47550812,0.0
2059,GILGFVFTL,10x,5,0.24310228,0.0
4390,GILGFVFTL,positive,5,0.98737955,1.0
1521,FLYALALLL,swapped_103,5,0.00646364,0.0
2116,GILGFVFTL,10x,5,0.12778537,0.0
2349,GILGFVFTL,10x,5,0.14944561,0.0
263,GILGFVFTL,positive,5,0.988452,1.0
4802,GILGFVFTL,10x,5,0.08407934,0.0
1117,GILGFVFTL,10x,5,0.26842186,0.0
73,KVLEYVIKV,positive,5,0.38981268,1.0
283,GILGFVFTL,positive,5,0.9996923,1.0
1370,KVAELVHFL,swapped_323,5,0.3242178,0.0
1458,NLVPMVATV,swapped_178,5,0.024708673,0.0
2955,GILGFVFTL,positive,5,0.25392297,1.0
2746,GILGFVFTL,positive,5,0.44173598,1.0
5543,RTLNAWVKV,swapped_4257,5,0.21801549,0.0
3390,GILGFVFTL,10x,5,0.31966022,0.0
3524,GILGFVFTL,10x,5,0.18485312,0.0
483,GILGFVFTL,10x,5,0.12162643,0.0
5418,NLVPMVATV,swapped_4521,5,0.010423703,0.0
1170,GLCTLVAML,swapped_193,5,0.16359718,0.0
6609,GILGFVFTL,10x,5,0.54469997,0.0
1345,GLCTLVAML,swapped_365,5,0.0089185545,0.0
936,GILGFVFTL,10x,5,0.2343475,0.0
4944,GILGFVFTL,10x,5,0.23777536,0.0
4165,NLVPMVATV,swapped_2823,5,0.008504686,0.0
5276,GILGFVFTL,10x,5,0.22043537,0.0
6101,GILGFVFTL,10x,5,0.27974215,0.0
4853,GILGFVFTL,10x,5,0.71211356,0.0
4687,RTLNAWVKV,10x,5,0.5980331,0.0
5424,NLVPMVATV,swapped_4267,5,0.009054973,0.0
2407,RTLNAWVKV,swapped_1677,5,0.05661984,0.0
4502,GILGFVFTL,positive,5,0.9995096,1.0
2199,GLCTLVAML,10x,5,0.37429512,0.0
6031,GILGFVFTL,10x,5,0.07906945,0.0
156,NLVPMVATV,positive,5,0.39054412,1.0
6703,GILGFVFTL,swapped_6001,5,0.08402777,0.0
2739,GILGFVFTL,positive,5,0.999706,1.0
2505,NLVPMVATV,swapped_1690,5,0.46498024,0.0
451,GILGFVFTL,10x,5,0.25600246,0.0
6721,GLCTLVAML,swapped_5809,5,0.061795183,0.0
6034,GLCTLVAML,10x,5,0.6451519,0.0
6147,GILGFVFTL,10x,5,0.28140903,0.0
6068,GLCTLVAML,10x,5,0.40344086,0.0
3346,GLCTLVAML,10x,5,0.6484328,0.0
6309,GLCTLVAML,10x,5,0.41603193,0.0
4268,GLCTLVAML,positive,5,0.92543095,1.0
4841,GILGFVFTL,10x,5,0.17521696,0.0
1679,GILGFVFTL,positive,5,0.99906796,1.0
3970,GILGFVFTL,swapped_2804,5,0.16586594,0.0
3956,NLVPMVATV,swapped_3028,5,0.16791794,0.0
4141,NLVPMVATV,swapped_2962,5,0.008327506,0.0
4316,GILGFVFTL,positive,5,0.22400689,1.0
594,FLYALALLL,10x,5,0.349681,0.0
4090,GLCTLVAML,swapped_3019,5,0.006334223,0.0
662,GILGFVFTL,10x,5,0.1975716,0.0
2592,RTLNAWVKV,swapped_1713,5,0.32063517,0.0
141,GILGFVFTL,positive,5,0.9982657,1.0
1677,GILGFVFTL,positive,5,0.9985489,1.0
1991,GILGFVFTL,10x,5,0.121787384,0.0
3450,GILGFVFTL,10x,5,0.13499677,0.0
1168,GLCTLVAML,swapped_287,5,0.006115157,0.0
2551,GILGFVFTL,swapped_1777,5,0.08133522,0.0
966,IMDQVPFSV,10x,5,0.49067533,0.0
348,GILGFVFTL,positive,5,0.2074091,1.0
3837,NLVPMVATV,swapped_2974,5,0.24607283,0.0
2167,GILGFVFTL,10x,5,0.16473955,0.0
1595,GILGFVFTL,positive,5,0.345345,1.0
5144,GILGFVFTL,10x,5,0.15428074,0.0
4661,GILGFVFTL,10x,5,0.26544163,0.0
2497,FLYALALLL,swapped_1590,5,0.13787943,0.0
4180,GILGFVFTL,positive,5,0.9990075,1.0
3355,GILGFVFTL,10x,5,0.3639762,0.0
5667,GLCTLVAML,swapped_4396,5,0.053446688,0.0
1276,GLCTLVAML,swapped_155,5,0.006418866,0.0
5108,GILGFVFTL,10x,5,0.22348298,0.0
2328,GILGFVFTL,10x,5,0.26692715,0.0
4199,NLVPMVATV,positive,5,0.8110309,1.0
4201,GILGFVFTL,positive,5,0.12097657,1.0
4882,GILGFVFTL,10x,5,0.30320454,0.0
4118,GLCTLVAML,swapped_2866,5,0.57567024,0.0
5728,KTWGQYWQV,positive,5,0.41427287,1.0
1379,LLFGYPVYV,swapped_341,5,0.47648403,0.0
6018,RMFPNAPYL,10x,5,0.46155038,0.0
754,GILGFVFTL,10x,5,0.26214397,0.0
2811,GILGFVFTL,positive,5,0.99947673,1.0
4119,GLCTLVAML,swapped_2781,5,0.0061604935,0.0
4174,GLCTLVAML,positive,5,0.31037265,1.0
6391,GILGFVFTL,10x,5,0.42708156,0.0
5128,CLGGLLTMV,10x,5,0.40249953,0.0
4580,GILGFVFTL,10x,5,0.26605162,0.0
1154,GILGFVFTL,swapped_65,5,0.14396842,0.0
1864,GILGFVFTL,10x,5,0.21409892,0.0
2698,GILGFVFTL,positive,5,0.20951432,1.0
193,GILGFVFTL,positive,5,0.99209964,1.0
1981,GLCTLVAML,10x,5,0.037067637,0.0
872,GILGFVFTL,10x,5,0.091625534,0.0
323,GILGFVFTL,positive,5,0.33102214,1.0
6903,RTLNAWVKV,swapped_5717,5,0.045064427,0.0
1720,GILGFVFTL,positive,5,0.51762855,1.0
2512,NLVPMVATV,swapped_1766,5,0.07761185,0.0
2945,GILGFVFTL,positive,5,0.27301216,1.0
5720,GILGFVFTL,positive,5,0.5954867,1.0
1766,GILGFVFTL,positive,5,0.99323845,1.0
2444,GILGFVFTL,swapped_1686,5,0.11940888,0.0
613,GILGFVFTL,10x,5,0.083054416,0.0
4424,GILGFVFTL,positive,5,0.99951243,1.0
6128,GILGFVFTL,10x,5,0.22016013,0.0
5369,GLCTLVAML,swapped_4185,5,0.0062023858,0.0
5656,FLYALALLL,swapped_4360,5,0.016523868,0.0
6363,GILGFVFTL,10x,5,0.11428364,0.0
1519,FLYALALLL,swapped_203,5,0.4879535,0.0
3567,NLVPMVATV,10x,5,0.48081985,0.0
2948,NLVPMVATV,positive,5,0.39871788,1.0
4662,GILGFVFTL,10x,5,0.16389649,0.0
1846,NLVPMVATV,10x,5,0.5266892,0.0
6221,FLYALALLL,10x,5,0.4875936,0.0
1713,GILGFVFTL,positive,5,0.94495165,1.0
6741,NLVPMVATV,swapped_5760,5,0.013421491,0.0
2958,GLCTLVAML,positive,5,0.6468812,1.0
2045,GILGFVFTL,10x,5,0.8925444,0.0
5658,GLCTLVAML,swapped_4252,5,0.007205724,0.0
2451,KTWGQYWQV,swapped_1720,5,0.33634,0.0
4170,NLVPMVATV,swapped_2900,5,0.45063952,0.0
100,GILGFVFTL,positive,5,0.9924034,1.0
5363,GLCTLVAML,swapped_4312,5,0.0062903315,0.0
5629,GLCTLVAML,swapped_4536,5,0.8884865,0.0
2114,GILGFVFTL,10x,5,0.45339915,0.0
2253,GILGFVFTL,10x,5,0.16813858,0.0
5614,GILGFVFTL,swapped_4439,5,0.1952689,0.0
6353,GILGFVFTL,10x,5,0.28168443,0.0
2590,GILGFVFTL,swapped_1807,5,0.28300557,0.0
6660,GILGFVFTL,swapped_5790,5,0.13879399,0.0
2329,NLVPMVATV,10x,5,0.4763692,0.0
1324,MLDLQPETT,swapped_379,5,0.053057928,0.0
661,SLFNTVATL,10x,5,0.25609335,0.0
4015,NLVPMVATV,swapped_2898,5,0.5726183,0.0
5211,GILGFVFTL,10x,5,0.07796288,0.0
3189,GILGFVFTL,10x,5,0.09529745,0.0
2060,GLCTLVAML,10x,5,0.5819589,0.0
4342,GLCTLVAML,positive,5,0.920773,1.0
234,FLYALALLL,positive,5,0.8295875,1.0
47,GILGFVFTL,positive,5,0.16062954,1.0
526,GILGFVFTL,10x,5,0.36502802,0.0
3946,NLVPMVATV,swapped_2798,5,0.0067187813,0.0
3892,GLCTLVAML,swapped_2793,5,0.0061645997,0.0
1884,GILGFVFTL,10x,5,0.1767319,0.0
2231,RTLNAWVKV,10x,5,0.40368047,0.0
418,GLCTLVAML,10x,5,0.2971677,0.0
1807,FLYALALLL,positive,5,0.63703954,1.0
763,GILGFVFTL,10x,5,0.0797623,0.0
4536,FLYALALLL,positive,5,0.88656604,1.0
6201,GILGFVFTL,10x,5,0.23153998,0.0
1625,GILGFVFTL,positive,5,0.7763955,1.0
5436,IMDQVPFSV,swapped_4374,5,0.02802097,0.0
92,GILGFVFTL,positive,5,0.9987219,1.0
3169,GILGFVFTL,10x,5,0.08181711,0.0
2035,LLFGYPVYV,10x,5,0.60069376,0.0
5697,GLCTLVAML,swapped_4538,5,0.42683735,0.0
2518,GILGFVFTL,swapped_1809,5,0.09009941,0.0
3791,GILGFVFTL,10x,5,0.15898454,0.0
646,GILGFVFTL,10x,5,0.32337117,0.0
5243,MLDLQPETT,10x,5,0.4279957,0.0
3495,GLCTLVAML,10x,5,0.10423276,0.0
1416,LLFGYPVYV,swapped_19,5,0.3731538,0.0
3717,GILGFVFTL,10x,5,0.21166076,0.0
3910,GLCTLVAML,swapped_2698,5,0.41046855,0.0
5527,GLCTLVAML,swapped_4186,5,0.69938487,0.0
3386,GLCTLVAML,10x,5,0.37346926,0.0
6905,RMFPNAPYL,swapped_5902,5,0.03929515,0.0
1737,NLVPMVATV,positive,5,0.70173925,1.0
5664,GLCTLVAML,swapped_4546,5,0.006111394,0.0
2200,KTWGQYWQV,10x,5,0.49557027,0.0
5102,GILGFVFTL,10x,5,0.15937564,0.0
4719,GILGFVFTL,10x,5,0.1788785,0.0
2783,GILGFVFTL,positive,5,0.9851702,1.0
1245,RTLNAWVKV,swapped_234,5,0.5747095,0.0
293,GILGFVFTL,positive,5,0.99887687,1.0
1596,GILGFVFTL,positive,5,0.10520574,1.0
5057,GILGFVFTL,10x,5,0.2848553,0.0
5588,GILGFVFTL,swapped_4427,5,0.1675332,0.0
2203,GILGFVFTL,10x,5,0.14994869,0.0
3332,GILGFVFTL,10x,5,0.26631418,0.0
331,GILGFVFTL,positive,5,0.99055743,1.0
4722,GILGFVFTL,10x,5,0.2584519,0.0
4439,GLCTLVAML,positive,5,0.6249981,1.0
1592,GLCTLVAML,positive,5,0.92543167,1.0
1078,SLLMWITQV,10x,5,0.36084574,0.0
565,GILGFVFTL,10x,5,0.9954106,0.0
2933,GILGFVFTL,positive,5,0.41335687,1.0
4810,GILGFVFTL,10x,5,0.17736998,0.0
4129,GLCTLVAML,swapped_2711,5,0.13051467,0.0
1739,GLCTLVAML,positive,5,0.91800433,1.0
2549,GILGFVFTL,swapped_1770,5,0.1069506,0.0
229,GILGFVFTL,positive,5,0.9962915,1.0
1843,GILGFVFTL,10x,5,0.07903376,0.0
1126,GILGFVFTL,10x,5,0.15305893,0.0
6222,GILGFVFTL,10x,5,0.19843599,0.0
1087,GILGFVFTL,10x,5,0.3156935,0.0
4273,GILGFVFTL,positive,5,0.99952006,1.0
4512,GLCTLVAML,positive,5,0.746664,1.0
1702,GILGFVFTL,positive,5,0.9986766,1.0
5532,GLCTLVAML,swapped_4509,5,0.3343647,0.0
41,GILGFVFTL,positive,5,0.9987011,1.0
2792,GILGFVFTL,positive,5,0.9994056,1.0
2699,GLCTLVAML,positive,5,0.924638,1.0
1283,GLCTLVAML,swapped_145,5,0.0742219,0.0
1490,GILGFVFTL,swapped_169,5,0.25187024,0.0
3409,GILGFVFTL,10x,5,0.084673256,0.0
5662,FLYALALLL,swapped_4431,5,0.14214844,0.0
3622,GILGFVFTL,10x,5,0.27109694,0.0
2936,GILGFVFTL,positive,5,0.26354346,1.0
3873,MLDLQPETT,swapped_3047,5,0.4093042,0.0
2381,NLVPMVATV,10x,5,0.6516625,0.0
2851,GILGFVFTL,positive,5,0.7201741,1.0
3361,GLCTLVAML,10x,5,0.6218613,0.0
6725,NLVPMVATV,swapped_5728,5,0.30833167,0.0
4019,NLVPMVATV,swapped_2830,5,0.026221737,0.0
3678,GILGFVFTL,10x,5,0.46629676,0.0
3882,GLCTLVAML,swapped_2895,5,0.006107485,0.0
537,GILGFVFTL,10x,5,0.7961245,0.0
1749,GILGFVFTL,positive,5,0.8493204,1.0
3848,GLCTLVAML,swapped_2973,5,0.006113923,0.0
190,NLVPMVATV,positive,5,0.29089597,1.0
947,GILGFVFTL,10x,5,0.40897292,0.0
3825,GLCTLVAML,swapped_2695,5,0.020248456,0.0
2494,GILGFVFTL,swapped_1592,5,0.23085193,0.0
4627,GILGFVFTL,10x,5,0.17978986,0.0
6418,GILGFVFTL,10x,5,0.090468876,0.0
290,GILGFVFTL,positive,5,0.9980698,1.0
2209,NLVPMVATV,10x,5,0.6005411,0.0
6076,RMFPNAPYL,10x,5,0.5213459,0.0
4243,GILGFVFTL,positive,5,0.9991673,1.0
1279,GLCTLVAML,swapped_34,5,0.007444489,0.0
6764,FLYALALLL,swapped_5860,5,0.027360672,0.0
3084,GLCTLVAML,10x,5,0.23242183,0.0
491,NLVPMVATV,10x,5,0.45367917,0.0
5631,FLYALALLL,swapped_4555,5,0.70496017,0.0
6281,NLVPMVATV,10x,5,0.37320548,0.0
5946,GILGFVFTL,positive,5,0.74026465,1.0
2646,NLVPMVATV,swapped_1625,5,0.5365856,0.0
1226,NLVPMVATV,swapped_160,5,0.007270101,0.0
4367,GLCTLVAML,positive,5,0.4516829,1.0
6398,NLVPMVATV,10x,5,0.3169965,0.0
1590,GILGFVFTL,positive,5,0.99089056,1.0
2477,GILGFVFTL,swapped_1704,5,0.105293654,0.0
1060,GILGFVFTL,10x,5,0.19027908,0.0
5215,MLDLQPETT,10x,5,0.4163023,0.0
65,NLVPMVATV,positive,5,0.4092409,1.0
6153,GILGFVFTL,10x,5,0.13367473,0.0
4364,GILGFVFTL,positive,5,0.9997018,1.0
132,FLYALALLL,positive,5,0.25700256,1.0
2464,GLCTLVAML,swapped_1778,5,0.006542314,0.0
1198,LLFGYPVYV,swapped_191,5,0.28328753,0.0
690,SLFNTVATL,10x,5,0.051941536,0.0
6166,GILGFVFTL,10x,5,0.38667566,0.0
6788,LLFGYPVYV,swapped_6004,5,0.34899607,0.0
2239,GILGFVFTL,10x,5,0.14193828,0.0
5755,GLCTLVAML,positive,5,0.8485806,1.0
3150,GLCTLVAML,10x,5,0.018937066,0.0
4561,GILGFVFTL,10x,5,0.20495662,0.0
5197,GILGFVFTL,10x,5,0.104357995,0.0
1979,GILGFVFTL,10x,5,0.19706862,0.0
480,GILGFVFTL,10x,5,0.1696382,0.0
1204,GILGFVFTL,swapped_190,5,0.12998027,0.0
21,GILGFVFTL,positive,5,0.9987882,1.0
42,GILGFVFTL,positive,5,0.9996394,1.0
5825,GILGFVFTL,positive,5,0.9992798,1.0
6146,NLVPMVATV,10x,5,0.43257654,0.0
5481,GLCTLVAML,swapped_4485,5,0.84615123,0.0
1020,GILGFVFTL,10x,5,0.25496143,0.0
45,GILGFVFTL,positive,5,0.9987451,1.0
320,GILGFVFTL,positive,5,0.9986563,1.0
1946,GLCTLVAML,10x,5,0.7342671,0.0
3447,GILGFVFTL,10x,5,0.3092187,0.0
5860,GILGFVFTL,positive,5,0.9915611,1.0
1147,GILGFVFTL,swapped_22,5,0.19752839,0.0
1389,GILGFVFTL,swapped_18,5,0.14368054,0.0
1465,GLCTLVAML,swapped_35,5,0.3691557,0.0
3796,GILGFVFTL,10x,5,0.100485854,0.0
2524,GILGFVFTL,swapped_1723,5,0.28645104,0.0
4471,NLVPMVATV,positive,5,0.6667584,1.0
6160,GILGFVFTL,10x,5,0.21515219,0.0
4115,NLVPMVATV,swapped_2827,5,0.40915206,0.0
6004,GILGFVFTL,positive,5,0.2761658,1.0
2888,GILGFVFTL,positive,5,0.6720184,1.0
671,GILGFVFTL,10x,5,0.37567514,0.0
2162,GILGFVFTL,10x,5,0.8414502,0.0
4886,GILGFVFTL,10x,5,0.35976404,0.0
1001,GILGFVFTL,10x,5,0.12623318,0.0
1176,RTLNAWVKV,swapped_242,5,0.0480946,0.0
5707,GILGFVFTL,positive,5,0.9991998,1.0
2974,GILGFVFTL,positive,5,0.17787091,1.0
854,GLCTLVAML,10x,5,0.5502605,0.0
4887,GILGFVFTL,10x,5,0.09242545,0.0
1992,GILGFVFTL,10x,5,0.28383017,0.0
4445,GILGFVFTL,positive,5,0.5455842,1.0
1498,NLVPMVATV,swapped_60,5,0.013865324,0.0
3538,GILGFVFTL,10x,5,0.121836066,0.0
6336,GLCTLVAML,10x,5,0.42083216,0.0
2051,NLVPMVATV,10x,5,0.56247014,0.0
1311,NLVPMVATV,swapped_119,5,0.011117499,0.0
4862,GLCTLVAML,10x,5,0.15939195,0.0
3100,GILGFVFTL,10x,5,0.116801344,0.0
247,GILGFVFTL,positive,5,0.9993932,1.0
5441,FLYALALLL,swapped_4424,5,0.009361244,0.0
1944,GILGFVFTL,10x,5,0.25203362,0.0
4522,GILGFVFTL,positive,5,0.99818915,1.0
1131,GILGFVFTL,10x,5,0.22665367,0.0
5411,GILGFVFTL,swapped_4174,5,0.3807006,0.0
3419,GILGFVFTL,10x,5,0.15283905,0.0
4040,GLCTLVAML,swapped_2794,5,0.04426586,0.0
257,GILGFVFTL,positive,5,0.90615106,1.0
155,GILGFVFTL,positive,5,0.99932075,1.0
5871,GILGFVFTL,positive,5,0.9996269,1.0
89,GILGFVFTL,positive,5,0.9619363,1.0
3055,GILGFVFTL,positive,5,0.9989341,1.0
4849,GILGFVFTL,10x,5,0.3183655,0.0
3642,GILGFVFTL,10x,5,0.16307127,0.0
3240,GILGFVFTL,10x,5,0.15789033,0.0
1091,GILGFVFTL,10x,5,0.3998214,0.0
518,NLVPMVATV,10x,5,0.31401205,0.0
2807,GILGFVFTL,positive,5,0.12670451,1.0
1298,KVLEYVIKV,swapped_268,5,0.41232032,0.0
3098,GILGFVFTL,10x,5,0.31613293,0.0
3440,GILGFVFTL,10x,5,0.19864678,0.0
4056,RMFPNAPYL,swapped_2853,5,0.008488461,0.0
3233,FLYALALLL,10x,5,0.5787393,0.0
4292,GILGFVFTL,positive,5,0.98651344,1.0
5606,GILGFVFTL,swapped_4471,5,0.24214421,0.0
1233,GLCTLVAML,swapped_86,5,0.0062791905,0.0
1364,GLCTLVAML,swapped_111,5,0.006148532,0.0
6037,GILGFVFTL,10x,5,0.86027724,0.0
5637,NLVPMVATV,swapped_4274,5,0.49911335,0.0
4869,GILGFVFTL,10x,5,0.32828474,0.0
3985,KTWGQYWQV,swapped_2945,5,0.43665117,0.0
4464,NLVPMVATV,positive,5,0.6985708,1.0
5176,GILGFVFTL,10x,5,0.112949155,0.0
3255,GILGFVFTL,10x,5,0.30086178,0.0
3598,GILGFVFTL,10x,5,0.17319213,0.0
1349,RTLNAWVKV,swapped_121,5,0.40290517,0.0
6770,NLVPMVATV,swapped_5932,5,0.34402347,0.0
6510,GLCTLVAML,10x,5,0.0062087346,0.0
5109,NLVPMVATV,10x,5,0.52479064,0.0
4219,GILGFVFTL,positive,5,0.9763841,1.0
5026,GILGFVFTL,10x,5,0.29671088,0.0
2492,KTWGQYWQV,swapped_1709,5,0.041862536,0.0
4029,FLYALALLL,swapped_3022,5,0.51130986,0.0
4381,GILGFVFTL,positive,5,0.9994848,1.0
2588,GILGFVFTL,swapped_1739,5,0.1983725,0.0
4295,GILGFVFTL,positive,5,0.9994388,1.0
5389,NLVPMVATV,swapped_4222,5,0.006293155,0.0
2943,GILGFVFTL,positive,5,0.9994752,1.0
6443,GILGFVFTL,10x,5,0.09280988,0.0
3941,GLCTLVAML,swapped_2789,5,0.008438738,0.0
849,GILGFVFTL,10x,5,0.08570326,0.0
2282,GLCTLVAML,10x,5,0.4683812,0.0
3705,FLYALALLL,10x,5,0.2857748,0.0
3172,FLYALALLL,10x,5,0.7785559,0.0
3692,GILGFVFTL,10x,5,0.13306803,0.0
2508,MLDLQPETT,swapped_1596,5,0.43893683,0.0
6339,GILGFVFTL,10x,5,0.082423314,0.0
3606,GILGFVFTL,10x,5,0.10902761,0.0
3560,GILGFVFTL,10x,5,0.44299918,0.0
3603,GILGFVFTL,10x,5,0.11369887,0.0
5146,GILGFVFTL,10x,5,0.08826934,0.0
1514,LLFGYPVYV,swapped_229,5,0.041286953,0.0
1242,RTLNAWVKV,swapped_89,5,0.47886944,0.0
3241,GILGFVFTL,10x,5,0.23669791,0.0
684,GLCTLVAML,10x,5,0.096858226,0.0
4906,GILGFVFTL,10x,5,0.096886136,0.0
6247,GILGFVFTL,10x,5,0.3802025,0.0
18,GLCTLVAML,positive,5,0.91588956,1.0
4354,GILGFVFTL,positive,5,0.9982496,1.0
801,GILGFVFTL,10x,5,0.26523635,0.0
2446,GILGFVFTL,swapped_1552,5,0.07776988,0.0
5401,NLVPMVATV,swapped_4413,5,0.006461971,0.0
3200,GILGFVFTL,10x,5,0.2057173,0.0
3971,GLCTLVAML,swapped_2831,5,0.0065392894,0.0
3701,GILGFVFTL,10x,5,0.2718669,0.0
4214,GILGFVFTL,positive,5,0.9994661,1.0
339,GLCTLVAML,positive,5,0.924462,1.0
4716,GLCTLVAML,10x,5,0.41043916,0.0
2159,GILGFVFTL,10x,5,0.10517122,0.0
5902,GILGFVFTL,positive,5,0.998487,1.0
2711,GILGFVFTL,positive,5,0.9955011,1.0
6592,GILGFVFTL,10x,5,0.15275925,0.0
1693,GILGFVFTL,positive,5,0.99957365,1.0
2459,GLCTLVAML,swapped_1790,5,0.90077174,0.0
2155,GILGFVFTL,10x,5,0.081561826,0.0
1243,RTLNAWVKV,swapped_320,5,0.024018016,0.0
3657,GILGFVFTL,10x,5,0.2892672,0.0
2884,GILGFVFTL,positive,5,0.98547715,1.0
6611,FLYALALLL,swapped_5974,5,0.11873706,0.0
2860,GILGFVFTL,positive,5,0.998939,1.0
6808,NLVPMVATV,swapped_5945,5,0.21243574,0.0
4240,GILGFVFTL,positive,5,0.99901927,1.0
3140,GLCTLVAML,10x,5,0.20581321,0.0
3155,GILGFVFTL,10x,5,0.23005721,0.0
669,GILGFVFTL,10x,5,0.18283355,0.0
4646,GILGFVFTL,10x,5,0.18209223,0.0
5906,GILGFVFTL,positive,5,0.99601525,1.0
634,GILGFVFTL,10x,5,0.18175481,0.0
4824,GILGFVFTL,10x,5,0.22965233,0.0
3219,GILGFVFTL,10x,5,0.6728264,0.0
4257,GILGFVFTL,positive,5,0.98950386,1.0
4760,GILGFVFTL,10x,5,0.22365957,0.0
1390,GILGFVFTL,swapped_273,5,0.078321524,0.0
5624,GLCTLVAML,swapped_4290,5,0.18458948,0.0
400,GILGFVFTL,10x,5,0.2487574,0.0
2372,LLFGYPVYV,10x,5,0.4659585,0.0
3920,NLVPMVATV,swapped_3056,5,0.017446449,0.0
2309,GILGFVFTL,10x,5,0.3448361,0.0
217,GILGFVFTL,positive,5,0.9592858,1.0
514,GILGFVFTL,10x,5,0.37138906,0.0
825,GILGFVFTL,10x,5,0.12359186,0.0
2296,GLCTLVAML,10x,5,0.13719764,0.0
3192,GILGFVFTL,10x,5,0.12587543,0.0
704,GLCTLVAML,10x,5,0.46531522,0.0
3783,GILGFVFTL,10x,5,0.14137937,0.0
22,FLYALALLL,positive,5,0.9074422,1.0
1999,GILGFVFTL,10x,5,0.145922,0.0
4186,GILGFVFTL,positive,5,0.31486416,1.0
2001,NLVPMVATV,10x,5,0.49180657,0.0
3195,GILGFVFTL,10x,5,0.23215903,0.0
2189,GILGFVFTL,10x,5,0.4930561,0.0
2901,GILGFVFTL,positive,5,0.345985,1.0
5776,GLCTLVAML,positive,5,0.63607204,1.0
1225,LLFGYPVYV,swapped_41,5,0.028964251,0.0
5965,GILGFVFTL,positive,5,0.9997763,1.0
196,GILGFVFTL,positive,5,0.97337973,1.0
6771,GILGFVFTL,swapped_5876,5,0.08937339,0.0
2511,GLCTLVAML,swapped_1672,5,0.014010758,0.0
5630,GLCTLVAML,swapped_4215,5,0.006496691,0.0
1690,GLCTLVAML,positive,5,0.55999696,1.0
4753,GILGFVFTL,10x,5,0.14995256,0.0
6120,GLCTLVAML,10x,5,0.24971797,0.0
119,GILGFVFTL,positive,5,0.9992142,1.0
4566,GILGFVFTL,10x,5,0.14797367,0.0
2591,LLFGYPVYV,swapped_1564,5,0.7873827,0.0
807,GILGFVFTL,10x,5,0.14559864,0.0
3576,GILGFVFTL,10x,5,0.17131758,0.0
4431,NLVPMVATV,positive,5,0.2389657,1.0
3813,GILGFVFTL,swapped_2730,5,0.3611132,0.0
6131,SLLMWITQV,10x,5,0.47266462,0.0
5314,RTLNAWVKV,10x,5,0.39238346,0.0
4606,GILGFVFTL,10x,5,0.19672956,0.0
6345,GLCTLVAML,10x,5,0.26236773,0.0
1963,GLCTLVAML,10x,5,0.31816632,0.0
3104,RTLNAWVKV,10x,5,0.29858485,0.0
3261,GILGFVFTL,10x,5,0.27456594,0.0
5597,GILGFVFTL,swapped_4464,5,0.3175029,0.0
6575,GILGFVFTL,10x,5,0.17468175,0.0
1552,GLCTLVAML,positive,5,0.7784637,1.0
5536,GILGFVFTL,swapped_4367,5,0.2374414,0.0
3653,GILGFVFTL,10x,5,0.15281363,0.0
369,GILGFVFTL,positive,5,0.9990908,1.0
287,GILGFVFTL,positive,5,0.99906296,1.0
5680,GLCTLVAML,swapped_4522,5,0.006110001,0.0
4787,GILGFVFTL,10x,5,0.11354695,0.0
2026,GILGFVFTL,10x,5,0.14713494,0.0
6853,GLCTLVAML,swapped_5906,5,0.00810923,0.0
4818,NLVPMVATV,10x,5,0.40711975,0.0
4535,GLCTLVAML,positive,5,0.9253361,1.0
4223,NLVPMVATV,positive,5,0.48231068,1.0
757,GLCTLVAML,10x,5,0.64495945,0.0
6445,GILGFVFTL,10x,5,0.24040422,0.0
241,GILGFVFTL,positive,5,0.99919444,1.0
709,GILGFVFTL,10x,5,0.185075,0.0
4891,GILGFVFTL,10x,5,0.28210777,0.0
855,GILGFVFTL,10x,5,0.5837994,0.0
1205,GLCTLVAML,swapped_369,5,0.0067028883,0.0
4839,NLVPMVATV,10x,5,0.16133332,0.0
6305,GILGFVFTL,10x,5,0.17172445,0.0
1118,GILGFVFTL,10x,5,0.16973619,0.0
133,GILGFVFTL,positive,5,0.9967648,1.0
6431,GILGFVFTL,10x,5,0.15224902,0.0
5466,GLCTLVAML,swapped_4435,5,0.26436692,0.0
3347,GILGFVFTL,10x,5,0.15949431,0.0
3674,GILGFVFTL,10x,5,0.28205118,0.0
3665,GILGFVFTL,10x,5,0.24774289,0.0
2790,GILGFVFTL,positive,5,0.993525,1.0
4911,LLFGYPVYV,10x,5,0.49189904,0.0
1393,KLQCVDLHV,swapped_349,5,0.54607356,0.0
5096,NLVPMVATV,10x,5,0.11564249,0.0
933,GILGFVFTL,10x,5,0.15595986,0.0
3581,NLVPMVATV,10x,5,0.3567917,0.0
2866,GILGFVFTL,positive,5,0.100186445,1.0
4754,GLCTLVAML,10x,5,0.022477578,0.0
3756,GILGFVFTL,10x,5,0.8308458,0.0
1825,GLCTLVAML,10x,5,0.36114687,0.0
504,GILGFVFTL,10x,5,0.19331364,0.0
6904,GILGFVFTL,swapped_5737,5,0.113515854,0.0
1164,GLCTLVAML,swapped_42,5,0.006321804,0.0
2799,GILGFVFTL,positive,5,0.97472644,1.0
1600,GILGFVFTL,positive,5,0.08945359,1.0
1510,YLLEMLWRL,swapped_137,5,0.47051835,0.0
2827,GILGFVFTL,positive,5,0.2914203,1.0
1802,GILGFVFTL,positive,5,0.9990671,1.0
1171,GLCTLVAML,swapped_348,5,0.6042424,0.0
4252,GILGFVFTL,positive,5,0.9027137,1.0
6127,GILGFVFTL,10x,5,0.18706015,0.0
556,GILGFVFTL,10x,5,0.3104351,0.0
1069,GILGFVFTL,10x,5,0.38402888,0.0
1381,NLVPMVATV,swapped_289,5,0.00662442,0.0
2999,GILGFVFTL,positive,5,0.999619,1.0
1960,GILGFVFTL,10x,5,0.14656527,0.0
2876,MLDLQPETT,positive,5,0.3048869,1.0
3918,GLCTLVAML,swapped_2790,5,0.03109324,0.0
6479,GILGFVFTL,10x,5,0.1631434,0.0
6518,GILGFVFTL,10x,5,0.13870195,0.0
3067,GILGFVFTL,10x,5,0.079968944,0.0
151,GILGFVFTL,positive,5,0.9956044,1.0
1759,FLYALALLL,positive,5,0.71514004,1.0
2525,RMFPNAPYL,swapped_1595,5,0.56768394,0.0
4215,GILGFVFTL,positive,5,0.99986565,1.0
5367,NLVPMVATV,swapped_4390,5,0.027869139,0.0
5529,RTLNAWVKV,swapped_4321,5,0.016628081,0.0
3410,GLCTLVAML,10x,5,0.30748126,0.0
2443,SLLMWITQV,swapped_1700,5,0.21479176,0.0
4139,GILGFVFTL,swapped_3041,5,0.20592931,0.0
1469,GLCTLVAML,swapped_290,5,0.006660559,0.0
795,GLCTLVAML,10x,5,0.44892362,0.0
312,GILGFVFTL,positive,5,0.99919647,1.0
166,GLCTLVAML,positive,5,0.6388899,1.0
2831,GILGFVFTL,positive,5,0.99907565,1.0
2072,NLVPMVATV,10x,5,0.554425,0.0
1627,GILGFVFTL,positive,5,0.9992816,1.0
1790,NLVPMVATV,positive,5,0.72456855,1.0
4870,GILGFVFTL,10x,5,0.07896444,0.0
4311,GILGFVFTL,positive,5,0.1336731,1.0
38,GILGFVFTL,positive,5,0.13050771,1.0
593,FLYALALLL,10x,5,0.4671225,0.0
2094,GLCTLVAML,10x,5,0.46342796,0.0
2691,NLVPMVATV,swapped_1600,5,0.41827852,0.0
379,GILGFVFTL,positive,5,0.9925608,1.0
5979,GILGFVFTL,positive,5,0.9993149,1.0
4962,GILGFVFTL,10x,5,0.24854976,0.0
3542,GILGFVFTL,10x,5,0.26465824,0.0
2613,LLFGYPVYV,swapped_1679,5,0.15801348,0.0
6265,GLCTLVAML,10x,5,0.09228492,0.0
1258,NLVPMVATV,swapped_92,5,0.024893645,0.0
3096,GILGFVFTL,10x,5,0.3858083,0.0
3116,GILGFVFTL,10x,5,0.37043187,0.0
1455,GLCTLVAML,swapped_58,5,0.57349735,0.0
1041,GLCTLVAML,10x,5,0.031080311,0.0
3648,GILGFVFTL,10x,5,0.24725556,0.0
6437,GILGFVFTL,10x,5,0.5594176,0.0
4451,IMDQVPFSV,positive,5,0.45603278,1.0
4228,GILGFVFTL,positive,5,0.13369857,1.0
5452,NLVPMVATV,swapped_4219,5,0.10530955,0.0
6104,GILGFVFTL,10x,5,0.9986029,0.0
934,GILGFVFTL,10x,5,0.18650353,0.0
1629,GILGFVFTL,positive,5,0.9959313,1.0
2979,GILGFVFTL,positive,5,0.99904305,1.0
6338,GILGFVFTL,10x,5,0.2791047,0.0
443,KTWGQYWQV,10x,5,0.40885344,0.0
3287,GILGFVFTL,10x,5,0.19491957,0.0
2789,GILGFVFTL,positive,5,0.9929913,1.0
3181,GILGFVFTL,10x,5,0.16186382,0.0
6700,GLCTLVAML,swapped_5965,5,0.0063235355,0.0
627,GLCTLVAML,10x,5,0.12194837,0.0
4634,GILGFVFTL,10x,5,0.19846722,0.0
3351,NLVPMVATV,10x,5,0.56066376,0.0
6534,GILGFVFTL,10x,5,0.10945807,0.0
5870,GILGFVFTL,positive,5,0.99934965,1.0
4991,GILGFVFTL,10x,5,0.100980565,0.0
2024,GILGFVFTL,10x,5,0.41694316,0.0
3829,LLFGYPVYV,swapped_3051,5,0.017738609,0.0
2348,GILGFVFTL,10x,5,0.20254163,0.0
344,GLCTLVAML,positive,5,0.9203236,1.0
5294,GILGFVFTL,10x,5,0.28936926,0.0
1926,KTWGQYWQV,10x,5,0.46973866,0.0
3481,GILGFVFTL,10x,5,0.08249017,0.0
2066,GILGFVFTL,10x,5,0.5175266,0.0
4771,GILGFVFTL,10x,5,0.10988544,0.0
2683,FLYALALLL,swapped_1693,5,0.006477459,0.0
576,GILGFVFTL,10x,5,0.120068505,0.0
1777,NLVPMVATV,positive,5,0.5742608,1.0
3493,GLCTLVAML,10x,5,0.09015606,0.0
3954,GLCTLVAML,swapped_2851,5,0.12313012,0.0
1399,GLCTLVAML,swapped_151,5,0.006150132,0.0
1672,GILGFVFTL,positive,5,0.8501951,1.0
1446,KVAELVHFL,swapped_318,5,0.00861111,0.0
1742,GILGFVFTL,positive,5,0.99921834,1.0
3271,GILGFVFTL,10x,5,0.21061511,0.0
696,GLCTLVAML,10x,5,0.43200335,0.0
883,GILGFVFTL,10x,5,0.29339358,0.0
1006,GILGFVFTL,10x,5,0.12570159,0.0
3999,GILGFVFTL,swapped_2869,5,0.20343867,0.0
3019,GILGFVFTL,positive,5,0.9991048,1.0
6812,GLCTLVAML,swapped_5748,5,0.0083255125,0.0
2944,NLVPMVATV,positive,5,0.5838175,1.0
5932,GILGFVFTL,positive,5,0.9906226,1.0
33,GLCTLVAML,positive,5,0.92303544,1.0
3743,GILGFVFTL,10x,5,0.09509615,0.0
3186,NLVPMVATV,10x,5,0.41521794,0.0
6177,GILGFVFTL,10x,5,0.14398189,0.0
6571,GILGFVFTL,10x,5,0.1739648,0.0
137,NLVPMVATV,positive,5,0.5543968,1.0
918,GILGFVFTL,10x,5,0.085390374,0.0
5696,NLVPMVATV,swapped_4228,5,0.43577337,0.0
4737,GILGFVFTL,10x,5,0.19760498,0.0
4587,GILGFVFTL,10x,5,0.2890657,0.0
1873,MLDLQPETT,10x,5,0.26859832,0.0
6632,NLVPMVATV,swapped_5795,5,0.00731345,0.0
6303,GILGFVFTL,10x,5,0.21525753,0.0
6016,GILGFVFTL,10x,5,0.27754387,0.0
1157,GILGFVFTL,swapped_210,5,0.16832668,0.0
5217,GILGFVFTL,10x,5,0.39359266,0.0
273,NLVPMVATV,positive,5,0.68332285,1.0
2533,GILGFVFTL,swapped_1689,5,0.3005794,0.0
4670,GILGFVFTL,10x,5,0.59951776,0.0
2160,FLYALALLL,10x,5,0.24734527,0.0
3626,RMFPNAPYL,10x,5,0.571697,0.0
2962,GILGFVFTL,positive,5,0.9990277,1.0
685,GILGFVFTL,10x,5,0.19613409,0.0
6696,GLCTLVAML,swapped_5707,5,0.006596596,0.0
1403,GLCTLVAML,swapped_235,5,0.006118256,0.0
4521,GILGFVFTL,positive,5,0.9985821,1.0
3041,GLCTLVAML,positive,5,0.90260124,1.0
5080,GILGFVFTL,10x,5,0.11974603,0.0
6056,GLCTLVAML,10x,5,0.278353,0.0
6237,GLCTLVAML,10x,5,0.37849846,0.0
1736,NLVPMVATV,positive,5,0.9191165,1.0
3698,GILGFVFTL,10x,5,0.12238352,0.0
5717,GILGFVFTL,positive,5,0.9994185,1.0
3286,NLVPMVATV,10x,5,0.25948614,0.0
1990,GILGFVFTL,10x,5,0.10507944,0.0
667,LLFGYPVYV,10x,5,0.5941129,0.0
3339,GILGFVFTL,10x,5,0.20656894,0.0
1250,GLCTLVAML,swapped_312,5,0.0060643815,0.0
4919,GILGFVFTL,10x,5,0.25040552,0.0
1137,GLCTLVAML,10x,5,0.006076716,0.0
5660,GILGFVFTL,swapped_4535,5,0.2778969,0.0
6762,KTWGQYWQV,swapped_5868,5,0.38811338,0.0
1135,GLCTLVAML,10x,5,0.1796005,0.0
1153,NLVPMVATV,swapped_133,5,0.09260621,0.0
1919,GILGFVFTL,10x,5,0.13821247,0.0
1727,GILGFVFTL,positive,5,0.9987405,1.0
4830,GLCTLVAML,10x,5,0.35479665,0.0
6124,GILGFVFTL,10x,5,0.12662207,0.0
2509,GILGFVFTL,swapped_1736,5,0.17620715,0.0
1474,NLVPMVATV,swapped_21,5,0.011405896,0.0
3884,NLVPMVATV,swapped_2992,5,0.0206739,0.0
3225,GILGFVFTL,10x,5,0.15837522,0.0
3770,GILGFVFTL,10x,5,0.14617273,0.0
3115,NLVPMVATV,10x,5,0.20056973,0.0
3383,GILGFVFTL,10x,5,0.26228756,0.0
3901,MLDLQPETT,swapped_2832,5,0.009892327,0.0
2009,GILGFVFTL,10x,5,0.14728943,0.0
1272,GLCTLVAML,swapped_309,5,0.0064475676,0.0
6360,GILGFVFTL,10x,5,0.41706547,0.0
2923,GILGFVFTL,positive,5,0.20401184,1.0
3594,GILGFVFTL,10x,5,0.10955143,0.0
5241,GILGFVFTL,10x,5,0.2446702,0.0
3444,GILGFVFTL,10x,5,0.077934854,0.0
2853,GILGFVFTL,positive,5,0.9989845,1.0
19,GILGFVFTL,positive,5,0.99082667,1.0
5816,NLVPMVATV,positive,5,0.6948291,1.0
4599,GLCTLVAML,10x,5,0.85457313,0.0
3486,GILGFVFTL,10x,5,0.08982376,0.0
1788,GILGFVFTL,positive,5,0.9941402,1.0
3973,LLFGYPVYV,swapped_2792,5,0.01564967,0.0
3911,GLCTLVAML,swapped_2979,5,0.006332449,0.0
454,GILGFVFTL,10x,5,0.58651865,0.0
5875,GILGFVFTL,positive,5,0.99706894,1.0
5337,FLYALALLL,swapped_4201,5,0.68377715,0.0
4509,GILGFVFTL,positive,5,0.3438435,1.0
2701,GILGFVFTL,positive,5,0.99921894,1.0
2852,GLCTLVAML,positive,5,0.92241174,1.0
5878,LLFGYPVYV,positive,5,0.5647369,1.0
308,GILGFVFTL,positive,5,0.97526675,1.0
1188,RTLNAWVKV,swapped_308,5,0.295375,0.0
6874,GILGFVFTL,swapped_5970,5,0.097194575,0.0
2676,GILGFVFTL,swapped_1737,5,0.2528523,0.0
3152,NLVPMVATV,10x,5,0.32023928,0.0
5520,MLDLQPETT,swapped_4243,5,0.009388128,0.0
4555,GILGFVFTL,positive,5,0.48998237,1.0
551,GILGFVFTL,10x,5,0.5583305,0.0
5677,GLCTLVAML,swapped_4354,5,0.006229027,0.0
3303,GILGFVFTL,10x,5,0.14716797,0.0
6392,GILGFVFTL,10x,5,0.1705926,0.0
2529,GLCTLVAML,swapped_1773,5,0.181671,0.0
741,GILGFVFTL,10x,5,0.09955525,0.0
365,GILGFVFTL,positive,5,0.99351066,1.0
3914,GLCTLVAML,swapped_2882,5,0.006434526,0.0
3368,LLFGYPVYV,10x,5,0.5901198,0.0
601,GILGFVFTL,10x,5,0.14715156,0.0
499,GILGFVFTL,10x,5,0.21735664,0.0
354,GILGFVFTL,positive,5,0.99911195,1.0
3215,GILGFVFTL,10x,5,0.17289162,0.0
4960,RTLNAWVKV,10x,5,0.49265325,0.0
5525,GLCTLVAML,swapped_4316,5,0.17174834,0.0
6244,GILGFVFTL,10x,5,0.08606343,0.0
6790,KTWGQYWQV,swapped_5792,5,0.54725987,0.0
2804,FLYALALLL,positive,5,0.6886932,1.0
3798,GILGFVFTL,10x,5,0.096284956,0.0
3922,NLVPMVATV,swapped_2938,5,0.0120705655,0.0
3826,GLCTLVAML,swapped_2701,5,0.0061699217,0.0
539,GILGFVFTL,10x,5,0.44268933,0.0
4795,NLVPMVATV,10x,5,0.5222841,0.0
5430,NLVPMVATV,swapped_4356,5,0.006790298,0.0
6236,NLVPMVATV,10x,5,0.48646396,0.0
1099,GILGFVFTL,10x,5,0.24376713,0.0
1922,GILGFVFTL,10x,5,0.39953378,0.0
227,GILGFVFTL,positive,5,0.27395657,1.0
3294,GILGFVFTL,10x,5,0.10639796,0.0
3280,NLVPMVATV,10x,5,0.48941275,0.0
2897,GLCTLVAML,positive,5,0.19136208,1.0
3252,GLCTLVAML,10x,5,0.20243828,0.0
4435,GILGFVFTL,positive,5,0.33655518,1.0
2432,GILGFVFTL,swapped_1714,5,0.10213234,0.0
2255,GILGFVFTL,10x,5,0.12276309,0.0
2070,GILGFVFTL,10x,5,0.2881728,0.0
6847,GILGFVFTL,swapped_5816,5,0.42897502,0.0
6865,GILGFVFTL,swapped_5776,5,0.14900318,0.0
272,GILGFVFTL,positive,5,0.74826264,1.0
6423,NLVPMVATV,10x,5,0.5616626,0.0
1215,NLVPMVATV,swapped_257,5,0.41912353,0.0
3122,GILGFVFTL,10x,5,0.45889235,0.0
1872,GILGFVFTL,10x,5,0.1906445,0.0
1144,GLCTLVAML,swapped_249,5,0.0060517145,0.0
34,GILGFVFTL,positive,5,0.9992118,1.0
736,GILGFVFTL,10x,5,0.121960714,0.0
1689,NLVPMVATV,positive,5,0.55010283,1.0
4236,GLCTLVAML,positive,5,0.1722533,1.0
5935,GILGFVFTL,positive,5,0.98203045,1.0
6796,GILGFVFTL,swapped_5989,5,0.20545436,0.0
6152,GILGFVFTL,10x,5,0.13279985,0.0
5182,GILGFVFTL,10x,5,0.10908751,0.0
121,GILGFVFTL,positive,5,0.76656884,1.0
145,GILGFVFTL,positive,5,0.65704787,1.0
975,GILGFVFTL,10x,5,0.12447699,0.0
1318,GLCTLVAML,swapped_24,5,0.018243514,0.0
1431,FLYALALLL,swapped_362,5,0.11870273,0.0
6844,SLFNTVATL,swapped_5870,5,0.0065195155,0.0
5208,GILGFVFTL,10x,5,0.3126811,0.0
3522,GILGFVFTL,10x,5,0.124658525,0.0
6100,GILGFVFTL,10x,5,0.09972621,0.0
3856,NLVPMVATV,swapped_2725,5,0.009040557,0.0
1220,NLVPMVATV,swapped_196,5,0.20838296,0.0
6036,FLYALALLL,10x,5,0.56475973,0.0
4898,GILGFVFTL,10x,5,0.18809304,0.0
471,GILGFVFTL,10x,5,0.09939114,0.0
949,GILGFVFTL,10x,5,0.10707573,0.0
4515,GILGFVFTL,positive,5,0.9996762,1.0
3775,GILGFVFTL,10x,5,0.42958593,0.0
2107,GILGFVFTL,10x,5,0.083034225,0.0
1503,FLYALALLL,swapped_33,5,0.9215982,0.0
3333,FLYALALLL,10x,5,0.10676601,0.0
1554,GILGFVFTL,positive,5,0.96613187,1.0
6889,YLLEMLWRL,swapped_5969,5,0.24234205,0.0
3028,GILGFVFTL,positive,5,0.95678526,1.0
2761,GILGFVFTL,positive,5,0.99963796,1.0
4328,GILGFVFTL,positive,5,0.917601,1.0
3685,GILGFVFTL,10x,5,0.46292928,0.0
564,GILGFVFTL,10x,5,0.13567057,0.0
6594,GLCTLVAML,10x,5,0.61447746,0.0
1949,GILGFVFTL,10x,5,0.24918705,0.0
2846,GILGFVFTL,positive,5,0.9996451,1.0
437,GILGFVFTL,10x,5,0.3826922,0.0
317,GILGFVFTL,positive,5,0.9991579,1.0
3624,IMDQVPFSV,10x,5,0.4581937,0.0
3118,GLCTLVAML,10x,5,0.4669165,0.0
4749,GILGFVFTL,10x,5,0.11311102,0.0
1310,FLYALALLL,swapped_283,5,0.010084592,0.0
3051,GILGFVFTL,positive,5,0.99951816,1.0
5737,GLCTLVAML,positive,5,0.9222282,1.0
4185,GILGFVFTL,positive,5,0.9993337,1.0
3641,GILGFVFTL,10x,5,0.11326719,0.0
3068,GILGFVFTL,10x,5,0.18204112,0.0
3706,GILGFVFTL,10x,5,0.19725269,0.0
111,GILGFVFTL,positive,5,0.9996538,1.0
5061,NLVPMVATV,10x,5,0.275228,0.0
4205,GILGFVFTL,positive,5,0.9009017,1.0
5231,GLCTLVAML,10x,5,0.7812424,0.0
3400,SLLMWITQV,10x,5,0.47809112,0.0
1800,GILGFVFTL,positive,5,0.9905703,1.0
6183,GLCTLVAML,10x,5,0.055915322,0.0
1838,NLVPMVATV,10x,5,0.6402698,0.0
1776,GILGFVFTL,positive,5,0.34619033,1.0
926,GILGFVFTL,10x,5,0.17820007,0.0
3732,GILGFVFTL,10x,5,0.09788565,0.0
256,GILGFVFTL,positive,5,0.99925035,1.0
664,GILGFVFTL,10x,5,0.350653,0.0
249,GILGFVFTL,positive,5,0.9993505,1.0
6243,GILGFVFTL,10x,5,0.2752282,0.0
645,YLLEMLWRL,10x,5,0.34236526,0.0
5029,NLVPMVATV,10x,5,0.31808436,0.0
2173,GILGFVFTL,10x,5,0.27398536,0.0
4004,IMDQVPFSV,swapped_3031,5,0.026035681,0.0
5306,GILGFVFTL,10x,5,0.32651976,0.0
4350,GILGFVFTL,positive,5,0.99981207,1.0
4396,NLVPMVATV,positive,5,0.18955582,1.0
1675,FLYALALLL,positive,5,0.84029424,1.0
2577,NLVPMVATV,swapped_1802,5,0.011948471,0.0
3135,GILGFVFTL,10x,5,0.734989,0.0
5132,GILGFVFTL,10x,5,0.17969888,0.0
6156,GILGFVFTL,10x,5,0.15792802,0.0
3523,GILGFVFTL,10x,5,0.08292167,0.0
675,GILGFVFTL,10x,5,0.23092611,0.0
2693,GILGFVFTL,swapped_1759,5,0.21981804,0.0
6425,GLCTLVAML,10x,5,0.02699567,0.0
6563,NLVPMVATV,10x,5,0.36850512,0.0
1253,FLYALALLL,swapped_247,5,0.006299566,0.0
2662,YLLEMLWRL,swapped_1554,5,0.05451125,0.0
6320,GILGFVFTL,10x,5,0.21435687,0.0
86,GILGFVFTL,positive,5,0.9995054,1.0
1686,FLYALALLL,positive,5,0.3788009,1.0
1313,GLCTLVAML,swapped_352,5,0.012422177,0.0
3765,GILGFVFTL,10x,5,0.37878948,0.0
5513,GLCTLVAML,swapped_4292,5,0.03244934,0.0
6819,NLVPMVATV,swapped_5937,5,0.009786735,0.0
5347,GILGFVFTL,swapped_4236,5,0.18681817,0.0
1770,NLVPMVATV,positive,5,0.40762857,1.0
4121,NLVPMVATV,swapped_2763,5,0.009838502,0.0
1970,GILGFVFTL,10x,5,0.972575,0.0
6481,LLFGYPVYV,10x,5,0.5784199,0.0
4160,GILGFVFTL,swapped_2948,5,0.29731032,0.0
1564,NLVPMVATV,positive,5,0.9169988,1.0
167,GILGFVFTL,positive,5,0.27475175,1.0
4312,GILGFVFTL,positive,5,0.999236,1.0
1420,GILGFVFTL,swapped_171,5,0.30910152,0.0
469,RMFPNAPYL,10x,5,0.27757105,0.0
5974,GILGFVFTL,positive,5,0.9060012,1.0
1911,GILGFVFTL,10x,5,0.34546155,0.0
5032,GILGFVFTL,10x,5,0.23796132,0.0
1010,GILGFVFTL,10x,5,0.08805793,0.0
4976,GILGFVFTL,10x,5,0.21422853,0.0
6079,GILGFVFTL,10x,5,0.3124162,0.0
2788,GILGFVFTL,positive,5,0.9992718,1.0
6687,GILGFVFTL,swapped_5930,5,0.16883425,0.0
1148,NLVPMVATV,swapped_293,5,0.0073985867,0.0
5278,GILGFVFTL,10x,5,0.08568847,0.0
887,GLCTLVAML,10x,5,0.1379198,0.0
3151,GILGFVFTL,10x,5,0.12556772,0.0
869,GILGFVFTL,10x,5,0.11322056,0.0
2395,GILGFVFTL,10x,5,0.12545858,0.0
3326,GILGFVFTL,10x,5,0.16906404,0.0
2393,GILGFVFTL,10x,5,0.6306362,0.0
5598,SLLMWITQV,swapped_4214,5,0.012305752,0.0
3725,GILGFVFTL,10x,5,0.09020364,0.0
3921,NLVPMVATV,swapped_2977,5,0.007865506,0.0
1867,GILGFVFTL,10x,5,0.23293674,0.0
4721,GILGFVFTL,10x,5,0.3823858,0.0
5013,GILGFVFTL,10x,5,0.17081699,0.0
6178,NLVPMVATV,10x,5,0.6303394,0.0
6668,GLCTLVAML,swapped_5862,5,0.34687212,0.0
4083,GLCTLVAML,swapped_2859,5,0.10300218,0.0
6719,GILGFVFTL,swapped_5878,5,0.09516885,0.0
5071,NLVPMVATV,10x,5,0.47747308,0.0
4705,GILGFVFTL,10x,5,0.09426534,0.0
2674,NLVPMVATV,swapped_1788,5,0.02604682,0.0
4427,NLVPMVATV,positive,5,0.65474343,1.0
5862,GILGFVFTL,positive,5,0.20458527,1.0
6387,NLVPMVATV,10x,5,0.35002244,0.0
4031,FLYALALLL,swapped_2943,5,0.00655594,0.0
3893,NLVPMVATV,swapped_2933,5,0.36245745,0.0
3378,GILGFVFTL,10x,5,0.18350753,0.0
6429,SLFNTVATL,10x,5,0.31963685,0.0
1624,GILGFVFTL,positive,5,0.20287538,1.0
5312,GLCTLVAML,10x,5,0.43049935,0.0
4645,GLCTLVAML,10x,5,0.334444,0.0
5809,GILGFVFTL,positive,5,0.7205533,1.0
309,GILGFVFTL,positive,5,0.99903417,1.0
5186,LLFGYPVYV,10x,5,0.42325553,0.0
2110,LLFGYPVYV,10x,5,0.60461473,0.0
785,GLCTLVAML,10x,5,0.01643025,0.0
6709,GILGFVFTL,swapped_5755,5,0.0849152,0.0
