3901,MLDLQPETT,swapped_2832,5,2.5205318e-05,0.0
2349,GILGFVFTL,10x,5,0.769036,0.0
4131,KTWGQYWQV,swapped_2811,5,0.0018879889,0.0
1370,KVAELVHFL,swapped_323,5,0.58205014,0.0
3725,GILGFVFTL,10x,5,0.2737656,0.0
6534,GILGFVFTL,10x,5,0.27127331,0.0
6036,FLYALALLL,10x,5,0.56883687,0.0
2317,GILGFVFTL,10x,5,0.47557995,0.0
5989,GLCTLVAML,positive,5,0.031203764,1.0
3495,GLCTLVAML,10x,5,0.016342489,0.0
1689,NLVPMVATV,positive,5,0.53166044,1.0
1324,MLDLQPETT,swapped_379,5,0.006651394,0.0
4587,GILGFVFTL,10x,5,0.23484083,0.0
5233,GILGFVFTL,10x,5,0.40828675,0.0
5197,GILGFVFTL,10x,5,0.9865892,0.0
86,GILGFVFTL,positive,5,0.99712926,1.0
5469,NLVPMVATV,swapped_4350,5,0.00061161886,0.0
2159,GILGFVFTL,10x,5,0.54663265,0.0
6004,GILGFVFTL,positive,5,0.2752299,1.0
1891,GILGFVFTL,10x,5,0.6496728,0.0
2999,GILGFVFTL,positive,5,0.9920678,1.0
886,GILGFVFTL,10x,5,0.3367496,0.0
3884,NLVPMVATV,swapped_2992,5,0.019681893,0.0
1900,NLVPMVATV,10x,5,0.2729845,0.0
5229,GILGFVFTL,10x,5,0.7614848,0.0
234,FLYALALLL,positive,5,0.9778105,1.0
622,KTWGQYWQV,10x,5,0.68209815,0.0
1939,GILGFVFTL,10x,5,0.9219655,0.0
2897,GLCTLVAML,positive,5,0.92967707,1.0
1446,KVAELVHFL,swapped_318,5,0.01865302,0.0
6612,GLCTLVAML,swapped_5875,5,0.00015840676,0.0
4185,GILGFVFTL,positive,5,0.96359015,1.0
986,GILGFVFTL,10x,5,0.3191333,0.0
5276,GILGFVFTL,10x,5,0.42108738,0.0
471,GILGFVFTL,10x,5,0.84188914,0.0
645,YLLEMLWRL,10x,5,0.5011429,0.0
4932,GILGFVFTL,10x,5,0.6373079,0.0
272,GILGFVFTL,positive,5,0.34432024,1.0
801,GILGFVFTL,10x,5,0.38580742,0.0
3039,GILGFVFTL,positive,5,0.98464763,1.0
5664,GLCTLVAML,swapped_4546,5,1.4877482e-06,0.0
5696,NLVPMVATV,swapped_4228,5,0.5427453,0.0
4706,GILGFVFTL,10x,5,0.25566986,0.0
5640,NLVPMVATV,swapped_4273,5,0.00024364391,0.0
1348,NLVPMVATV,swapped_141,5,0.4985614,0.0
2060,GLCTLVAML,10x,5,0.08955253,0.0
4290,LLFGYPVYV,positive,5,0.6170134,1.0
2377,SLFNTVATL,10x,5,0.0023962087,0.0
2635,RTLNAWVKV,swapped_1800,5,0.36266404,0.0
3837,NLVPMVATV,swapped_2974,5,0.047614474,0.0
1041,GLCTLVAML,10x,5,1.4459505e-07,0.0
3266,GILGFVFTL,10x,5,0.45978397,0.0
287,GILGFVFTL,positive,5,0.9971042,1.0
825,GILGFVFTL,10x,5,0.9852828,0.0
3294,GILGFVFTL,10x,5,0.6642933,0.0
2790,GILGFVFTL,positive,5,0.8586628,1.0
5868,GILGFVFTL,positive,5,0.3116496,1.0
3189,GILGFVFTL,10x,5,0.46691766,0.0
2185,NLVPMVATV,10x,5,0.80810106,0.0
5707,GILGFVFTL,positive,5,0.998818,1.0
6764,FLYALALLL,swapped_5860,5,7.6021606e-05,0.0
4078,RTLNAWVKV,swapped_2852,5,0.5618865,0.0
861,GILGFVFTL,10x,5,0.88507235,0.0
6696,GLCTLVAML,swapped_5707,5,4.1097846e-06,0.0
5520,MLDLQPETT,swapped_4243,5,5.430329e-05,0.0
2955,GILGFVFTL,positive,5,0.25981462,1.0
2199,GLCTLVAML,10x,5,0.0029697784,0.0
1944,GILGFVFTL,10x,5,0.8024552,0.0
4043,GLCTLVAML,swapped_2892,5,0.85172087,0.0
4646,GILGFVFTL,10x,5,0.44253796,0.0
5028,GILGFVFTL,10x,5,0.32052958,0.0
1322,GILGFVFTL,swapped_344,5,0.3418656,0.0
21,GILGFVFTL,positive,5,0.9512935,1.0
2469,MLDLQPETT,swapped_1726,5,0.20373315,0.0
641,GILGFVFTL,10x,5,0.56601673,0.0
4538,GILGFVFTL,positive,5,0.28572464,1.0
2876,MLDLQPETT,positive,5,0.35231072,1.0
3575,GLCTLVAML,10x,5,0.08750045,0.0
4670,GILGFVFTL,10x,5,0.85978776,0.0
2255,GILGFVFTL,10x,5,0.3114935,0.0
564,GILGFVFTL,10x,5,0.8089358,0.0
3255,GILGFVFTL,10x,5,0.6678306,0.0
229,GILGFVFTL,positive,5,0.96556836,1.0
5112,GILGFVFTL,10x,5,0.3753529,0.0
5614,GILGFVFTL,swapped_4439,5,0.4129578,0.0
2933,GILGFVFTL,positive,5,0.8824805,1.0
3376,GILGFVFTL,10x,5,0.68421626,0.0
4869,GILGFVFTL,10x,5,0.7233261,0.0
4721,GILGFVFTL,10x,5,0.39794216,0.0
1198,LLFGYPVYV,swapped_191,5,0.0008492173,0.0
1364,GLCTLVAML,swapped_111,5,0.00012885933,0.0
273,NLVPMVATV,positive,5,0.5893426,1.0
6721,GLCTLVAML,swapped_5809,5,0.008257505,0.0
662,GILGFVFTL,10x,5,0.58838856,0.0
289,GILGFVFTL,positive,5,0.994588,1.0
915,GILGFVFTL,10x,5,0.6188504,0.0
4627,GILGFVFTL,10x,5,0.7448621,0.0
5181,GILGFVFTL,10x,5,0.54332703,0.0
3286,NLVPMVATV,10x,5,0.47029015,0.0
2739,GILGFVFTL,positive,5,0.98572785,1.0
34,GILGFVFTL,positive,5,0.9923935,1.0
2884,GILGFVFTL,positive,5,0.7682404,1.0
41,GILGFVFTL,positive,5,0.9949256,1.0
1147,GILGFVFTL,swapped_22,5,0.28510138,0.0
1679,GILGFVFTL,positive,5,0.6833479,1.0
5825,GILGFVFTL,positive,5,0.9976876,1.0
6257,GILGFVFTL,10x,5,0.4315536,0.0
1154,GILGFVFTL,swapped_65,5,0.387434,0.0
1121,NLVPMVATV,10x,5,0.06416536,0.0
4535,GLCTLVAML,positive,5,0.9966736,1.0
2189,GILGFVFTL,10x,5,0.5820635,0.0
5040,GLCTLVAML,10x,5,0.006730036,0.0
257,GILGFVFTL,positive,5,0.7025242,1.0
5631,FLYALALLL,swapped_4555,5,0.24345686,0.0
24,GILGFVFTL,positive,5,0.99758244,1.0
890,GILGFVFTL,10x,5,0.459825,0.0
6101,GILGFVFTL,10x,5,0.6687941,0.0
4356,GILGFVFTL,positive,5,0.9956434,1.0
241,GILGFVFTL,positive,5,0.9607567,1.0
308,GILGFVFTL,positive,5,0.95349634,1.0
2730,KTWGQYWQV,positive,5,0.68061763,1.0
2053,GILGFVFTL,10x,5,0.50176007,0.0
1704,GLCTLVAML,positive,5,0.6640167,1.0
4862,GLCTLVAML,10x,5,0.10213015,0.0
1137,GLCTLVAML,10x,5,3.3503582e-07,0.0
601,GILGFVFTL,10x,5,0.67898387,0.0
89,GILGFVFTL,positive,5,0.8997599,1.0
864,GILGFVFTL,10x,5,0.9213194,0.0
2852,GLCTLVAML,positive,5,0.99132407,1.0
4137,KTWGQYWQV,swapped_2912,5,0.6191971,0.0
1686,FLYALALLL,positive,5,0.10830617,1.0
3210,GILGFVFTL,10x,5,0.94536346,0.0
667,LLFGYPVYV,10x,5,0.3953507,0.0
876,GLCTLVAML,10x,5,0.013721823,0.0
6366,GILGFVFTL,10x,5,0.61509067,0.0
3824,GLCTLVAML,swapped_2999,5,2.7738915e-06,0.0
3044,GILGFVFTL,positive,5,0.9914608,1.0
5026,GILGFVFTL,10x,5,0.6748874,0.0
2228,GILGFVFTL,10x,5,0.36943185,0.0
2590,GILGFVFTL,swapped_1807,5,0.38881207,0.0
3390,GILGFVFTL,10x,5,0.44890898,0.0
1623,GILGFVFTL,positive,5,0.99376124,1.0
2691,NLVPMVATV,swapped_1600,5,0.5039931,0.0
4908,GLCTLVAML,10x,5,0.41365638,0.0
1629,GILGFVFTL,positive,5,0.98848385,1.0
2701,GILGFVFTL,positive,5,0.9990227,1.0
6151,GILGFVFTL,10x,5,0.58481896,0.0
3346,GLCTLVAML,10x,5,0.005717123,0.0
320,GILGFVFTL,positive,5,0.9984169,1.0
330,LLFGYPVYV,positive,5,0.048605435,1.0
1790,NLVPMVATV,positive,5,0.59460026,1.0
2468,NLVPMVATV,swapped_1627,5,0.0010618212,0.0
1205,GLCTLVAML,swapped_369,5,2.9529005e-05,0.0
3253,GILGFVFTL,10x,5,0.6727432,0.0
6788,LLFGYPVYV,swapped_6004,5,0.21983686,0.0
5732,GILGFVFTL,positive,5,0.995174,1.0
5624,GLCTLVAML,swapped_4290,5,0.015215291,0.0
6904,GILGFVFTL,swapped_5737,5,0.30131114,0.0
2236,YLLEMLWRL,10x,5,0.7673887,0.0
3104,RTLNAWVKV,10x,5,0.654139,0.0
5004,GILGFVFTL,10x,5,0.7927263,0.0
6201,GILGFVFTL,10x,5,0.7092261,0.0
4274,KTWGQYWQV,positive,5,0.66948813,1.0
2676,GILGFVFTL,swapped_1737,5,0.31268385,0.0
422,GILGFVFTL,10x,5,0.52022284,0.0
2026,GILGFVFTL,10x,5,0.7190043,0.0
3522,GILGFVFTL,10x,5,0.53268254,0.0
3430,GLCTLVAML,10x,5,0.010867151,0.0
4976,GILGFVFTL,10x,5,0.34618524,0.0
318,GILGFVFTL,positive,5,0.9716897,1.0
947,GILGFVFTL,10x,5,0.76960593,0.0
6741,NLVPMVATV,swapped_5760,5,0.01830876,0.0
3444,GILGFVFTL,10x,5,0.46497837,0.0
2239,GILGFVFTL,10x,5,0.29896018,0.0
4223,NLVPMVATV,positive,5,0.9335761,1.0
1215,NLVPMVATV,swapped_257,5,0.071450904,0.0
6068,GLCTLVAML,10x,5,0.008398256,0.0
3481,GILGFVFTL,10x,5,0.44078752,0.0
709,GILGFVFTL,10x,5,0.5355662,0.0
627,GLCTLVAML,10x,5,0.0031818408,0.0
156,NLVPMVATV,positive,5,0.7148279,1.0
646,GILGFVFTL,10x,5,0.2628491,0.0
4919,GILGFVFTL,10x,5,0.5888509,0.0
3486,GILGFVFTL,10x,5,0.26835057,0.0
5656,FLYALALLL,swapped_4360,5,0.004123965,0.0
963,RTLNAWVKV,10x,5,0.52777344,0.0
1554,GILGFVFTL,positive,5,0.90649325,1.0
463,GILGFVFTL,10x,5,0.39023322,0.0
2846,GILGFVFTL,positive,5,0.98972565,1.0
4499,GILGFVFTL,positive,5,0.99734867,1.0
531,NLVPMVATV,10x,5,0.6460911,0.0
3231,RTLNAWVKV,10x,5,0.76938504,0.0
3927,FLYALALLL,swapped_2923,5,0.8027747,0.0
968,GILGFVFTL,10x,5,0.29942998,0.0
3369,NLVPMVATV,10x,5,0.8063482,0.0
119,GILGFVFTL,positive,5,0.99206394,1.0
1624,GILGFVFTL,positive,5,0.28999203,1.0
3192,GILGFVFTL,10x,5,0.2783184,0.0
5792,NLVPMVATV,positive,5,0.16465014,1.0
4316,GILGFVFTL,positive,5,0.2429913,1.0
5241,GILGFVFTL,10x,5,0.77462554,0.0
6221,FLYALALLL,10x,5,0.5829906,0.0
103,GILGFVFTL,positive,5,0.9968923,1.0
4257,GILGFVFTL,positive,5,0.66226786,1.0
6455,GILGFVFTL,10x,5,0.26727644,0.0
3419,GILGFVFTL,10x,5,0.649809,0.0
1564,NLVPMVATV,positive,5,0.96186465,1.0
5295,GILGFVFTL,10x,5,0.24942306,0.0
3969,GLCTLVAML,swapped_2846,5,1.2968085e-06,0.0
1800,GILGFVFTL,positive,5,0.7838179,1.0
4174,GLCTLVAML,positive,5,0.052498356,1.0
2170,GILGFVFTL,10x,5,0.53914475,0.0
3186,NLVPMVATV,10x,5,0.010327976,0.0
664,GILGFVFTL,10x,5,0.31701732,0.0
6771,GILGFVFTL,swapped_5876,5,0.285446,0.0
5683,RMFPNAPYL,swapped_4364,5,0.00059091114,0.0
1302,LLFGYPVYV,swapped_227,5,0.51909214,0.0
437,GILGFVFTL,10x,5,0.30635634,0.0
3112,NLVPMVATV,10x,5,0.002630174,0.0
3150,GLCTLVAML,10x,5,0.027074847,0.0
4641,GILGFVFTL,10x,5,0.8953301,0.0
6320,GILGFVFTL,10x,5,0.28994069,0.0
3151,GILGFVFTL,10x,5,0.8082067,0.0
6031,GILGFVFTL,10x,5,0.7711557,0.0
2045,GILGFVFTL,10x,5,0.82879376,0.0
4753,GILGFVFTL,10x,5,0.51117826,0.0
6083,GILGFVFTL,10x,5,0.70989215,0.0
5159,GILGFVFTL,10x,5,0.30561376,0.0
6481,LLFGYPVYV,10x,5,0.34559152,0.0
3932,GILGFVFTL,swapped_2876,5,0.7196342,0.0
526,GILGFVFTL,10x,5,0.5965981,0.0
1318,GLCTLVAML,swapped_24,5,8.7761214e-07,0.0
4219,GILGFVFTL,positive,5,0.8151516,1.0
3702,GLCTLVAML,10x,5,0.0022068678,0.0
6576,FLYALALLL,10x,5,0.0006722183,0.0
4199,NLVPMVATV,positive,5,0.9372265,1.0
6387,NLVPMVATV,10x,5,0.316177,0.0
1381,NLVPMVATV,swapped_289,5,0.00039178884,0.0
4606,GILGFVFTL,10x,5,0.36350295,0.0
4810,GILGFVFTL,10x,5,0.32904708,0.0
6398,NLVPMVATV,10x,5,0.06705823,0.0
4214,GILGFVFTL,positive,5,0.9974038,1.0
3157,GILGFVFTL,10x,5,0.32225004,0.0
3351,NLVPMVATV,10x,5,0.50778633,0.0
3606,GILGFVFTL,10x,5,0.20965013,0.0
2674,NLVPMVATV,swapped_1788,5,0.023311649,0.0
3051,GILGFVFTL,positive,5,0.97936285,1.0
1498,NLVPMVATV,swapped_60,5,0.29936838,0.0
2936,GILGFVFTL,positive,5,0.46748048,1.0
166,GLCTLVAML,positive,5,0.68254036,1.0
312,GILGFVFTL,positive,5,0.98878795,1.0
400,GILGFVFTL,10x,5,0.49776414,0.0
6594,GLCTLVAML,10x,5,0.0007423026,0.0
1135,GLCTLVAML,10x,5,0.0001805728,0.0
795,GLCTLVAML,10x,5,0.0075386385,0.0
3626,RMFPNAPYL,10x,5,0.56704354,0.0
5186,LLFGYPVYV,10x,5,0.64937735,0.0
669,GILGFVFTL,10x,5,0.5347406,0.0
5795,GILGFVFTL,positive,5,0.99882597,1.0
2944,NLVPMVATV,positive,5,0.80516434,1.0
6905,RMFPNAPYL,swapped_5902,5,0.0044837594,0.0
4687,RTLNAWVKV,10x,5,0.46143806,0.0
6177,GILGFVFTL,10x,5,0.5292513,0.0
1979,GILGFVFTL,10x,5,0.4483936,0.0
1759,FLYALALLL,positive,5,0.94851285,1.0
6668,GLCTLVAML,swapped_5862,5,0.01375335,0.0
1867,GILGFVFTL,10x,5,0.4724681,0.0
4019,NLVPMVATV,swapped_2830,5,0.0039772647,0.0
2938,GILGFVFTL,positive,5,0.97738,1.0
1448,FLYALALLL,swapped_107,5,2.8262364e-06,0.0
132,FLYALALLL,positive,5,0.0005016678,1.0
178,GILGFVFTL,positive,5,0.9873963,1.0
348,GILGFVFTL,positive,5,0.9065746,1.0
1852,GILGFVFTL,10x,5,0.59829736,0.0
3783,GILGFVFTL,10x,5,0.9530076,0.0
6039,GILGFVFTL,10x,5,0.5391058,0.0
3135,GILGFVFTL,10x,5,0.82340485,0.0
2746,GILGFVFTL,positive,5,0.5860035,1.0
3308,GILGFVFTL,10x,5,0.8949301,0.0
186,FLYALALLL,positive,5,0.99378985,1.0
5294,GILGFVFTL,10x,5,0.6619495,0.0
6222,GILGFVFTL,10x,5,0.39316007,0.0
256,GILGFVFTL,positive,5,0.9981833,1.0
5102,GILGFVFTL,10x,5,0.3205256,0.0
3624,IMDQVPFSV,10x,5,0.41328967,0.0
3636,IMDQVPFSV,10x,5,0.516956,0.0
4143,LLFGYPVYV,swapped_2828,5,0.46019346,0.0
872,GILGFVFTL,10x,5,0.5206923,0.0
6510,GLCTLVAML,10x,5,0.0046789707,0.0
365,GILGFVFTL,positive,5,0.90405023,1.0
2036,RTLNAWVKV,10x,5,0.03148948,0.0
6353,GILGFVFTL,10x,5,0.46325922,0.0
704,GLCTLVAML,10x,5,0.054024678,0.0
6700,GLCTLVAML,swapped_5965,5,9.96747e-05,0.0
537,GILGFVFTL,10x,5,0.7988224,0.0
5755,GLCTLVAML,positive,5,0.7393468,1.0
936,GILGFVFTL,10x,5,0.8233804,0.0
3524,GILGFVFTL,10x,5,0.70889854,0.0
6402,GILGFVFTL,10x,5,0.25626475,0.0
3047,GILGFVFTL,positive,5,0.44507915,1.0
4536,FLYALALLL,positive,5,0.97846186,1.0
925,NLVPMVATV,10x,5,0.045859147,0.0
1491,GILGFVFTL,swapped_73,5,0.84818625,0.0
3347,GILGFVFTL,10x,5,0.38614678,0.0
1992,GILGFVFTL,10x,5,0.5662665,0.0
6037,GILGFVFTL,10x,5,0.7803347,0.0
4004,IMDQVPFSV,swapped_3031,5,0.00017260612,0.0
5146,GILGFVFTL,10x,5,0.36907038,0.0
1777,NLVPMVATV,positive,5,0.7260771,1.0
3355,GILGFVFTL,10x,5,0.81866544,0.0
3115,NLVPMVATV,10x,5,0.16332072,0.0
578,GLCTLVAML,10x,5,0.16777435,0.0
1807,FLYALALLL,positive,5,0.9806433,1.0
6244,GILGFVFTL,10x,5,0.34409806,0.0
2945,GILGFVFTL,positive,5,0.78029424,1.0
3160,RMFPNAPYL,10x,5,0.3892623,0.0
6170,GILGFVFTL,10x,5,0.29375112,0.0
4610,GILGFVFTL,10x,5,0.21999969,0.0
5882,SLLMWITQV,positive,5,0.15860051,1.0
3825,GLCTLVAML,swapped_2695,5,0.000112742106,0.0
6801,GILGFVFTL,swapped_5882,5,0.8983782,0.0
1873,MLDLQPETT,10x,5,0.01890364,0.0
1176,RTLNAWVKV,swapped_242,5,0.005855654,0.0
5769,GILGFVFTL,positive,5,0.9462586,1.0
5347,GILGFVFTL,swapped_4236,5,0.68000233,0.0
4031,FLYALALLL,swapped_2943,5,5.149858e-07,0.0
1700,GILGFVFTL,positive,5,0.9544231,1.0
1375,GLCTLVAML,swapped_272,5,0.0019488104,0.0
966,IMDQVPFSV,10x,5,0.7302523,0.0
3569,GILGFVFTL,10x,5,0.42347467,0.0
133,GILGFVFTL,positive,5,0.9240559,1.0
6127,GILGFVFTL,10x,5,0.30463132,0.0
3195,GILGFVFTL,10x,5,0.7443762,0.0
6441,GLCTLVAML,10x,5,0.044142444,0.0
5737,GLCTLVAML,positive,5,0.9981881,1.0
4397,GILGFVFTL,positive,5,0.7800791,1.0
4509,GILGFVFTL,positive,5,0.40263057,1.0
3383,GILGFVFTL,10x,5,0.90392184,0.0
4067,NLVPMVATV,swapped_2808,5,0.020014785,0.0
33,GLCTLVAML,positive,5,0.9970847,1.0
5108,GILGFVFTL,10x,5,0.43768045,0.0
5790,FLYALALLL,positive,5,0.9329188,1.0
3055,GILGFVFTL,positive,5,0.99669087,1.0
1274,LLFGYPVYV,swapped_263,5,0.24840876,0.0
4703,NLVPMVATV,10x,5,0.025952023,0.0
1802,GILGFVFTL,positive,5,0.95778877,1.0
2319,NLVPMVATV,10x,5,0.16145667,0.0
634,GILGFVFTL,10x,5,0.28420186,0.0
5969,GILGFVFTL,positive,5,0.79468447,1.0
845,GILGFVFTL,10x,5,0.45571667,0.0
469,RMFPNAPYL,10x,5,0.049091764,0.0
5176,GILGFVFTL,10x,5,0.90582824,0.0
3169,GILGFVFTL,10x,5,0.38235477,0.0
1272,GLCTLVAML,swapped_309,5,4.982039e-06,0.0
6152,GILGFVFTL,10x,5,0.38196784,0.0
5641,LLFGYPVYV,swapped_4238,5,0.6171907,0.0
5216,GILGFVFTL,10x,5,0.93520015,0.0
2107,GILGFVFTL,10x,5,0.6726788,0.0
1361,NLVPMVATV,swapped_317,5,7.80441e-05,0.0
1298,KVLEYVIKV,swapped_268,5,0.5378578,0.0
4186,GILGFVFTL,positive,5,0.23479901,1.0
2361,GILGFVFTL,10x,5,0.29848567,0.0
4040,GLCTLVAML,swapped_2794,5,0.00030377807,0.0
1001,GILGFVFTL,10x,5,0.46058214,0.0
3405,GILGFVFTL,10x,5,0.3796485,0.0
5668,GLCTLVAML,swapped_4381,5,3.03923e-05,0.0
1720,GILGFVFTL,positive,5,0.9343911,1.0
5411,GILGFVFTL,swapped_4174,5,0.28560856,0.0
5902,GILGFVFTL,positive,5,0.9652412,1.0
4295,GILGFVFTL,positive,5,0.9973877,1.0
6162,GILGFVFTL,10x,5,0.47020954,0.0
2024,GILGFVFTL,10x,5,0.22692607,0.0
2253,GILGFVFTL,10x,5,0.35953262,0.0
18,GLCTLVAML,positive,5,0.9855078,1.0
2731,GILGFVFTL,positive,5,0.993785,1.0
4662,GILGFVFTL,10x,5,0.51150286,0.0
4267,GILGFVFTL,positive,5,0.99727255,1.0
2407,RTLNAWVKV,swapped_1677,5,0.035359982,0.0
4427,NLVPMVATV,positive,5,0.90712976,1.0
5937,GILGFVFTL,positive,5,0.99824214,1.0
4431,NLVPMVATV,positive,5,0.01956434,1.0
2801,GILGFVFTL,positive,5,0.7669591,1.0
3647,NLVPMVATV,10x,5,0.30485284,0.0
3594,GILGFVFTL,10x,5,0.2529357,0.0
2257,GILGFVFTL,10x,5,0.6067284,0.0
4130,NLVPMVATV,swapped_2761,5,0.001289343,0.0
6670,NLVPMVATV,swapped_5946,5,0.3995509,0.0
5032,GILGFVFTL,10x,5,0.31311136,0.0
2662,YLLEMLWRL,swapped_1554,5,0.013619612,0.0
1153,NLVPMVATV,swapped_133,5,0.0010881625,0.0
4731,GLCTLVAML,10x,5,0.0052428236,0.0
4849,GILGFVFTL,10x,5,0.5087066,0.0
3639,GILGFVFTL,10x,5,0.65542024,0.0
5970,NLVPMVATV,positive,5,0.22517577,1.0
392,GILGFVFTL,10x,5,0.27346504,0.0
4858,GILGFVFTL,10x,5,0.5187592,0.0
1225,LLFGYPVYV,swapped_41,5,0.0014090764,0.0
1846,NLVPMVATV,10x,5,0.34968242,0.0
1084,IMDQVPFSV,10x,5,0.51889396,0.0
1919,GILGFVFTL,10x,5,0.61793995,0.0
3152,NLVPMVATV,10x,5,0.0057974425,0.0
2788,GILGFVFTL,positive,5,0.99798286,1.0
5292,GILGFVFTL,10x,5,0.38295814,0.0
2200,KTWGQYWQV,10x,5,0.110301286,0.0
1138,NLVPMVATV,10x,5,0.49200475,0.0
4853,GILGFVFTL,10x,5,0.97909594,0.0
4599,GLCTLVAML,10x,5,0.97510874,0.0
4141,NLVPMVATV,swapped_2962,5,0.00040611118,0.0
6034,GLCTLVAML,10x,5,0.20755751,0.0
5398,GILGFVFTL,swapped_4268,5,0.20567565,0.0
5536,GILGFVFTL,swapped_4367,5,0.3595471,0.0
5288,GILGFVFTL,10x,5,0.27791896,0.0
6243,GILGFVFTL,10x,5,0.39743608,0.0
3579,LLFGYPVYV,10x,5,0.7045699,0.0
4396,NLVPMVATV,positive,5,0.01567012,1.0
3983,KVLEYVIKV,swapped_2888,5,0.41963258,0.0
5217,GILGFVFTL,10x,5,0.8455327,0.0
6400,GILGFVFTL,10x,5,0.66812354,0.0
2167,GILGFVFTL,10x,5,0.5254668,0.0
2866,GILGFVFTL,positive,5,0.59385556,1.0
3706,GILGFVFTL,10x,5,0.35514653,0.0
4342,GLCTLVAML,positive,5,0.97676474,1.0
1914,GILGFVFTL,10x,5,0.4548374,0.0
5061,NLVPMVATV,10x,5,0.06680931,0.0
2958,GLCTLVAML,positive,5,0.67107487,1.0
3826,GLCTLVAML,swapped_2701,5,1.265242e-06,0.0
6237,GLCTLVAML,10x,5,0.044865552,0.0
3067,GILGFVFTL,10x,5,0.33353788,0.0
3642,GILGFVFTL,10x,5,0.47123146,0.0
6146,NLVPMVATV,10x,5,0.19761483,0.0
5871,GILGFVFTL,positive,5,0.99690336,1.0
2804,FLYALALLL,positive,5,0.9401928,1.0
2114,GILGFVFTL,10x,5,0.81076396,0.0
2799,GILGFVFTL,positive,5,0.89387155,1.0
5604,GLCTLVAML,swapped_4397,5,0.00114025,0.0
6368,NLVPMVATV,10x,5,0.16887777,0.0
6236,NLVPMVATV,10x,5,0.33775166,0.0
3914,GLCTLVAML,swapped_2882,5,0.0007569481,0.0
933,GILGFVFTL,10x,5,0.48732898,0.0
1060,GILGFVFTL,10x,5,0.33219928,0.0
1820,GILGFVFTL,10x,5,0.74628675,0.0
3523,GILGFVFTL,10x,5,0.29298812,0.0
4238,SLLMWITQV,positive,5,0.5741275,1.0
1179,GILGFVFTL,swapped_132,5,0.76365876,0.0
2070,GILGFVFTL,10x,5,0.26832435,0.0
3719,GILGFVFTL,10x,5,0.48960847,0.0
251,RMFPNAPYL,positive,5,0.60261935,1.0
2783,GILGFVFTL,positive,5,0.7799859,1.0
4228,GILGFVFTL,positive,5,0.32015032,1.0
1737,NLVPMVATV,positive,5,0.9542475,1.0
4364,GILGFVFTL,positive,5,0.9958254,1.0
397,RMFPNAPYL,10x,5,0.41047508,0.0
499,GILGFVFTL,10x,5,0.4487023,0.0
2943,GILGFVFTL,positive,5,0.9986284,1.0
3031,GILGFVFTL,positive,5,0.99542737,1.0
2460,NLVPMVATV,swapped_1776,5,0.822447,0.0
60,GILGFVFTL,positive,5,0.87564844,1.0
3948,GILGFVFTL,swapped_2699,5,0.21505764,0.0
3332,GILGFVFTL,10x,5,0.31571025,0.0
3122,GILGFVFTL,10x,5,0.42048866,0.0
6082,GILGFVFTL,10x,5,0.3216754,0.0
5629,GLCTLVAML,swapped_4536,5,0.9789554,0.0
1337,GILGFVFTL,swapped_156,5,0.7052567,0.0
3956,NLVPMVATV,swapped_3028,5,0.054472838,0.0
5658,GLCTLVAML,swapped_4252,5,0.00081497023,0.0
2009,GILGFVFTL,10x,5,0.5457892,0.0
5862,GILGFVFTL,positive,5,0.44749072,1.0
3965,GILGFVFTL,swapped_2958,5,0.38150182,0.0
4170,NLVPMVATV,swapped_2900,5,0.45188132,0.0
6160,GILGFVFTL,10x,5,0.5497132,0.0
6571,GILGFVFTL,10x,5,0.41896936,0.0
5981,GILGFVFTL,positive,5,0.29706752,1.0
3892,GLCTLVAML,swapped_2793,5,2.754437e-07,0.0
1966,GILGFVFTL,10x,5,0.66139287,0.0
1514,LLFGYPVYV,swapped_229,5,0.13156493,0.0
1039,NLVPMVATV,10x,5,0.0043071127,0.0
4960,RTLNAWVKV,10x,5,0.5195747,0.0
1625,GILGFVFTL,positive,5,0.3000998,1.0
2695,GILGFVFTL,positive,5,0.9563991,1.0
4887,GILGFVFTL,10x,5,0.27839714,0.0
4311,GILGFVFTL,positive,5,0.4350417,1.0
2072,NLVPMVATV,10x,5,0.69512576,0.0
6345,GLCTLVAML,10x,5,0.18545453,0.0
1145,GLCTLVAML,swapped_336,5,7.674387e-05,0.0
6339,GILGFVFTL,10x,5,0.3565803,0.0
1014,GILGFVFTL,10x,5,0.3855859,0.0
1099,GILGFVFTL,10x,5,0.6321525,0.0
6392,GILGFVFTL,10x,5,0.7249905,0.0
1713,GILGFVFTL,positive,5,0.7333659,1.0
22,FLYALALLL,positive,5,0.9654809,1.0
1926,KTWGQYWQV,10x,5,0.49627736,0.0
3118,GLCTLVAML,10x,5,0.015870566,0.0
1991,GILGFVFTL,10x,5,0.42451474,0.0
2395,GILGFVFTL,10x,5,0.4442743,0.0
5530,GLCTLVAML,swapped_4445,5,0.00014859499,0.0
4424,GILGFVFTL,positive,5,0.97997606,1.0
2309,GILGFVFTL,10x,5,0.4794903,0.0
6021,LLFGYPVYV,10x,5,0.6811273,0.0
443,KTWGQYWQV,10x,5,0.81198114,0.0
6013,NLVPMVATV,10x,5,0.4652653,0.0
451,GILGFVFTL,10x,5,0.95975006,0.0
6252,GILGFVFTL,10x,5,0.51121813,0.0
190,NLVPMVATV,positive,5,0.033411533,1.0
6016,GILGFVFTL,10x,5,0.32315922,0.0
1921,NLVPMVATV,10x,5,0.3377666,0.0
1171,GLCTLVAML,swapped_348,5,0.09976492,0.0
3973,LLFGYPVYV,swapped_2792,5,0.00010733881,0.0
3802,GILGFVFTL,10x,5,0.42115512,0.0
349,GILGFVFTL,positive,5,0.18863623,1.0
4699,GLCTLVAML,10x,5,0.0014943718,0.0
613,GILGFVFTL,10x,5,0.25416392,0.0
1922,GILGFVFTL,10x,5,0.23877737,0.0
4623,LLFGYPVYV,10x,5,0.649187,0.0
2916,GILGFVFTL,positive,5,0.9986739,1.0
4365,GILGFVFTL,positive,5,0.52198803,1.0
1946,GLCTLVAML,10x,5,0.8693126,0.0
2763,GILGFVFTL,positive,5,0.99403656,1.0
1347,LLFGYPVYV,swapped_256,5,0.0007390431,0.0
3791,GILGFVFTL,10x,5,0.35976273,0.0
2578,GILGFVFTL,swapped_1675,5,0.2585252,0.0
2515,NLVPMVATV,swapped_1727,5,0.00033204033,0.0
1157,GILGFVFTL,swapped_210,5,0.303804,0.0
5513,GLCTLVAML,swapped_4292,5,0.0152515,0.0
6306,GILGFVFTL,10x,5,0.28158736,0.0
3140,GLCTLVAML,10x,5,0.005776726,0.0
6796,GILGFVFTL,swapped_5989,5,0.6496469,0.0
4243,GILGFVFTL,positive,5,0.9976534,1.0
3386,GLCTLVAML,10x,5,0.33913222,0.0
6762,KTWGQYWQV,swapped_5868,5,0.5493343,0.0
3812,GLCTLVAML,swapped_3039,5,4.170107e-06,0.0
4882,GILGFVFTL,10x,5,0.3175284,0.0
6790,KTWGQYWQV,swapped_5792,5,0.5536796,0.0
3116,GILGFVFTL,10x,5,0.5717618,0.0
5013,GILGFVFTL,10x,5,0.23382205,0.0
734,SLLMWITQV,10x,5,0.28343102,0.0
96,GILGFVFTL,positive,5,0.19364713,1.0
2273,NLVPMVATV,10x,5,0.15270768,0.0
6363,GILGFVFTL,10x,5,0.24860936,0.0
4375,GILGFVFTL,positive,5,0.9961434,1.0
4178,GILGFVFTL,positive,5,0.51610607,1.0
5062,GILGFVFTL,10x,5,0.55464923,0.0
4153,GLCTLVAML,swapped_2783,5,0.00012667252,0.0
5731,GILGFVFTL,positive,5,0.9766053,1.0
1884,GILGFVFTL,10x,5,0.41162968,0.0
1834,GILGFVFTL,10x,5,0.6988424,0.0
3041,GLCTLVAML,positive,5,0.9966472,1.0
4645,GLCTLVAML,10x,5,0.13355653,0.0
1864,GILGFVFTL,10x,5,0.6036209,0.0
6882,NLVPMVATV,swapped_5722,5,0.0005092429,0.0
5677,GLCTLVAML,swapped_4354,5,9.246529e-07,0.0
323,GILGFVFTL,positive,5,0.83468014,1.0
2094,GLCTLVAML,10x,5,0.020446228,0.0
6001,GLCTLVAML,positive,5,0.9655803,1.0
5990,GILGFVFTL,positive,5,0.9973578,1.0
4906,GILGFVFTL,10x,5,0.38616022,0.0
1503,FLYALALLL,swapped_33,5,0.99681073,0.0
2789,GILGFVFTL,positive,5,0.7230175,1.0
1253,FLYALALLL,swapped_247,5,6.581395e-06,0.0
5195,GILGFVFTL,10x,5,0.72960067,0.0
1723,NLVPMVATV,positive,5,0.14640063,1.0
4121,NLVPMVATV,swapped_2763,5,0.00022179437,0.0
4336,GILGFVFTL,positive,5,0.97840333,1.0
3278,GLCTLVAML,10x,5,0.0012850509,0.0
1838,NLVPMVATV,10x,5,0.54959625,0.0
5930,NLVPMVATV,positive,5,0.90686214,1.0
4115,NLVPMVATV,swapped_2827,5,0.44292536,0.0
3773,GILGFVFTL,10x,5,0.5728415,0.0
3447,GILGFVFTL,10x,5,0.30029827,0.0
5974,GILGFVFTL,positive,5,0.75801116,1.0
5286,GILGFVFTL,10x,5,0.48087162,0.0
4005,NLVPMVATV,swapped_3044,5,2.304221e-05,0.0
6436,GILGFVFTL,10x,5,0.61223537,0.0
4921,GILGFVFTL,10x,5,0.35937306,0.0
2725,GILGFVFTL,positive,5,0.9852561,1.0
4512,GLCTLVAML,positive,5,0.8230953,1.0
2613,LLFGYPVYV,swapped_1679,5,0.25535503,0.0
2001,NLVPMVATV,10x,5,0.28063667,0.0
1208,GLCTLVAML,swapped_217,5,0.0018491475,0.0
6335,GILGFVFTL,10x,5,0.48842162,0.0
3126,GILGFVFTL,10x,5,0.52283764,0.0
6639,GLCTLVAML,swapped_5732,5,9.806405e-05,0.0
3922,NLVPMVATV,swapped_2938,5,8.4877065e-05,0.0
4321,GILGFVFTL,positive,5,0.99754226,1.0
6708,GLCTLVAML,swapped_5825,5,1.1512933e-06,0.0
5529,RTLNAWVKV,swapped_4321,5,0.001000778,0.0
2512,NLVPMVATV,swapped_1766,5,0.11449781,0.0
2464,GLCTLVAML,swapped_1778,5,0.00019193997,0.0
2110,LLFGYPVYV,10x,5,0.8177425,0.0
4374,GILGFVFTL,positive,5,0.9966024,1.0
3930,GLCTLVAML,swapped_2807,5,0.033634413,0.0
1345,GLCTLVAML,swapped_365,5,0.00016449289,0.0
4180,GILGFVFTL,positive,5,0.99707603,1.0
3233,FLYALALLL,10x,5,0.70186347,0.0
2973,GILGFVFTL,positive,5,0.98859507,1.0
5540,GILGFVFTL,swapped_4512,5,0.35956666,0.0
4390,GILGFVFTL,positive,5,0.99471986,1.0
757,GLCTLVAML,10x,5,0.17993711,0.0
4502,GILGFVFTL,positive,5,0.99084693,1.0
3261,GILGFVFTL,10x,5,0.40647435,0.0
980,NLVPMVATV,10x,5,0.56494725,0.0
3533,GILGFVFTL,10x,5,0.47071764,0.0
4841,GILGFVFTL,10x,5,0.8229102,0.0
855,GILGFVFTL,10x,5,0.89623564,0.0
3910,GLCTLVAML,swapped_2698,5,0.7205413,0.0
3763,GILGFVFTL,10x,5,0.46901527,0.0
1403,GLCTLVAML,swapped_235,5,1.7871094e-05,0.0
991,GLCTLVAML,swapped_73,5,0.00015680179,0.0
1354,GILGFVFTL,swapped_166,5,0.6526252,0.0
4281,GILGFVFTL,positive,5,0.9199499,1.0
3988,GILGFVFTL,swapped_3008,5,0.24441841,0.0
4666,GILGFVFTL,10x,5,0.19074221,0.0
3339,GILGFVFTL,10x,5,0.48587087,0.0
2698,GILGFVFTL,positive,5,0.3200235,1.0
2823,GILGFVFTL,positive,5,0.99372685,1.0
2529,GLCTLVAML,swapped_1773,5,0.5552598,0.0
1429,MLDLQPETT,swapped_45,5,9.53648e-05,0.0
5385,GILGFVFTL,swapped_4199,5,0.18966825,0.0
1825,GLCTLVAML,10x,5,0.014673138,0.0
1714,NLVPMVATV,positive,5,0.17767926,1.0
3420,GLCTLVAML,10x,5,0.103855774,0.0
3241,GILGFVFTL,10x,5,0.5991751,0.0
2147,GILGFVFTL,10x,5,0.8660115,0.0
1736,NLVPMVATV,positive,5,0.9407609,1.0
3019,GILGFVFTL,positive,5,0.9977264,1.0
3665,GILGFVFTL,10x,5,0.7837554,0.0
1006,GILGFVFTL,10x,5,0.19580002,0.0
2329,NLVPMVATV,10x,5,0.2668954,0.0
2459,GLCTLVAML,swapped_1790,5,0.54756314,0.0
2853,GILGFVFTL,positive,5,0.9968202,1.0
4160,GILGFVFTL,swapped_2948,5,0.54757005,0.0
4354,GILGFVFTL,positive,5,0.99729544,1.0
5543,RTLNAWVKV,swapped_4257,5,0.37257686,0.0
5389,NLVPMVATV,swapped_4222,5,2.9798564e-05,0.0
2808,GILGFVFTL,positive,5,0.8126773,1.0
4505,GLCTLVAML,positive,5,0.9839293,1.0
551,GILGFVFTL,10x,5,0.7888558,0.0
2213,GILGFVFTL,10x,5,0.39799187,0.0
2831,GILGFVFTL,positive,5,0.9940975,1.0
344,GLCTLVAML,positive,5,0.99841833,1.0
5946,GILGFVFTL,positive,5,0.833687,1.0
4024,GLCTLVAML,swapped_2955,5,0.53006476,0.0
1371,LLFGYPVYV,swapped_38,5,0.53445613,0.0
4824,GILGFVFTL,10x,5,0.21564531,0.0
1416,LLFGYPVYV,swapped_19,5,0.44448334,0.0
4661,GILGFVFTL,10x,5,0.31208646,0.0
6770,NLVPMVATV,swapped_5932,5,0.8349312,0.0
4571,GILGFVFTL,10x,5,0.93272793,0.0
1547,GLCTLVAML,positive,5,0.99176335,1.0
6040,GILGFVFTL,10x,5,0.3254027,0.0
150,GILGFVFTL,positive,5,0.99316627,1.0
1220,NLVPMVATV,swapped_196,5,0.0009266333,0.0
2497,FLYALALLL,swapped_1590,5,0.07677415,0.0
1693,GILGFVFTL,positive,5,0.9970118,1.0
2524,GILGFVFTL,swapped_1723,5,0.747649,0.0
2209,NLVPMVATV,10x,5,0.28037614,0.0
4277,GILGFVFTL,positive,5,0.96412724,1.0
19,GILGFVFTL,positive,5,0.88274044,1.0
5086,GILGFVFTL,10x,5,0.841767,0.0
4090,GLCTLVAML,swapped_3019,5,5.237883e-06,0.0
2509,GILGFVFTL,swapped_1736,5,0.21049756,0.0
4381,GILGFVFTL,positive,5,0.9885675,1.0
2828,FLYALALLL,positive,5,0.019768104,1.0
317,GILGFVFTL,positive,5,0.9956065,1.0
137,NLVPMVATV,positive,5,0.6043198,1.0
514,GILGFVFTL,10x,5,0.6806758,0.0
4118,GLCTLVAML,swapped_2866,5,0.018482838,0.0
45,GILGFVFTL,positive,5,0.9967687,1.0
3292,SLFNTVATL,10x,5,0.018652592,0.0
2160,FLYALALLL,10x,5,0.003921009,0.0
6429,SLFNTVATL,10x,5,0.062313385,0.0
5693,GLCTLVAML,swapped_4205,5,0.54328257,0.0
4915,GILGFVFTL,10x,5,0.9488434,0.0
141,GILGFVFTL,positive,5,0.8249079,1.0
1310,FLYALALLL,swapped_283,5,0.001407959,0.0
6563,NLVPMVATV,10x,5,0.0479695,0.0
2012,GILGFVFTL,10x,5,0.6781207,0.0
227,GILGFVFTL,positive,5,0.42714742,1.0
1276,GLCTLVAML,swapped_155,5,3.276495e-05,0.0
435,YLLEMLWRL,10x,5,0.5651862,0.0
1291,KTWGQYWQV,swapped_49,5,0.536712,0.0
2989,GILGFVFTL,positive,5,0.9989077,1.0
242,GILGFVFTL,positive,5,0.9943037,1.0
1862,GILGFVFTL,10x,5,0.39049807,0.0
5306,GILGFVFTL,10x,5,0.4706349,0.0
1204,GILGFVFTL,swapped_190,5,0.86844957,0.0
1837,RMFPNAPYL,10x,5,0.5330236,0.0
2066,GILGFVFTL,10x,5,0.6633661,0.0
849,GILGFVFTL,10x,5,0.48935664,0.0
5717,GILGFVFTL,positive,5,0.95580226,1.0
5666,NLVPMVATV,swapped_4311,5,0.52904516,0.0
1455,GLCTLVAML,swapped_58,5,0.054402653,0.0
1854,NLVPMVATV,10x,5,0.42207214,0.0
107,GILGFVFTL,positive,5,0.99669266,1.0
685,GILGFVFTL,10x,5,0.36650997,0.0
4350,GILGFVFTL,positive,5,0.99731183,1.0
4771,GILGFVFTL,10x,5,0.3415231,0.0
6327,NLVPMVATV,10x,5,0.46802145,0.0
352,GILGFVFTL,positive,5,0.9619843,1.0
3345,GLCTLVAML,10x,5,0.040895272,0.0
3995,NLVPMVATV,swapped_3055,5,2.131688e-05,0.0
406,GILGFVFTL,10x,5,0.35701546,0.0
3918,GLCTLVAML,swapped_2790,5,5.3366042e-05,0.0
5979,GILGFVFTL,positive,5,0.9966882,1.0
4139,GILGFVFTL,swapped_3041,5,0.22073068,0.0
5337,FLYALALLL,swapped_4201,5,0.8379702,0.0
92,GILGFVFTL,positive,5,0.93179566,1.0
293,GILGFVFTL,positive,5,0.9966324,1.0
6128,GILGFVFTL,10x,5,0.82819974,0.0
454,GILGFVFTL,10x,5,0.8577958,0.0
2689,GLCTLVAML,swapped_1749,5,0.015454395,0.0
379,GILGFVFTL,positive,5,0.9601286,1.0
100,GILGFVFTL,positive,5,0.82148606,1.0
1552,GLCTLVAML,positive,5,0.6484648,1.0
1283,GLCTLVAML,swapped_145,5,3.0711977e-05,0.0
4546,GILGFVFTL,positive,5,0.99744993,1.0
1963,GLCTLVAML,10x,5,0.0058348556,0.0
5367,NLVPMVATV,swapped_4390,5,0.00015205753,0.0
2173,GILGFVFTL,10x,5,0.17276992,0.0
4898,GILGFVFTL,10x,5,0.40337107,0.0
2646,NLVPMVATV,swapped_1625,5,0.89084065,0.0
675,GILGFVFTL,10x,5,0.4332745,0.0
6336,GLCTLVAML,10x,5,0.05661583,0.0
5369,GLCTLVAML,swapped_4185,5,0.000734456,0.0
3436,GILGFVFTL,10x,5,0.46707764,0.0
5479,GILGFVFTL,swapped_4342,5,0.344793,0.0
6657,NLVPMVATV,swapped_5981,5,0.52433944,0.0
5211,GILGFVFTL,10x,5,0.5714967,0.0
1258,NLVPMVATV,swapped_92,5,0.0067327973,0.0
460,GLCTLVAML,10x,5,0.21325378,0.0
1592,GLCTLVAML,positive,5,0.9983985,1.0
6153,GILGFVFTL,10x,5,0.26021987,0.0
1519,FLYALALLL,swapped_203,5,0.017650712,0.0
5403,GLCTLVAML,swapped_4277,5,8.949805e-05,0.0
1788,GILGFVFTL,positive,5,0.89214116,1.0
1311,NLVPMVATV,swapped_119,5,0.0004353437,0.0
3250,GLCTLVAML,10x,5,0.0074296845,0.0
6847,GILGFVFTL,swapped_5816,5,0.37368616,0.0
4760,GILGFVFTL,10x,5,0.573407,0.0
3287,GILGFVFTL,10x,5,0.44929042,0.0
290,GILGFVFTL,positive,5,0.9809678,1.0
926,GILGFVFTL,10x,5,0.32338008,0.0
73,KVLEYVIKV,positive,5,0.62581444,1.0
5809,GILGFVFTL,positive,5,0.678515,1.0
3280,NLVPMVATV,10x,5,0.6158799,0.0
1126,GILGFVFTL,10x,5,0.37578848,0.0
2699,GLCTLVAML,positive,5,0.9900287,1.0
4471,NLVPMVATV,positive,5,0.8317436,1.0
6079,GILGFVFTL,10x,5,0.38598803,0.0
6147,GILGFVFTL,10x,5,0.7312739,0.0
6518,GILGFVFTL,10x,5,0.9011115,0.0
6281,NLVPMVATV,10x,5,0.14343941,0.0
3946,NLVPMVATV,swapped_2798,5,1.0538383e-05,0.0
4163,NLVPMVATV,swapped_2801,5,0.0070913867,0.0
938,GLCTLVAML,10x,5,0.01784456,0.0
3272,GILGFVFTL,10x,5,0.25944996,0.0
4522,GILGFVFTL,positive,5,0.9597025,1.0
5208,GILGFVFTL,10x,5,0.52734894,0.0
2260,GILGFVFTL,10x,5,0.542246,0.0
3829,LLFGYPVYV,swapped_3051,5,0.00023141729,0.0
2059,GILGFVFTL,10x,5,0.48966295,0.0
2817,GILGFVFTL,positive,5,0.99829,1.0
3678,GILGFVFTL,10x,5,0.8410548,0.0
5525,GLCTLVAML,swapped_4316,5,0.48695114,0.0
1088,GILGFVFTL,10x,5,0.4230536,0.0
4215,GILGFVFTL,positive,5,0.9925209,1.0
4783,GILGFVFTL,10x,5,0.43698877,0.0
6056,GLCTLVAML,10x,5,0.040226076,0.0
807,GILGFVFTL,10x,5,0.18908234,0.0
6479,GILGFVFTL,10x,5,0.30477187,0.0
4205,GILGFVFTL,positive,5,0.65640634,1.0
462,GILGFVFTL,10x,5,0.75668967,0.0
2807,GILGFVFTL,positive,5,0.27473292,1.0
6431,GILGFVFTL,10x,5,0.8183701,0.0
6156,GILGFVFTL,10x,5,0.366748,0.0
6425,GLCTLVAML,10x,5,0.010267667,0.0
4201,GILGFVFTL,positive,5,0.30967847,1.0
3303,GILGFVFTL,10x,5,0.36119273,0.0
38,GILGFVFTL,positive,5,0.25035217,1.0
4561,GILGFVFTL,10x,5,0.5277262,0.0
3845,GLCTLVAML,swapped_2936,5,0.013694449,0.0
6305,GILGFVFTL,10x,5,0.2394441,0.0
1709,GILGFVFTL,positive,5,0.8550042,1.0
5456,NLVPMVATV,swapped_4180,5,1.3964516e-05,0.0
6703,GILGFVFTL,swapped_6001,5,0.1805133,0.0
6149,GILGFVFTL,10x,5,0.3280336,0.0
4083,GLCTLVAML,swapped_2859,5,0.0004493392,0.0
1490,GILGFVFTL,swapped_169,5,0.6597635,0.0
1313,GLCTLVAML,swapped_352,5,9.06644e-06,0.0
3953,NLVPMVATV,swapped_2746,5,0.11359981,0.0
5151,GILGFVFTL,10x,5,0.3151582,0.0
6827,GLCTLVAML,swapped_5769,5,0.00022756698,0.0
1872,GILGFVFTL,10x,5,0.42946023,0.0
5760,GILGFVFTL,positive,5,0.9735171,1.0
2992,GILGFVFTL,positive,5,0.91732794,1.0
1188,RTLNAWVKV,swapped_308,5,0.43857628,0.0
6808,NLVPMVATV,swapped_5945,5,0.010783204,0.0
6120,GLCTLVAML,10x,5,0.0067170756,0.0
4886,GILGFVFTL,10x,5,0.25629923,0.0
3971,GLCTLVAML,swapped_2831,5,4.6882933e-06,0.0
3813,GILGFVFTL,swapped_2730,5,0.24458237,0.0
1876,GILGFVFTL,10x,5,0.51355356,0.0
3796,GILGFVFTL,10x,5,0.4960078,0.0
2482,GLCTLVAML,swapped_1624,5,0.032455184,0.0
1148,NLVPMVATV,swapped_293,5,0.00038056527,0.0
5636,GLCTLVAML,swapped_4315,5,0.008505153,0.0
1990,GILGFVFTL,10x,5,0.22633034,0.0
741,GILGFVFTL,10x,5,0.4956195,0.0
35,GILGFVFTL,positive,5,0.3870593,1.0
2348,GILGFVFTL,10x,5,0.37817526,0.0
5560,RMFPNAPYL,swapped_4502,5,0.005078251,0.0
6280,GILGFVFTL,10x,5,0.9255671,0.0
3970,GILGFVFTL,swapped_2804,5,0.3430891,0.0
3985,KTWGQYWQV,swapped_2945,5,0.048665214,0.0
1595,GILGFVFTL,positive,5,0.8247024,1.0
1739,GLCTLVAML,positive,5,0.9980963,1.0
5680,GLCTLVAML,swapped_4522,5,5.8875567e-06,0.0
556,GILGFVFTL,10x,5,0.7321654,0.0
956,RTLNAWVKV,10x,5,0.5093392,0.0
5860,GILGFVFTL,positive,5,0.9701294,1.0
2467,GLCTLVAML,swapped_1742,5,3.4755317e-07,0.0
4624,GILGFVFTL,10x,5,0.25794902,0.0
3225,GILGFVFTL,10x,5,0.22928233,0.0
1169,RTLNAWVKV,swapped_47,5,0.5388981,0.0
2600,NLVPMVATV,swapped_1629,5,0.0010630348,0.0
4240,GILGFVFTL,positive,5,0.9932777,1.0
3622,GILGFVFTL,10x,5,0.65955526,0.0
5945,GILGFVFTL,positive,5,0.9068521,1.0
2381,NLVPMVATV,10x,5,0.49454746,0.0
2477,GILGFVFTL,swapped_1704,5,0.40026057,0.0
2892,GILGFVFTL,positive,5,0.36156964,1.0
1970,GILGFVFTL,10x,5,0.8993265,0.0
6018,RMFPNAPYL,10x,5,0.87589365,0.0
6632,NLVPMVATV,swapped_5795,5,2.3002274e-05,0.0
4644,GILGFVFTL,10x,5,0.57139975,0.0
854,GLCTLVAML,10x,5,0.48476142,0.0
5660,GILGFVFTL,swapped_4535,5,0.22759818,0.0
6725,NLVPMVATV,swapped_5728,5,0.43655473,0.0
5639,NLVPMVATV,swapped_4281,5,0.0087988535,0.0
5312,GLCTLVAML,10x,5,0.0023607644,0.0
1911,GILGFVFTL,10x,5,0.90588,0.0
1453,GLCTLVAML,swapped_100,5,0.0004398299,0.0
6874,GILGFVFTL,swapped_5970,5,0.39970618,0.0
5115,GILGFVFTL,10x,5,0.607398,0.0
1245,RTLNAWVKV,swapped_234,5,0.51167536,0.0
4439,GLCTLVAML,positive,5,0.066286,1.0
763,GILGFVFTL,10x,5,0.22880052,0.0
4716,GLCTLVAML,10x,5,0.052297477,0.0
3560,GILGFVFTL,10x,5,0.29953265,0.0
6265,GLCTLVAML,10x,5,0.004386995,0.0
5876,GLCTLVAML,positive,5,0.8891018,1.0
5042,GILGFVFTL,10x,5,0.66093147,0.0
3130,NLVPMVATV,10x,5,0.17829522,0.0
5539,GLCTLVAML,swapped_4463,5,4.6813788e-05,0.0
424,GLCTLVAML,10x,5,0.0035626953,0.0
2900,GILGFVFTL,positive,5,0.39333737,1.0
6052,NLVPMVATV,10x,5,0.5454651,0.0
2451,KTWGQYWQV,swapped_1720,5,0.74304366,0.0
58,GILGFVFTL,positive,5,0.35513833,1.0
2237,GILGFVFTL,10x,5,0.9626806,0.0
6423,NLVPMVATV,10x,5,0.8094775,0.0
362,GILGFVFTL,positive,5,0.4420309,1.0
3856,NLVPMVATV,swapped_2725,5,0.00037867023,0.0
6303,GILGFVFTL,10x,5,0.6193969,0.0
1850,GILGFVFTL,10x,5,0.19937512,0.0
3075,GILGFVFTL,10x,5,0.3799916,0.0
2895,GILGFVFTL,positive,5,0.9973412,1.0
3882,GLCTLVAML,swapped_2895,5,1.2191432e-05,0.0
6261,GILGFVFTL,10x,5,0.579574,0.0
1960,GILGFVFTL,10x,5,0.22040729,0.0
4795,NLVPMVATV,10x,5,0.3419969,0.0
1010,GILGFVFTL,10x,5,0.23031643,0.0
3068,GILGFVFTL,10x,5,0.50753313,0.0
2577,NLVPMVATV,swapped_1802,5,0.0028534594,0.0
5243,MLDLQPETT,10x,5,0.5516932,0.0
5594,GILGFVFTL,swapped_4223,5,0.3059046,0.0
5441,FLYALALLL,swapped_4424,5,5.5953606e-05,0.0
6418,GILGFVFTL,10x,5,0.8552864,0.0
3394,GLCTLVAML,10x,5,0.0057546915,0.0
5182,GILGFVFTL,10x,5,0.5179187,0.0
6709,GILGFVFTL,swapped_5755,5,0.29897144,0.0
2851,GILGFVFTL,positive,5,0.5817209,1.0
2898,SLFNTVATL,positive,5,0.70737886,1.0
2155,GILGFVFTL,10x,5,0.19216329,0.0
5192,GILGFVFTL,10x,5,0.2794703,0.0
2505,NLVPMVATV,swapped_1690,5,0.73575157,0.0
4252,GILGFVFTL,positive,5,0.6799273,1.0
3798,GILGFVFTL,10x,5,0.6890025,0.0
4850,GILGFVFTL,10x,5,0.521505,0.0
191,GILGFVFTL,positive,5,0.9933195,1.0
6465,GLCTLVAML,10x,5,0.018038202,0.0
4515,GILGFVFTL,positive,5,0.9947015,1.0
6319,GILGFVFTL,10x,5,0.82688355,0.0
3440,GILGFVFTL,10x,5,0.83147895,0.0
2948,NLVPMVATV,positive,5,0.20668629,1.0
354,GILGFVFTL,positive,5,0.9959442,1.0
1431,FLYALALLL,swapped_362,5,0.24372526,0.0
934,GILGFVFTL,10x,5,0.95516396,0.0
2781,GILGFVFTL,positive,5,0.99357796,1.0
1458,NLVPMVATV,swapped_178,5,0.004348815,0.0
2122,GILGFVFTL,10x,5,0.39990777,0.0
4705,GILGFVFTL,10x,5,0.20120145,0.0
3671,GILGFVFTL,10x,5,0.58307314,0.0
6274,GILGFVFTL,10x,5,0.36782572,0.0
6076,RMFPNAPYL,10x,5,0.752714,0.0
2368,GILGFVFTL,10x,5,0.6923414,0.0
3760,NLVPMVATV,10x,5,0.9321728,0.0
483,GILGFVFTL,10x,5,0.55632883,0.0
3692,GILGFVFTL,10x,5,0.6583401,0.0
4168,GILGFVFTL,swapped_2897,5,0.26525027,0.0
2533,GILGFVFTL,swapped_1689,5,0.6804643,0.0
1297,GILGFVFTL,swapped_330,5,0.78045183,0.0
2860,GILGFVFTL,positive,5,0.98811483,1.0
49,GLCTLVAML,positive,5,0.6151117,1.0
6635,GILGFVFTL,swapped_5740,5,0.42224312,0.0
331,GILGFVFTL,positive,5,0.98744094,1.0
4991,GILGFVFTL,10x,5,0.26300997,0.0
4463,GILGFVFTL,positive,5,0.99310935,1.0
518,NLVPMVATV,10x,5,0.072102875,0.0
1244,NLVPMVATV,swapped_150,5,0.0013438534,0.0
4634,GILGFVFTL,10x,5,0.27075306,0.0
3172,FLYALALLL,10x,5,0.026885139,0.0
1379,LLFGYPVYV,swapped_341,5,0.4668891,0.0
2811,GILGFVFTL,positive,5,0.9979881,1.0
5544,GLCTLVAML,swapped_4336,5,1.0610932e-05,0.0
1056,GLCTLVAML,10x,5,0.00086943776,0.0
4613,GILGFVFTL,10x,5,0.51705766,0.0
696,GLCTLVAML,10x,5,0.08958091,0.0
4312,GILGFVFTL,positive,5,0.9942001,1.0
3893,NLVPMVATV,swapped_2933,5,0.0023514,0.0
4268,GLCTLVAML,positive,5,0.9892545,1.0
6611,FLYALALLL,swapped_5974,5,0.034617763,0.0
5071,NLVPMVATV,10x,5,0.0043793335,0.0
2869,GLCTLVAML,positive,5,0.7733497,1.0
3409,GILGFVFTL,10x,5,0.24114874,0.0
121,GILGFVFTL,positive,5,0.76323426,1.0
1243,RTLNAWVKV,swapped_320,5,0.0009138972,0.0
457,GILGFVFTL,10x,5,0.30305037,0.0
6216,GILGFVFTL,10x,5,0.77260035,0.0
2035,LLFGYPVYV,10x,5,0.029444579,0.0
2549,GILGFVFTL,swapped_1770,5,0.54034376,0.0
3542,GILGFVFTL,10x,5,0.30615667,0.0
4328,GILGFVFTL,positive,5,0.7390612,1.0
1428,GLCTLVAML,swapped_331,5,3.6321846e-05,0.0
2162,GILGFVFTL,10x,5,0.94436616,0.0
5109,NLVPMVATV,10x,5,0.7913368,0.0
3200,GILGFVFTL,10x,5,0.5752843,0.0
1778,GILGFVFTL,positive,5,0.98169035,1.0
2888,GILGFVFTL,positive,5,0.6835787,1.0
4905,GILGFVFTL,10x,5,0.96646744,0.0
2161,GILGFVFTL,10x,5,0.7206658,0.0
6316,GILGFVFTL,10x,5,0.71727264,0.0
684,GLCTLVAML,10x,5,0.00202811,0.0
1590,GILGFVFTL,positive,5,0.60175824,1.0
1164,GLCTLVAML,swapped_42,5,0.000797954,0.0
5697,GLCTLVAML,swapped_4538,5,0.32924205,0.0
754,GILGFVFTL,10x,5,0.96917546,0.0
661,SLFNTVATL,10x,5,0.46563664,0.0
3941,GLCTLVAML,swapped_2789,5,0.0033756706,0.0
576,GILGFVFTL,10x,5,0.31526372,0.0
2328,GILGFVFTL,10x,5,0.77796215,0.0
1131,GILGFVFTL,10x,5,0.6573452,0.0
2282,GLCTLVAML,10x,5,0.9798727,0.0
6124,GILGFVFTL,10x,5,0.91250825,0.0
1078,SLLMWITQV,10x,5,0.5213798,0.0
5418,NLVPMVATV,swapped_4521,5,7.755401e-05,0.0
3920,NLVPMVATV,swapped_3056,5,0.016486775,0.0
3333,FLYALALLL,10x,5,4.4844608e-05,0.0
2232,NLVPMVATV,10x,5,0.19132088,0.0
6183,GLCTLVAML,10x,5,0.0003800439,0.0
4464,NLVPMVATV,positive,5,0.9484033,1.0
336,GILGFVFTL,positive,5,0.97636783,1.0
593,FLYALALLL,10x,5,0.00013272795,0.0
1465,GLCTLVAML,swapped_35,5,0.13653018,0.0
341,GILGFVFTL,positive,5,0.2604077,1.0
1069,GILGFVFTL,10x,5,0.79306495,0.0
5432,RTLNAWVKV,swapped_4515,5,0.03926413,0.0
6166,GILGFVFTL,10x,5,0.64601064,0.0
6291,GILGFVFTL,10x,5,0.19793397,0.0
3751,NLVPMVATV,10x,5,0.3847472,0.0
309,GILGFVFTL,positive,5,0.9967801,1.0
2372,LLFGYPVYV,10x,5,0.26711378,0.0
1930,NLVPMVATV,10x,5,0.360034,0.0
3765,GILGFVFTL,10x,5,0.3526284,0.0
1727,GILGFVFTL,positive,5,0.9924117,1.0
4754,GLCTLVAML,10x,5,0.078415066,0.0
3028,GILGFVFTL,positive,5,0.7329013,1.0
4722,GILGFVFTL,10x,5,0.88023454,0.0
5345,SLLMWITQV,swapped_4178,5,0.407123,0.0
2588,GILGFVFTL,swapped_1739,5,0.27450088,0.0
2501,GLCTLVAML,swapped_1671,5,0.0030114658,0.0
5249,RTLNAWVKV,10x,5,0.62568706,0.0
235,GILGFVFTL,positive,5,0.94582456,1.0
5223,GILGFVFTL,10x,5,0.71607375,0.0
6443,GILGFVFTL,10x,5,0.30600637,0.0
3326,GILGFVFTL,10x,5,0.64923793,0.0
3705,FLYALALLL,10x,5,0.11712109,0.0
1020,GILGFVFTL,10x,5,0.42543396,0.0
6233,GILGFVFTL,10x,5,0.35707504,0.0
5722,GILGFVFTL,positive,5,0.9964439,1.0
5293,GILGFVFTL,10x,5,0.746848,0.0
5231,GLCTLVAML,10x,5,0.94254583,0.0
6664,NLVPMVATV,swapped_5720,5,0.60052246,0.0
628,GILGFVFTL,10x,5,0.5512539,0.0
5439,RMFPNAPYL,swapped_4365,5,0.8782157,0.0
2051,NLVPMVATV,10x,5,0.5844073,0.0
4445,GILGFVFTL,positive,5,0.86184055,1.0
393,GLCTLVAML,10x,5,0.23149507,0.0
6247,GILGFVFTL,10x,5,0.842132,0.0
1776,GILGFVFTL,positive,5,0.44455454,1.0
1690,GLCTLVAML,positive,5,0.8478341,1.0
5674,GILGFVFTL,swapped_4451,5,0.66480374,0.0
217,GILGFVFTL,positive,5,0.83719563,1.0
3741,GLCTLVAML,10x,5,0.009515581,0.0
4041,NLVPMVATV,swapped_2799,5,0.035105623,0.0
1474,NLVPMVATV,swapped_21,5,0.0032916227,0.0
203,GILGFVFTL,positive,5,0.3620851,1.0
2693,GILGFVFTL,swapped_1759,5,0.33071047,0.0
4780,GILGFVFTL,10x,5,0.45727786,0.0
5728,KTWGQYWQV,positive,5,0.62188756,1.0
1999,GILGFVFTL,10x,5,0.7712031,0.0
2269,GILGFVFTL,10x,5,0.61361194,0.0
485,GILGFVFTL,10x,5,0.49547935,0.0
2443,SLLMWITQV,swapped_1700,5,0.00501733,0.0
2798,GILGFVFTL,positive,5,0.99136645,1.0
5662,FLYALALLL,swapped_4431,5,0.00016284817,0.0
4451,IMDQVPFSV,positive,5,0.452534,1.0
42,GILGFVFTL,positive,5,0.9928075,1.0
1242,RTLNAWVKV,swapped_89,5,0.5213557,0.0
3921,NLVPMVATV,swapped_2977,5,6.9597404e-06,0.0
6167,RTLNAWVKV,10x,5,0.4873206,0.0
3222,GILGFVFTL,10x,5,0.42461225,0.0
263,GILGFVFTL,positive,5,0.8401704,1.0
3368,LLFGYPVYV,10x,5,0.70315367,0.0
3701,GILGFVFTL,10x,5,0.96610224,0.0
2430,GILGFVFTL,swapped_1547,5,0.298319,0.0
6148,GILGFVFTL,10x,5,0.32820806,0.0
4584,YLLEMLWRL,10x,5,0.13605236,0.0
5527,GLCTLVAML,swapped_4186,5,0.4332828,0.0
6844,SLFNTVATL,swapped_5870,5,1.7737301e-06,0.0
3685,GILGFVFTL,10x,5,0.8386778,0.0
5588,GILGFVFTL,swapped_4427,5,0.22026493,0.0
4360,GILGFVFTL,positive,5,0.5771802,1.0
1319,GLCTLVAML,swapped_251,5,0.0019953526,0.0
2296,GLCTLVAML,10x,5,0.34710374,0.0
918,GILGFVFTL,10x,5,0.3208112,0.0
4034,NLVPMVATV,swapped_2817,5,7.168991e-05,0.0
3732,GILGFVFTL,10x,5,0.38004184,0.0
869,GILGFVFTL,10x,5,0.69206977,0.0
3450,GILGFVFTL,10x,5,0.2475323,0.0
931,MLDLQPETT,10x,5,0.4932196,0.0
1349,RTLNAWVKV,swapped_121,5,0.5426289,0.0
3674,GILGFVFTL,10x,5,0.650907,0.0
2525,RMFPNAPYL,swapped_1595,5,0.54023695,0.0
3869,NLVPMVATV,swapped_2989,5,5.1358882e-05,0.0
1210,GILGFVFTL,swapped_339,5,0.23192771,0.0
5452,NLVPMVATV,swapped_4219,5,0.18010321,0.0
4273,GILGFVFTL,positive,5,0.99697137,1.0
2670,GLCTLVAML,swapped_1623,5,3.2143123e-06,0.0
3567,NLVPMVATV,10x,5,0.21474351,0.0
5598,SLLMWITQV,swapped_4214,5,2.2837621e-05,0.0
690,SLFNTVATL,10x,5,0.025939688,0.0
2882,GILGFVFTL,positive,5,0.9180002,1.0
3252,GLCTLVAML,10x,5,0.017533157,0.0
594,FLYALALLL,10x,5,0.00014436583,0.0
1087,GILGFVFTL,10x,5,0.8854285,0.0
6178,NLVPMVATV,10x,5,0.5429511,0.0
187,GILGFVFTL,positive,5,0.99703526,1.0
5720,GILGFVFTL,positive,5,0.3180623,1.0
2446,GILGFVFTL,swapped_1552,5,0.3950075,0.0
2090,GILGFVFTL,10x,5,0.53904325,0.0
2486,GLCTLVAML,swapped_1702,5,3.2821317e-06,0.0
4951,KTWGQYWQV,10x,5,0.5985203,0.0
5057,GILGFVFTL,10x,5,0.39381146,0.0
1600,GILGFVFTL,positive,5,0.3844473,1.0
6445,GILGFVFTL,10x,5,0.83614826,0.0
6493,GILGFVFTL,10x,5,0.3660504,0.0
4873,NLVPMVATV,10x,5,0.3606381,0.0
4566,GILGFVFTL,10x,5,0.748587,0.0
3096,GILGFVFTL,10x,5,0.30038327,0.0
2511,GLCTLVAML,swapped_1672,5,0.0032443085,0.0
3538,GILGFVFTL,10x,5,0.63295627,0.0
3770,GILGFVFTL,10x,5,0.42271078,0.0
2859,GILGFVFTL,positive,5,0.80505913,1.0
1672,GILGFVFTL,positive,5,0.889269,1.0
1233,GLCTLVAML,swapped_86,5,7.196178e-06,0.0
3581,NLVPMVATV,10x,5,0.26033702,0.0
4802,GILGFVFTL,10x,5,0.24968752,0.0
5308,NLVPMVATV,10x,5,0.03330609,0.0
5178,GILGFVFTL,10x,5,0.3709343,0.0
3873,MLDLQPETT,swapped_3047,5,0.2513049,0.0
5144,GILGFVFTL,10x,5,0.94901574,0.0
6854,GLCTLVAML,swapped_5935,5,0.00094208046,0.0
196,GILGFVFTL,positive,5,0.9557338,1.0
1340,GLCTLVAML,swapped_167,5,0.002254847,0.0
1279,GLCTLVAML,swapped_34,5,9.0688256e-05,0.0
6812,GLCTLVAML,swapped_5748,5,0.0032031531,0.0
1226,NLVPMVATV,swapped_160,5,0.00041896818,0.0
2203,GILGFVFTL,10x,5,0.43023762,0.0
1749,GILGFVFTL,positive,5,0.71860296,1.0
736,GILGFVFTL,10x,5,0.4050214,0.0
3084,GLCTLVAML,10x,5,0.0062628975,0.0
5532,GLCTLVAML,swapped_4509,5,0.073332965,0.0
4485,GILGFVFTL,positive,5,0.2455352,1.0
5128,CLGGLLTMV,10x,5,0.509867,0.0
4063,NLVPMVATV,swapped_2901,5,0.38809893,0.0
6692,NLVPMVATV,swapped_5903,5,0.00024598904,0.0
3598,GILGFVFTL,10x,5,0.85076606,0.0
2592,RTLNAWVKV,swapped_1713,5,0.43620843,0.0
4222,GILGFVFTL,positive,5,0.9976305,1.0
5686,RMFPNAPYL,swapped_4295,5,0.00013239146,0.0
4292,GILGFVFTL,positive,5,0.7835767,1.0
887,GLCTLVAML,10x,5,0.002011298,0.0
5667,GLCTLVAML,swapped_4396,5,0.00011132756,0.0
911,GILGFVFTL,10x,5,0.29528862,0.0
2088,GILGFVFTL,10x,5,0.81792104,0.0
2398,RMFPNAPYL,10x,5,0.3981782,0.0
2923,GILGFVFTL,positive,5,0.42156246,1.0
785,GLCTLVAML,10x,5,0.01427215,0.0
3998,GILGFVFTL,swapped_2944,5,0.607364,0.0
6487,CLGGLLTMV,10x,5,0.00022130346,0.0
1289,NLVPMVATV,swapped_187,5,0.073441945,0.0
5038,GILGFVFTL,10x,5,0.28597245,0.0
4315,GILGFVFTL,positive,5,0.806555,1.0
3648,GILGFVFTL,10x,5,0.666006,0.0
151,GILGFVFTL,positive,5,0.9848029,1.0
4413,GILGFVFTL,positive,5,0.9984699,1.0
5650,NLVPMVATV,swapped_4499,5,1.5941e-05,0.0
3954,GLCTLVAML,swapped_2851,5,0.3893263,0.0
1671,GILGFVFTL,positive,5,0.4989293,1.0
4521,GILGFVFTL,positive,5,0.98352283,1.0
1389,GILGFVFTL,swapped_18,5,0.22064503,0.0
6104,GILGFVFTL,10x,5,0.9820462,0.0
1390,GILGFVFTL,swapped_273,5,0.15669423,0.0
3657,GILGFVFTL,10x,5,0.40514147,0.0
2979,GILGFVFTL,positive,5,0.99855965,1.0
4435,GILGFVFTL,positive,5,0.49848446,1.0
1399,GLCTLVAML,swapped_151,5,5.09082e-06,0.0
5405,GILGFVFTL,swapped_4505,5,0.2872464,0.0
5430,NLVPMVATV,swapped_4356,5,0.00022048419,0.0
3155,GILGFVFTL,10x,5,0.42948055,0.0
2591,LLFGYPVYV,swapped_1564,5,0.61252874,0.0
4874,GILGFVFTL,10x,5,0.92578816,0.0
3887,SLFNTVATL,swapped_2860,5,3.4934837e-06,0.0
1949,GILGFVFTL,10x,5,0.7379732,0.0
1522,LLFGYPVYV,swapped_186,5,0.6512657,0.0
3219,GILGFVFTL,10x,5,0.76194185,0.0
247,GILGFVFTL,positive,5,0.9976599,1.0
1250,GLCTLVAML,swapped_312,5,1.1741158e-06,0.0
1627,GILGFVFTL,positive,5,0.9960989,1.0
3312,GILGFVFTL,10x,5,0.9499619,0.0
2761,GILGFVFTL,positive,5,0.95421654,1.0
6865,GILGFVFTL,swapped_5776,5,0.35942578,0.0
1596,GILGFVFTL,positive,5,0.7575978,1.0
4367,GLCTLVAML,positive,5,0.22048454,1.0
6660,GILGFVFTL,swapped_5790,5,0.29630756,0.0
1127,GILGFVFTL,10x,5,0.80492073,0.0
6309,GLCTLVAML,10x,5,0.0027263074,0.0
6903,RTLNAWVKV,swapped_5717,5,0.0021950535,0.0
167,GILGFVFTL,positive,5,0.68883425,1.0
689,GLCTLVAML,10x,5,0.0011461065,0.0
160,GILGFVFTL,positive,5,0.99539244,1.0
2974,GILGFVFTL,positive,5,0.77003676,1.0
1809,GLCTLVAML,positive,5,0.8331303,1.0
1075,GILGFVFTL,10x,5,0.50369126,0.0
5878,LLFGYPVYV,positive,5,0.67171186,1.0
1329,NLVPMVATV,swapped_55,5,0.6011333,0.0
4056,RMFPNAPYL,swapped_2853,5,0.00078421296,0.0
339,GLCTLVAML,positive,5,0.9965875,1.0
3489,GILGFVFTL,10x,5,0.2093844,0.0
480,GILGFVFTL,10x,5,0.77810866,0.0
65,NLVPMVATV,positive,5,0.1353358,1.0
3493,GLCTLVAML,10x,5,0.00011524407,0.0
5436,IMDQVPFSV,swapped_4374,5,0.0009940644,0.0
949,GILGFVFTL,10x,5,0.72358465,0.0
283,GILGFVFTL,positive,5,0.994649,1.0
4787,GILGFVFTL,10x,5,0.25824556,0.0
5465,NLVPMVATV,swapped_4328,5,0.2585765,0.0
1469,GLCTLVAML,swapped_290,5,0.00013196871,0.0
1420,GILGFVFTL,swapped_171,5,0.36706254,0.0
5481,GLCTLVAML,swapped_4485,5,0.9576896,0.0
1902,GILGFVFTL,10x,5,0.3696666,0.0
751,GILGFVFTL,10x,5,0.31887466,0.0
2494,GILGFVFTL,swapped_1592,5,0.32938203,0.0
3008,GLCTLVAML,positive,5,0.8904394,1.0
3271,GILGFVFTL,10x,5,0.5733487,0.0
1675,FLYALALLL,positive,5,0.9951624,1.0
2247,GILGFVFTL,10x,5,0.48915875,0.0
5466,GLCTLVAML,swapped_4435,5,0.080507286,0.0
4555,GILGFVFTL,positive,5,0.19887275,1.0
6898,GLCTLVAML,swapped_5731,5,4.827976e-05,0.0
5029,NLVPMVATV,10x,5,0.02627938,0.0
1117,GILGFVFTL,10x,5,0.3501207,0.0
830,GILGFVFTL,10x,5,0.4555441,0.0
2977,GILGFVFTL,positive,5,0.9975579,1.0
5096,NLVPMVATV,10x,5,0.014334429,0.0
6609,GILGFVFTL,10x,5,0.5481532,0.0
671,GILGFVFTL,10x,5,0.823234,0.0
2116,GILGFVFTL,10x,5,0.33357936,0.0
1964,GILGFVFTL,10x,5,0.97873527,0.0
1093,GILGFVFTL,10x,5,0.7297679,0.0
588,NLVPMVATV,10x,5,0.11775928,0.0
3870,LLFGYPVYV,swapped_2916,5,0.00011585701,0.0
1085,NLVPMVATV,10x,5,0.24290377,0.0
2508,MLDLQPETT,swapped_1596,5,0.6159388,0.0
539,GILGFVFTL,10x,5,0.42377007,0.0
1091,GILGFVFTL,10x,5,0.56113267,0.0
3603,GILGFVFTL,10x,5,0.33783674,0.0
3378,GILGFVFTL,10x,5,0.49051654,0.0
4911,LLFGYPVYV,10x,5,0.6967453,0.0
2792,GILGFVFTL,positive,5,0.99851745,1.0
3591,NLVPMVATV,10x,5,0.8665188,0.0
2231,RTLNAWVKV,10x,5,0.49921885,0.0
6391,GILGFVFTL,10x,5,0.66743535,0.0
5637,NLVPMVATV,swapped_4274,5,0.5277127,0.0
5424,NLVPMVATV,swapped_4267,5,1.8923722e-05,0.0
812,GILGFVFTL,10x,5,0.29944256,0.0
6338,GILGFVFTL,10x,5,0.90691125,0.0
4015,NLVPMVATV,swapped_2898,5,0.6509958,0.0
2711,GILGFVFTL,positive,5,0.96534157,1.0
1521,FLYALALLL,swapped_103,5,1.8956566e-06,0.0
369,GILGFVFTL,positive,5,0.9911006,1.0
3823,GLCTLVAML,swapped_2731,5,1.0276855e-06,0.0
4048,KTWGQYWQV,swapped_2788,5,6.2733765e-05,0.0
5935,GILGFVFTL,positive,5,0.79994047,1.0
1742,GILGFVFTL,positive,5,0.99772745,1.0
4737,GILGFVFTL,10x,5,0.8574654,0.0
5067,GILGFVFTL,10x,5,0.4523299,0.0
2297,GILGFVFTL,10x,5,0.7305714,0.0
3775,GILGFVFTL,10x,5,0.5732702,0.0
4749,GILGFVFTL,10x,5,0.3296129,0.0
4236,GLCTLVAML,positive,5,0.04365329,1.0
418,GLCTLVAML,10x,5,0.15922984,0.0
2492,KTWGQYWQV,swapped_1709,5,0.0043580537,0.0
5740,GLCTLVAML,positive,5,0.26329947,1.0
5630,GLCTLVAML,swapped_4215,5,9.19962e-06,0.0
5906,GILGFVFTL,positive,5,0.97809166,1.0
676,GILGFVFTL,10x,5,0.34167445,0.0
3756,GILGFVFTL,10x,5,0.92294884,0.0
3098,GILGFVFTL,10x,5,0.38770068,0.0
5363,GLCTLVAML,swapped_4312,5,3.7153266e-06,0.0
1875,GILGFVFTL,10x,5,0.40763357,0.0
5508,NLVPMVATV,swapped_4375,5,5.4403023e-05,0.0
3410,GLCTLVAML,10x,5,0.018550701,0.0
3400,SLLMWITQV,10x,5,0.036507368,0.0
6531,GILGFVFTL,10x,5,0.8574647,0.0
3653,GILGFVFTL,10x,5,0.46836132,0.0
210,GLCTLVAML,positive,5,0.929517,1.0
2912,FLYALALLL,positive,5,0.1429164,1.0
1890,GLCTLVAML,10x,5,0.014980133,0.0
3100,GILGFVFTL,10x,5,0.52207613,0.0
4839,NLVPMVATV,10x,5,0.29686645,0.0
5816,NLVPMVATV,positive,5,0.9782963,1.0
6063,RTLNAWVKV,10x,5,0.44453177,0.0
3848,GLCTLVAML,swapped_2973,5,9.885389e-07,0.0
4719,GILGFVFTL,10x,5,0.79279023,0.0
4870,GILGFVFTL,10x,5,0.3149834,0.0
193,GILGFVFTL,positive,5,0.6205436,1.0
3576,GILGFVFTL,10x,5,0.6685401,0.0
2274,GILGFVFTL,10x,5,0.6027518,0.0
3743,GILGFVFTL,10x,5,0.33602023,0.0
5776,GLCTLVAML,positive,5,0.5893677,1.0
1214,NLVPMVATV,swapped_241,5,0.0144028915,0.0
6819,NLVPMVATV,swapped_5937,5,0.00011484047,0.0
47,GILGFVFTL,positive,5,0.27763963,1.0
504,GILGFVFTL,10x,5,0.32452896,0.0
5870,GILGFVFTL,positive,5,0.9953395,1.0
3215,GILGFVFTL,10x,5,0.8159206,0.0
3641,GILGFVFTL,10x,5,0.23751925,0.0
169,NLVPMVATV,positive,5,0.21615945,1.0
2827,GILGFVFTL,positive,5,0.35369885,1.0
975,GILGFVFTL,10x,5,0.30643716,0.0
4891,GILGFVFTL,10x,5,0.45871374,0.0
2962,GILGFVFTL,positive,5,0.9857401,1.0
421,LLFGYPVYV,10x,5,0.6038715,0.0
6302,NLVPMVATV,10x,5,0.1340698,0.0
3992,NLVPMVATV,swapped_2739,5,3.728834e-05,0.0
2518,GILGFVFTL,swapped_1809,5,0.2526833,0.0
1773,GILGFVFTL,positive,5,0.3333005,1.0
1726,GILGFVFTL,positive,5,0.38638744,1.0
6853,GLCTLVAML,swapped_5906,5,2.826732e-05,0.0
1702,GILGFVFTL,positive,5,0.998667,1.0
6169,GILGFVFTL,10x,5,0.48397517,0.0
3240,GILGFVFTL,10x,5,0.41183227,0.0
5875,GILGFVFTL,positive,5,0.96429527,1.0
565,GILGFVFTL,10x,5,0.6594919,0.0
1770,NLVPMVATV,positive,5,0.37022623,1.0
111,GILGFVFTL,positive,5,0.99131525,1.0
4129,GLCTLVAML,swapped_2711,5,0.5359136,0.0
1118,GILGFVFTL,10x,5,0.54347044,0.0
5080,GILGFVFTL,10x,5,0.31586814,0.0
5597,GILGFVFTL,swapped_4464,5,0.27059302,0.0
1843,GILGFVFTL,10x,5,0.23560229,0.0
5965,GILGFVFTL,positive,5,0.994263,1.0
4818,NLVPMVATV,10x,5,0.67707527,0.0
6100,GILGFVFTL,10x,5,0.70528615,0.0
6437,GILGFVFTL,10x,5,0.24691287,0.0
4029,FLYALALLL,swapped_3022,5,0.11153884,0.0
1510,YLLEMLWRL,swapped_137,5,0.5750349,0.0
6802,MLDLQPETT,swapped_5979,5,0.00012928752,0.0
6523,GILGFVFTL,10x,5,0.6827084,0.0
55,GLCTLVAML,positive,5,0.77188015,1.0
6592,GILGFVFTL,10x,5,0.5411026,0.0
4830,GLCTLVAML,10x,5,0.37231913,0.0
3779,GILGFVFTL,10x,5,0.7110877,0.0
5191,GLCTLVAML,10x,5,0.0046594427,0.0
1766,GILGFVFTL,positive,5,0.92769766,1.0
3101,GILGFVFTL,10x,5,0.3686414,0.0
505,NLVPMVATV,10x,5,0.5195747,0.0
6719,GILGFVFTL,swapped_5878,5,0.31395805,0.0
2551,GILGFVFTL,swapped_1777,5,0.82770383,0.0
6360,GILGFVFTL,10x,5,0.6159465,0.0
6687,GILGFVFTL,swapped_5930,5,0.19543295,0.0
1929,GILGFVFTL,10x,5,0.3058914,0.0
3698,GILGFVFTL,10x,5,0.31667086,0.0
2683,FLYALALLL,swapped_1693,5,4.8553893e-06,0.0
2901,GILGFVFTL,positive,5,0.6916234,1.0
542,GILGFVFTL,10x,5,0.47113538,0.0
883,GILGFVFTL,10x,5,0.8039293,0.0
1144,GLCTLVAML,swapped_249,5,0.00012344823,0.0
491,NLVPMVATV,10x,5,0.4467167,0.0
1170,GLCTLVAML,swapped_193,5,0.559175,0.0
3586,GLCTLVAML,10x,5,0.23786893,0.0
987,NLVPMVATV,10x,5,0.19933908,0.0
6715,GLCTLVAML,swapped_5990,5,8.8406864e-07,0.0
3106,NLVPMVATV,10x,5,0.0045054876,0.0
5748,GILGFVFTL,positive,5,0.8876044,1.0
6889,YLLEMLWRL,swapped_5969,5,0.10229387,0.0
2444,GILGFVFTL,swapped_1686,5,0.37227625,0.0
3181,GILGFVFTL,10x,5,0.38682845,0.0
5401,NLVPMVATV,swapped_4413,5,1.51670265e-05,0.0
5606,GILGFVFTL,swapped_4471,5,0.33719036,0.0
145,GILGFVFTL,positive,5,0.937109,1.0
4165,NLVPMVATV,swapped_2823,5,0.0001551496,0.0
2432,GILGFVFTL,swapped_1714,5,0.54577047,0.0
2832,GILGFVFTL,positive,5,0.9916843,1.0
5132,GILGFVFTL,10x,5,0.26303166,0.0
4962,GILGFVFTL,10x,5,0.4800782,0.0
3717,GILGFVFTL,10x,5,0.640706,0.0
3911,GLCTLVAML,swapped_2979,5,2.3129312e-06,0.0
171,MLDLQPETT,positive,5,0.5118698,1.0
1168,GLCTLVAML,swapped_287,5,1.7014685e-05,0.0
3999,GILGFVFTL,swapped_2869,5,0.27126765,0.0
6575,GILGFVFTL,10x,5,0.9406909,0.0
268,GILGFVFTL,positive,5,0.48311502,1.0
1387,NLVPMVATV,swapped_96,5,0.81131685,0.0
3022,GILGFVFTL,positive,5,0.19942354,1.0
5105,GILGFVFTL,10x,5,0.8141672,0.0
4003,GLCTLVAML,swapped_2884,5,0.09782085,0.0
2032,GILGFVFTL,10x,5,0.91765225,0.0
1393,KLQCVDLHV,swapped_349,5,0.55846864,0.0
2794,GILGFVFTL,positive,5,0.9491069,1.0
4580,GILGFVFTL,10x,5,0.7820026,0.0
155,GILGFVFTL,positive,5,0.9962586,1.0
6773,NLVPMVATV,swapped_5871,5,0.00025538282,0.0
249,GILGFVFTL,positive,5,0.9955065,1.0
1677,GILGFVFTL,positive,5,0.85809183,1.0
3361,GLCTLVAML,10x,5,0.015352577,0.0
6131,SLLMWITQV,10x,5,0.3794571,0.0
4944,GILGFVFTL,10x,5,0.935699,0.0
5278,GILGFVFTL,10x,5,0.3119214,0.0
4119,GLCTLVAML,swapped_2781,5,5.8973394e-05,0.0
1115,GILGFVFTL,10x,5,0.6887685,0.0
1981,GLCTLVAML,10x,5,0.11831304,0.0
5448,GLCTLVAML,swapped_4240,5,0.00016096796,0.0
5314,RTLNAWVKV,10x,5,0.88348866,0.0
2793,GILGFVFTL,positive,5,0.998882,1.0
5116,GILGFVFTL,10x,5,0.44618508,0.0
1339,GLCTLVAML,swapped_354,5,3.172207e-05,0.0
5215,MLDLQPETT,10x,5,0.52175874,0.0
3056,GILGFVFTL,positive,5,0.9494941,1.0
5903,GILGFVFTL,positive,5,0.99613744,1.0
2393,GILGFVFTL,10x,5,0.9503068,0.0
2830,GILGFVFTL,positive,5,0.917792,1.0
4619,GILGFVFTL,10x,5,0.3601883,0.0
5932,GILGFVFTL,positive,5,0.4576011,1.0
