2515,NLVPMVATV,swapped_1727,5,0.004963858,0.0
2882,GILGFVFTL,positive,5,0.99926215,1.0
3272,GILGFVFTL,10x,5,0.059398193,0.0
6819,NLVPMVATV,swapped_5937,5,3.5024004e-06,0.0
3603,GILGFVFTL,10x,5,0.11143036,0.0
987,NLVPMVATV,10x,5,0.4240337,0.0
3671,GILGFVFTL,10x,5,0.15871036,0.0
2319,NLVPMVATV,10x,5,0.36198103,0.0
4201,GILGFVFTL,positive,5,0.2719831,1.0
3812,GLCTLVAML,swapped_3039,5,2.3750086e-05,0.0
1179,GILGFVFTL,swapped_132,5,0.21324271,0.0
3308,GILGFVFTL,10x,5,0.35007033,0.0
6001,GLCTLVAML,positive,5,0.5253257,1.0
6400,GILGFVFTL,10x,5,0.2571184,0.0
171,MLDLQPETT,positive,5,0.4569246,1.0
2512,NLVPMVATV,swapped_1766,5,0.0035952642,0.0
2859,GILGFVFTL,positive,5,0.95764387,1.0
3250,GLCTLVAML,10x,5,0.30268407,0.0
3347,GILGFVFTL,10x,5,0.14412016,0.0
3586,GLCTLVAML,10x,5,0.32764402,0.0
2147,GILGFVFTL,10x,5,0.2675588,0.0
6101,GILGFVFTL,10x,5,0.37342772,0.0
3910,GLCTLVAML,swapped_2698,5,0.5231923,0.0
6612,GLCTLVAML,swapped_5875,5,3.577734e-05,0.0
1226,NLVPMVATV,swapped_160,5,3.4286659e-06,0.0
4267,GILGFVFTL,positive,5,0.99993515,1.0
1521,FLYALALLL,swapped_103,5,5.07514e-07,0.0
1714,NLVPMVATV,positive,5,0.35996613,1.0
3409,GILGFVFTL,10x,5,0.06568718,0.0
187,GILGFVFTL,positive,5,0.99547994,1.0
330,LLFGYPVYV,positive,5,0.4569246,1.0
5868,GILGFVFTL,positive,5,0.6199224,1.0
485,GILGFVFTL,10x,5,0.1737667,0.0
6363,GILGFVFTL,10x,5,0.23837389,0.0
4281,GILGFVFTL,positive,5,0.9996582,1.0
480,GILGFVFTL,10x,5,0.35041785,0.0
1809,GLCTLVAML,positive,5,0.34714007,1.0
676,GILGFVFTL,10x,5,0.2579817,0.0
5191,GLCTLVAML,10x,5,0.308726,0.0
6639,GLCTLVAML,swapped_5732,5,2.1200196e-06,0.0
5112,GILGFVFTL,10x,5,0.20001334,0.0
3992,NLVPMVATV,swapped_2739,5,0.00017011425,0.0
2830,GILGFVFTL,positive,5,0.28991213,1.0
4463,GILGFVFTL,positive,5,0.9998362,1.0
6827,GLCTLVAML,swapped_5769,5,0.0007196022,0.0
734,SLLMWITQV,10x,5,0.4088059,0.0
526,GILGFVFTL,10x,5,0.19505236,0.0
4850,GILGFVFTL,10x,5,0.19872817,0.0
5876,GLCTLVAML,positive,5,0.4448726,1.0
2361,GILGFVFTL,10x,5,0.2219601,0.0
4365,GILGFVFTL,positive,5,0.29111418,1.0
3970,GILGFVFTL,swapped_2804,5,0.12462878,0.0
1370,KVAELVHFL,swapped_323,5,0.4174887,0.0
191,GILGFVFTL,positive,5,0.99317694,1.0
968,GILGFVFTL,10x,5,0.61839616,0.0
3169,GILGFVFTL,10x,5,0.26126614,0.0
4661,GILGFVFTL,10x,5,0.34347388,0.0
3195,GILGFVFTL,10x,5,0.361104,0.0
6261,GILGFVFTL,10x,5,0.18876615,0.0
2635,RTLNAWVKV,swapped_1800,5,0.3198201,0.0
2477,GILGFVFTL,swapped_1704,5,0.13931043,0.0
460,GLCTLVAML,10x,5,0.22175612,0.0
1547,GLCTLVAML,positive,5,0.9266254,1.0
5197,GILGFVFTL,10x,5,0.18850203,0.0
1700,GILGFVFTL,positive,5,0.98739094,1.0
2459,GLCTLVAML,swapped_1790,5,0.25499368,0.0
2430,GILGFVFTL,swapped_1547,5,0.041568853,0.0
5116,GILGFVFTL,10x,5,0.1496365,0.0
6305,GILGFVFTL,10x,5,0.20488039,0.0
1144,GLCTLVAML,swapped_249,5,2.4952422e-07,0.0
2464,GLCTLVAML,swapped_1778,5,8.29207e-05,0.0
667,LLFGYPVYV,10x,5,0.45449457,0.0
6402,GILGFVFTL,10x,5,0.42281452,0.0
1283,GLCTLVAML,swapped_145,5,0.034796543,0.0
5790,FLYALALLL,positive,5,0.8801784,1.0
6436,GILGFVFTL,10x,5,0.075705655,0.0
1093,GILGFVFTL,10x,5,0.4296689,0.0
5945,GILGFVFTL,positive,5,0.97813076,1.0
35,GILGFVFTL,positive,5,0.6763426,1.0
4719,GILGFVFTL,10x,5,0.36673403,0.0
2676,GILGFVFTL,swapped_1737,5,0.32772538,0.0
5656,FLYALALLL,swapped_4360,5,6.286869e-05,0.0
5543,RTLNAWVKV,swapped_4257,5,0.16327204,0.0
2973,GILGFVFTL,positive,5,0.99964035,1.0
1864,GILGFVFTL,10x,5,0.18015996,0.0
1060,GILGFVFTL,10x,5,0.046255115,0.0
628,GILGFVFTL,10x,5,0.5214566,0.0
5181,GILGFVFTL,10x,5,0.2812226,0.0
1393,KLQCVDLHV,swapped_349,5,0.6972528,0.0
5731,GILGFVFTL,positive,5,0.975513,1.0
5989,GLCTLVAML,positive,5,0.27623007,1.0
2273,NLVPMVATV,10x,5,0.3680906,0.0
3271,GILGFVFTL,10x,5,0.05571109,0.0
1272,GLCTLVAML,swapped_309,5,3.4826024e-07,0.0
2094,GLCTLVAML,10x,5,0.21650401,0.0
2823,GILGFVFTL,positive,5,0.999871,1.0
6844,SLFNTVATL,swapped_5870,5,1.7121849e-06,0.0
1121,NLVPMVATV,10x,5,0.3495881,0.0
3376,GILGFVFTL,10x,5,0.49157324,0.0
268,GILGFVFTL,positive,5,0.69029117,1.0
3918,GLCTLVAML,swapped_2790,5,0.004611837,0.0
3075,GILGFVFTL,10x,5,0.2407885,0.0
3160,RMFPNAPYL,10x,5,0.41447887,0.0
5096,NLVPMVATV,10x,5,0.016010335,0.0
341,GILGFVFTL,positive,5,0.06741687,1.0
754,GILGFVFTL,10x,5,0.3449224,0.0
6703,GILGFVFTL,swapped_6001,5,0.0681656,0.0
6339,GILGFVFTL,10x,5,0.08300843,0.0
3824,GLCTLVAML,swapped_2999,5,5.5514856e-06,0.0
6083,GILGFVFTL,10x,5,0.20166478,0.0
186,FLYALALLL,positive,5,0.8905963,1.0
936,GILGFVFTL,10x,5,0.40208566,0.0
349,GILGFVFTL,positive,5,0.1691925,1.0
757,GLCTLVAML,10x,5,0.29257712,0.0
2162,GILGFVFTL,10x,5,0.8066257,0.0
2328,GILGFVFTL,10x,5,0.27471918,0.0
3956,NLVPMVATV,swapped_3028,5,0.057411,0.0
4336,GILGFVFTL,positive,5,0.9962645,1.0
5597,GILGFVFTL,swapped_4464,5,0.44408482,0.0
986,GILGFVFTL,10x,5,0.15795304,0.0
3022,GILGFVFTL,positive,5,0.19272047,1.0
613,GILGFVFTL,10x,5,0.1362992,0.0
3345,GLCTLVAML,10x,5,0.31937584,0.0
352,GILGFVFTL,positive,5,0.3808065,1.0
6366,GILGFVFTL,10x,5,0.16839398,0.0
2577,NLVPMVATV,swapped_1802,5,0.00038831777,0.0
289,GILGFVFTL,positive,5,0.99989724,1.0
4906,GILGFVFTL,10x,5,0.15878624,0.0
1126,GILGFVFTL,10x,5,0.2660786,0.0
5288,GILGFVFTL,10x,5,0.10316764,0.0
1403,GLCTLVAML,swapped_235,5,7.2870057e-06,0.0
5981,GILGFVFTL,positive,5,0.1763507,1.0
6790,KTWGQYWQV,swapped_5792,5,0.4569246,0.0
1930,NLVPMVATV,10x,5,0.39798218,0.0
169,NLVPMVATV,positive,5,0.3622446,1.0
3971,GLCTLVAML,swapped_2831,5,9.312295e-06,0.0
2989,GILGFVFTL,positive,5,0.9999392,1.0
627,GLCTLVAML,10x,5,0.30023256,0.0
3524,GILGFVFTL,10x,5,0.22255531,0.0
2977,GILGFVFTL,positive,5,0.99990296,1.0
3760,NLVPMVATV,10x,5,0.57783645,0.0
60,GILGFVFTL,positive,5,0.9849155,1.0
1340,GLCTLVAML,swapped_167,5,0.082622625,0.0
5937,GILGFVFTL,positive,5,0.9999492,1.0
3576,GILGFVFTL,10x,5,0.20399094,0.0
263,GILGFVFTL,positive,5,0.88131416,1.0
1510,YLLEMLWRL,swapped_137,5,0.36319965,0.0
1041,GLCTLVAML,10x,5,2.8362976e-07,0.0
1244,NLVPMVATV,swapped_150,5,7.815225e-06,0.0
6148,GILGFVFTL,10x,5,0.16478679,0.0
3150,GLCTLVAML,10x,5,0.57963973,0.0
1964,GILGFVFTL,10x,5,0.1276399,0.0
4858,GILGFVFTL,10x,5,0.24466632,0.0
1679,GILGFVFTL,positive,5,0.99466574,1.0
2828,FLYALALLL,positive,5,0.6343366,1.0
1843,GILGFVFTL,10x,5,0.13543662,0.0
5748,GILGFVFTL,positive,5,0.71464854,1.0
4853,GILGFVFTL,10x,5,0.31352758,0.0
4662,GILGFVFTL,10x,5,0.26193577,0.0
6664,NLVPMVATV,swapped_5720,5,0.690536,0.0
3096,GILGFVFTL,10x,5,0.2908994,0.0
1215,NLVPMVATV,swapped_257,5,0.084236905,0.0
55,GLCTLVAML,positive,5,0.34494475,1.0
6151,GILGFVFTL,10x,5,0.15658496,0.0
542,GILGFVFTL,10x,5,0.46596068,0.0
1205,GLCTLVAML,swapped_369,5,5.856924e-06,0.0
1623,GILGFVFTL,positive,5,0.9935743,1.0
6147,GILGFVFTL,10x,5,0.37687966,0.0
2349,GILGFVFTL,10x,5,0.47424224,0.0
2938,GILGFVFTL,positive,5,0.9952107,1.0
3489,GILGFVFTL,10x,5,0.07399016,0.0
3953,NLVPMVATV,swapped_2746,5,0.365813,0.0
736,GILGFVFTL,10x,5,0.13749635,0.0
3056,GILGFVFTL,positive,5,0.99436414,1.0
5109,NLVPMVATV,10x,5,0.51140976,0.0
5042,GILGFVFTL,10x,5,0.29883015,0.0
963,RTLNAWVKV,10x,5,0.4569246,0.0
4787,GILGFVFTL,10x,5,0.3186468,0.0
1274,LLFGYPVYV,swapped_263,5,0.09036058,0.0
2817,GILGFVFTL,positive,5,0.999894,1.0
2509,GILGFVFTL,swapped_1736,5,0.08271805,0.0
3594,GILGFVFTL,10x,5,0.13683498,0.0
49,GLCTLVAML,positive,5,0.73881876,1.0
2691,NLVPMVATV,swapped_1600,5,0.36299524,0.0
457,GILGFVFTL,10x,5,0.2518848,0.0
251,RMFPNAPYL,positive,5,0.37601095,1.0
348,GILGFVFTL,positive,5,0.30131373,1.0
1337,GILGFVFTL,swapped_156,5,0.63296574,0.0
890,GILGFVFTL,10x,5,0.14788386,0.0
5664,GLCTLVAML,swapped_4546,5,2.1174402e-07,0.0
4090,GLCTLVAML,swapped_3019,5,5.0093297e-07,0.0
2916,GILGFVFTL,positive,5,0.9997787,1.0
3112,NLVPMVATV,10x,5,0.29430956,0.0
3983,KVLEYVIKV,swapped_2888,5,0.45446742,0.0
622,KTWGQYWQV,10x,5,0.4569246,0.0
2781,GILGFVFTL,positive,5,0.99639314,1.0
3332,GILGFVFTL,10x,5,0.19842996,0.0
242,GILGFVFTL,positive,5,0.9963313,1.0
2368,GILGFVFTL,10x,5,0.18380783,0.0
704,GLCTLVAML,10x,5,0.4747186,0.0
661,SLFNTVATL,10x,5,0.41186166,0.0
854,GLCTLVAML,10x,5,0.37185743,0.0
160,GILGFVFTL,positive,5,0.9998946,1.0
4390,GILGFVFTL,positive,5,0.992646,1.0
3591,NLVPMVATV,10x,5,0.6584877,0.0
5662,FLYALALLL,swapped_4431,5,0.06374033,0.0
2869,GLCTLVAML,positive,5,0.47313458,1.0
3355,GILGFVFTL,10x,5,0.20265208,0.0
6670,NLVPMVATV,swapped_5946,5,0.12472991,0.0
5192,GILGFVFTL,10x,5,0.310609,0.0
1302,LLFGYPVYV,swapped_227,5,0.29707152,0.0
3181,GILGFVFTL,10x,5,0.20053308,0.0
73,KVLEYVIKV,positive,5,0.43809673,1.0
4905,GILGFVFTL,10x,5,0.1640391,0.0
3240,GILGFVFTL,10x,5,0.2250457,0.0
4168,GILGFVFTL,swapped_2897,5,0.07329878,0.0
1381,NLVPMVATV,swapped_289,5,3.4136835e-06,0.0
5026,GILGFVFTL,10x,5,0.42409855,0.0
6898,GLCTLVAML,swapped_5731,5,0.012035594,0.0
6335,GILGFVFTL,10x,5,0.09058709,0.0
2467,GLCTLVAML,swapped_1742,5,8.9703116e-07,0.0
3882,GLCTLVAML,swapped_2895,5,6.038447e-07,0.0
5308,NLVPMVATV,10x,5,0.45881796,0.0
4019,NLVPMVATV,swapped_2830,5,0.26670724,0.0
5292,GILGFVFTL,10x,5,0.27288762,0.0
6692,NLVPMVATV,swapped_5903,5,3.7453487e-05,0.0
690,SLFNTVATL,10x,5,0.13441372,0.0
6874,GILGFVFTL,swapped_5970,5,0.14375526,0.0
3932,GILGFVFTL,swapped_2876,5,0.2654662,0.0
4932,GILGFVFTL,10x,5,0.2612955,0.0
2600,NLVPMVATV,swapped_1629,5,0.000340591,0.0
4041,NLVPMVATV,swapped_2799,5,0.09808491,0.0
58,GILGFVFTL,positive,5,0.3706526,1.0
1056,GLCTLVAML,10x,5,0.2688292,0.0
1006,GILGFVFTL,10x,5,0.22712752,0.0
491,NLVPMVATV,10x,5,0.4147269,0.0
4056,RMFPNAPYL,swapped_2853,5,6.3546366e-05,0.0
3998,GILGFVFTL,swapped_2944,5,0.32310027,0.0
1253,FLYALALLL,swapped_247,5,1.585209e-07,0.0
1448,FLYALALLL,swapped_107,5,6.876907e-08,0.0
1390,GILGFVFTL,swapped_273,5,0.13492121,0.0
2116,GILGFVFTL,10x,5,0.35438257,0.0
3678,GILGFVFTL,10x,5,0.33645678,0.0
2072,NLVPMVATV,10x,5,0.4189055,0.0
6764,FLYALALLL,swapped_5860,5,5.9276813e-06,0.0
4178,GILGFVFTL,positive,5,0.5000361,1.0
1914,GILGFVFTL,10x,5,0.25911707,0.0
2794,GILGFVFTL,positive,5,0.98968154,1.0
1902,GILGFVFTL,10x,5,0.3680882,0.0
2213,GILGFVFTL,10x,5,0.17693383,0.0
3954,GLCTLVAML,swapped_2851,5,0.00017367376,0.0
4502,GILGFVFTL,positive,5,0.99976295,1.0
499,GILGFVFTL,10x,5,0.17845474,0.0
1854,NLVPMVATV,10x,5,0.39455256,0.0
3579,LLFGYPVYV,10x,5,0.45366305,0.0
3126,GILGFVFTL,10x,5,0.3165071,0.0
3636,IMDQVPFSV,10x,5,0.38618875,0.0
2592,RTLNAWVKV,swapped_1713,5,0.40159282,0.0
6635,GILGFVFTL,swapped_5740,5,0.2583116,0.0
849,GILGFVFTL,10x,5,0.15944065,0.0
1474,NLVPMVATV,swapped_21,5,0.00043811597,0.0
2185,NLVPMVATV,10x,5,0.40164652,0.0
4613,GILGFVFTL,10x,5,0.20876071,0.0
4277,GILGFVFTL,positive,5,0.9998977,1.0
4571,GILGFVFTL,10x,5,0.4490185,0.0
6418,GILGFVFTL,10x,5,0.07236976,0.0
2808,GILGFVFTL,positive,5,0.53560686,1.0
4290,LLFGYPVYV,positive,5,0.4569246,1.0
178,GILGFVFTL,positive,5,0.99948287,1.0
1084,IMDQVPFSV,10x,5,0.42635068,0.0
462,GILGFVFTL,10x,5,0.1308615,0.0
397,RMFPNAPYL,10x,5,0.45347318,0.0
5229,GILGFVFTL,10x,5,0.23393391,0.0
393,GLCTLVAML,10x,5,0.2514785,0.0
689,GLCTLVAML,10x,5,0.16951151,0.0
6700,GLCTLVAML,swapped_5965,5,1.4330286e-06,0.0
3763,GILGFVFTL,10x,5,0.16149706,0.0
2051,NLVPMVATV,10x,5,0.5895562,0.0
6309,GLCTLVAML,10x,5,0.59694254,0.0
2377,SLFNTVATL,10x,5,0.3897629,0.0
2670,GLCTLVAML,swapped_1623,5,8.404251e-05,0.0
5693,GLCTLVAML,swapped_4205,5,0.085352376,0.0
3823,GLCTLVAML,swapped_2731,5,9.3899644e-07,0.0
947,GILGFVFTL,10x,5,0.17818089,0.0
1164,GLCTLVAML,swapped_42,5,3.8117554e-07,0.0
1169,RTLNAWVKV,swapped_47,5,0.44303533,0.0
537,GILGFVFTL,10x,5,0.29482538,0.0
3941,GLCTLVAML,swapped_2789,5,0.008281108,0.0
1726,GILGFVFTL,positive,5,0.24036992,1.0
6510,GLCTLVAML,10x,5,1.8441784e-05,0.0
3369,NLVPMVATV,10x,5,0.27702132,0.0
3870,LLFGYPVYV,swapped_2916,5,4.86885e-06,0.0
3887,SLFNTVATL,swapped_2860,5,5.413487e-06,0.0
6153,GILGFVFTL,10x,5,0.39052442,0.0
6903,RTLNAWVKV,swapped_5717,5,0.00016416934,0.0
4199,NLVPMVATV,positive,5,0.67027617,1.0
5295,GILGFVFTL,10x,5,0.096423276,0.0
103,GILGFVFTL,positive,5,0.9997582,1.0
6013,NLVPMVATV,10x,5,0.4830819,0.0
1339,GLCTLVAML,swapped_354,5,3.892563e-07,0.0
5728,KTWGQYWQV,positive,5,0.4569246,1.0
6149,GILGFVFTL,10x,5,0.18241917,0.0
422,GILGFVFTL,10x,5,0.14971784,0.0
107,GILGFVFTL,positive,5,0.9994141,1.0
1846,NLVPMVATV,10x,5,0.54905504,0.0
6345,GLCTLVAML,10x,5,0.34328884,0.0
6222,GILGFVFTL,10x,5,0.26037586,0.0
3101,GILGFVFTL,10x,5,0.16133521,0.0
4034,NLVPMVATV,swapped_2817,5,6.123315e-06,0.0
1131,GILGFVFTL,10x,5,0.17366286,0.0
5105,GILGFVFTL,10x,5,0.3068305,0.0
5062,GILGFVFTL,10x,5,0.18024851,0.0
6316,GILGFVFTL,10x,5,0.2565268,0.0
845,GILGFVFTL,10x,5,0.1761586,0.0
1176,RTLNAWVKV,swapped_242,5,0.0047693974,0.0
3044,GILGFVFTL,positive,5,0.9998442,1.0
323,GILGFVFTL,positive,5,0.17717935,1.0
1720,GILGFVFTL,positive,5,0.27460486,1.0
6169,GILGFVFTL,10x,5,0.24062403,0.0
2525,RMFPNAPYL,swapped_1595,5,0.4569246,0.0
2945,GILGFVFTL,positive,5,0.89463246,1.0
2494,GILGFVFTL,swapped_1592,5,0.040709347,0.0
1766,GILGFVFTL,positive,5,0.99335104,1.0
1491,GILGFVFTL,swapped_73,5,0.31222683,0.0
3965,GILGFVFTL,swapped_2958,5,0.13968077,0.0
4316,GILGFVFTL,positive,5,0.21102019,1.0
4424,GILGFVFTL,positive,5,0.9990662,1.0
2059,GILGFVFTL,10x,5,0.30202934,0.0
5057,GILGFVFTL,10x,5,0.16722944,0.0
3261,GILGFVFTL,10x,5,0.12352721,0.0
3312,GILGFVFTL,10x,5,0.94683117,0.0
96,GILGFVFTL,positive,5,0.46222088,1.0
2811,GILGFVFTL,positive,5,0.99970895,1.0
3039,GILGFVFTL,positive,5,0.995265,1.0
6687,GILGFVFTL,swapped_5930,5,0.1643866,0.0
2948,NLVPMVATV,positive,5,0.39229497,1.0
2895,GILGFVFTL,positive,5,0.999877,1.0
1875,GILGFVFTL,10x,5,0.13183059,0.0
1713,GILGFVFTL,positive,5,0.8765144,1.0
5769,GILGFVFTL,positive,5,0.9770651,1.0
4887,GILGFVFTL,10x,5,0.21724862,0.0
2958,GLCTLVAML,positive,5,0.31153128,1.0
1075,GILGFVFTL,10x,5,0.28505215,0.0
925,NLVPMVATV,10x,5,0.31745934,0.0
1900,NLVPMVATV,10x,5,0.40162796,0.0
2274,GILGFVFTL,10x,5,0.31534377,0.0
3869,NLVPMVATV,swapped_2989,5,1.1737452e-06,0.0
100,GILGFVFTL,positive,5,0.9855436,1.0
2451,KTWGQYWQV,swapped_1720,5,0.37652102,0.0
3741,GLCTLVAML,10x,5,0.037841298,0.0
3719,GILGFVFTL,10x,5,0.21380612,0.0
2898,SLFNTVATL,positive,5,0.7652308,1.0
1981,GLCTLVAML,10x,5,0.19465545,0.0
4003,GLCTLVAML,swapped_2884,5,0.03968411,0.0
2695,GILGFVFTL,positive,5,0.9343863,1.0
4129,GLCTLVAML,swapped_2711,5,3.9698396e-05,0.0
5398,GILGFVFTL,swapped_4268,5,0.019335486,0.0
2432,GILGFVFTL,swapped_1714,5,0.22397311,0.0
5159,GILGFVFTL,10x,5,0.10449245,0.0
1250,GLCTLVAML,swapped_312,5,2.1661485e-06,0.0
4397,GILGFVFTL,positive,5,0.9519369,1.0
5696,NLVPMVATV,swapped_4228,5,0.34616238,0.0
5641,LLFGYPVYV,swapped_4238,5,0.42447177,0.0
4342,GLCTLVAML,positive,5,0.9002074,1.0
234,FLYALALLL,positive,5,0.9404805,1.0
5697,GLCTLVAML,swapped_4538,5,0.5072331,0.0
6040,GILGFVFTL,10x,5,0.10988483,0.0
2460,NLVPMVATV,swapped_1776,5,0.5029114,0.0
3157,GILGFVFTL,10x,5,0.2403818,0.0
6052,NLVPMVATV,10x,5,0.33160466,0.0
6853,GLCTLVAML,swapped_5906,5,0.000779667,0.0
1088,GILGFVFTL,10x,5,0.10418949,0.0
3622,GILGFVFTL,10x,5,0.19981816,0.0
4083,GLCTLVAML,swapped_2859,5,0.046376172,0.0
1170,GLCTLVAML,swapped_193,5,0.0004553771,0.0
4536,FLYALALLL,positive,5,0.9043096,1.0
1625,GILGFVFTL,positive,5,0.52535343,1.0
92,GILGFVFTL,positive,5,0.99810684,1.0
1939,GILGFVFTL,10x,5,0.31476614,0.0
5970,NLVPMVATV,positive,5,0.34256095,1.0
6808,NLVPMVATV,swapped_5945,5,0.06650217,0.0
1503,FLYALALLL,swapped_33,5,0.94815177,0.0
2508,MLDLQPETT,swapped_1596,5,0.4569246,0.0
6518,GILGFVFTL,10x,5,0.41865134,0.0
3047,GILGFVFTL,positive,5,0.31039345,1.0
3444,GILGFVFTL,10x,5,0.10805285,0.0
6493,GILGFVFTL,10x,5,0.7501613,0.0
6281,NLVPMVATV,10x,5,0.3585371,0.0
150,GILGFVFTL,positive,5,0.99986696,1.0
1929,GILGFVFTL,10x,5,0.23347354,0.0
830,GILGFVFTL,10x,5,0.18277773,0.0
5466,GLCTLVAML,swapped_4435,5,0.2812622,0.0
5760,GILGFVFTL,positive,5,0.99199957,1.0
5606,GILGFVFTL,swapped_4471,5,0.14308429,0.0
5369,GLCTLVAML,swapped_4185,5,1.8269084e-05,0.0
3802,GILGFVFTL,10x,5,0.16094536,0.0
4024,GLCTLVAML,swapped_2955,5,0.5450415,0.0
3430,GLCTLVAML,10x,5,0.31394887,0.0
4911,LLFGYPVYV,10x,5,0.4008085,0.0
801,GILGFVFTL,10x,5,0.22595382,0.0
2783,GILGFVFTL,positive,5,0.97879195,1.0
5086,GILGFVFTL,10x,5,0.6835371,0.0
1596,GILGFVFTL,positive,5,0.27280575,1.0
1324,MLDLQPETT,swapped_379,5,0.022014337,0.0
6247,GILGFVFTL,10x,5,0.4569246,0.0
331,GILGFVFTL,positive,5,0.98895615,1.0
454,GILGFVFTL,10x,5,0.42168096,0.0
5243,MLDLQPETT,10x,5,0.4524065,0.0
4439,GLCTLVAML,positive,5,0.23728308,1.0
5604,GLCTLVAML,swapped_4397,5,0.011145275,0.0
5286,GILGFVFTL,10x,5,0.2269244,0.0
5347,GILGFVFTL,swapped_4236,5,0.31518078,0.0
2511,GLCTLVAML,swapped_1672,5,0.00078809017,0.0
6160,GILGFVFTL,10x,5,0.36553764,0.0
6082,GILGFVFTL,10x,5,0.3264597,0.0
1739,GLCTLVAML,positive,5,0.9041349,1.0
6741,NLVPMVATV,swapped_5760,5,0.0021207742,0.0
193,GILGFVFTL,positive,5,0.99206275,1.0
5508,NLVPMVATV,swapped_4375,5,4.22833e-06,0.0
3921,NLVPMVATV,swapped_2977,5,6.4800774e-06,0.0
1138,NLVPMVATV,10x,5,0.2890522,0.0
1420,GILGFVFTL,swapped_171,5,0.3500155,0.0
6068,GLCTLVAML,10x,5,0.27558565,0.0
5294,GILGFVFTL,10x,5,0.26089323,0.0
421,LLFGYPVYV,10x,5,0.44199365,0.0
1243,RTLNAWVKV,swapped_320,5,0.000605109,0.0
3567,NLVPMVATV,10x,5,0.3730047,0.0
1966,GILGFVFTL,10x,5,0.5239432,0.0
41,GILGFVFTL,positive,5,0.9943901,1.0
4646,GILGFVFTL,10x,5,0.12601003,0.0
2699,GLCTLVAML,positive,5,0.94245213,1.0
4627,GILGFVFTL,10x,5,0.44580063,0.0
5424,NLVPMVATV,swapped_4267,5,3.2054472e-06,0.0
4841,GILGFVFTL,10x,5,0.26533416,0.0
825,GILGFVFTL,10x,5,0.25742167,0.0
4119,GLCTLVAML,swapped_2781,5,5.313342e-05,0.0
2936,GILGFVFTL,positive,5,0.4141328,1.0
1087,GILGFVFTL,10x,5,0.276858,0.0
6487,CLGGLLTMV,10x,5,0.26324338,0.0
293,GILGFVFTL,positive,5,0.99994016,1.0
3495,GLCTLVAML,10x,5,0.060393237,0.0
3361,GLCTLVAML,10x,5,0.5346932,0.0
5430,NLVPMVATV,swapped_4356,5,2.962723e-06,0.0
531,NLVPMVATV,10x,5,0.53324944,0.0
1147,GILGFVFTL,swapped_22,5,0.04286538,0.0
2260,GILGFVFTL,10x,5,0.06957703,0.0
6465,GLCTLVAML,10x,5,0.27181184,0.0
4315,GILGFVFTL,positive,5,0.99177426,1.0
6812,GLCTLVAML,swapped_5748,5,0.0045884247,0.0
3172,FLYALALLL,10x,5,0.30768767,0.0
3973,LLFGYPVYV,swapped_2792,5,2.0208854e-06,0.0
1749,GILGFVFTL,positive,5,0.94706285,1.0
2237,GILGFVFTL,10x,5,0.30865827,0.0
190,NLVPMVATV,positive,5,0.3388602,1.0
3533,GILGFVFTL,10x,5,0.14912811,0.0
3969,GLCTLVAML,swapped_2846,5,3.5008145e-06,0.0
6882,NLVPMVATV,swapped_5722,5,5.041607e-05,0.0
5144,GILGFVFTL,10x,5,0.36382073,0.0
4951,KTWGQYWQV,10x,5,0.4316458,0.0
6291,GILGFVFTL,10x,5,0.15632479,0.0
290,GILGFVFTL,positive,5,0.9991053,1.0
2209,NLVPMVATV,10x,5,0.5556363,0.0
336,GILGFVFTL,positive,5,0.99992836,1.0
4243,GILGFVFTL,positive,5,0.99995005,1.0
3829,LLFGYPVYV,swapped_3051,5,3.229291e-05,0.0
4921,GILGFVFTL,10x,5,0.39406455,0.0
3084,GLCTLVAML,10x,5,0.360073,0.0
4321,GILGFVFTL,positive,5,0.99993324,1.0
1347,LLFGYPVYV,swapped_256,5,3.614755e-05,0.0
2613,LLFGYPVYV,swapped_1679,5,0.0015391808,0.0
4170,NLVPMVATV,swapped_2900,5,0.43840075,0.0
3210,GILGFVFTL,10x,5,0.4001108,0.0
1778,GILGFVFTL,positive,5,0.99421024,1.0
5946,GILGFVFTL,positive,5,0.93550086,1.0
1348,NLVPMVATV,swapped_141,5,0.017787186,0.0
4367,GLCTLVAML,positive,5,0.44301212,1.0
6398,NLVPMVATV,10x,5,0.39925408,0.0
1590,GILGFVFTL,positive,5,0.9394241,1.0
4783,GILGFVFTL,10x,5,0.13774016,0.0
872,GILGFVFTL,10x,5,0.2781961,0.0
5215,MLDLQPETT,10x,5,0.43157545,0.0
6762,KTWGQYWQV,swapped_5868,5,0.4025146,0.0
5479,GILGFVFTL,swapped_4342,5,0.04470926,0.0
3186,NLVPMVATV,10x,5,0.33443347,0.0
4364,GILGFVFTL,positive,5,0.99990165,1.0
6302,NLVPMVATV,10x,5,0.40756404,0.0
132,FLYALALLL,positive,5,0.06895552,1.0
2161,GILGFVFTL,10x,5,0.17851403,0.0
3420,GLCTLVAML,10x,5,0.29757705,0.0
47,GILGFVFTL,positive,5,0.30368862,1.0
5792,NLVPMVATV,positive,5,0.58125347,1.0
6166,GILGFVFTL,10x,5,0.20503487,0.0
4375,GILGFVFTL,positive,5,0.9999137,1.0
435,YLLEMLWRL,10x,5,0.35836306,0.0
2199,GLCTLVAML,10x,5,0.25355813,0.0
3647,NLVPMVATV,10x,5,0.422765,0.0
5755,GLCTLVAML,positive,5,0.5777693,1.0
2236,YLLEMLWRL,10x,5,0.0044119456,0.0
3995,NLVPMVATV,swapped_3055,5,5.6671142e-06,0.0
4174,GLCTLVAML,positive,5,0.40318984,1.0
5452,NLVPMVATV,swapped_4219,5,0.09738476,0.0
5630,GLCTLVAML,swapped_4215,5,0.00021290196,0.0
6571,GILGFVFTL,10x,5,0.1955529,0.0
21,GILGFVFTL,positive,5,0.9980496,1.0
42,GILGFVFTL,positive,5,0.99988484,1.0
5405,GILGFVFTL,swapped_4505,5,0.054520898,0.0
5825,GILGFVFTL,positive,5,0.9999293,1.0
6216,GILGFVFTL,10x,5,0.20881894,0.0
6146,NLVPMVATV,10x,5,0.3789821,0.0
3098,GILGFVFTL,10x,5,0.35890964,0.0
4029,FLYALALLL,swapped_3022,5,0.1745911,0.0
1361,NLVPMVATV,swapped_317,5,1.2004702e-05,0.0
320,GILGFVFTL,positive,5,0.9985239,1.0
5860,GILGFVFTL,positive,5,0.99142563,1.0
4143,LLFGYPVYV,swapped_2828,5,0.43938315,0.0
6715,GLCTLVAML,swapped_5990,5,5.199424e-07,0.0
2662,YLLEMLWRL,swapped_1554,5,7.757605e-05,0.0
4471,NLVPMVATV,positive,5,0.78874767,1.0
6004,GILGFVFTL,positive,5,0.34749934,1.0
2888,GILGFVFTL,positive,5,0.74728334,1.0
4886,GILGFVFTL,10x,5,0.30208123,0.0
5707,GILGFVFTL,positive,5,0.99983835,1.0
1514,LLFGYPVYV,swapped_229,5,0.001662037,0.0
2497,FLYALALLL,swapped_1590,5,0.0012970954,0.0
5631,FLYALALLL,swapped_4555,5,0.04189508,0.0
3450,GILGFVFTL,10x,5,0.12739915,0.0
4862,GLCTLVAML,10x,5,0.21932639,0.0
3100,GILGFVFTL,10x,5,0.16087125,0.0
247,GILGFVFTL,positive,5,0.99955696,1.0
2231,RTLNAWVKV,10x,5,0.42711106,0.0
1944,GILGFVFTL,10x,5,0.30321115,0.0
4522,GILGFVFTL,positive,5,0.9953407,1.0
4795,NLVPMVATV,10x,5,0.44463348,0.0
6063,RTLNAWVKV,10x,5,0.5022363,0.0
257,GILGFVFTL,positive,5,0.96529996,1.0
155,GILGFVFTL,positive,5,0.99991524,1.0
3287,GILGFVFTL,10x,5,0.40453622,0.0
89,GILGFVFTL,positive,5,0.99629104,1.0
2501,GLCTLVAML,swapped_1671,5,0.0011257736,0.0
1127,GILGFVFTL,10x,5,0.56220627,0.0
518,NLVPMVATV,10x,5,0.24861582,0.0
4153,GLCTLVAML,swapped_2783,5,0.004233583,0.0
5465,NLVPMVATV,swapped_4328,5,0.35930744,0.0
1291,KTWGQYWQV,swapped_49,5,0.47190523,0.0
6076,RMFPNAPYL,10x,5,0.4223593,0.0
6611,FLYALALLL,swapped_5974,5,0.01827246,0.0
4292,GILGFVFTL,positive,5,0.97082675,1.0
1168,GLCTLVAML,swapped_287,5,3.2736338e-07,0.0
861,GILGFVFTL,10x,5,0.33788222,0.0
5529,RTLNAWVKV,swapped_4321,5,2.3142278e-05,0.0
4869,GILGFVFTL,10x,5,0.17648864,0.0
1992,GILGFVFTL,10x,5,0.4069853,0.0
3394,GLCTLVAML,10x,5,0.39224145,0.0
3255,GILGFVFTL,10x,5,0.37433544,0.0
3598,GILGFVFTL,10x,5,0.196885,0.0
5624,GLCTLVAML,swapped_4290,5,0.31765106,0.0
4219,GILGFVFTL,positive,5,0.9457126,1.0
6796,GILGFVFTL,swapped_5989,5,0.17346385,0.0
876,GLCTLVAML,10x,5,0.8949339,0.0
3486,GILGFVFTL,10x,5,0.19786921,0.0
6773,NLVPMVATV,swapped_5871,5,5.264164e-06,0.0
4295,GILGFVFTL,positive,5,0.9999393,1.0
2398,RMFPNAPYL,10x,5,0.38986853,0.0
578,GLCTLVAML,10x,5,0.35673785,0.0
2588,GILGFVFTL,swapped_1739,5,0.02263255,0.0
451,GILGFVFTL,10x,5,0.37437567,0.0
2282,GLCTLVAML,10x,5,0.6046099,0.0
4015,NLVPMVATV,swapped_2898,5,0.7329301,0.0
3692,GILGFVFTL,10x,5,0.18107428,0.0
4754,GLCTLVAML,10x,5,0.0021275117,0.0
3606,GILGFVFTL,10x,5,0.3332105,0.0
1345,GLCTLVAML,swapped_365,5,0.0016915849,0.0
6031,GILGFVFTL,10x,5,0.13542016,0.0
1289,NLVPMVATV,swapped_187,5,0.00040206418,0.0
684,GLCTLVAML,10x,5,0.2566991,0.0
463,GILGFVFTL,10x,5,0.40553397,0.0
18,GLCTLVAML,positive,5,0.8631605,1.0
4354,GILGFVFTL,positive,5,0.9999305,1.0
6657,NLVPMVATV,swapped_5981,5,0.33499005,0.0
3200,GILGFVFTL,10x,5,0.22223277,0.0
6479,GILGFVFTL,10x,5,0.15635517,0.0
886,GILGFVFTL,10x,5,0.14908007,0.0
6904,GILGFVFTL,swapped_5737,5,0.03377538,0.0
339,GLCTLVAML,positive,5,0.9523299,1.0
4716,GLCTLVAML,10x,5,0.27708137,0.0
5337,FLYALALLL,swapped_4201,5,0.107208535,0.0
5902,GILGFVFTL,positive,5,0.9996037,1.0
3386,GLCTLVAML,10x,5,0.22004767,0.0
6592,GILGFVFTL,10x,5,0.19462118,0.0
6788,LLFGYPVYV,swapped_6004,5,0.44351926,0.0
4802,GILGFVFTL,10x,5,0.30142945,0.0
2155,GILGFVFTL,10x,5,0.10341136,0.0
3657,GILGFVFTL,10x,5,0.18143624,0.0
2884,GILGFVFTL,positive,5,0.9540661,1.0
2860,GILGFVFTL,positive,5,0.99985445,1.0
4240,GILGFVFTL,positive,5,0.99982315,1.0
3140,GLCTLVAML,10x,5,0.33237374,0.0
3155,GILGFVFTL,10x,5,0.43005717,0.0
1210,GILGFVFTL,swapped_339,5,0.0433784,0.0
2468,NLVPMVATV,swapped_1627,5,6.02525e-06,0.0
3219,GILGFVFTL,10x,5,0.4181873,0.0
4257,GILGFVFTL,positive,5,0.95674676,1.0
5028,GILGFVFTL,10x,5,0.33274302,0.0
400,GILGFVFTL,10x,5,0.1555569,0.0
2372,LLFGYPVYV,10x,5,0.45664805,0.0
4005,NLVPMVATV,swapped_3044,5,5.228102e-06,0.0
2309,GILGFVFTL,10x,5,0.31110874,0.0
217,GILGFVFTL,positive,5,0.8100916,1.0
3067,GILGFVFTL,10x,5,0.18548155,0.0
2296,GLCTLVAML,10x,5,0.22491105,0.0
3192,GILGFVFTL,10x,5,0.23153877,0.0
3826,GLCTLVAML,swapped_2701,5,1.9649589e-07,0.0
22,FLYALALLL,positive,5,0.9139389,1.0
1999,GILGFVFTL,10x,5,0.3108681,0.0
1171,GLCTLVAML,swapped_348,5,0.23331857,0.0
6327,NLVPMVATV,10x,5,0.36041683,0.0
1198,LLFGYPVYV,swapped_191,5,0.001536378,0.0
2901,GILGFVFTL,positive,5,0.23924688,1.0
5776,GLCTLVAML,positive,5,0.2014741,1.0
6905,RMFPNAPYL,swapped_5902,5,0.0020254066,0.0
5965,GILGFVFTL,positive,5,0.99991775,1.0
196,GILGFVFTL,positive,5,0.98956597,1.0
795,GLCTLVAML,10x,5,0.18666542,0.0
2114,GILGFVFTL,10x,5,0.25467646,0.0
1690,GLCTLVAML,positive,5,0.32732266,1.0
4870,GILGFVFTL,10x,5,0.098069556,0.0
855,GILGFVFTL,10x,5,0.17946827,0.0
1354,GILGFVFTL,swapped_166,5,0.3441465,0.0
807,GILGFVFTL,10x,5,0.18957157,0.0
4431,NLVPMVATV,positive,5,0.24005966,1.0
1490,GILGFVFTL,swapped_169,5,0.26688108,0.0
6131,SLLMWITQV,10x,5,0.44596153,0.0
5314,RTLNAWVKV,10x,5,0.4569246,0.0
1552,GLCTLVAML,positive,5,0.35958552,1.0
669,GILGFVFTL,10x,5,0.29195014,0.0
3653,GILGFVFTL,10x,5,0.27618974,0.0
369,GILGFVFTL,positive,5,0.99947447,1.0
287,GILGFVFTL,positive,5,0.9999087,1.0
5385,GILGFVFTL,swapped_4199,5,0.13821037,0.0
1245,RTLNAWVKV,swapped_234,5,0.60955054,0.0
1465,GLCTLVAML,swapped_35,5,0.011637435,0.0
4535,GLCTLVAML,positive,5,0.92318547,1.0
4223,NLVPMVATV,positive,5,0.60850257,1.0
6445,GILGFVFTL,10x,5,0.21934758,0.0
241,GILGFVFTL,positive,5,0.99972326,1.0
4891,GILGFVFTL,10x,5,0.41467074,0.0
1118,GILGFVFTL,10x,5,0.28137293,0.0
133,GILGFVFTL,positive,5,0.9755917,1.0
2381,NLVPMVATV,10x,5,0.6532452,0.0
5598,SLLMWITQV,swapped_4214,5,5.181513e-06,0.0
3674,GILGFVFTL,10x,5,0.24853918,0.0
3665,GILGFVFTL,10x,5,0.37654147,0.0
2790,GILGFVFTL,positive,5,0.9882593,1.0
933,GILGFVFTL,10x,5,0.23644033,0.0
2866,GILGFVFTL,positive,5,0.13438383,1.0
1318,GLCTLVAML,swapped_24,5,6.753819e-05,0.0
1825,GLCTLVAML,10x,5,0.7444545,0.0
4944,GILGFVFTL,10x,5,0.3150962,0.0
646,GILGFVFTL,10x,5,0.04751304,0.0
2799,GILGFVFTL,positive,5,0.6896844,1.0
1153,NLVPMVATV,swapped_133,5,0.0066803633,0.0
2827,GILGFVFTL,positive,5,0.2316651,1.0
1802,GILGFVFTL,positive,5,0.99819905,1.0
5640,NLVPMVATV,swapped_4273,5,5.9702998e-06,0.0
6127,GILGFVFTL,10x,5,0.10286988,0.0
2999,GILGFVFTL,positive,5,0.9995059,1.0
2876,MLDLQPETT,positive,5,0.4569246,1.0
911,GILGFVFTL,10x,5,0.23858313,0.0
1085,NLVPMVATV,10x,5,0.34383625,0.0
1759,FLYALALLL,positive,5,0.74388474,1.0
915,GILGFVFTL,10x,5,0.40884954,0.0
4215,GILGFVFTL,positive,5,0.98489434,1.0
3410,GLCTLVAML,10x,5,0.2814549,0.0
2232,NLVPMVATV,10x,5,0.25072497,0.0
3447,GILGFVFTL,10x,5,0.36900032,0.0
3233,FLYALALLL,10x,5,0.04878665,0.0
5722,GILGFVFTL,positive,5,0.99966025,1.0
312,GILGFVFTL,positive,5,0.9998883,1.0
6576,FLYALALLL,10x,5,0.03236028,0.0
166,GLCTLVAML,positive,5,0.07713952,1.0
6167,RTLNAWVKV,10x,5,0.43390325,0.0
2831,GILGFVFTL,positive,5,0.99983037,1.0
3031,GILGFVFTL,positive,5,0.9999262,1.0
2239,GILGFVFTL,10x,5,0.10534405,0.0
3292,SLFNTVATL,10x,5,0.44468215,0.0
5686,RMFPNAPYL,swapped_4295,5,0.00011056531,0.0
1627,GILGFVFTL,positive,5,0.9998802,1.0
1790,NLVPMVATV,positive,5,0.3898825,1.0
3560,GILGFVFTL,10x,5,0.41583782,0.0
141,GILGFVFTL,positive,5,0.9546777,1.0
4311,GILGFVFTL,positive,5,0.2290068,1.0
1446,KVAELVHFL,swapped_318,5,0.0014625402,0.0
2060,GLCTLVAML,10x,5,0.3460062,0.0
392,GILGFVFTL,10x,5,0.15703343,0.0
1311,NLVPMVATV,swapped_119,5,2.5734858e-05,0.0
2088,GILGFVFTL,10x,5,0.30656713,0.0
1329,NLVPMVATV,swapped_55,5,0.3667294,0.0
5979,GILGFVFTL,positive,5,0.99989223,1.0
4584,YLLEMLWRL,10x,5,0.36261034,0.0
3390,GILGFVFTL,10x,5,0.3796448,0.0
5520,MLDLQPETT,swapped_4243,5,5.4483644e-06,0.0
3542,GILGFVFTL,10x,5,0.41647476,0.0
2689,GLCTLVAML,swapped_1749,5,0.027489468,0.0
156,NLVPMVATV,positive,5,0.6927051,1.0
6265,GLCTLVAML,10x,5,0.18382508,0.0
634,GILGFVFTL,10x,5,0.09981366,0.0
4130,NLVPMVATV,swapped_2761,5,0.0004103577,0.0
3116,GILGFVFTL,10x,5,0.33677065,0.0
1709,GILGFVFTL,positive,5,0.9950932,1.0
5650,NLVPMVATV,swapped_4499,5,2.9915097e-06,0.0
5441,FLYALALLL,swapped_4424,5,1.2992842e-06,0.0
3648,GILGFVFTL,10x,5,0.3319388,0.0
1428,GLCTLVAML,swapped_331,5,0.0002200973,0.0
3751,NLVPMVATV,10x,5,0.43476003,0.0
2247,GILGFVFTL,10x,5,0.24222018,0.0
4451,IMDQVPFSV,positive,5,0.4569246,1.0
6575,GILGFVFTL,10x,5,0.28097674,0.0
6274,GILGFVFTL,10x,5,0.19140951,0.0
4228,GILGFVFTL,positive,5,0.17098877,1.0
5639,NLVPMVATV,swapped_4281,5,6.090155e-05,0.0
1629,GILGFVFTL,positive,5,0.99435556,1.0
5795,GILGFVFTL,positive,5,0.9999405,1.0
1310,FLYALALLL,swapped_283,5,1.8126732e-08,0.0
6338,GILGFVFTL,10x,5,0.20509583,0.0
1399,GLCTLVAML,swapped_151,5,3.2053165e-05,0.0
283,GILGFVFTL,positive,5,0.9998734,1.0
4561,GILGFVFTL,10x,5,0.21956387,0.0
2789,GILGFVFTL,positive,5,0.93385404,1.0
1020,GILGFVFTL,10x,5,0.3077219,0.0
4634,GILGFVFTL,10x,5,0.13622837,0.0
6534,GILGFVFTL,10x,5,0.28673482,0.0
5870,GILGFVFTL,positive,5,0.99987996,1.0
4991,GILGFVFTL,10x,5,0.26957375,0.0
2591,LLFGYPVYV,swapped_1564,5,0.7510101,0.0
5667,GLCTLVAML,swapped_4396,5,0.2030692,0.0
2698,GILGFVFTL,positive,5,0.4698546,1.0
2348,GILGFVFTL,10x,5,0.16667022,0.0
594,FLYALALLL,10x,5,0.015744025,0.0
1522,LLFGYPVYV,swapped_186,5,0.5207231,0.0
6252,GILGFVFTL,10x,5,0.25860637,0.0
6391,GILGFVFTL,10x,5,0.25400123,0.0
3920,NLVPMVATV,swapped_3056,5,0.0006556904,0.0
344,GLCTLVAML,positive,5,0.75422835,1.0
24,GILGFVFTL,positive,5,0.9982128,1.0
5677,GLCTLVAML,swapped_4354,5,3.053234e-07,0.0
3008,GLCTLVAML,positive,5,0.5150687,1.0
3481,GILGFVFTL,10x,5,0.21663862,0.0
2549,GILGFVFTL,swapped_1770,5,0.28012282,0.0
3845,GLCTLVAML,swapped_2936,5,0.4247423,0.0
3825,GLCTLVAML,swapped_2695,5,0.010085097,0.0
1862,GILGFVFTL,10x,5,0.3153608,0.0
3927,FLYALALLL,swapped_2923,5,0.23436685,0.0
1279,GLCTLVAML,swapped_34,5,3.192693e-07,0.0
5195,GILGFVFTL,10x,5,0.33815825,0.0
576,GILGFVFTL,10x,5,0.10697579,0.0
1416,LLFGYPVYV,swapped_19,5,0.05578042,0.0
1777,NLVPMVATV,positive,5,0.31682172,1.0
3493,GLCTLVAML,10x,5,0.15562207,0.0
1884,GILGFVFTL,10x,5,0.11710299,0.0
6523,GILGFVFTL,10x,5,0.89396137,0.0
1297,GILGFVFTL,swapped_330,5,0.14602906,0.0
2492,KTWGQYWQV,swapped_1709,5,0.00071881607,0.0
709,GILGFVFTL,10x,5,0.3119064,0.0
1039,NLVPMVATV,10x,5,0.0057401033,0.0
6455,GILGFVFTL,10x,5,0.1476192,0.0
696,GLCTLVAML,10x,5,0.4206607,0.0
883,GILGFVFTL,10x,5,0.31597412,0.0
4780,GILGFVFTL,10x,5,0.3828367,0.0
2444,GILGFVFTL,swapped_1686,5,0.060922887,0.0
3019,GILGFVFTL,positive,5,0.99988246,1.0
5560,RMFPNAPYL,swapped_4502,5,0.0005730098,0.0
3717,GILGFVFTL,10x,5,0.3968715,0.0
2518,GILGFVFTL,swapped_1809,5,0.1713417,0.0
2944,NLVPMVATV,positive,5,0.389958,1.0
6801,GILGFVFTL,swapped_5882,5,0.46567118,0.0
1242,RTLNAWVKV,swapped_89,5,0.0068698623,0.0
5932,GILGFVFTL,positive,5,0.65663403,1.0
33,GLCTLVAML,positive,5,0.9254752,1.0
1723,NLVPMVATV,positive,5,0.3521629,1.0
6708,GLCTLVAML,swapped_5825,5,3.4659627e-07,0.0
938,GLCTLVAML,10x,5,0.33489713,0.0
5629,GLCTLVAML,swapped_4536,5,0.87141585,0.0
6177,GILGFVFTL,10x,5,0.08374443,0.0
137,NLVPMVATV,positive,5,0.4145237,1.0
5666,NLVPMVATV,swapped_4311,5,0.3787999,0.0
4512,GLCTLVAML,positive,5,0.7861735,1.0
4464,NLVPMVATV,positive,5,0.9604576,1.0
1891,GILGFVFTL,10x,5,0.644029,0.0
4587,GILGFVFTL,10x,5,0.4127311,0.0
1873,MLDLQPETT,10x,5,0.4291888,0.0
1389,GILGFVFTL,swapped_18,5,0.016067503,0.0
4706,GILGFVFTL,10x,5,0.09116942,0.0
5990,GILGFVFTL,positive,5,0.99988735,1.0
6303,GILGFVFTL,10x,5,0.15429778,0.0
3639,GILGFVFTL,10x,5,0.43457973,0.0
1820,GILGFVFTL,10x,5,0.30340242,0.0
2203,GILGFVFTL,10x,5,0.4483323,0.0
5276,GILGFVFTL,10x,5,0.14756191,0.0
6441,GLCTLVAML,10x,5,0.0940687,0.0
3756,GILGFVFTL,10x,5,0.18564983,0.0
4810,GILGFVFTL,10x,5,0.10118349,0.0
5217,GILGFVFTL,10x,5,0.3419974,0.0
273,NLVPMVATV,positive,5,0.33399224,1.0
2807,GILGFVFTL,positive,5,0.22655755,1.0
4670,GILGFVFTL,10x,5,0.501569,0.0
2228,GILGFVFTL,10x,5,0.4037373,0.0
763,GILGFVFTL,10x,5,0.14677611,0.0
2160,FLYALALLL,10x,5,0.0019662385,0.0
3626,RMFPNAPYL,10x,5,0.34974083,0.0
3911,GLCTLVAML,swapped_2979,5,1.3384582e-07,0.0
685,GILGFVFTL,10x,5,0.08613496,0.0
2832,GILGFVFTL,positive,5,0.99984384,1.0
4139,GILGFVFTL,swapped_3041,5,0.08727281,0.0
6847,GILGFVFTL,swapped_5816,5,0.31156358,0.0
1671,GILGFVFTL,positive,5,0.9597462,1.0
6120,GLCTLVAML,10x,5,0.27052233,0.0
3278,GLCTLVAML,10x,5,0.15317683,0.0
4485,GILGFVFTL,positive,5,0.16676116,1.0
4137,KTWGQYWQV,swapped_2912,5,0.45497397,0.0
3041,GLCTLVAML,positive,5,0.95043254,1.0
2012,GILGFVFTL,10x,5,0.32826278,0.0
1371,LLFGYPVYV,swapped_38,5,0.44067883,0.0
2486,GLCTLVAML,swapped_1702,5,3.1740483e-06,0.0
2551,GILGFVFTL,swapped_1777,5,0.10139755,0.0
6237,GLCTLVAML,10x,5,0.34381112,0.0
1736,NLVPMVATV,positive,5,0.9458254,1.0
3222,GILGFVFTL,10x,5,0.10523323,0.0
5436,IMDQVPFSV,swapped_4374,5,2.853976e-05,0.0
4623,LLFGYPVYV,10x,5,0.4569246,0.0
2711,GILGFVFTL,positive,5,0.9962022,1.0
3698,GILGFVFTL,10x,5,0.22615129,0.0
5717,GILGFVFTL,positive,5,0.99968433,1.0
3286,NLVPMVATV,10x,5,0.31472498,0.0
6221,FLYALALLL,10x,5,0.16618975,0.0
3130,NLVPMVATV,10x,5,0.3650992,0.0
751,GILGFVFTL,10x,5,0.2438545,0.0
5674,GILGFVFTL,swapped_4451,5,0.447767,0.0
3873,MLDLQPETT,swapped_3047,5,0.4569246,0.0
4919,GILGFVFTL,10x,5,0.4926452,0.0
1137,GLCTLVAML,10x,5,3.4922803e-07,0.0
6034,GLCTLVAML,10x,5,0.33952492,0.0
4374,GILGFVFTL,positive,5,0.99995375,1.0
931,MLDLQPETT,10x,5,0.4569246,0.0
504,GILGFVFTL,10x,5,0.12743175,0.0
4131,KTWGQYWQV,swapped_2811,5,8.179623e-05,0.0
424,GLCTLVAML,10x,5,0.24570698,0.0
1921,NLVPMVATV,10x,5,0.32300735,0.0
5539,GLCTLVAML,swapped_4463,5,1.3986077e-06,0.0
406,GILGFVFTL,10x,5,0.32466665,0.0
1154,GILGFVFTL,swapped_65,5,0.11127548,0.0
1258,NLVPMVATV,swapped_92,5,0.001217336,0.0
1727,GILGFVFTL,positive,5,0.98315954,1.0
6124,GILGFVFTL,10x,5,0.17638727,0.0
505,NLVPMVATV,10x,5,0.28620347,0.0
2443,SLLMWITQV,swapped_1700,5,0.0018844168,0.0
1319,GLCTLVAML,swapped_251,5,0.2170483,0.0
3581,NLVPMVATV,10x,5,0.32848173,0.0
5527,GLCTLVAML,swapped_4186,5,0.5703944,0.0
4268,GLCTLVAML,positive,5,0.93166417,1.0
4031,FLYALALLL,swapped_2943,5,7.702207e-09,0.0
3770,GILGFVFTL,10x,5,0.24724618,0.0
1677,GILGFVFTL,positive,5,0.9975643,1.0
4830,GLCTLVAML,10x,5,0.59805214,0.0
3383,GILGFVFTL,10x,5,0.38597828,0.0
6721,GLCTLVAML,swapped_5809,5,0.011916959,0.0
1117,GILGFVFTL,10x,5,0.20382875,0.0
5469,NLVPMVATV,swapped_4350,5,1.1149655e-05,0.0
4078,RTLNAWVKV,swapped_2852,5,0.5099914,0.0
1852,GILGFVFTL,10x,5,0.2866092,0.0
2009,GILGFVFTL,10x,5,0.2529188,0.0
4115,NLVPMVATV,swapped_2827,5,0.33719042,0.0
3930,GLCTLVAML,swapped_2807,5,0.26689446,0.0
6360,GILGFVFTL,10x,5,0.3796467,0.0
2923,GILGFVFTL,positive,5,0.18557711,1.0
4186,GILGFVFTL,positive,5,0.4183066,1.0
6854,GLCTLVAML,swapped_5935,5,0.0036875778,0.0
956,RTLNAWVKV,10x,5,0.42990097,0.0
5038,GILGFVFTL,10x,5,0.46722406,0.0
2853,GILGFVFTL,positive,5,0.9999217,1.0
3569,GILGFVFTL,10x,5,0.4709025,0.0
3115,NLVPMVATV,10x,5,0.26587898,0.0
1592,GLCTLVAML,positive,5,0.94250876,1.0
19,GILGFVFTL,positive,5,0.9778381,1.0
5816,NLVPMVATV,positive,5,0.8549805,1.0
4163,NLVPMVATV,swapped_2801,5,0.00013709307,0.0
4180,GILGFVFTL,positive,5,0.99991786,1.0
5882,SLLMWITQV,positive,5,0.3877407,1.0
5875,GILGFVFTL,positive,5,0.9962739,1.0
5683,RMFPNAPYL,swapped_4364,5,0.00034035876,0.0
2892,GILGFVFTL,positive,5,0.05665357,1.0
4509,GILGFVFTL,positive,5,0.33876157,1.0
2701,GILGFVFTL,positive,5,0.9998969,1.0
1091,GILGFVFTL,10x,5,0.93959624,0.0
2674,NLVPMVATV,swapped_1788,5,0.028800903,0.0
2852,GLCTLVAML,positive,5,0.9203104,1.0
5878,LLFGYPVYV,positive,5,0.44217184,1.0
308,GILGFVFTL,positive,5,0.43569642,1.0
5363,GLCTLVAML,swapped_4312,5,5.630788e-06,0.0
5536,GILGFVFTL,swapped_4367,5,0.14863901,0.0
5637,NLVPMVATV,swapped_4274,5,0.30805358,0.0
1876,GILGFVFTL,10x,5,0.08892734,0.0
6104,GILGFVFTL,10x,5,0.99836975,0.0
1693,GILGFVFTL,positive,5,0.9999174,1.0
1834,GILGFVFTL,10x,5,0.096458316,0.0
2851,GILGFVFTL,positive,5,0.99034506,1.0
5367,NLVPMVATV,swapped_4390,5,0.0014025884,0.0
4381,GILGFVFTL,positive,5,0.99844605,1.0
5151,GILGFVFTL,10x,5,0.15587254,0.0
4606,GILGFVFTL,10x,5,0.10050094,0.0
1204,GILGFVFTL,swapped_190,5,0.2280515,0.0
1453,GLCTLVAML,swapped_100,5,0.003410775,0.0
3901,MLDLQPETT,swapped_2832,5,1.7374869e-05,0.0
3303,GILGFVFTL,10x,5,0.1336445,0.0
6392,GILGFVFTL,10x,5,0.1709535,0.0
2792,GILGFVFTL,positive,5,0.9999008,1.0
741,GILGFVFTL,10x,5,0.2607844,0.0
365,GILGFVFTL,positive,5,0.9839887,1.0
5241,GILGFVFTL,10x,5,0.24807563,0.0
6170,GILGFVFTL,10x,5,0.22595412,0.0
3368,LLFGYPVYV,10x,5,0.41763082,0.0
5660,GILGFVFTL,swapped_4535,5,0.017201254,0.0
601,GILGFVFTL,10x,5,0.1535849,0.0
4043,GLCTLVAML,swapped_2892,5,0.6543578,0.0
2912,FLYALALLL,positive,5,0.7110465,1.0
6531,GILGFVFTL,10x,5,0.467429,0.0
4165,NLVPMVATV,swapped_2823,5,9.005426e-05,0.0
5293,GILGFVFTL,10x,5,0.16191335,0.0
641,GILGFVFTL,10x,5,0.45007682,0.0
3215,GILGFVFTL,10x,5,0.11236915,0.0
3351,NLVPMVATV,10x,5,0.37224337,0.0
1458,NLVPMVATV,swapped_178,5,6.775668e-05,0.0
2297,GILGFVFTL,10x,5,0.24229339,0.0
5178,GILGFVFTL,10x,5,0.18896818,0.0
1595,GILGFVFTL,positive,5,0.4082319,1.0
6244,GILGFVFTL,10x,5,0.13023533,0.0
4121,NLVPMVATV,swapped_2763,5,5.1059968e-05,0.0
2933,GILGFVFTL,positive,5,0.35142675,1.0
2804,FLYALALLL,positive,5,0.77953595,1.0
3798,GILGFVFTL,10x,5,0.1906119,0.0
1704,GLCTLVAML,positive,5,0.37207887,1.0
5532,GLCTLVAML,swapped_4509,5,0.14716515,0.0
2533,GILGFVFTL,swapped_1689,5,0.2957711,0.0
539,GILGFVFTL,10x,5,0.54951173,0.0
3346,GLCTLVAML,10x,5,0.5102157,0.0
2317,GILGFVFTL,10x,5,0.2078445,0.0
864,GILGFVFTL,10x,5,0.2880739,0.0
5658,GLCTLVAML,swapped_4252,5,0.09290202,0.0
6236,NLVPMVATV,10x,5,0.34035698,0.0
1148,NLVPMVATV,swapped_293,5,2.1062515e-06,0.0
1455,GLCTLVAML,swapped_58,5,0.25144038,0.0
1099,GILGFVFTL,10x,5,0.25585416,0.0
1922,GILGFVFTL,10x,5,0.40391526,0.0
2036,RTLNAWVKV,10x,5,0.21721764,0.0
227,GILGFVFTL,positive,5,0.2884339,1.0
2026,GILGFVFTL,10x,5,0.27702823,0.0
3294,GILGFVFTL,10x,5,0.33360454,0.0
6431,GILGFVFTL,10x,5,0.2319159,0.0
3280,NLVPMVATV,10x,5,0.40066296,0.0
2897,GLCTLVAML,positive,5,0.4878678,1.0
5680,GLCTLVAML,swapped_4522,5,0.0005331559,0.0
3922,NLVPMVATV,swapped_2938,5,0.0007946979,0.0
4435,GILGFVFTL,positive,5,0.22028022,1.0
5530,GLCTLVAML,swapped_4445,5,0.0027382476,0.0
6443,GILGFVFTL,10x,5,0.19399548,0.0
2255,GILGFVFTL,10x,5,0.13135755,0.0
2070,GILGFVFTL,10x,5,0.26214528,0.0
2646,NLVPMVATV,swapped_1625,5,0.72424084,0.0
2590,GILGFVFTL,swapped_1807,5,0.17817704,0.0
272,GILGFVFTL,positive,5,0.5949852,1.0
6423,NLVPMVATV,10x,5,0.5003353,0.0
3701,GILGFVFTL,10x,5,0.36983827,0.0
1742,GILGFVFTL,positive,5,0.99993384,1.0
3122,GILGFVFTL,10x,5,0.94102263,0.0
1872,GILGFVFTL,10x,5,0.15604267,0.0
1387,NLVPMVATV,swapped_96,5,0.5629557,0.0
5128,CLGGLLTMV,10x,5,0.33049682,0.0
34,GILGFVFTL,positive,5,0.9998933,1.0
4004,IMDQVPFSV,swapped_3031,5,1.8173874e-05,0.0
1689,NLVPMVATV,positive,5,0.40731058,1.0
4236,GLCTLVAML,positive,5,0.21552232,1.0
5935,GILGFVFTL,positive,5,0.9333322,1.0
2746,GILGFVFTL,positive,5,0.38112816,1.0
6152,GILGFVFTL,10x,5,0.12690702,0.0
5182,GILGFVFTL,10x,5,0.09498462,0.0
418,GLCTLVAML,10x,5,0.36186218,0.0
980,NLVPMVATV,10x,5,0.32886377,0.0
4839,NLVPMVATV,10x,5,0.09761667,0.0
3837,NLVPMVATV,swapped_2974,5,0.05518193,0.0
121,GILGFVFTL,positive,5,0.36320734,1.0
565,GILGFVFTL,10x,5,0.9899418,0.0
145,GILGFVFTL,positive,5,0.8723841,1.0
975,GILGFVFTL,10x,5,0.227882,0.0
2446,GILGFVFTL,swapped_1552,5,0.042411875,0.0
2505,NLVPMVATV,swapped_1690,5,0.37969953,0.0
1773,GILGFVFTL,positive,5,0.14485762,1.0
318,GILGFVFTL,positive,5,0.99966574,1.0
2943,GILGFVFTL,positive,5,0.9999174,1.0
5208,GILGFVFTL,10x,5,0.42140087,0.0
4760,GILGFVFTL,10x,5,0.3101792,0.0
3522,GILGFVFTL,10x,5,0.22796424,0.0
4048,KTWGQYWQV,swapped_2788,5,1.4395116e-05,0.0
6100,GILGFVFTL,10x,5,0.14407495,0.0
4737,GILGFVFTL,10x,5,0.20906824,0.0
5614,GILGFVFTL,swapped_4439,5,0.48325905,0.0
4273,GILGFVFTL,positive,5,0.9999101,1.0
5233,GILGFVFTL,10x,5,0.6784561,0.0
3999,GILGFVFTL,swapped_2869,5,0.12184387,0.0
1276,GLCTLVAML,swapped_155,5,4.6944896e-07,0.0
4624,GILGFVFTL,10x,5,0.20878701,0.0
949,GILGFVFTL,10x,5,0.06588513,0.0
4515,GILGFVFTL,positive,5,0.9957646,1.0
6437,GILGFVFTL,10x,5,0.35044453,0.0
3775,GILGFVFTL,10x,5,0.20300381,0.0
2107,GILGFVFTL,10x,5,0.08839827,0.0
471,GILGFVFTL,10x,5,0.28496626,0.0
6632,NLVPMVATV,swapped_5795,5,1.1667044e-06,0.0
3333,FLYALALLL,10x,5,0.039388537,0.0
1554,GILGFVFTL,positive,5,0.99456644,1.0
5969,GILGFVFTL,positive,5,0.953933,1.0
3028,GILGFVFTL,positive,5,0.94258076,1.0
2035,LLFGYPVYV,10x,5,0.4569246,0.0
1001,GILGFVFTL,10x,5,0.22862466,0.0
2761,GILGFVFTL,positive,5,0.9976247,1.0
4328,GILGFVFTL,positive,5,0.78186107,1.0
3685,GILGFVFTL,10x,5,0.35020012,0.0
564,GILGFVFTL,10x,5,0.07367085,0.0
1188,RTLNAWVKV,swapped_308,5,0.30517393,0.0
1949,GILGFVFTL,10x,5,0.28328466,0.0
1214,NLVPMVATV,swapped_241,5,7.900978e-05,0.0
437,GILGFVFTL,10x,5,0.20246099,0.0
317,GILGFVFTL,positive,5,0.9998951,1.0
3624,IMDQVPFSV,10x,5,0.40460885,0.0
3118,GLCTLVAML,10x,5,0.19202256,0.0
4749,GILGFVFTL,10x,5,0.17842367,0.0
1225,LLFGYPVYV,swapped_41,5,0.00020122161,0.0
3051,GILGFVFTL,positive,5,0.9996234,1.0
5737,GLCTLVAML,positive,5,0.91806847,1.0
4185,GILGFVFTL,positive,5,0.9992151,1.0
3641,GILGFVFTL,10x,5,0.06822784,0.0
3068,GILGFVFTL,10x,5,0.36173248,0.0
3706,GILGFVFTL,10x,5,0.46423122,0.0
111,GILGFVFTL,positive,5,0.999308,1.0
5061,NLVPMVATV,10x,5,0.3870573,0.0
5448,GLCTLVAML,swapped_4240,5,7.26783e-06,0.0
5231,GLCTLVAML,10x,5,0.71704936,0.0
3400,SLLMWITQV,10x,5,0.4569246,0.0
1800,GILGFVFTL,positive,5,0.93143016,1.0
6183,GLCTLVAML,10x,5,0.007363867,0.0
1838,NLVPMVATV,10x,5,0.64903593,0.0
1776,GILGFVFTL,positive,5,0.3233318,1.0
926,GILGFVFTL,10x,5,0.123830326,0.0
3732,GILGFVFTL,10x,5,0.16229783,0.0
256,GILGFVFTL,positive,5,0.99758387,1.0
6719,GILGFVFTL,swapped_5878,5,0.12256309,0.0
249,GILGFVFTL,positive,5,0.99989486,1.0
6243,GILGFVFTL,10x,5,0.3851336,0.0
3892,GLCTLVAML,swapped_2793,5,1.3869969e-07,0.0
1379,LLFGYPVYV,swapped_341,5,0.40558463,0.0
2173,GILGFVFTL,10x,5,0.26164454,0.0
1498,NLVPMVATV,swapped_60,5,0.0038923947,0.0
4350,GILGFVFTL,positive,5,0.9998832,1.0
4396,NLVPMVATV,positive,5,0.30134615,1.0
1675,FLYALALLL,positive,5,0.908907,1.0
4067,NLVPMVATV,swapped_2808,5,0.36814448,0.0
3135,GILGFVFTL,10x,5,0.86293113,0.0
5132,GILGFVFTL,10x,5,0.061543178,0.0
2683,FLYALALLL,swapped_1693,5,6.3394103e-09,0.0
3523,GILGFVFTL,10x,5,0.1611433,0.0
675,GILGFVFTL,10x,5,0.36966836,0.0
5594,GILGFVFTL,swapped_4223,5,0.52750534,0.0
6425,GLCTLVAML,10x,5,0.22916548,0.0
1313,GLCTLVAML,swapped_352,5,0.16033214,0.0
6320,GILGFVFTL,10x,5,0.14637068,0.0
86,GILGFVFTL,positive,5,0.99948066,1.0
6802,MLDLQPETT,swapped_5979,5,3.9092534e-05,0.0
1233,GLCTLVAML,swapped_86,5,1.4072292e-06,0.0
5513,GLCTLVAML,swapped_4292,5,0.0088707395,0.0
1770,NLVPMVATV,positive,5,0.29706845,1.0
1970,GILGFVFTL,10x,5,0.20488252,0.0
6481,LLFGYPVYV,10x,5,0.475436,0.0
1564,NLVPMVATV,positive,5,0.9559079,1.0
167,GILGFVFTL,positive,5,0.3865091,1.0
4312,GILGFVFTL,positive,5,0.9997558,1.0
469,RMFPNAPYL,10x,5,0.45118478,0.0
5974,GILGFVFTL,positive,5,0.7003796,1.0
5345,SLLMWITQV,swapped_4178,5,0.20619287,0.0
5032,GILGFVFTL,10x,5,0.12692669,0.0
1010,GILGFVFTL,10x,5,0.116770685,0.0
4976,GILGFVFTL,10x,5,0.21162589,0.0
6079,GILGFVFTL,10x,5,0.41037604,0.0
2788,GILGFVFTL,positive,5,0.9998436,1.0
5278,GILGFVFTL,10x,5,0.052386083,0.0
4040,GLCTLVAML,swapped_2794,5,0.00023356146,0.0
3948,GILGFVFTL,swapped_2699,5,0.12916444,0.0
869,GILGFVFTL,10x,5,0.22286896,0.0
2395,GILGFVFTL,10x,5,0.30073512,0.0
5401,NLVPMVATV,swapped_4413,5,1.0802773e-06,0.0
2393,GILGFVFTL,10x,5,0.62925774,0.0
3725,GILGFVFTL,10x,5,0.121790014,0.0
1867,GILGFVFTL,10x,5,0.25643238,0.0
1322,GILGFVFTL,swapped_344,5,0.08154375,0.0
5013,GILGFVFTL,10x,5,0.12594299,0.0
6178,NLVPMVATV,10x,5,0.6081526,0.0
1208,GLCTLVAML,swapped_217,5,0.023421003,0.0
1429,MLDLQPETT,swapped_45,5,9.552695e-06,0.0
4705,GILGFVFTL,10x,5,0.13121474,0.0
4427,NLVPMVATV,positive,5,0.5705757,1.0
5668,GLCTLVAML,swapped_4381,5,7.521112e-05,0.0
6387,NLVPMVATV,10x,5,0.358885,0.0
3893,NLVPMVATV,swapped_2933,5,0.210113,0.0
3378,GILGFVFTL,10x,5,0.2534114,0.0
6429,SLFNTVATL,10x,5,0.23295088,0.0
1624,GILGFVFTL,positive,5,0.5712816,1.0
5312,GLCTLVAML,10x,5,0.25775567,0.0
4645,GLCTLVAML,10x,5,0.7301445,0.0
5809,GILGFVFTL,positive,5,0.8920523,1.0
3848,GLCTLVAML,swapped_2973,5,2.6187624e-06,0.0
5186,LLFGYPVYV,10x,5,0.45228386,0.0
2110,LLFGYPVYV,10x,5,0.4569246,0.0
2482,GLCTLVAML,swapped_1624,5,0.2206396,0.0
4849,GILGFVFTL,10x,5,0.37589052,0.0
5176,GILGFVFTL,10x,5,0.17037416,0.0
4824,GILGFVFTL,10x,5,0.17587437,0.0
5146,GILGFVFTL,10x,5,0.12482169,0.0
2407,RTLNAWVKV,swapped_1677,5,0.0023692495,0.0
5732,GILGFVFTL,positive,5,0.99989545,1.0
4908,GLCTLVAML,10x,5,0.7911139,0.0
6201,GILGFVFTL,10x,5,0.2541174,0.0
6021,LLFGYPVYV,10x,5,0.5270953,0.0
1919,GILGFVFTL,10x,5,0.21253723,0.0
2962,GILGFVFTL,positive,5,0.9958474,1.0
362,GILGFVFTL,positive,5,0.16251759,1.0
309,GILGFVFTL,positive,5,0.9999325,1.0
6233,GILGFVFTL,10x,5,0.22203702,0.0
229,GILGFVFTL,positive,5,0.9874371,1.0
5004,GILGFVFTL,10x,5,0.35805085,0.0
1115,GILGFVFTL,10x,5,0.2061395,0.0
2801,GILGFVFTL,positive,5,0.9995982,1.0
1069,GILGFVFTL,10x,5,0.3863733,0.0
5418,NLVPMVATV,swapped_4521,5,9.068038e-05,0.0
4118,GLCTLVAML,swapped_2866,5,0.27421287,0.0
4205,GILGFVFTL,positive,5,0.7522817,1.0
3339,GILGFVFTL,10x,5,0.32114208,0.0
5108,GILGFVFTL,10x,5,0.18095537,0.0
1979,GILGFVFTL,10x,5,0.27432472,0.0
5223,GILGFVFTL,10x,5,0.34308138,0.0
2167,GILGFVFTL,10x,5,0.35202026,0.0
934,GILGFVFTL,10x,5,0.34367597,0.0
6037,GILGFVFTL,10x,5,0.2523838,0.0
6660,GILGFVFTL,swapped_5790,5,0.04652577,0.0
5525,GLCTLVAML,swapped_4316,5,0.29956532,0.0
5080,GILGFVFTL,10x,5,0.17344709,0.0
2731,GILGFVFTL,positive,5,0.9996953,1.0
4753,GILGFVFTL,10x,5,0.18032818,0.0
4445,GILGFVFTL,positive,5,0.8954153,1.0
3189,GILGFVFTL,10x,5,0.31466448,0.0
1702,GILGFVFTL,positive,5,0.9992888,1.0
1157,GILGFVFTL,swapped_210,5,0.43396717,0.0
4580,GILGFVFTL,10x,5,0.35224074,0.0
1890,GLCTLVAML,10x,5,0.27541888,0.0
6039,GILGFVFTL,10x,5,0.13746917,0.0
6594,GLCTLVAML,10x,5,0.40179998,0.0
2974,GILGFVFTL,positive,5,0.9079273,1.0
4599,GLCTLVAML,10x,5,0.6486864,0.0
2024,GILGFVFTL,10x,5,0.31901225,0.0
551,GILGFVFTL,10x,5,0.3801734,0.0
5029,NLVPMVATV,10x,5,0.42141148,0.0
4274,KTWGQYWQV,positive,5,0.41421327,1.0
3231,RTLNAWVKV,10x,5,0.44283637,0.0
443,KTWGQYWQV,10x,5,0.4569246,0.0
2739,GILGFVFTL,positive,5,0.9994704,1.0
6056,GLCTLVAML,10x,5,0.35985568,0.0
6319,GILGFVFTL,10x,5,0.19643371,0.0
2066,GILGFVFTL,10x,5,0.31545305,0.0
3988,GILGFVFTL,swapped_3008,5,0.104221515,0.0
2032,GILGFVFTL,10x,5,0.7007336,0.0
1469,GLCTLVAML,swapped_290,5,1.2838722e-05,0.0
4252,GILGFVFTL,positive,5,0.51442486,1.0
588,NLVPMVATV,10x,5,0.37303448,0.0
966,IMDQVPFSV,10x,5,0.41251346,0.0
3705,FLYALALLL,10x,5,0.1306674,0.0
5862,GILGFVFTL,positive,5,0.23241036,1.0
6725,NLVPMVATV,swapped_5728,5,0.36086196,0.0
5249,RTLNAWVKV,10x,5,0.44490576,0.0
1990,GILGFVFTL,10x,5,0.1071708,0.0
3152,NLVPMVATV,10x,5,0.26414442,0.0
119,GILGFVFTL,positive,5,0.99979717,1.0
4619,GILGFVFTL,10x,5,0.07799847,0.0
2846,GILGFVFTL,positive,5,0.9996145,1.0
2189,GILGFVFTL,10x,5,0.5102273,0.0
4555,GILGFVFTL,positive,5,0.5496621,1.0
5211,GILGFVFTL,10x,5,0.16096087,0.0
3783,GILGFVFTL,10x,5,0.19154249,0.0
6018,RMFPNAPYL,10x,5,0.4302323,0.0
3241,GILGFVFTL,10x,5,0.19965443,0.0
3326,GILGFVFTL,10x,5,0.27740222,0.0
4238,SLLMWITQV,positive,5,0.37635508,1.0
5067,GILGFVFTL,10x,5,0.11393701,0.0
483,GILGFVFTL,10x,5,0.113402136,0.0
3440,GILGFVFTL,10x,5,0.33571738,0.0
1946,GLCTLVAML,10x,5,0.39330253,0.0
38,GILGFVFTL,positive,5,0.3798322,1.0
4962,GILGFVFTL,10x,5,0.26646644,0.0
3773,GILGFVFTL,10x,5,0.4281585,0.0
65,NLVPMVATV,positive,5,0.25404266,1.0
5306,GILGFVFTL,10x,5,0.21967712,0.0
1135,GLCTLVAML,10x,5,0.5849311,0.0
671,GILGFVFTL,10x,5,0.33491743,0.0
2257,GILGFVFTL,10x,5,0.20588998,0.0
151,GILGFVFTL,positive,5,0.99575907,1.0
1837,RMFPNAPYL,10x,5,0.44518194,0.0
354,GILGFVFTL,positive,5,0.99993265,1.0
5588,GILGFVFTL,swapped_4427,5,0.29435506,0.0
3266,GILGFVFTL,10x,5,0.34732664,0.0
2053,GILGFVFTL,10x,5,0.44353962,0.0
3743,GILGFVFTL,10x,5,0.17048259,0.0
1078,SLLMWITQV,10x,5,0.40775126,0.0
4915,GILGFVFTL,10x,5,0.89805365,0.0
5071,NLVPMVATV,10x,5,0.30017266,0.0
6156,GILGFVFTL,10x,5,0.14634226,0.0
1014,GILGFVFTL,10x,5,0.07098193,0.0
4641,GILGFVFTL,10x,5,0.31047356,0.0
3405,GILGFVFTL,10x,5,0.2393913,0.0
3796,GILGFVFTL,10x,5,0.13326152,0.0
2045,GILGFVFTL,10x,5,0.2309653,0.0
664,GILGFVFTL,10x,5,0.25503352,0.0
5871,GILGFVFTL,positive,5,0.99988484,1.0
1686,FLYALALLL,positive,5,0.51234764,1.0
2090,GILGFVFTL,10x,5,0.2578902,0.0
3106,NLVPMVATV,10x,5,0.09968065,0.0
556,GILGFVFTL,10x,5,0.3618964,0.0
662,GILGFVFTL,10x,5,0.18992706,0.0
6709,GILGFVFTL,swapped_5755,5,0.06562583,0.0
3104,RTLNAWVKV,10x,5,0.36120483,0.0
4818,NLVPMVATV,10x,5,0.29591525,0.0
1807,FLYALALLL,positive,5,0.7910347,1.0
3575,GLCTLVAML,10x,5,0.17493582,0.0
2992,GILGFVFTL,positive,5,0.9993766,1.0
2900,GILGFVFTL,positive,5,0.1991813,1.0
6771,GILGFVFTL,swapped_5876,5,0.29058883,0.0
5115,GILGFVFTL,10x,5,0.2591783,0.0
3055,GILGFVFTL,positive,5,0.99991524,1.0
645,YLLEMLWRL,10x,5,0.4477575,0.0
6162,GILGFVFTL,10x,5,0.47185674,0.0
1431,FLYALALLL,swapped_362,5,0.3753827,0.0
1737,NLVPMVATV,positive,5,0.90230435,1.0
235,GILGFVFTL,positive,5,0.99944,1.0
5540,GILGFVFTL,swapped_4512,5,0.0451139,0.0
2200,KTWGQYWQV,10x,5,0.43243563,0.0
887,GLCTLVAML,10x,5,0.27004173,0.0
4610,GILGFVFTL,10x,5,0.0563902,0.0
4771,GILGFVFTL,10x,5,0.14290233,0.0
3419,GILGFVFTL,10x,5,0.16446501,0.0
4546,GILGFVFTL,positive,5,0.9999348,1.0
3252,GLCTLVAML,10x,5,0.37273693,0.0
5544,GLCTLVAML,swapped_4336,5,3.0961524e-05,0.0
4731,GLCTLVAML,10x,5,0.4946421,0.0
3436,GILGFVFTL,10x,5,0.24963361,0.0
2955,GILGFVFTL,positive,5,0.19606176,1.0
6280,GILGFVFTL,10x,5,0.2459346,0.0
4566,GILGFVFTL,10x,5,0.28544027,0.0
1991,GILGFVFTL,10x,5,0.10647612,0.0
4666,GILGFVFTL,10x,5,0.5098028,0.0
2693,GILGFVFTL,swapped_1759,5,0.14545013,0.0
5102,GILGFVFTL,10x,5,0.113491744,0.0
4699,GLCTLVAML,10x,5,0.15833387,0.0
1963,GLCTLVAML,10x,5,0.15452974,0.0
4538,GILGFVFTL,positive,5,0.16177732,1.0
2578,GILGFVFTL,swapped_1675,5,0.050007284,0.0
1672,GILGFVFTL,positive,5,0.9725604,1.0
3765,GILGFVFTL,10x,5,0.48820513,0.0
4644,GILGFVFTL,10x,5,0.22229034,0.0
6128,GILGFVFTL,10x,5,0.15549102,0.0
6865,GILGFVFTL,swapped_5776,5,0.448892,0.0
2001,NLVPMVATV,10x,5,0.3268653,0.0
2798,GILGFVFTL,positive,5,0.9998727,1.0
3642,GILGFVFTL,10x,5,0.08468706,0.0
1375,GLCTLVAML,swapped_272,5,0.08401032,0.0
1788,GILGFVFTL,positive,5,0.980494,1.0
6563,NLVPMVATV,10x,5,0.4575408,0.0
4222,GILGFVFTL,positive,5,0.9999254,1.0
4214,GILGFVFTL,positive,5,0.99994695,1.0
1145,GLCTLVAML,swapped_336,5,8.616563e-06,0.0
2763,GILGFVFTL,positive,5,0.99978167,1.0
593,FLYALALLL,10x,5,0.16931218,0.0
2122,GILGFVFTL,10x,5,0.1929475,0.0
2730,KTWGQYWQV,positive,5,0.5190791,1.0
4521,GILGFVFTL,positive,5,0.9988223,1.0
5903,GILGFVFTL,positive,5,0.9997559,1.0
5403,GLCTLVAML,swapped_4277,5,2.3767645e-06,0.0
5389,NLVPMVATV,swapped_4222,5,3.1535942e-06,0.0
45,GILGFVFTL,positive,5,0.99989784,1.0
5432,RTLNAWVKV,swapped_4515,5,0.012419685,0.0
6306,GILGFVFTL,10x,5,0.16732118,0.0
2469,MLDLQPETT,swapped_1726,5,0.43154725,0.0
991,GLCTLVAML,swapped_73,5,0.17284147,0.0
4499,GILGFVFTL,positive,5,0.99993515,1.0
3914,GLCTLVAML,swapped_2882,5,1.2465777e-05,0.0
4063,NLVPMVATV,swapped_2901,5,0.42915276,0.0
4960,RTLNAWVKV,10x,5,0.44802612,0.0
6696,GLCTLVAML,swapped_5707,5,1.0420539e-06,0.0
1911,GILGFVFTL,10x,5,0.49665323,0.0
6036,FLYALALLL,10x,5,0.3612268,0.0
2170,GILGFVFTL,10x,5,0.1689493,0.0
6353,GILGFVFTL,10x,5,0.31418303,0.0
1298,KVLEYVIKV,swapped_268,5,0.3112897,0.0
4874,GILGFVFTL,10x,5,0.14386217,0.0
2329,NLVPMVATV,10x,5,0.36721662,0.0
6336,GLCTLVAML,10x,5,0.09471327,0.0
6368,NLVPMVATV,10x,5,0.47777924,0.0
1220,NLVPMVATV,swapped_196,5,0.005615527,0.0
3856,NLVPMVATV,swapped_2725,5,0.0002755036,0.0
6770,NLVPMVATV,swapped_5932,5,0.6451842,0.0
1926,KTWGQYWQV,10x,5,0.41486144,0.0
514,GILGFVFTL,10x,5,0.30737478,0.0
1600,GILGFVFTL,positive,5,0.14986062,1.0
6016,GILGFVFTL,10x,5,0.09780817,0.0
6257,GILGFVFTL,10x,5,0.25654393,0.0
2253,GILGFVFTL,10x,5,0.26313314,0.0
3253,GILGFVFTL,10x,5,0.24725205,0.0
1960,GILGFVFTL,10x,5,0.22000058,0.0
5040,GLCTLVAML,10x,5,0.34697485,0.0
4721,GILGFVFTL,10x,5,0.18371974,0.0
4687,RTLNAWVKV,10x,5,0.4569246,0.0
3791,GILGFVFTL,10x,5,0.2945288,0.0
2793,GILGFVFTL,positive,5,0.99991965,1.0
3702,GLCTLVAML,10x,5,0.18284358,0.0
4898,GILGFVFTL,10x,5,0.20473476,0.0
203,GILGFVFTL,positive,5,0.20283617,1.0
5481,GLCTLVAML,swapped_4485,5,0.88087624,0.0
2979,GILGFVFTL,positive,5,0.99992585,1.0
1850,GILGFVFTL,10x,5,0.07983438,0.0
1519,FLYALALLL,swapped_203,5,0.10818516,0.0
5411,GILGFVFTL,swapped_4174,5,0.46909148,0.0
3946,NLVPMVATV,swapped_2798,5,4.0078185e-06,0.0
812,GILGFVFTL,10x,5,0.15899959,0.0
3884,NLVPMVATV,swapped_2992,5,0.00011909238,0.0
2725,GILGFVFTL,positive,5,0.99919194,1.0
1364,GLCTLVAML,swapped_111,5,2.8499753e-05,0.0
379,GILGFVFTL,positive,5,0.98552793,1.0
5636,GLCTLVAML,swapped_4315,5,0.00026678803,0.0
5720,GILGFVFTL,positive,5,0.14468801,1.0
4141,NLVPMVATV,swapped_2962,5,0.0012361595,0.0
1349,RTLNAWVKV,swapped_121,5,0.45588884,0.0
4356,GILGFVFTL,positive,5,0.9999355,1.0
5456,NLVPMVATV,swapped_4180,5,1.2356744e-05,0.0
3985,KTWGQYWQV,swapped_2945,5,0.072162054,0.0
4413,GILGFVFTL,positive,5,0.9999559,1.0
2529,GLCTLVAML,swapped_1773,5,0.23941368,0.0
6668,GLCTLVAML,swapped_5862,5,0.26833394,0.0
3813,GILGFVFTL,swapped_2730,5,0.28210443,0.0
4873,NLVPMVATV,10x,5,0.4411952,0.0
918,GILGFVFTL,10x,5,0.09788481,0.0
5740,GLCTLVAML,positive,5,0.2297991,1.0
6889,YLLEMLWRL,swapped_5969,5,0.026398046,0.0
5439,RMFPNAPYL,swapped_4365,5,0.43259978,0.0
2524,GILGFVFTL,swapped_1723,5,0.17672537,0.0
3779,GILGFVFTL,10x,5,0.21988007,0.0
5216,GILGFVFTL,10x,5,0.3701113,0.0
210,GLCTLVAML,positive,5,0.3619388,1.0
4360,GILGFVFTL,positive,5,0.9909066,1.0
4160,GILGFVFTL,swapped_2948,5,0.17443255,0.0
2269,GILGFVFTL,10x,5,0.37463418,0.0
6609,GILGFVFTL,10x,5,0.38213968,0.0
5930,NLVPMVATV,positive,5,0.61876017,1.0
3225,GILGFVFTL,10x,5,0.33676204,0.0
4722,GILGFVFTL,10x,5,0.37869942,0.0
4882,GILGFVFTL,10x,5,0.2699754,0.0
4505,GLCTLVAML,positive,5,0.94341654,1.0
3538,GILGFVFTL,10x,5,0.19133799,0.0
4703,NLVPMVATV,10x,5,0.4983278,0.0
785,GLCTLVAML,10x,5,0.03137803,0.0
2159,GILGFVFTL,10x,5,0.29085502,0.0
3151,GILGFVFTL,10x,5,0.31280988,0.0
5906,GILGFVFTL,positive,5,0.98983395,1.0
