1773,GILGFVFTL,positive,5,0.6156148,1.0
2209,NLVPMVATV,10x,5,0.85024875,0.0
1371,LLFGYPVYV,swapped_38,5,0.53352475,0.0
3419,GILGFVFTL,10x,5,0.10633953,0.0
3019,GILGFVFTL,positive,5,0.059681457,1.0
6721,GLCTLVAML,swapped_5809,5,0.645642,0.0
3051,GILGFVFTL,positive,5,0.13146661,1.0
400,GILGFVFTL,10x,5,0.12390101,0.0
47,GILGFVFTL,positive,5,0.2663868,1.0
1595,GILGFVFTL,positive,5,0.77338797,1.0
1770,NLVPMVATV,positive,5,0.26392454,1.0
2827,GILGFVFTL,positive,5,0.3743699,1.0
1291,KTWGQYWQV,swapped_49,5,0.74321175,0.0
133,GILGFVFTL,positive,5,0.6150064,1.0
6431,GILGFVFTL,10x,5,0.6252765,0.0
3084,GLCTLVAML,10x,5,0.110564955,0.0
5286,GILGFVFTL,10x,5,0.28674826,0.0
754,GILGFVFTL,10x,5,0.046367303,0.0
55,GLCTLVAML,positive,5,0.27931836,1.0
5624,GLCTLVAML,swapped_4290,5,0.32304832,0.0
196,GILGFVFTL,positive,5,0.744677,1.0
2746,GILGFVFTL,positive,5,0.04977328,1.0
6244,GILGFVFTL,10x,5,0.077774465,0.0
5108,GILGFVFTL,10x,5,0.37245867,0.0
6360,GILGFVFTL,10x,5,0.49811906,0.0
1510,YLLEMLWRL,swapped_137,5,0.4364553,0.0
6120,GLCTLVAML,10x,5,0.3062286,0.0
3347,GILGFVFTL,10x,5,0.61833465,0.0
354,GILGFVFTL,positive,5,0.13334343,1.0
4623,LLFGYPVYV,10x,5,0.6291558,0.0
6152,GILGFVFTL,10x,5,0.5617087,0.0
1736,NLVPMVATV,positive,5,0.8008795,1.0
6016,GILGFVFTL,10x,5,0.28678805,0.0
2012,GILGFVFTL,10x,5,0.04950477,0.0
1127,GILGFVFTL,10x,5,0.34214446,0.0
5527,GLCTLVAML,swapped_4186,5,0.8957709,0.0
4267,GILGFVFTL,positive,5,0.014991023,1.0
1137,GLCTLVAML,10x,5,0.058905654,0.0
5737,GLCTLVAML,positive,5,0.24876386,1.0
1675,FLYALALLL,positive,5,0.6051903,1.0
3932,GILGFVFTL,swapped_2876,5,0.25442895,0.0
934,GILGFVFTL,10x,5,0.09691125,0.0
3995,NLVPMVATV,swapped_3055,5,0.07304346,0.0
1168,GLCTLVAML,swapped_287,5,0.39728802,0.0
5598,SLLMWITQV,swapped_4214,5,0.023118494,0.0
6437,GILGFVFTL,10x,5,0.23081164,0.0
1759,FLYALALLL,positive,5,0.2764156,1.0
2992,GILGFVFTL,positive,5,0.21863152,1.0
3495,GLCTLVAML,10x,5,0.59972245,0.0
2348,GILGFVFTL,10x,5,0.6414793,0.0
4201,GILGFVFTL,positive,5,0.5842294,1.0
4015,NLVPMVATV,swapped_2898,5,0.21945785,0.0
6847,GILGFVFTL,swapped_5816,5,0.86064667,0.0
6635,GILGFVFTL,swapped_5740,5,0.10892318,0.0
2459,GLCTLVAML,swapped_1790,5,0.19003335,0.0
5876,GLCTLVAML,positive,5,0.7029862,1.0
2591,LLFGYPVYV,swapped_1564,5,0.8921367,0.0
2467,GLCTLVAML,swapped_1742,5,0.039082903,0.0
2319,NLVPMVATV,10x,5,0.16662149,0.0
6854,GLCTLVAML,swapped_5935,5,0.52424675,0.0
812,GILGFVFTL,10x,5,0.5942441,0.0
1900,NLVPMVATV,10x,5,0.5084667,0.0
6808,NLVPMVATV,swapped_5945,5,0.055367462,0.0
6147,GILGFVFTL,10x,5,0.5776051,0.0
1272,GLCTLVAML,swapped_309,5,0.019581795,0.0
3641,GILGFVFTL,10x,5,0.024521422,0.0
2213,GILGFVFTL,10x,5,0.23138139,0.0
3921,NLVPMVATV,swapped_2977,5,0.028880367,0.0
3339,GILGFVFTL,10x,5,0.44697383,0.0
5151,GILGFVFTL,10x,5,0.07651498,0.0
4118,GLCTLVAML,swapped_2866,5,0.11935166,0.0
4787,GILGFVFTL,10x,5,0.8962574,0.0
3575,GLCTLVAML,10x,5,0.41812217,0.0
3901,MLDLQPETT,swapped_2832,5,0.05338063,0.0
1686,FLYALALLL,positive,5,0.030177092,1.0
5178,GILGFVFTL,10x,5,0.68464005,0.0
24,GILGFVFTL,positive,5,0.02118068,1.0
6243,GILGFVFTL,10x,5,0.68019325,0.0
89,GILGFVFTL,positive,5,0.029774204,1.0
6222,GILGFVFTL,10x,5,0.62333983,0.0
4024,GLCTLVAML,swapped_2955,5,0.43733594,0.0
1521,FLYALALLL,swapped_103,5,0.016020538,0.0
3151,GILGFVFTL,10x,5,0.06277888,0.0
6725,NLVPMVATV,swapped_5728,5,0.05872564,0.0
4731,GLCTLVAML,10x,5,0.587788,0.0
1429,MLDLQPETT,swapped_45,5,0.17762972,0.0
2592,RTLNAWVKV,swapped_1713,5,0.07424756,0.0
1431,FLYALALLL,swapped_362,5,0.14410448,0.0
60,GILGFVFTL,positive,5,0.6559878,1.0
4063,NLVPMVATV,swapped_2901,5,0.013026343,0.0
166,GLCTLVAML,positive,5,0.7288621,1.0
6802,MLDLQPETT,swapped_5979,5,0.04003287,0.0
406,GILGFVFTL,10x,5,0.8086315,0.0
2090,GILGFVFTL,10x,5,0.76236874,0.0
4662,GILGFVFTL,10x,5,0.3454463,0.0
6436,GILGFVFTL,10x,5,0.4740848,0.0
4435,GILGFVFTL,positive,5,0.51672584,1.0
273,NLVPMVATV,positive,5,0.13022432,1.0
5989,GLCTLVAML,positive,5,0.13081008,1.0
1099,GILGFVFTL,10x,5,0.087814465,0.0
854,GLCTLVAML,10x,5,0.45515192,0.0
6177,GILGFVFTL,10x,5,0.22951093,0.0
1226,NLVPMVATV,swapped_160,5,0.173074,0.0
4268,GLCTLVAML,positive,5,0.4804627,1.0
6013,NLVPMVATV,10x,5,0.17805849,0.0
2689,GLCTLVAML,swapped_1749,5,0.05830834,0.0
5530,GLCTLVAML,swapped_4445,5,0.19568187,0.0
6052,NLVPMVATV,10x,5,0.6089707,0.0
5641,LLFGYPVYV,swapped_4238,5,0.62214226,0.0
1302,LLFGYPVYV,swapped_227,5,0.16006528,0.0
227,GILGFVFTL,positive,5,0.15944664,1.0
4760,GILGFVFTL,10x,5,0.4946672,0.0
6339,GILGFVFTL,10x,5,0.21709877,0.0
709,GILGFVFTL,10x,5,0.79144144,0.0
6036,FLYALALLL,10x,5,0.091744944,0.0
876,GLCTLVAML,10x,5,0.604278,0.0
5295,GILGFVFTL,10x,5,0.50261384,0.0
4115,NLVPMVATV,swapped_2827,5,0.36192563,0.0
2860,GILGFVFTL,positive,5,0.039130896,1.0
45,GILGFVFTL,positive,5,0.17361483,1.0
3493,GLCTLVAML,10x,5,0.039223164,0.0
6398,NLVPMVATV,10x,5,0.34136555,0.0
4223,NLVPMVATV,positive,5,0.85213387,1.0
4841,GILGFVFTL,10x,5,0.52740306,0.0
2460,NLVPMVATV,swapped_1776,5,0.82982,0.0
3567,NLVPMVATV,10x,5,0.73305076,0.0
2943,GILGFVFTL,positive,5,0.02624249,1.0
4509,GILGFVFTL,positive,5,0.07290873,1.0
3292,SLFNTVATL,10x,5,0.7576171,0.0
6687,GILGFVFTL,swapped_5930,5,0.66455775,0.0
2674,NLVPMVATV,swapped_1788,5,0.0788941,0.0
5674,GILGFVFTL,swapped_4451,5,0.78313124,0.0
6418,GILGFVFTL,10x,5,0.33993575,0.0
1902,GILGFVFTL,10x,5,0.6544205,0.0
1739,GLCTLVAML,positive,5,0.59841573,1.0
3763,GILGFVFTL,10x,5,0.41661814,0.0
6443,GILGFVFTL,10x,5,0.31515035,0.0
6719,GILGFVFTL,swapped_5878,5,0.30904776,0.0
622,KTWGQYWQV,10x,5,0.22936906,0.0
2698,GILGFVFTL,positive,5,0.8865755,1.0
5032,GILGFVFTL,10x,5,0.5965276,0.0
5216,GILGFVFTL,10x,5,0.39840165,0.0
5441,FLYALALLL,swapped_4424,5,0.28603327,0.0
4354,GILGFVFTL,positive,5,0.017997138,1.0
5146,GILGFVFTL,10x,5,0.66718924,0.0
5543,RTLNAWVKV,swapped_4257,5,0.23916748,0.0
5875,GILGFVFTL,positive,5,0.1979405,1.0
537,GILGFVFTL,10x,5,0.6847954,0.0
3333,FLYALALLL,10x,5,0.15924314,0.0
6445,GILGFVFTL,10x,5,0.739171,0.0
4445,GILGFVFTL,positive,5,0.20233265,1.0
4870,GILGFVFTL,10x,5,0.38087958,0.0
1337,GILGFVFTL,swapped_156,5,0.8607133,0.0
5132,GILGFVFTL,10x,5,0.056811422,0.0
6327,NLVPMVATV,10x,5,0.7253355,0.0
5722,GILGFVFTL,positive,5,0.05870241,1.0
5871,GILGFVFTL,positive,5,0.033088084,1.0
4960,RTLNAWVKV,10x,5,0.82504284,0.0
2494,GILGFVFTL,swapped_1592,5,0.83561397,0.0
1884,GILGFVFTL,10x,5,0.25976965,0.0
6632,NLVPMVATV,swapped_5795,5,0.07738505,0.0
2407,RTLNAWVKV,swapped_1677,5,0.45085028,0.0
3698,GILGFVFTL,10x,5,0.059973426,0.0
3965,GILGFVFTL,swapped_2958,5,0.20085387,0.0
1788,GILGFVFTL,positive,5,0.08339768,1.0
6611,FLYALALLL,swapped_5974,5,0.19355804,0.0
1455,GLCTLVAML,swapped_58,5,0.42769903,0.0
2232,NLVPMVATV,10x,5,0.25009656,0.0
3031,GILGFVFTL,positive,5,0.062181547,1.0
5731,GILGFVFTL,positive,5,0.08446539,1.0
397,RMFPNAPYL,10x,5,0.44475412,0.0
2730,KTWGQYWQV,positive,5,0.84799093,1.0
6853,GLCTLVAML,swapped_5906,5,0.11837124,0.0
2888,GILGFVFTL,positive,5,0.2476885,1.0
3603,GILGFVFTL,10x,5,0.36928853,0.0
5525,GLCTLVAML,swapped_4316,5,0.36742315,0.0
5292,GILGFVFTL,10x,5,0.3193752,0.0
1960,GILGFVFTL,10x,5,0.7824036,0.0
1838,NLVPMVATV,10x,5,0.80471873,0.0
5159,GILGFVFTL,10x,5,0.20190585,0.0
4512,GLCTLVAML,positive,5,0.13470976,1.0
4165,NLVPMVATV,swapped_2823,5,0.15821601,0.0
3410,GLCTLVAML,10x,5,0.47542888,0.0
1245,RTLNAWVKV,swapped_234,5,0.23369284,0.0
1742,GILGFVFTL,positive,5,0.041102856,1.0
2590,GILGFVFTL,swapped_1807,5,0.44374382,0.0
6762,KTWGQYWQV,swapped_5868,5,0.86357504,0.0
3813,GILGFVFTL,swapped_2730,5,0.8586852,0.0
751,GILGFVFTL,10x,5,0.31030476,0.0
1800,GILGFVFTL,positive,5,0.066845156,1.0
3678,GILGFVFTL,10x,5,0.18994164,0.0
3983,KVLEYVIKV,swapped_2888,5,0.24453658,0.0
5683,RMFPNAPYL,swapped_4364,5,0.03616221,0.0
2524,GILGFVFTL,swapped_1723,5,0.41976508,0.0
1093,GILGFVFTL,10x,5,0.5435726,0.0
5979,GILGFVFTL,positive,5,0.037344813,1.0
5465,NLVPMVATV,swapped_4328,5,0.035294946,0.0
2869,GLCTLVAML,positive,5,0.39087394,1.0
4561,GILGFVFTL,10x,5,0.36212423,0.0
5935,GILGFVFTL,positive,5,0.53434724,1.0
3642,GILGFVFTL,10x,5,0.18342108,0.0
4277,GILGFVFTL,positive,5,0.16947815,1.0
3098,GILGFVFTL,10x,5,0.562769,0.0
949,GILGFVFTL,10x,5,0.27978942,0.0
734,SLLMWITQV,10x,5,0.0855245,0.0
5195,GILGFVFTL,10x,5,0.10596152,0.0
1115,GILGFVFTL,10x,5,0.03386832,0.0
191,GILGFVFTL,positive,5,0.5594237,1.0
3719,GILGFVFTL,10x,5,0.6686143,0.0
4048,KTWGQYWQV,swapped_2788,5,0.06397584,0.0
1964,GILGFVFTL,10x,5,0.026775846,0.0
4853,GILGFVFTL,10x,5,0.20338197,0.0
2122,GILGFVFTL,10x,5,0.22246899,0.0
4292,GILGFVFTL,positive,5,0.012071503,1.0
1809,GLCTLVAML,positive,5,0.4894553,1.0
1310,FLYALALLL,swapped_283,5,0.30552748,0.0
1381,NLVPMVATV,swapped_289,5,0.13957088,0.0
5693,GLCTLVAML,swapped_4205,5,0.27368608,0.0
2515,NLVPMVATV,swapped_1727,5,0.051290303,0.0
5508,NLVPMVATV,swapped_4375,5,0.05435988,0.0
3870,LLFGYPVYV,swapped_2916,5,0.04500381,0.0
4004,IMDQVPFSV,swapped_3031,5,0.06320323,0.0
5662,FLYALALLL,swapped_4431,5,0.10480636,0.0
2683,FLYALALLL,swapped_1693,5,0.028751845,0.0
3701,GILGFVFTL,10x,5,0.3949046,0.0
3893,NLVPMVATV,swapped_2933,5,0.11706501,0.0
6156,GILGFVFTL,10x,5,0.5884481,0.0
4342,GLCTLVAML,positive,5,0.5276845,1.0
3802,GILGFVFTL,10x,5,0.6969699,0.0
4336,GILGFVFTL,positive,5,0.14997867,1.0
2469,MLDLQPETT,swapped_1726,5,0.6262822,0.0
2432,GILGFVFTL,swapped_1714,5,0.2389455,0.0
35,GILGFVFTL,positive,5,0.7205658,1.0
4962,GILGFVFTL,10x,5,0.8267224,0.0
6305,GILGFVFTL,10x,5,0.4323709,0.0
3581,NLVPMVATV,10x,5,0.2998353,0.0
3969,GLCTLVAML,swapped_2846,5,0.08672497,0.0
111,GILGFVFTL,positive,5,0.6951118,1.0
986,GILGFVFTL,10x,5,0.24150755,0.0
6170,GILGFVFTL,10x,5,0.7833867,0.0
6708,GLCTLVAML,swapped_5825,5,0.035799295,0.0
3067,GILGFVFTL,10x,5,0.26884213,0.0
2444,GILGFVFTL,swapped_1686,5,0.031392332,0.0
2486,GLCTLVAML,swapped_1702,5,0.05431849,0.0
5769,GILGFVFTL,positive,5,0.20601524,1.0
3096,GILGFVFTL,10x,5,0.1251739,0.0
65,NLVPMVATV,positive,5,0.22718257,1.0
1387,NLVPMVATV,swapped_96,5,0.11300929,0.0
2395,GILGFVFTL,10x,5,0.499898,0.0
5532,GLCTLVAML,swapped_4509,5,0.0693547,0.0
2189,GILGFVFTL,10x,5,0.34165218,0.0
2801,GILGFVFTL,positive,5,0.22412738,1.0
1737,NLVPMVATV,positive,5,0.75187325,1.0
6021,LLFGYPVYV,10x,5,0.5260106,0.0
3927,FLYALALLL,swapped_2923,5,0.35183302,0.0
1713,GILGFVFTL,positive,5,0.07133386,1.0
1837,RMFPNAPYL,10x,5,0.56101954,0.0
5436,IMDQVPFSV,swapped_4374,5,0.012511997,0.0
2859,GILGFVFTL,positive,5,0.128136,1.0
193,GILGFVFTL,positive,5,0.7125828,1.0
6534,GILGFVFTL,10x,5,0.5620712,0.0
2464,GLCTLVAML,swapped_1778,5,0.33312294,0.0
169,NLVPMVATV,positive,5,0.102380715,1.0
3155,GILGFVFTL,10x,5,0.64187336,0.0
5308,NLVPMVATV,10x,5,0.7354904,0.0
1354,GILGFVFTL,swapped_166,5,0.73297733,0.0
2009,GILGFVFTL,10x,5,0.29053965,0.0
1946,GLCTLVAML,10x,5,0.5537843,0.0
1283,GLCTLVAML,swapped_145,5,0.33009705,0.0
3647,NLVPMVATV,10x,5,0.14502731,0.0
936,GILGFVFTL,10x,5,0.7823671,0.0
1399,GLCTLVAML,swapped_151,5,0.29579493,0.0
2691,NLVPMVATV,swapped_1600,5,0.19461821,0.0
4029,FLYALALLL,swapped_3022,5,0.3784392,0.0
5560,RMFPNAPYL,swapped_4502,5,0.55159646,0.0
2938,GILGFVFTL,positive,5,0.31459045,1.0
2060,GLCTLVAML,10x,5,0.15810779,0.0
190,NLVPMVATV,positive,5,0.114518434,1.0
3892,GLCTLVAML,swapped_2793,5,0.057671465,0.0
2977,GILGFVFTL,positive,5,0.030579038,1.0
1627,GILGFVFTL,positive,5,0.06045557,1.0
5448,GLCTLVAML,swapped_4240,5,0.03368188,0.0
141,GILGFVFTL,positive,5,0.08461832,1.0
5697,GLCTLVAML,swapped_4538,5,0.3423472,0.0
1319,GLCTLVAML,swapped_251,5,0.13139807,0.0
3386,GLCTLVAML,10x,5,0.29303962,0.0
4850,GILGFVFTL,10x,5,0.50757146,0.0
4137,KTWGQYWQV,swapped_2912,5,0.66660106,0.0
3591,NLVPMVATV,10x,5,0.55099136,0.0
4634,GILGFVFTL,10x,5,0.16988477,0.0
6563,NLVPMVATV,10x,5,0.26606977,0.0
3542,GILGFVFTL,10x,5,0.8047965,0.0
6715,GLCTLVAML,swapped_5990,5,0.0445221,0.0
2577,NLVPMVATV,swapped_1802,5,0.49863058,0.0
3598,GILGFVFTL,10x,5,0.07675134,0.0
4180,GILGFVFTL,positive,5,0.025755215,1.0
4795,NLVPMVATV,10x,5,0.37668732,0.0
2147,GILGFVFTL,10x,5,0.06847794,0.0
3450,GILGFVFTL,10x,5,0.44801253,0.0
5109,NLVPMVATV,10x,5,0.41201767,0.0
3400,SLLMWITQV,10x,5,0.033820175,0.0
1914,GILGFVFTL,10x,5,0.08927866,0.0
5116,GILGFVFTL,10x,5,0.62929535,0.0
1198,LLFGYPVYV,swapped_191,5,0.556826,0.0
4627,GILGFVFTL,10x,5,0.30128133,0.0
4911,LLFGYPVYV,10x,5,0.655219,0.0
4131,KTWGQYWQV,swapped_2811,5,0.08423227,0.0
4522,GILGFVFTL,positive,5,0.05017985,1.0
5639,NLVPMVATV,swapped_4281,5,0.022351032,0.0
2026,GILGFVFTL,10x,5,0.42194834,0.0
3779,GILGFVFTL,10x,5,0.07745879,0.0
344,GLCTLVAML,positive,5,0.8652466,1.0
1117,GILGFVFTL,10x,5,0.62951833,0.0
4214,GILGFVFTL,positive,5,0.023125678,1.0
4521,GILGFVFTL,positive,5,0.28769276,1.0
293,GILGFVFTL,positive,5,0.10796194,1.0
4427,NLVPMVATV,positive,5,0.8468584,1.0
1790,NLVPMVATV,positive,5,0.18761656,1.0
3956,NLVPMVATV,swapped_3028,5,0.019109167,0.0
3848,GLCTLVAML,swapped_2973,5,0.07655321,0.0
3674,GILGFVFTL,10x,5,0.39827636,0.0
5345,SLLMWITQV,swapped_4178,5,0.58097506,0.0
5112,GILGFVFTL,10x,5,0.28695846,0.0
257,GILGFVFTL,positive,5,0.06608857,1.0
100,GILGFVFTL,positive,5,0.01341685,1.0
1490,GILGFVFTL,swapped_169,5,0.10794795,0.0
6319,GILGFVFTL,10x,5,0.32377696,0.0
4273,GILGFVFTL,positive,5,0.036056016,1.0
6149,GILGFVFTL,10x,5,0.1425755,0.0
5057,GILGFVFTL,10x,5,0.024064435,0.0
1188,RTLNAWVKV,swapped_308,5,0.057129968,0.0
2001,NLVPMVATV,10x,5,0.4328415,0.0
5520,MLDLQPETT,swapped_4243,5,0.029233994,0.0
178,GILGFVFTL,positive,5,0.3118989,1.0
4606,GILGFVFTL,10x,5,0.6911797,0.0
676,GILGFVFTL,10x,5,0.56451,0.0
5668,GLCTLVAML,swapped_4381,5,0.05536155,0.0
4281,GILGFVFTL,positive,5,0.023711136,1.0
1311,NLVPMVATV,swapped_119,5,0.2807031,0.0
2876,MLDLQPETT,positive,5,0.25680417,1.0
4839,NLVPMVATV,10x,5,0.4546741,0.0
483,GILGFVFTL,10x,5,0.21855733,0.0
4670,GILGFVFTL,10x,5,0.37983036,0.0
1474,NLVPMVATV,swapped_21,5,0.22405992,0.0
3486,GILGFVFTL,10x,5,0.6414257,0.0
6037,GILGFVFTL,10x,5,0.033239026,0.0
4381,GILGFVFTL,positive,5,0.05817111,1.0
3653,GILGFVFTL,10x,5,0.31389838,0.0
565,GILGFVFTL,10x,5,0.30050963,0.0
6898,GLCTLVAML,swapped_5731,5,0.08056641,0.0
883,GILGFVFTL,10x,5,0.06515122,0.0
3992,NLVPMVATV,swapped_2739,5,0.061966445,0.0
2989,GILGFVFTL,positive,5,0.040951114,1.0
1867,GILGFVFTL,10x,5,0.8008843,0.0
3022,GILGFVFTL,positive,5,0.38206393,1.0
4464,NLVPMVATV,positive,5,0.89291376,1.0
3100,GILGFVFTL,10x,5,0.075737126,0.0
3869,NLVPMVATV,swapped_2989,5,0.03864438,0.0
4753,GILGFVFTL,10x,5,0.51059633,0.0
5637,NLVPMVATV,swapped_4274,5,0.55530566,0.0
421,LLFGYPVYV,10x,5,0.46439776,0.0
6664,NLVPMVATV,swapped_5720,5,0.51371825,0.0
156,NLVPMVATV,positive,5,0.8589785,1.0
3725,GILGFVFTL,10x,5,0.61189,0.0
318,GILGFVFTL,positive,5,0.01003974,1.0
5539,GLCTLVAML,swapped_4463,5,0.030872513,0.0
3882,GLCTLVAML,swapped_2895,5,0.06863244,0.0
5191,GLCTLVAML,10x,5,0.6569783,0.0
3192,GILGFVFTL,10x,5,0.26303688,0.0
689,GLCTLVAML,10x,5,0.36036617,0.0
2239,GILGFVFTL,10x,5,0.35634398,0.0
1514,LLFGYPVYV,swapped_229,5,0.07294611,0.0
5677,GLCTLVAML,swapped_4354,5,0.017064447,0.0
348,GILGFVFTL,positive,5,0.6542015,1.0
2110,LLFGYPVYV,10x,5,0.5241241,0.0
2393,GILGFVFTL,10x,5,0.4283423,0.0
6592,GILGFVFTL,10x,5,0.3265193,0.0
5403,GLCTLVAML,swapped_4277,5,0.16339374,0.0
1210,GILGFVFTL,swapped_339,5,0.705609,0.0
5902,GILGFVFTL,positive,5,0.31981042,1.0
451,GILGFVFTL,10x,5,0.0115049705,0.0
3440,GILGFVFTL,10x,5,0.35313758,0.0
6402,GILGFVFTL,10x,5,0.8215073,0.0
1875,GILGFVFTL,10x,5,0.81782216,0.0
4915,GILGFVFTL,10x,5,0.02298269,0.0
3056,GILGFVFTL,positive,5,0.6553947,1.0
1930,NLVPMVATV,10x,5,0.25412622,0.0
480,GILGFVFTL,10x,5,0.76395035,0.0
3266,GILGFVFTL,10x,5,0.41759506,0.0
4908,GLCTLVAML,10x,5,0.2536599,0.0
1778,GILGFVFTL,positive,5,0.34288558,1.0
2236,YLLEMLWRL,10x,5,0.71805334,0.0
5456,NLVPMVATV,swapped_4180,5,0.024317788,0.0
217,GILGFVFTL,positive,5,0.6110093,1.0
3998,GILGFVFTL,swapped_2944,5,0.30818146,0.0
5795,GILGFVFTL,positive,5,0.08168182,1.0
925,NLVPMVATV,10x,5,0.20294386,0.0
5707,GILGFVFTL,positive,5,0.026354728,1.0
3783,GILGFVFTL,10x,5,0.080162816,0.0
6764,FLYALALLL,swapped_5860,5,0.53500366,0.0
369,GILGFVFTL,positive,5,0.54287934,1.0
1075,GILGFVFTL,10x,5,0.6050636,0.0
1679,GILGFVFTL,positive,5,0.3181916,1.0
6905,RMFPNAPYL,swapped_5902,5,0.32112706,0.0
6387,NLVPMVATV,10x,5,0.3177407,0.0
2529,GLCTLVAML,swapped_1773,5,0.6081061,0.0
6320,GILGFVFTL,10x,5,0.32997388,0.0
6166,GILGFVFTL,10x,5,0.4724407,0.0
283,GILGFVFTL,positive,5,0.30870566,1.0
4536,FLYALALLL,positive,5,0.22190365,1.0
1981,GLCTLVAML,10x,5,0.055659015,0.0
1720,GILGFVFTL,positive,5,0.028035508,1.0
4535,GLCTLVAML,positive,5,0.27033722,1.0
4356,GILGFVFTL,positive,5,0.19031483,1.0
5452,NLVPMVATV,swapped_4219,5,0.11290948,0.0
3829,LLFGYPVYV,swapped_3051,5,0.13184324,0.0
5278,GILGFVFTL,10x,5,0.5559721,0.0
4780,GILGFVFTL,10x,5,0.013291873,0.0
309,GILGFVFTL,positive,5,0.020649191,1.0
3770,GILGFVFTL,10x,5,0.737476,0.0
4703,NLVPMVATV,10x,5,0.08361442,0.0
3225,GILGFVFTL,10x,5,0.64744246,0.0
2793,GILGFVFTL,positive,5,0.060536586,1.0
6487,CLGGLLTMV,10x,5,0.44615537,0.0
2761,GILGFVFTL,positive,5,0.08957943,1.0
5606,GILGFVFTL,swapped_4471,5,0.78632146,0.0
1921,NLVPMVATV,10x,5,0.551671,0.0
6510,GLCTLVAML,10x,5,0.5914057,0.0
2549,GILGFVFTL,swapped_1770,5,0.27496463,0.0
3639,GILGFVFTL,10x,5,0.19604026,0.0
491,NLVPMVATV,10x,5,0.102618836,0.0
6018,RMFPNAPYL,10x,5,0.07105362,0.0
2999,GILGFVFTL,positive,5,0.08967553,1.0
2161,GILGFVFTL,10x,5,0.69203985,0.0
6131,SLLMWITQV,10x,5,0.3333369,0.0
6796,GILGFVFTL,swapped_5989,5,0.1359324,0.0
3253,GILGFVFTL,10x,5,0.05766258,0.0
2349,GILGFVFTL,10x,5,0.7088003,0.0
5792,NLVPMVATV,positive,5,0.6164942,1.0
2804,FLYALALLL,positive,5,0.06500424,1.0
861,GILGFVFTL,10x,5,0.59759516,0.0
317,GILGFVFTL,positive,5,0.19951846,1.0
1802,GILGFVFTL,positive,5,0.5121924,1.0
807,GILGFVFTL,10x,5,0.45185012,0.0
4219,GILGFVFTL,positive,5,0.1188452,1.0
6146,NLVPMVATV,10x,5,0.6115137,0.0
662,GILGFVFTL,10x,5,0.0997786,0.0
6668,GLCTLVAML,swapped_5862,5,0.51684004,0.0
5026,GILGFVFTL,10x,5,0.5002197,0.0
6101,GILGFVFTL,10x,5,0.42795148,0.0
308,GILGFVFTL,positive,5,0.053404342,1.0
6281,NLVPMVATV,10x,5,0.60589445,0.0
5932,GILGFVFTL,positive,5,0.78001076,1.0
1552,GLCTLVAML,positive,5,0.64612436,1.0
4905,GILGFVFTL,10x,5,0.13823515,0.0
6167,RTLNAWVKV,10x,5,0.7632824,0.0
2035,LLFGYPVYV,10x,5,0.09662668,0.0
229,GILGFVFTL,positive,5,0.0721279,1.0
3430,GLCTLVAML,10x,5,0.73347044,0.0
6429,SLFNTVATL,10x,5,0.018959872,0.0
435,YLLEMLWRL,10x,5,0.4545135,0.0
980,NLVPMVATV,10x,5,0.6592063,0.0
1503,FLYALALLL,swapped_33,5,0.31069666,0.0
5411,GILGFVFTL,swapped_4174,5,0.8699756,0.0
1379,LLFGYPVYV,swapped_341,5,0.21094896,0.0
6247,GILGFVFTL,10x,5,0.3728019,0.0
362,GILGFVFTL,positive,5,0.1474922,1.0
795,GLCTLVAML,10x,5,0.6704497,0.0
2430,GILGFVFTL,swapped_1547,5,0.57823324,0.0
1992,GILGFVFTL,10x,5,0.07993557,0.0
968,GILGFVFTL,10x,5,0.8594097,0.0
2094,GLCTLVAML,10x,5,0.6303801,0.0
4163,NLVPMVATV,swapped_2801,5,0.21434939,0.0
1873,MLDLQPETT,10x,5,0.23786467,0.0
825,GILGFVFTL,10x,5,0.31042412,0.0
6703,GILGFVFTL,swapped_6001,5,0.38922635,0.0
6692,NLVPMVATV,swapped_5903,5,0.05446331,0.0
132,FLYALALLL,positive,5,0.08349462,1.0
6741,NLVPMVATV,swapped_5760,5,0.21771745,0.0
3068,GILGFVFTL,10x,5,0.48161,0.0
933,GILGFVFTL,10x,5,0.66786593,0.0
1258,NLVPMVATV,swapped_92,5,0.3240685,0.0
4365,GILGFVFTL,positive,5,0.39942688,1.0
5186,LLFGYPVYV,10x,5,0.17075941,0.0
5347,GILGFVFTL,swapped_4236,5,0.55070734,0.0
542,GILGFVFTL,10x,5,0.50186896,0.0
3717,GILGFVFTL,10x,5,0.727804,0.0
3665,GILGFVFTL,10x,5,0.12037709,0.0
6345,GLCTLVAML,10x,5,0.61170536,0.0
3303,GILGFVFTL,10x,5,0.11867095,0.0
3773,GILGFVFTL,10x,5,0.32613108,0.0
4463,GILGFVFTL,positive,5,0.0325289,1.0
4705,GILGFVFTL,10x,5,0.3206369,0.0
6076,RMFPNAPYL,10x,5,0.51305044,0.0
1118,GILGFVFTL,10x,5,0.7790234,0.0
1403,GLCTLVAML,swapped_235,5,0.09755718,0.0
1204,GILGFVFTL,swapped_190,5,0.12056583,0.0
4243,GILGFVFTL,positive,5,0.027250465,1.0
684,GLCTLVAML,10x,5,0.11238392,0.0
4722,GILGFVFTL,10x,5,0.4681822,0.0
3287,GILGFVFTL,10x,5,0.46993497,0.0
1250,GLCTLVAML,swapped_312,5,0.24182357,0.0
2492,KTWGQYWQV,swapped_1709,5,0.42090532,0.0
6127,GILGFVFTL,10x,5,0.64251274,0.0
963,RTLNAWVKV,10x,5,0.72854143,0.0
2155,GILGFVFTL,10x,5,0.23831804,0.0
1349,RTLNAWVKV,swapped_121,5,0.45754853,0.0
2958,GLCTLVAML,positive,5,0.19369724,1.0
1862,GILGFVFTL,10x,5,0.85707057,0.0
1846,NLVPMVATV,10x,5,0.65971196,0.0
437,GILGFVFTL,10x,5,0.29058594,0.0
6425,GLCTLVAML,10x,5,0.77547616,0.0
5288,GILGFVFTL,10x,5,0.39804262,0.0
3378,GILGFVFTL,10x,5,0.2576502,0.0
6481,LLFGYPVYV,10x,5,0.5566586,0.0
627,GLCTLVAML,10x,5,0.7813688,0.0
5398,GILGFVFTL,swapped_4268,5,0.49036756,0.0
4315,GILGFVFTL,positive,5,0.84214145,1.0
1001,GILGFVFTL,10x,5,0.6776739,0.0
3186,NLVPMVATV,10x,5,0.36843112,0.0
4178,GILGFVFTL,positive,5,0.5810287,1.0
2255,GILGFVFTL,10x,5,0.5433166,0.0
5038,GILGFVFTL,10x,5,0.8325571,0.0
5197,GILGFVFTL,10x,5,0.05838206,0.0
3172,FLYALALLL,10x,5,0.523429,0.0
4139,GILGFVFTL,swapped_3041,5,0.6072778,0.0
2361,GILGFVFTL,10x,5,0.47868282,0.0
6423,NLVPMVATV,10x,5,0.15038027,0.0
4228,GILGFVFTL,positive,5,0.7758827,1.0
6001,GLCTLVAML,positive,5,0.37994462,1.0
872,GILGFVFTL,10x,5,0.45800886,0.0
2699,GLCTLVAML,positive,5,0.7722104,1.0
5243,MLDLQPETT,10x,5,0.65778023,0.0
1677,GILGFVFTL,positive,5,0.44567913,1.0
5249,RTLNAWVKV,10x,5,0.5761126,0.0
628,GILGFVFTL,10x,5,0.16528668,0.0
5042,GILGFVFTL,10x,5,0.13758816,0.0
5013,GILGFVFTL,10x,5,0.84106374,0.0
4257,GILGFVFTL,positive,5,0.23559006,1.0
763,GILGFVFTL,10x,5,0.23327774,0.0
1144,GLCTLVAML,swapped_249,5,0.17955701,0.0
1135,GLCTLVAML,10x,5,0.6823882,0.0
5337,FLYALALLL,swapped_4201,5,0.58164334,0.0
263,GILGFVFTL,positive,5,0.20545375,1.0
1625,GILGFVFTL,positive,5,0.5541474,1.0
5439,RMFPNAPYL,swapped_4365,5,0.39800736,0.0
6100,GILGFVFTL,10x,5,0.33594552,0.0
4274,KTWGQYWQV,positive,5,0.5790957,1.0
5825,GILGFVFTL,positive,5,0.037655666,1.0
289,GILGFVFTL,positive,5,0.1456909,1.0
5102,GILGFVFTL,10x,5,0.50351226,0.0
6904,GILGFVFTL,swapped_5737,5,0.2562375,0.0
5614,GILGFVFTL,swapped_4439,5,0.5882393,0.0
210,GLCTLVAML,positive,5,0.046275724,1.0
3346,GLCTLVAML,10x,5,0.08241398,0.0
469,RMFPNAPYL,10x,5,0.066243,0.0
3576,GILGFVFTL,10x,5,0.5191327,0.0
5004,GILGFVFTL,10x,5,0.19027232,0.0
2763,GILGFVFTL,positive,5,0.036784213,1.0
1364,GLCTLVAML,swapped_111,5,0.6892176,0.0
1006,GILGFVFTL,10x,5,0.6164073,0.0
4312,GILGFVFTL,positive,5,0.30736917,1.0
5105,GILGFVFTL,10x,5,0.090336345,0.0
3115,NLVPMVATV,10x,5,0.1341534,0.0
4451,IMDQVPFSV,positive,5,0.779502,1.0
2912,FLYALALLL,positive,5,0.65580904,1.0
3233,FLYALALLL,10x,5,0.5893571,0.0
956,RTLNAWVKV,10x,5,0.51839906,0.0
4619,GILGFVFTL,10x,5,0.33585218,0.0
3948,GILGFVFTL,swapped_2699,5,0.7761981,0.0
1348,NLVPMVATV,swapped_141,5,0.08020703,0.0
3181,GILGFVFTL,10x,5,0.5371697,0.0
4613,GILGFVFTL,10x,5,0.6935125,0.0
855,GILGFVFTL,10x,5,0.2370155,0.0
19,GILGFVFTL,positive,5,0.17181444,1.0
499,GILGFVFTL,10x,5,0.5506571,0.0
6237,GLCTLVAML,10x,5,0.23265792,0.0
1671,GILGFVFTL,positive,5,0.75248224,1.0
5862,GILGFVFTL,positive,5,0.5271503,1.0
4882,GILGFVFTL,10x,5,0.5160179,0.0
6819,NLVPMVATV,swapped_5937,5,0.013376867,0.0
1041,GLCTLVAML,10x,5,0.028332021,0.0
2828,FLYALALLL,positive,5,0.07689256,1.0
2053,GILGFVFTL,10x,5,0.47826815,0.0
312,GILGFVFTL,positive,5,0.25002885,1.0
1600,GILGFVFTL,positive,5,0.20289092,1.0
601,GILGFVFTL,10x,5,0.54473627,0.0
3760,NLVPMVATV,10x,5,0.33097845,0.0
4031,FLYALALLL,swapped_2943,5,0.02522142,0.0
1498,NLVPMVATV,swapped_60,5,0.6458474,0.0
2646,NLVPMVATV,swapped_1625,5,0.53875184,0.0
539,GILGFVFTL,10x,5,0.5986846,0.0
171,MLDLQPETT,positive,5,0.62492454,1.0
2518,GILGFVFTL,swapped_1809,5,0.49884266,0.0
2482,GLCTLVAML,swapped_1624,5,0.9071547,0.0
3255,GILGFVFTL,10x,5,0.10864749,0.0
92,GILGFVFTL,positive,5,0.33614442,1.0
4818,NLVPMVATV,10x,5,0.5929888,0.0
339,GLCTLVAML,positive,5,0.70088863,1.0
3294,GILGFVFTL,10x,5,0.5940527,0.0
1060,GILGFVFTL,10x,5,0.63931185,0.0
3332,GILGFVFTL,10x,5,0.6220724,0.0
3286,NLVPMVATV,10x,5,0.26071206,0.0
890,GILGFVFTL,10x,5,0.10273559,0.0
4170,NLVPMVATV,swapped_2900,5,0.42865086,0.0
6160,GILGFVFTL,10x,5,0.3216835,0.0
1446,KVAELVHFL,swapped_318,5,0.010297379,0.0
2512,NLVPMVATV,swapped_1766,5,0.09955627,0.0
121,GILGFVFTL,positive,5,0.45192692,1.0
5604,GLCTLVAML,swapped_4397,5,0.031515166,0.0
4666,GILGFVFTL,10x,5,0.2236048,0.0
1469,GLCTLVAML,swapped_290,5,0.63470393,0.0
3560,GILGFVFTL,10x,5,0.5464818,0.0
41,GILGFVFTL,positive,5,0.12012004,1.0
1491,GILGFVFTL,swapped_73,5,0.14052331,0.0
741,GILGFVFTL,10x,5,0.13269563,0.0
1145,GLCTLVAML,swapped_336,5,0.014754759,0.0
2831,GILGFVFTL,positive,5,0.036955547,1.0
564,GILGFVFTL,10x,5,0.2678727,0.0
5650,NLVPMVATV,swapped_4499,5,0.0122332815,0.0
2329,NLVPMVATV,10x,5,0.8862588,0.0
2032,GILGFVFTL,10x,5,0.34734482,0.0
1220,NLVPMVATV,swapped_196,5,0.739799,0.0
4215,GILGFVFTL,positive,5,0.091631226,1.0
1233,GLCTLVAML,swapped_86,5,0.28000212,0.0
6034,GLCTLVAML,10x,5,0.72925836,0.0
6280,GILGFVFTL,10x,5,0.21252877,0.0
4571,GILGFVFTL,10x,5,0.20778947,0.0
1279,GLCTLVAML,swapped_34,5,0.121509,0.0
3954,GLCTLVAML,swapped_2851,5,0.2918147,0.0
4439,GLCTLVAML,positive,5,0.57951385,1.0
4921,GILGFVFTL,10x,5,0.7461412,0.0
42,GILGFVFTL,positive,5,0.14280973,1.0
2114,GILGFVFTL,10x,5,0.067131415,0.0
5080,GILGFVFTL,10x,5,0.39757332,0.0
3409,GILGFVFTL,10x,5,0.35242078,0.0
5945,GILGFVFTL,positive,5,0.058029063,1.0
2901,GILGFVFTL,positive,5,0.013827053,1.0
5868,GILGFVFTL,positive,5,0.8737078,1.0
6309,GLCTLVAML,10x,5,0.10787646,0.0
6236,NLVPMVATV,10x,5,0.74712586,0.0
1852,GILGFVFTL,10x,5,0.05511077,0.0
2895,GILGFVFTL,positive,5,0.07195023,1.0
3624,IMDQVPFSV,10x,5,0.27105194,0.0
4316,GILGFVFTL,positive,5,0.3763284,1.0
3845,GLCTLVAML,swapped_2936,5,0.8063539,0.0
6455,GILGFVFTL,10x,5,0.81828374,0.0
4771,GILGFVFTL,10x,5,0.264546,0.0
3135,GILGFVFTL,10x,5,0.23485965,0.0
3271,GILGFVFTL,10x,5,0.3451806,0.0
4168,GILGFVFTL,swapped_2897,5,0.1984062,0.0
3436,GILGFVFTL,10x,5,0.6808372,0.0
2162,GILGFVFTL,10x,5,0.39708507,0.0
247,GILGFVFTL,positive,5,0.66276544,1.0
4252,GILGFVFTL,positive,5,0.12680258,1.0
3008,GLCTLVAML,positive,5,0.41727394,1.0
5115,GILGFVFTL,10x,5,0.06541401,0.0
4396,NLVPMVATV,positive,5,0.47725433,1.0
5882,SLLMWITQV,positive,5,0.23378547,1.0
1624,GILGFVFTL,positive,5,0.9065949,1.0
1807,FLYALALLL,positive,5,0.44008046,1.0
4719,GILGFVFTL,10x,5,0.44529065,0.0
2811,GILGFVFTL,positive,5,0.06961703,1.0
256,GILGFVFTL,positive,5,0.18775384,1.0
667,LLFGYPVYV,10x,5,0.80225766,0.0
5096,NLVPMVATV,10x,5,0.39015302,0.0
2832,GILGFVFTL,positive,5,0.049993526,1.0
6082,GILGFVFTL,10x,5,0.42964768,0.0
1949,GILGFVFTL,10x,5,0.09583108,0.0
4431,NLVPMVATV,positive,5,0.10229165,1.0
5363,GLCTLVAML,swapped_4312,5,0.29811707,0.0
4587,GILGFVFTL,10x,5,0.8422974,0.0
664,GILGFVFTL,10x,5,0.17669146,0.0
1020,GILGFVFTL,10x,5,0.6565704,0.0
1864,GILGFVFTL,10x,5,0.69974893,0.0
3973,LLFGYPVYV,swapped_2792,5,0.03258854,0.0
1922,GILGFVFTL,10x,5,0.45601973,0.0
830,GILGFVFTL,10x,5,0.61608297,0.0
3355,GILGFVFTL,10x,5,0.63619924,0.0
931,MLDLQPETT,10x,5,0.14191961,0.0
2662,YLLEMLWRL,swapped_1554,5,0.1550559,0.0
531,NLVPMVATV,10x,5,0.28897205,0.0
613,GILGFVFTL,10x,5,0.17743589,0.0
5790,FLYALALLL,positive,5,0.1374078,1.0
6801,GILGFVFTL,swapped_5882,5,0.23580879,0.0
4240,GILGFVFTL,positive,5,0.0354325,1.0
4944,GILGFVFTL,10x,5,0.30977598,0.0
911,GILGFVFTL,10x,5,0.5898937,0.0
145,GILGFVFTL,positive,5,0.33955488,1.0
86,GILGFVFTL,positive,5,0.28892967,1.0
3106,NLVPMVATV,10x,5,0.013947983,0.0
3775,GILGFVFTL,10x,5,0.61438113,0.0
6882,NLVPMVATV,swapped_5722,5,0.05545437,0.0
1244,NLVPMVATV,swapped_150,5,0.22315773,0.0
4222,GILGFVFTL,positive,5,0.061479233,1.0
3101,GILGFVFTL,10x,5,0.68347096,0.0
151,GILGFVFTL,positive,5,0.30487671,1.0
2789,GILGFVFTL,positive,5,0.12186093,1.0
4566,GILGFVFTL,10x,5,0.53607315,0.0
49,GLCTLVAML,positive,5,0.74605775,1.0
975,GILGFVFTL,10x,5,0.4726233,0.0
1749,GILGFVFTL,positive,5,0.061343517,1.0
3250,GLCTLVAML,10x,5,0.7861438,0.0
2070,GILGFVFTL,10x,5,0.7770027,0.0
3104,RTLNAWVKV,10x,5,0.2089888,0.0
3150,GLCTLVAML,10x,5,0.13747993,0.0
3856,NLVPMVATV,swapped_2725,5,0.5636111,0.0
4413,GILGFVFTL,positive,5,0.03375588,1.0
235,GILGFVFTL,positive,5,0.10181676,1.0
4783,GILGFVFTL,10x,5,0.71822774,0.0
2973,GILGFVFTL,positive,5,0.08027649,1.0
1179,GILGFVFTL,swapped_132,5,0.0866586,0.0
5937,GILGFVFTL,positive,5,0.014198805,1.0
3240,GILGFVFTL,10x,5,0.32586825,0.0
801,GILGFVFTL,10x,5,0.24939689,0.0
526,GILGFVFTL,10x,5,0.21459213,0.0
4238,SLLMWITQV,positive,5,0.6244842,1.0
234,FLYALALLL,positive,5,0.22554748,1.0
2725,GILGFVFTL,positive,5,0.577514,1.0
4721,GILGFVFTL,10x,5,0.6183265,0.0
938,GLCTLVAML,10x,5,0.41708803,0.0
1704,GLCTLVAML,positive,5,0.34021825,1.0
4364,GILGFVFTL,positive,5,0.033871565,1.0
6700,GLCTLVAML,swapped_5965,5,0.03179925,0.0
6576,FLYALALLL,10x,5,0.39818862,0.0
6571,GILGFVFTL,10x,5,0.33139533,0.0
5732,GILGFVFTL,positive,5,0.018035486,1.0
3756,GILGFVFTL,10x,5,0.16574359,0.0
5965,GILGFVFTL,positive,5,0.033455394,1.0
5430,NLVPMVATV,swapped_4356,5,0.18107723,0.0
2693,GILGFVFTL,swapped_1759,5,0.27997983,0.0
2501,GLCTLVAML,swapped_1671,5,0.74924815,0.0
5717,GILGFVFTL,positive,5,0.27195513,1.0
5369,GLCTLVAML,swapped_4185,5,0.3868733,0.0
1313,GLCTLVAML,swapped_352,5,0.013574345,0.0
661,SLFNTVATL,10x,5,0.49450564,0.0
3376,GILGFVFTL,10x,5,0.12890859,0.0
4174,GLCTLVAML,positive,5,0.8700095,1.0
2600,NLVPMVATV,swapped_1629,5,0.70640266,0.0
155,GILGFVFTL,positive,5,0.25603443,1.0
2853,GILGFVFTL,positive,5,0.30572504,1.0
1690,GLCTLVAML,positive,5,0.6789792,1.0
5401,NLVPMVATV,swapped_4413,5,0.031890593,0.0
3743,GILGFVFTL,10x,5,0.55190873,0.0
4538,GILGFVFTL,positive,5,0.3512954,1.0
5658,GLCTLVAML,swapped_4252,5,0.12197158,0.0
3812,GLCTLVAML,swapped_3039,5,0.09545045,0.0
2846,GILGFVFTL,positive,5,0.09057088,1.0
4375,GILGFVFTL,positive,5,0.057581775,1.0
4130,NLVPMVATV,swapped_2761,5,0.08484605,0.0
2897,GLCTLVAML,positive,5,0.19142061,1.0
6889,YLLEMLWRL,swapped_5969,5,0.1397077,0.0
1121,NLVPMVATV,10x,5,0.1143298,0.0
4644,GILGFVFTL,10x,5,0.61496,0.0
2045,GILGFVFTL,10x,5,0.33916655,0.0
6363,GILGFVFTL,10x,5,0.628558,0.0
3946,NLVPMVATV,swapped_2798,5,0.033342633,0.0
6657,NLVPMVATV,swapped_5981,5,0.13518158,0.0
1215,NLVPMVATV,swapped_257,5,0.0629548,0.0
5990,GILGFVFTL,positive,5,0.04682976,1.0
5946,GILGFVFTL,positive,5,0.03022636,1.0
3732,GILGFVFTL,10x,5,0.13966934,0.0
2979,GILGFVFTL,positive,5,0.030673563,1.0
5062,GILGFVFTL,10x,5,0.09859832,0.0
4641,GILGFVFTL,10x,5,0.6376267,0.0
5293,GILGFVFTL,10x,5,0.08136562,0.0
5529,RTLNAWVKV,swapped_4321,5,0.030123599,0.0
3918,GLCTLVAML,swapped_2790,5,0.06655177,0.0
2088,GILGFVFTL,10x,5,0.6675486,0.0
6274,GILGFVFTL,10x,5,0.7752848,0.0
4661,GILGFVFTL,10x,5,0.26021576,0.0
3579,LLFGYPVYV,10x,5,0.6578256,0.0
5597,GILGFVFTL,swapped_4464,5,0.89369196,0.0
5306,GILGFVFTL,10x,5,0.57999045,0.0
2613,LLFGYPVYV,swapped_1679,5,0.31674185,0.0
3444,GILGFVFTL,10x,5,0.5471944,0.0
2036,RTLNAWVKV,10x,5,0.52708715,0.0
5903,GILGFVFTL,positive,5,0.057663973,1.0
4991,GILGFVFTL,10x,5,0.88312507,0.0
3345,GLCTLVAML,10x,5,0.80785817,0.0
3930,GLCTLVAML,swapped_2807,5,0.15667985,0.0
3489,GILGFVFTL,10x,5,0.7230839,0.0
5969,GILGFVFTL,positive,5,0.13742433,1.0
107,GILGFVFTL,positive,5,0.41870236,1.0
4976,GILGFVFTL,10x,5,0.28474024,0.0
1991,GILGFVFTL,10x,5,0.116348945,0.0
4185,GILGFVFTL,positive,5,0.39606726,1.0
272,GILGFVFTL,positive,5,0.83161134,1.0
2739,GILGFVFTL,positive,5,0.065311536,1.0
5728,KTWGQYWQV,positive,5,0.07460795,1.0
6221,FLYALALLL,10x,5,0.8825644,0.0
336,GILGFVFTL,positive,5,0.015563208,1.0
3970,GILGFVFTL,swapped_2804,5,0.06752002,0.0
1564,NLVPMVATV,positive,5,0.894342,1.0
58,GILGFVFTL,positive,5,0.43732482,1.0
73,KVLEYVIKV,positive,5,0.14034936,1.0
5215,MLDLQPETT,10x,5,0.4914816,0.0
2072,NLVPMVATV,10x,5,0.4966211,0.0
352,GILGFVFTL,positive,5,0.014319056,1.0
886,GILGFVFTL,10x,5,0.6586627,0.0
3538,GILGFVFTL,10x,5,0.17533219,0.0
6083,GILGFVFTL,10x,5,0.8258595,0.0
5385,GILGFVFTL,swapped_4199,5,0.62500036,0.0
6391,GILGFVFTL,10x,5,0.69334984,0.0
1519,FLYALALLL,swapped_203,5,0.42346612,0.0
1322,GILGFVFTL,swapped_344,5,0.8651762,0.0
5182,GILGFVFTL,10x,5,0.5407804,0.0
915,GILGFVFTL,10x,5,0.48847872,0.0
5540,GILGFVFTL,swapped_4512,5,0.14033464,0.0
2731,GILGFVFTL,positive,5,0.06306726,1.0
2282,GLCTLVAML,10x,5,0.908565,0.0
1225,LLFGYPVYV,swapped_41,5,0.1204854,0.0
6291,GILGFVFTL,10x,5,0.12829845,0.0
3825,GLCTLVAML,swapped_2695,5,0.24839209,0.0
1014,GILGFVFTL,10x,5,0.35840243,0.0
2296,GLCTLVAML,10x,5,0.6606103,0.0
4295,GILGFVFTL,positive,5,0.010903994,1.0
2852,GLCTLVAML,positive,5,0.4873627,1.0
1078,SLLMWITQV,10x,5,0.2739233,0.0
869,GILGFVFTL,10x,5,0.6290883,0.0
3873,MLDLQPETT,swapped_3047,5,0.10243594,0.0
6790,KTWGQYWQV,swapped_5792,5,0.6540216,0.0
4810,GILGFVFTL,10x,5,0.2115125,0.0
1702,GILGFVFTL,positive,5,0.057069857,1.0
38,GILGFVFTL,positive,5,0.53673804,1.0
5629,GLCTLVAML,swapped_4536,5,0.21736857,0.0
4873,NLVPMVATV,10x,5,0.6430838,0.0
1347,LLFGYPVYV,swapped_256,5,0.18603082,0.0
3657,GILGFVFTL,10x,5,0.19004221,0.0
6183,GLCTLVAML,10x,5,0.18415399,0.0
5294,GILGFVFTL,10x,5,0.47871023,0.0
18,GLCTLVAML,positive,5,0.3416144,1.0
4041,NLVPMVATV,swapped_2799,5,0.3636776,0.0
5469,NLVPMVATV,swapped_4350,5,0.026249737,0.0
6670,NLVPMVATV,swapped_5946,5,0.028521815,0.0
21,GILGFVFTL,positive,5,0.23414885,1.0
1176,RTLNAWVKV,swapped_242,5,0.03548149,0.0
6216,GILGFVFTL,10x,5,0.4891895,0.0
1390,GILGFVFTL,swapped_273,5,0.13628899,0.0
6257,GILGFVFTL,10x,5,0.727602,0.0
2781,GILGFVFTL,positive,5,0.078006804,1.0
3231,RTLNAWVKV,10x,5,0.60041845,0.0
5664,GLCTLVAML,swapped_4546,5,0.030171456,0.0
3272,GILGFVFTL,10x,5,0.80141735,0.0
4119,GLCTLVAML,swapped_2781,5,0.074621834,0.0
3524,GILGFVFTL,10x,5,0.29061863,0.0
3798,GILGFVFTL,10x,5,0.22539555,0.0
3390,GILGFVFTL,10x,5,0.85400593,0.0
5367,NLVPMVATV,swapped_4390,5,0.6693089,0.0
4360,GILGFVFTL,positive,5,0.0646029,1.0
2508,MLDLQPETT,swapped_1596,5,0.72175545,0.0
6004,GILGFVFTL,positive,5,0.017091773,1.0
6827,GLCTLVAML,swapped_5769,5,0.19852044,0.0
6874,GILGFVFTL,swapped_5970,5,0.28925928,0.0
2823,GILGFVFTL,positive,5,0.1657251,1.0
3044,GILGFVFTL,positive,5,0.04998123,1.0
2798,GILGFVFTL,positive,5,0.03522596,1.0
2051,NLVPMVATV,10x,5,0.38939756,0.0
2468,NLVPMVATV,swapped_1627,5,0.05721555,0.0
4599,GLCTLVAML,10x,5,0.51370835,0.0
3586,GLCTLVAML,10x,5,0.57212806,0.0
3823,GLCTLVAML,swapped_2731,5,0.06008031,0.0
2024,GILGFVFTL,10x,5,0.23481473,0.0
4849,GILGFVFTL,10x,5,0.048473325,0.0
1590,GILGFVFTL,positive,5,0.124895826,1.0
6844,SLFNTVATL,swapped_5870,5,0.5341438,0.0
3671,GILGFVFTL,10x,5,0.16033915,0.0
3751,NLVPMVATV,10x,5,0.7393,0.0
1911,GILGFVFTL,10x,5,0.16960317,0.0
3648,GILGFVFTL,10x,5,0.5395899,0.0
2578,GILGFVFTL,swapped_1675,5,0.609187,0.0
2160,FLYALALLL,10x,5,0.66753364,0.0
1088,GILGFVFTL,10x,5,0.13916402,0.0
4186,GILGFVFTL,positive,5,0.8951505,1.0
3361,GLCTLVAML,10x,5,0.17600273,0.0
1596,GILGFVFTL,positive,5,0.72570634,1.0
3130,NLVPMVATV,10x,5,0.05490075,0.0
3210,GILGFVFTL,10x,5,0.5899707,0.0
1056,GLCTLVAML,10x,5,0.027697928,0.0
6338,GILGFVFTL,10x,5,0.7611175,0.0
5594,GILGFVFTL,swapped_4223,5,0.85368574,0.0
379,GILGFVFTL,positive,5,0.0094765015,1.0
3215,GILGFVFTL,10x,5,0.31854144,0.0
1339,GLCTLVAML,swapped_354,5,0.12814057,0.0
4019,NLVPMVATV,swapped_2830,5,0.21756968,0.0
454,GILGFVFTL,10x,5,0.62249464,0.0
5809,GILGFVFTL,positive,5,0.6552319,1.0
1126,GILGFVFTL,10x,5,0.72598493,0.0
1766,GILGFVFTL,positive,5,0.10498165,1.0
3706,GILGFVFTL,10x,5,0.41897765,0.0
3383,GILGFVFTL,10x,5,0.110570244,0.0
1069,GILGFVFTL,10x,5,0.33256534,0.0
1970,GILGFVFTL,10x,5,0.20253594,0.0
4546,GILGFVFTL,positive,5,0.031745613,1.0
4321,GILGFVFTL,positive,5,0.027902974,1.0
1727,GILGFVFTL,positive,5,0.054226726,1.0
6201,GILGFVFTL,10x,5,0.2635826,0.0
1522,LLFGYPVYV,swapped_186,5,0.15790656,0.0
418,GLCTLVAML,10x,5,0.6796466,0.0
3152,NLVPMVATV,10x,5,0.13776167,0.0
203,GILGFVFTL,positive,5,0.4269017,1.0
2955,GILGFVFTL,positive,5,0.4469654,1.0
471,GILGFVFTL,10x,5,0.03184089,0.0
242,GILGFVFTL,positive,5,0.032879278,1.0
2898,SLFNTVATL,positive,5,0.22877829,1.0
1834,GILGFVFTL,10x,5,0.31927738,0.0
1592,GLCTLVAML,positive,5,0.83490217,1.0
2247,GILGFVFTL,10x,5,0.6442249,0.0
6639,GLCTLVAML,swapped_5732,5,0.017100845,0.0
3140,GLCTLVAML,10x,5,0.1438591,0.0
3261,GILGFVFTL,10x,5,0.26660508,0.0
1929,GILGFVFTL,10x,5,0.35615146,0.0
2274,GILGFVFTL,10x,5,0.12557857,0.0
3241,GILGFVFTL,10x,5,0.030360531,0.0
3312,GILGFVFTL,10x,5,0.086118884,0.0
2851,GILGFVFTL,positive,5,0.30041686,1.0
4716,GLCTLVAML,10x,5,0.65527266,0.0
4236,GLCTLVAML,positive,5,0.543004,1.0
4311,GILGFVFTL,positive,5,0.44093886,1.0
2297,GILGFVFTL,10x,5,0.41975823,0.0
5878,LLFGYPVYV,positive,5,0.30737224,1.0
4646,GILGFVFTL,10x,5,0.56585205,0.0
2446,GILGFVFTL,swapped_1552,5,0.6527639,0.0
2477,GILGFVFTL,swapped_1704,5,0.3494339,0.0
1726,GILGFVFTL,positive,5,0.625941,1.0
323,GILGFVFTL,positive,5,0.7332187,1.0
3280,NLVPMVATV,10x,5,0.6291005,0.0
1700,GILGFVFTL,positive,5,0.74666834,1.0
3200,GILGFVFTL,10x,5,0.026826188,0.0
1147,GILGFVFTL,swapped_22,5,0.31879812,0.0
1453,GLCTLVAML,swapped_100,5,0.01271845,0.0
2398,RMFPNAPYL,10x,5,0.29649374,0.0
6465,GLCTLVAML,10x,5,0.50644416,0.0
2817,GILGFVFTL,positive,5,0.04100092,1.0
4083,GLCTLVAML,swapped_2859,5,0.12314072,0.0
685,GILGFVFTL,10x,5,0.8771064,0.0
6039,GILGFVFTL,10x,5,0.48923618,0.0
5176,GILGFVFTL,10x,5,0.15172799,0.0
3169,GILGFVFTL,10x,5,0.1561328,0.0
2794,GILGFVFTL,positive,5,0.068280436,1.0
785,GLCTLVAML,10x,5,0.11203142,0.0
22,FLYALALLL,positive,5,0.3151634,1.0
4555,GILGFVFTL,positive,5,0.8659532,1.0
186,FLYALALLL,positive,5,0.15588924,1.0
1242,RTLNAWVKV,swapped_89,5,0.03188599,0.0
268,GILGFVFTL,positive,5,0.84519273,1.0
1370,KVAELVHFL,swapped_323,5,0.7325035,0.0
6068,GLCTLVAML,10x,5,0.32689103,0.0
5755,GLCTLVAML,positive,5,0.5638562,1.0
2790,GILGFVFTL,positive,5,0.06941064,1.0
1131,GILGFVFTL,10x,5,0.55455804,0.0
5870,GILGFVFTL,positive,5,0.5349527,1.0
2807,GILGFVFTL,positive,5,0.16295707,1.0
6303,GILGFVFTL,10x,5,0.17008577,0.0
1939,GILGFVFTL,10x,5,0.39680594,0.0
4040,GLCTLVAML,swapped_2794,5,0.06492577,0.0
393,GLCTLVAML,10x,5,0.6106484,0.0
457,GILGFVFTL,10x,5,0.6060087,0.0
422,GILGFVFTL,10x,5,0.23970065,0.0
3796,GILGFVFTL,10x,5,0.09844583,0.0
4699,GLCTLVAML,10x,5,0.6775905,0.0
4367,GLCTLVAML,positive,5,0.03511754,1.0
1253,FLYALALLL,swapped_247,5,0.66097784,0.0
4003,GLCTLVAML,swapped_2884,5,0.124726534,0.0
2916,GILGFVFTL,positive,5,0.044342823,1.0
392,GILGFVFTL,10x,5,0.8193679,0.0
6771,GILGFVFTL,swapped_5876,5,0.707281,0.0
514,GILGFVFTL,10x,5,0.57502145,0.0
2159,GILGFVFTL,10x,5,0.3666008,0.0
1138,NLVPMVATV,10x,5,0.54364824,0.0
1448,FLYALALLL,swapped_107,5,0.41510937,0.0
551,GILGFVFTL,10x,5,0.339018,0.0
845,GILGFVFTL,10x,5,0.25659835,0.0
675,GILGFVFTL,10x,5,0.1894753,0.0
1164,GLCTLVAML,swapped_42,5,0.13742253,0.0
1944,GILGFVFTL,10x,5,0.82300526,0.0
290,GILGFVFTL,positive,5,0.64107585,1.0
5974,GILGFVFTL,positive,5,0.19634993,1.0
2317,GILGFVFTL,10x,5,0.4950439,0.0
2948,NLVPMVATV,positive,5,0.31187138,1.0
4932,GILGFVFTL,10x,5,0.047819868,0.0
3481,GILGFVFTL,10x,5,0.23391311,0.0
4951,KTWGQYWQV,10x,5,0.62065154,0.0
5720,GILGFVFTL,positive,5,0.5248249,1.0
2974,GILGFVFTL,positive,5,0.07851053,1.0
1420,GILGFVFTL,swapped_171,5,0.6261453,0.0
1154,GILGFVFTL,swapped_65,5,0.23736914,0.0
4505,GLCTLVAML,positive,5,0.1684112,1.0
1416,LLFGYPVYV,swapped_19,5,0.17022172,0.0
1979,GILGFVFTL,10x,5,0.47907603,0.0
424,GLCTLVAML,10x,5,0.335742,0.0
5981,GILGFVFTL,positive,5,0.14173633,1.0
4153,GLCTLVAML,swapped_2783,5,0.10992661,0.0
5906,GILGFVFTL,positive,5,0.1234154,1.0
5418,NLVPMVATV,swapped_4521,5,0.2764523,0.0
4802,GILGFVFTL,10x,5,0.74625325,0.0
4121,NLVPMVATV,swapped_2763,5,0.034757607,0.0
2884,GILGFVFTL,positive,5,0.12977892,1.0
150,GILGFVFTL,positive,5,0.23331502,1.0
1345,GLCTLVAML,swapped_365,5,0.10203059,0.0
1085,NLVPMVATV,10x,5,0.19614737,0.0
4891,GILGFVFTL,10x,5,0.04490102,0.0
1170,GLCTLVAML,swapped_193,5,0.70991844,0.0
2945,GILGFVFTL,positive,5,0.66654485,1.0
6316,GILGFVFTL,10x,5,0.07127384,0.0
1153,NLVPMVATV,swapped_133,5,0.6050606,0.0
4645,GLCTLVAML,10x,5,0.37973258,0.0
3999,GILGFVFTL,swapped_2869,5,0.39996782,0.0
1393,KLQCVDLHV,swapped_349,5,0.7069974,0.0
4749,GILGFVFTL,10x,5,0.69368964,0.0
5536,GILGFVFTL,swapped_4367,5,0.03699981,0.0
926,GILGFVFTL,10x,5,0.51222724,0.0
2059,GILGFVFTL,10x,5,0.21257392,0.0
504,GILGFVFTL,10x,5,0.34557495,0.0
5640,NLVPMVATV,swapped_4273,5,0.034012455,0.0
463,GILGFVFTL,10x,5,0.6818831,0.0
4610,GILGFVFTL,10x,5,0.42830986,0.0
5930,NLVPMVATV,positive,5,0.65661156,1.0
6353,GILGFVFTL,10x,5,0.6428573,0.0
5071,NLVPMVATV,10x,5,0.3155064,0.0
1820,GILGFVFTL,10x,5,0.67802566,0.0
5192,GILGFVFTL,10x,5,0.47700024,0.0
5276,GILGFVFTL,10x,5,0.19908157,0.0
671,GILGFVFTL,10x,5,0.64289755,0.0
1389,GILGFVFTL,swapped_18,5,0.3502152,0.0
696,GLCTLVAML,10x,5,0.12560327,0.0
4869,GILGFVFTL,10x,5,0.19487987,0.0
2167,GILGFVFTL,10x,5,0.40477446,0.0
4858,GILGFVFTL,10x,5,0.6093999,0.0
103,GILGFVFTL,positive,5,0.016675498,1.0
3126,GILGFVFTL,10x,5,0.14209154,0.0
4906,GILGFVFTL,10x,5,0.57518864,0.0
5208,GILGFVFTL,10x,5,0.7514197,0.0
6153,GILGFVFTL,10x,5,0.5286605,0.0
5144,GILGFVFTL,10x,5,0.561099,0.0
4515,GILGFVFTL,positive,5,0.6420441,1.0
3326,GILGFVFTL,10x,5,0.705453,0.0
3911,GLCTLVAML,swapped_2979,5,0.029150547,0.0
2936,GILGFVFTL,positive,5,0.81064576,1.0
6056,GLCTLVAML,10x,5,0.6441007,0.0
6609,GILGFVFTL,10x,5,0.08749748,0.0
4328,GILGFVFTL,positive,5,0.037351683,1.0
6148,GILGFVFTL,10x,5,0.26612785,0.0
34,GILGFVFTL,positive,5,0.12658213,1.0
1087,GILGFVFTL,10x,5,0.56286824,0.0
2443,SLLMWITQV,swapped_1700,5,0.746597,0.0
5181,GILGFVFTL,10x,5,0.66610944,0.0
2377,SLFNTVATL,10x,5,0.70255685,0.0
593,FLYALALLL,10x,5,0.49829713,0.0
4485,GILGFVFTL,positive,5,0.14174818,1.0
4706,GILGFVFTL,10x,5,0.5450082,0.0
5631,FLYALALLL,swapped_4555,5,0.86786824,0.0
249,GILGFVFTL,positive,5,0.18638416,1.0
3041,GLCTLVAML,positive,5,0.5968932,1.0
6233,GILGFVFTL,10x,5,0.5965372,0.0
3953,NLVPMVATV,swapped_2746,5,0.046980087,0.0
3692,GILGFVFTL,10x,5,0.1927601,0.0
1990,GILGFVFTL,10x,5,0.4691177,0.0
5229,GILGFVFTL,10x,5,0.3664708,0.0
1458,NLVPMVATV,swapped_178,5,0.29998142,0.0
6063,RTLNAWVKV,10x,5,0.5910047,0.0
6660,GILGFVFTL,swapped_5790,5,0.14028344,0.0
3626,RMFPNAPYL,10x,5,0.54315454,0.0
5748,GILGFVFTL,positive,5,0.72531384,1.0
4886,GILGFVFTL,10x,5,0.33376133,0.0
1205,GLCTLVAML,swapped_369,5,0.53257114,0.0
5816,NLVPMVATV,positive,5,0.8597308,1.0
3189,GILGFVFTL,10x,5,0.58970034,0.0
3278,GLCTLVAML,10x,5,0.31879544,0.0
2882,GILGFVFTL,positive,5,0.03874455,1.0
1926,KTWGQYWQV,10x,5,0.77663934,0.0
1214,NLVPMVATV,swapped_241,5,0.078832276,0.0
736,GILGFVFTL,10x,5,0.3547534,0.0
3447,GILGFVFTL,10x,5,0.90166086,0.0
4397,GILGFVFTL,positive,5,0.033200096,1.0
6162,GILGFVFTL,10x,5,0.58168876,0.0
5513,GLCTLVAML,swapped_4292,5,0.011442327,0.0
1084,IMDQVPFSV,10x,5,0.4281043,0.0
578,GLCTLVAML,10x,5,0.83219886,0.0
5760,GILGFVFTL,positive,5,0.22748244,1.0
3910,GLCTLVAML,swapped_2698,5,0.88722694,0.0
5233,GILGFVFTL,10x,5,0.56824017,0.0
6252,GILGFVFTL,10x,5,0.76257306,0.0
6040,GILGFVFTL,10x,5,0.15062402,0.0
2116,GILGFVFTL,10x,5,0.5201827,0.0
1208,GLCTLVAML,swapped_217,5,0.60015243,0.0
485,GILGFVFTL,10x,5,0.6195056,0.0
987,NLVPMVATV,10x,5,0.16339391,0.0
4874,GILGFVFTL,10x,5,0.20578517,0.0
3606,GILGFVFTL,10x,5,0.24530171,0.0
3195,GILGFVFTL,10x,5,0.79236406,0.0
6696,GLCTLVAML,swapped_5707,5,0.025027603,0.0
5696,NLVPMVATV,swapped_4228,5,0.7708574,0.0
704,GLCTLVAML,10x,5,0.3824127,0.0
320,GILGFVFTL,positive,5,0.08324151,1.0
4584,YLLEMLWRL,10x,5,0.5217482,0.0
1324,MLDLQPETT,swapped_379,5,0.010179824,0.0
3122,GILGFVFTL,10x,5,0.50229794,0.0
1623,GILGFVFTL,positive,5,0.072546884,1.0
5067,GILGFVFTL,10x,5,0.25378907,0.0
6441,GLCTLVAML,10x,5,0.45501453,0.0
2253,GILGFVFTL,10x,5,0.033858515,0.0
119,GILGFVFTL,positive,5,0.29210642,1.0
5061,NLVPMVATV,10x,5,0.31464523,0.0
6104,GILGFVFTL,10x,5,0.35739598,0.0
2273,NLVPMVATV,10x,5,0.13214406,0.0
757,GLCTLVAML,10x,5,0.4822329,0.0
1714,NLVPMVATV,positive,5,0.22951904,1.0
1298,KVLEYVIKV,swapped_268,5,0.84260744,0.0
3594,GILGFVFTL,10x,5,0.4363772,0.0
6518,GILGFVFTL,10x,5,0.5688764,0.0
5211,GILGFVFTL,10x,5,0.35713723,0.0
2900,GILGFVFTL,positive,5,0.44338456,1.0
1890,GLCTLVAML,10x,5,0.44426227,0.0
6865,GILGFVFTL,swapped_5776,5,0.73233265,0.0
160,GILGFVFTL,positive,5,0.1815634,1.0
2670,GLCTLVAML,swapped_1623,5,0.06939271,0.0
4078,RTLNAWVKV,swapped_2852,5,0.50159824,0.0
4919,GILGFVFTL,10x,5,0.9233875,0.0
1891,GILGFVFTL,10x,5,0.5993507,0.0
5666,NLVPMVATV,swapped_4311,5,0.42714736,0.0
1872,GILGFVFTL,10x,5,0.27907634,0.0
5636,GLCTLVAML,swapped_4315,5,0.8413655,0.0
5776,GLCTLVAML,positive,5,0.7300661,1.0
2451,KTWGQYWQV,swapped_1720,5,0.03499913,0.0
33,GLCTLVAML,positive,5,0.30495572,1.0
2788,GILGFVFTL,positive,5,0.052432455,1.0
6594,GLCTLVAML,10x,5,0.38137376,0.0
3039,GILGFVFTL,positive,5,0.09992121,1.0
1243,RTLNAWVKV,swapped_320,5,0.0875759,0.0
947,GILGFVFTL,10x,5,0.43828627,0.0
1876,GILGFVFTL,10x,5,0.17909043,0.0
4034,NLVPMVATV,swapped_2817,5,0.038736083,0.0
3252,GLCTLVAML,10x,5,0.4255854,0.0
1039,NLVPMVATV,10x,5,0.6740511,0.0
6368,NLVPMVATV,10x,5,0.8376973,0.0
3522,GILGFVFTL,10x,5,0.08440538,0.0
2260,GILGFVFTL,10x,5,0.41978016,0.0
2923,GILGFVFTL,positive,5,0.35530016,1.0
2799,GILGFVFTL,positive,5,0.37639216,1.0
2173,GILGFVFTL,10x,5,0.8822508,0.0
2944,NLVPMVATV,positive,5,0.2957307,1.0
5029,NLVPMVATV,10x,5,0.3890641,0.0
3636,IMDQVPFSV,10x,5,0.2603654,0.0
1276,GLCTLVAML,swapped_155,5,0.24778247,0.0
2203,GILGFVFTL,10x,5,0.83645535,0.0
6575,GILGFVFTL,10x,5,0.45786276,0.0
2309,GILGFVFTL,10x,5,0.5935427,0.0
6079,GILGFVFTL,10x,5,0.7533576,0.0
2533,GILGFVFTL,swapped_1689,5,0.49335787,0.0
2711,GILGFVFTL,positive,5,0.56155807,1.0
3887,SLFNTVATL,swapped_2860,5,0.039654218,0.0
443,KTWGQYWQV,10x,5,0.3967215,0.0
6392,GILGFVFTL,10x,5,0.12675908,0.0
4471,NLVPMVATV,positive,5,0.78268147,1.0
1919,GILGFVFTL,10x,5,0.409614,0.0
6479,GILGFVFTL,10x,5,0.23262171,0.0
6031,GILGFVFTL,10x,5,0.008700953,0.0
2237,GILGFVFTL,10x,5,0.11164723,0.0
966,IMDQVPFSV,10x,5,0.25475314,0.0
6265,GLCTLVAML,10x,5,0.22951983,0.0
3047,GILGFVFTL,positive,5,0.09843248,1.0
1723,NLVPMVATV,positive,5,0.40593052,1.0
634,GILGFVFTL,10x,5,0.6784258,0.0
2107,GILGFVFTL,10x,5,0.33265638,0.0
1554,GILGFVFTL,positive,5,0.15256618,1.0
4390,GILGFVFTL,positive,5,0.6819113,1.0
3826,GLCTLVAML,swapped_2701,5,0.0397598,0.0
2185,NLVPMVATV,10x,5,0.5752007,0.0
1850,GILGFVFTL,10x,5,0.9248864,0.0
3914,GLCTLVAML,swapped_2882,5,0.03683604,0.0
5241,GILGFVFTL,10x,5,0.29179662,0.0
1693,GILGFVFTL,positive,5,0.02991145,1.0
2892,GILGFVFTL,positive,5,0.35205117,1.0
6400,GILGFVFTL,10x,5,0.09932397,0.0
3922,NLVPMVATV,swapped_2938,5,0.30239505,0.0
4090,GLCTLVAML,swapped_3019,5,0.05680335,0.0
6709,GILGFVFTL,swapped_5755,5,0.57230693,0.0
3622,GILGFVFTL,10x,5,0.11195499,0.0
4067,NLVPMVATV,swapped_2808,5,0.10162899,0.0
6335,GILGFVFTL,10x,5,0.698917,0.0
4199,NLVPMVATV,positive,5,0.61509156,1.0
3028,GILGFVFTL,positive,5,0.020276088,1.0
1169,RTLNAWVKV,swapped_47,5,0.27145842,0.0
3219,GILGFVFTL,10x,5,0.19979683,0.0
5086,GILGFVFTL,10x,5,0.47808474,0.0
5481,GLCTLVAML,swapped_4485,5,0.13616197,0.0
3075,GILGFVFTL,10x,5,0.86886984,0.0
3971,GLCTLVAML,swapped_2831,5,0.03507544,0.0
3405,GILGFVFTL,10x,5,0.6790072,0.0
3569,GILGFVFTL,10x,5,0.85630465,0.0
5970,NLVPMVATV,positive,5,0.27822706,1.0
4824,GILGFVFTL,10x,5,0.7632917,0.0
331,GILGFVFTL,positive,5,0.2656244,1.0
1689,NLVPMVATV,positive,5,0.47863758,1.0
1999,GILGFVFTL,10x,5,0.64663035,0.0
5314,RTLNAWVKV,10x,5,0.32581323,0.0
341,GILGFVFTL,positive,5,0.21161401,1.0
2808,GILGFVFTL,positive,5,0.106604464,1.0
669,GILGFVFTL,10x,5,0.65485984,0.0
6812,GLCTLVAML,swapped_5748,5,0.7229009,0.0
3308,GILGFVFTL,10x,5,0.026100453,0.0
2635,RTLNAWVKV,swapped_1800,5,0.0719295,0.0
5040,GLCTLVAML,10x,5,0.08223325,0.0
2228,GILGFVFTL,10x,5,0.8350542,0.0
1171,GLCTLVAML,swapped_348,5,0.6471229,0.0
3112,NLVPMVATV,10x,5,0.4062084,0.0
1297,GILGFVFTL,swapped_330,5,0.10851544,0.0
1157,GILGFVFTL,swapped_210,5,0.04864795,0.0
3920,NLVPMVATV,swapped_3056,5,0.6464502,0.0
5660,GILGFVFTL,swapped_4535,5,0.278586,0.0
6151,GILGFVFTL,10x,5,0.30960572,0.0
5860,GILGFVFTL,positive,5,0.5388645,1.0
2381,NLVPMVATV,10x,5,0.8390891,0.0
5389,NLVPMVATV,swapped_4222,5,0.058188617,0.0
2269,GILGFVFTL,10x,5,0.79934335,0.0
5656,FLYALALLL,swapped_4360,5,0.06218854,0.0
1963,GLCTLVAML,10x,5,0.25479168,0.0
505,NLVPMVATV,10x,5,0.4793375,0.0
4502,GILGFVFTL,positive,5,0.5549659,1.0
2588,GILGFVFTL,swapped_1739,5,0.6058554,0.0
2170,GILGFVFTL,10x,5,0.0765945,0.0
5544,GLCTLVAML,swapped_4336,5,0.14400867,0.0
3824,GLCTLVAML,swapped_2999,5,0.08555689,0.0
5740,GLCTLVAML,positive,5,0.104262576,1.0
641,GILGFVFTL,10x,5,0.35928908,0.0
3884,NLVPMVATV,swapped_2992,5,0.20906448,0.0
1340,GLCTLVAML,swapped_167,5,0.6332082,0.0
1776,GILGFVFTL,positive,5,0.8325062,1.0
4499,GILGFVFTL,positive,5,0.012986311,1.0
460,GLCTLVAML,10x,5,0.28354385,0.0
2497,FLYALALLL,swapped_1590,5,0.12287857,0.0
2783,GILGFVFTL,positive,5,0.11435566,1.0
3791,GILGFVFTL,10x,5,0.6773011,0.0
5630,GLCTLVAML,swapped_4215,5,0.087754995,0.0
2933,GILGFVFTL,positive,5,0.123142,1.0
4624,GILGFVFTL,10x,5,0.49141315,0.0
5588,GILGFVFTL,swapped_4427,5,0.84927607,0.0
2525,RMFPNAPYL,swapped_1595,5,0.76533395,0.0
5312,GLCTLVAML,10x,5,0.42725524,0.0
1547,GLCTLVAML,positive,5,0.57080907,1.0
3702,GLCTLVAML,10x,5,0.45630336,0.0
1465,GLCTLVAML,swapped_35,5,0.71455353,0.0
4830,GLCTLVAML,10x,5,0.27443063,0.0
3523,GILGFVFTL,10x,5,0.35155764,0.0
6178,NLVPMVATV,10x,5,0.6530787,0.0
4290,LLFGYPVYV,positive,5,0.33011934,1.0
1375,GLCTLVAML,swapped_272,5,0.83018005,0.0
287,GILGFVFTL,positive,5,0.40754595,1.0
96,GILGFVFTL,positive,5,0.118125156,1.0
6366,GILGFVFTL,10x,5,0.05293497,0.0
3116,GILGFVFTL,10x,5,0.49397847,0.0
2200,KTWGQYWQV,10x,5,0.17132927,0.0
2695,GILGFVFTL,positive,5,0.256703,1.0
1825,GLCTLVAML,10x,5,0.14580457,0.0
690,SLFNTVATL,10x,5,0.28811786,0.0
518,NLVPMVATV,10x,5,0.28199276,0.0
1329,NLVPMVATV,swapped_55,5,0.27681187,0.0
2551,GILGFVFTL,swapped_1777,5,0.43931317,0.0
2792,GILGFVFTL,positive,5,0.032171067,1.0
1854,NLVPMVATV,10x,5,0.20997755,0.0
3369,NLVPMVATV,10x,5,0.53332174,0.0
5028,GILGFVFTL,10x,5,0.042880103,0.0
5128,CLGGLLTMV,10x,5,0.33352843,0.0
6306,GILGFVFTL,10x,5,0.71001905,0.0
4205,GILGFVFTL,positive,5,0.28208634,1.0
1318,GLCTLVAML,swapped_24,5,0.020097945,0.0
2509,GILGFVFTL,swapped_1736,5,0.8046523,0.0
4687,RTLNAWVKV,10x,5,0.79337645,0.0
2701,GILGFVFTL,positive,5,0.041819505,1.0
556,GILGFVFTL,10x,5,0.25690693,0.0
3705,FLYALALLL,10x,5,0.41160563,0.0
187,GILGFVFTL,positive,5,0.25919458,1.0
3765,GILGFVFTL,10x,5,0.30268317,0.0
137,NLVPMVATV,positive,5,0.42219552,1.0
1672,GILGFVFTL,positive,5,0.32320276,1.0
6770,NLVPMVATV,swapped_5932,5,0.7725147,0.0
594,FLYALALLL,10x,5,0.23238583,0.0
1777,NLVPMVATV,positive,5,0.4285679,1.0
5424,NLVPMVATV,swapped_4267,5,0.01412388,0.0
3055,GILGFVFTL,positive,5,0.077237494,1.0
6531,GILGFVFTL,10x,5,0.814684,0.0
1709,GILGFVFTL,positive,5,0.39822957,1.0
849,GILGFVFTL,10x,5,0.45046258,0.0
5667,GLCTLVAML,swapped_4396,5,0.4806096,0.0
2505,NLVPMVATV,swapped_1690,5,0.67587656,0.0
2257,GILGFVFTL,10x,5,0.3668369,0.0
4056,RMFPNAPYL,swapped_2853,5,0.30734715,0.0
3351,NLVPMVATV,10x,5,0.6738924,0.0
241,GILGFVFTL,positive,5,0.08330736,1.0
3118,GLCTLVAML,10x,5,0.5387479,0.0
251,RMFPNAPYL,positive,5,0.13985693,1.0
167,GILGFVFTL,positive,5,0.64276385,1.0
576,GILGFVFTL,10x,5,0.2595624,0.0
6773,NLVPMVATV,swapped_5871,5,0.031255893,0.0
3222,GILGFVFTL,10x,5,0.19874409,0.0
2511,GLCTLVAML,swapped_1672,5,0.31363907,0.0
1361,NLVPMVATV,swapped_317,5,0.19045958,0.0
5479,GILGFVFTL,swapped_4342,5,0.53607124,0.0
4862,GLCTLVAML,10x,5,0.037606616,0.0
5432,RTLNAWVKV,swapped_4515,5,0.6465965,0.0
4160,GILGFVFTL,swapped_2948,5,0.32324475,0.0
4887,GILGFVFTL,10x,5,0.18925595,0.0
1274,LLFGYPVYV,swapped_263,5,0.20388174,0.0
4129,GLCTLVAML,swapped_2711,5,0.55277234,0.0
1148,NLVPMVATV,swapped_293,5,0.102568485,0.0
349,GILGFVFTL,positive,5,0.7133456,1.0
3368,LLFGYPVYV,10x,5,0.506108,0.0
2066,GILGFVFTL,10x,5,0.2547654,0.0
6903,RTLNAWVKV,swapped_5717,5,0.27687556,0.0
1010,GILGFVFTL,10x,5,0.20654091,0.0
6128,GILGFVFTL,10x,5,0.5204538,0.0
6493,GILGFVFTL,10x,5,0.5800533,0.0
4043,GLCTLVAML,swapped_2892,5,0.34269467,0.0
6788,LLFGYPVYV,swapped_6004,5,0.017377863,0.0
1629,GILGFVFTL,positive,5,0.7132663,1.0
5680,GLCTLVAML,swapped_4522,5,0.047722932,0.0
5405,GILGFVFTL,swapped_4505,5,0.17454459,0.0
4898,GILGFVFTL,10x,5,0.7017517,0.0
6302,NLVPMVATV,10x,5,0.66589457,0.0
5231,GLCTLVAML,10x,5,0.43436518,0.0
1843,GILGFVFTL,10x,5,0.24916257,0.0
2328,GILGFVFTL,10x,5,0.15665397,0.0
5217,GILGFVFTL,10x,5,0.39421636,0.0
4005,NLVPMVATV,swapped_3044,5,0.04736967,0.0
1428,GLCTLVAML,swapped_331,5,0.2570828,0.0
5686,RMFPNAPYL,swapped_4295,5,0.011751797,0.0
3741,GLCTLVAML,10x,5,0.09803205,0.0
4143,LLFGYPVYV,swapped_2828,5,0.079285406,0.0
2372,LLFGYPVYV,10x,5,0.046259616,0.0
1289,NLVPMVATV,swapped_187,5,0.24884424,0.0
6336,GLCTLVAML,10x,5,0.5210663,0.0
3988,GILGFVFTL,swapped_3008,5,0.42646456,0.0
6169,GILGFVFTL,10x,5,0.28503367,0.0
4374,GILGFVFTL,positive,5,0.012277623,1.0
3160,RMFPNAPYL,10x,5,0.57808596,0.0
6261,GILGFVFTL,10x,5,0.23459336,0.0
6612,GLCTLVAML,swapped_5875,5,0.19148017,0.0
864,GILGFVFTL,10x,5,0.41847235,0.0
1091,GILGFVFTL,10x,5,0.614279,0.0
3685,GILGFVFTL,10x,5,0.079047956,0.0
3837,NLVPMVATV,swapped_2974,5,0.07441546,0.0
2866,GILGFVFTL,positive,5,0.12443164,1.0
2368,GILGFVFTL,10x,5,0.038412437,0.0
6124,GILGFVFTL,10x,5,0.0698758,0.0
918,GILGFVFTL,10x,5,0.52688235,0.0
5223,GILGFVFTL,10x,5,0.43263423,0.0
646,GILGFVFTL,10x,5,0.4432032,0.0
2676,GILGFVFTL,swapped_1737,5,0.7578968,0.0
4141,NLVPMVATV,swapped_2962,5,0.15046701,0.0
991,GLCTLVAML,swapped_73,5,0.1351675,0.0
3157,GILGFVFTL,10x,5,0.65607953,0.0
4737,GILGFVFTL,10x,5,0.032399807,0.0
3394,GLCTLVAML,10x,5,0.7904577,0.0
887,GLCTLVAML,10x,5,0.07419276,0.0
2199,GLCTLVAML,10x,5,0.14331058,0.0
4350,GILGFVFTL,positive,5,0.027840326,1.0
3533,GILGFVFTL,10x,5,0.23203585,0.0
588,NLVPMVATV,10x,5,0.22152781,0.0
645,YLLEMLWRL,10x,5,0.73885196,0.0
5466,GLCTLVAML,swapped_4435,5,0.5080438,0.0
3941,GLCTLVAML,swapped_2789,5,0.11695168,0.0
6523,GILGFVFTL,10x,5,0.48665747,0.0
4754,GLCTLVAML,10x,5,0.67712903,0.0
2962,GILGFVFTL,positive,5,0.15744002,1.0
365,GILGFVFTL,positive,5,0.106637865,1.0
3985,KTWGQYWQV,swapped_2945,5,0.67366403,0.0
2830,GILGFVFTL,positive,5,0.22745204,1.0
2231,RTLNAWVKV,10x,5,0.46088132,0.0
330,LLFGYPVYV,positive,5,0.109573066,1.0
3420,GLCTLVAML,10x,5,0.4839286,0.0
4424,GILGFVFTL,positive,5,0.28961033,1.0
4580,GILGFVFTL,10x,5,0.18869883,0.0
1966,GILGFVFTL,10x,5,0.10719577,0.0
462,GILGFVFTL,10x,5,0.39229253,0.0
