3970,GILGFVFTL,swapped_2804,5,0.1324295,0.0
2009,GILGFVFTL,10x,5,0.4106513,0.0
1276,GLCTLVAML,swapped_155,5,0.045033228,0.0
2395,GILGFVFTL,10x,5,0.79012746,0.0
45,GILGFVFTL,positive,5,0.031260066,1.0
6853,GLCTLVAML,swapped_5906,5,0.23300205,0.0
4566,GILGFVFTL,10x,5,0.45929345,0.0
4131,KTWGQYWQV,swapped_2811,5,0.030977478,0.0
2852,GLCTLVAML,positive,5,0.92526406,1.0
3856,NLVPMVATV,swapped_2725,5,0.07813104,0.0
925,NLVPMVATV,10x,5,0.28242597,0.0
60,GILGFVFTL,positive,5,0.036814127,1.0
5278,GILGFVFTL,10x,5,0.6887211,0.0
365,GILGFVFTL,positive,5,0.2687314,1.0
203,GILGFVFTL,positive,5,0.4825595,1.0
4787,GILGFVFTL,10x,5,0.4779174,0.0
4130,NLVPMVATV,swapped_2761,5,0.15871793,0.0
3773,GILGFVFTL,10x,5,0.10047163,0.0
2529,GLCTLVAML,swapped_1773,5,0.44785675,0.0
5116,GILGFVFTL,10x,5,0.077541605,0.0
6021,LLFGYPVYV,10x,5,0.44425592,0.0
241,GILGFVFTL,positive,5,0.07056463,1.0
1979,GILGFVFTL,10x,5,0.36038896,0.0
2944,NLVPMVATV,positive,5,0.47758284,1.0
1226,NLVPMVATV,swapped_160,5,0.04568087,0.0
6479,GILGFVFTL,10x,5,0.583162,0.0
1060,GILGFVFTL,10x,5,0.58857155,0.0
872,GILGFVFTL,10x,5,0.4980307,0.0
1370,KVAELVHFL,swapped_323,5,0.19319218,0.0
4118,GLCTLVAML,swapped_2866,5,0.047268674,0.0
5795,GILGFVFTL,positive,5,0.026830932,1.0
141,GILGFVFTL,positive,5,0.035905514,1.0
3157,GILGFVFTL,10x,5,0.7651774,0.0
3522,GILGFVFTL,10x,5,0.04367166,0.0
709,GILGFVFTL,10x,5,0.67169863,0.0
2730,KTWGQYWQV,positive,5,0.8973057,1.0
2674,NLVPMVATV,swapped_1788,5,0.19460492,0.0
4168,GILGFVFTL,swapped_2897,5,0.4935725,0.0
2492,KTWGQYWQV,swapped_1709,5,0.1366562,0.0
3998,GILGFVFTL,swapped_2944,5,0.46960863,0.0
4623,LLFGYPVYV,10x,5,0.6264041,0.0
4839,NLVPMVATV,10x,5,0.2740863,0.0
1490,GILGFVFTL,swapped_169,5,0.22575371,0.0
4850,GILGFVFTL,10x,5,0.1574166,0.0
504,GILGFVFTL,10x,5,0.7773616,0.0
627,GLCTLVAML,10x,5,0.24298468,0.0
1850,GILGFVFTL,10x,5,0.9197052,0.0
6222,GILGFVFTL,10x,5,0.7631155,0.0
634,GILGFVFTL,10x,5,0.5659052,0.0
1503,FLYALALLL,swapped_33,5,0.9132531,0.0
5932,GILGFVFTL,positive,5,0.57896835,1.0
1010,GILGFVFTL,10x,5,0.837727,0.0
3845,GLCTLVAML,swapped_2936,5,0.77883893,0.0
6703,GILGFVFTL,swapped_6001,5,0.7884156,0.0
3172,FLYALALLL,10x,5,0.6712188,0.0
3775,GILGFVFTL,10x,5,0.56597644,0.0
3995,NLVPMVATV,swapped_3055,5,0.035392933,0.0
3369,NLVPMVATV,10x,5,0.392101,0.0
5697,GLCTLVAML,swapped_4538,5,0.6493985,0.0
1135,GLCTLVAML,10x,5,0.53353643,0.0
2783,GILGFVFTL,positive,5,0.37706992,1.0
3732,GILGFVFTL,10x,5,0.4201124,0.0
5731,GILGFVFTL,positive,5,0.23521611,1.0
754,GILGFVFTL,10x,5,0.051598616,0.0
2477,GILGFVFTL,swapped_1704,5,0.80833757,0.0
89,GILGFVFTL,positive,5,0.2904261,1.0
2319,NLVPMVATV,10x,5,0.0998484,0.0
4342,GLCTLVAML,positive,5,0.80568594,1.0
1188,RTLNAWVKV,swapped_308,5,0.07641317,0.0
1686,FLYALALLL,positive,5,0.36675242,1.0
2866,GILGFVFTL,positive,5,0.046108194,1.0
457,GILGFVFTL,10x,5,0.67781365,0.0
3355,GILGFVFTL,10x,5,0.33097437,0.0
166,GLCTLVAML,positive,5,0.27571806,1.0
3698,GILGFVFTL,10x,5,0.3608654,0.0
6847,GILGFVFTL,swapped_5816,5,0.70575714,0.0
704,GLCTLVAML,10x,5,0.88403714,0.0
2505,NLVPMVATV,swapped_1690,5,0.18063684,0.0
1311,NLVPMVATV,swapped_119,5,0.05569272,0.0
5769,GILGFVFTL,positive,5,0.05962397,1.0
462,GILGFVFTL,10x,5,0.36814842,0.0
1428,GLCTLVAML,swapped_331,5,0.07382097,0.0
3241,GILGFVFTL,10x,5,0.08656659,0.0
5876,GLCTLVAML,positive,5,0.50109,1.0
4962,GILGFVFTL,10x,5,0.5532164,0.0
4165,NLVPMVATV,swapped_2823,5,0.053021453,0.0
1126,GILGFVFTL,10x,5,0.4073242,0.0
3921,NLVPMVATV,swapped_2977,5,0.015609198,0.0
2518,GILGFVFTL,swapped_1809,5,0.28973222,0.0
2725,GILGFVFTL,positive,5,0.07402555,1.0
5398,GILGFVFTL,swapped_4268,5,0.92858934,0.0
5737,GLCTLVAML,positive,5,0.88207173,1.0
5401,NLVPMVATV,swapped_4413,5,0.038419835,0.0
341,GILGFVFTL,positive,5,0.78747904,1.0
4571,GILGFVFTL,10x,5,0.12831359,0.0
751,GILGFVFTL,10x,5,0.70258564,0.0
531,NLVPMVATV,10x,5,0.73719484,0.0
1319,GLCTLVAML,swapped_251,5,0.3876708,0.0
2670,GLCTLVAML,swapped_1623,5,0.02049828,0.0
2508,MLDLQPETT,swapped_1596,5,0.5338721,0.0
2060,GLCTLVAML,10x,5,0.77721626,0.0
1448,FLYALALLL,swapped_107,5,0.055232298,0.0
3200,GILGFVFTL,10x,5,0.14226273,0.0
3887,SLFNTVATL,swapped_2860,5,0.020694397,0.0
3932,GILGFVFTL,swapped_2876,5,0.19713579,0.0
1170,GLCTLVAML,swapped_193,5,0.58508754,0.0
1854,NLVPMVATV,10x,5,0.113855265,0.0
968,GILGFVFTL,10x,5,0.8156808,0.0
883,GILGFVFTL,10x,5,0.22039998,0.0
514,GILGFVFTL,10x,5,0.48910782,0.0
5686,RMFPNAPYL,swapped_4295,5,0.015046897,0.0
3523,GILGFVFTL,10x,5,0.32483765,0.0
518,NLVPMVATV,10x,5,0.39686564,0.0
5683,RMFPNAPYL,swapped_4364,5,0.21549977,0.0
58,GILGFVFTL,positive,5,0.67502964,1.0
2114,GILGFVFTL,10x,5,0.12399118,0.0
1093,GILGFVFTL,10x,5,0.4689539,0.0
3031,GILGFVFTL,positive,5,0.02014996,1.0
2943,GILGFVFTL,positive,5,0.01963815,1.0
4991,GILGFVFTL,10x,5,0.6248274,0.0
2588,GILGFVFTL,swapped_1739,5,0.9250187,0.0
2590,GILGFVFTL,swapped_1807,5,0.18086132,0.0
505,NLVPMVATV,10x,5,0.8268456,0.0
4223,NLVPMVATV,positive,5,0.3283663,1.0
5448,GLCTLVAML,swapped_4240,5,0.38451675,0.0
1179,GILGFVFTL,swapped_132,5,0.017918276,0.0
1702,GILGFVFTL,positive,5,0.023447892,1.0
3152,NLVPMVATV,10x,5,0.1109334,0.0
3927,FLYALALLL,swapped_2923,5,0.27092344,0.0
229,GILGFVFTL,positive,5,0.019631643,1.0
3569,GILGFVFTL,10x,5,0.44349337,0.0
622,KTWGQYWQV,10x,5,0.1656578,0.0
5146,GILGFVFTL,10x,5,0.82272637,0.0
6149,GILGFVFTL,10x,5,0.4327398,0.0
6592,GILGFVFTL,10x,5,0.18196777,0.0
3956,NLVPMVATV,swapped_3028,5,0.0822718,0.0
2823,GILGFVFTL,positive,5,0.050157607,1.0
6770,NLVPMVATV,swapped_5932,5,0.5851929,0.0
4381,GILGFVFTL,positive,5,0.093504466,1.0
2189,GILGFVFTL,10x,5,0.09326499,0.0
1890,GLCTLVAML,10x,5,0.27874732,0.0
5693,GLCTLVAML,swapped_4205,5,0.4219014,0.0
5989,GLCTLVAML,positive,5,0.18891835,1.0
526,GILGFVFTL,10x,5,0.65616214,0.0
5935,GILGFVFTL,positive,5,0.15852208,1.0
4277,GILGFVFTL,positive,5,0.06488103,1.0
3386,GLCTLVAML,10x,5,0.717461,0.0
344,GLCTLVAML,positive,5,0.90318036,1.0
1846,NLVPMVATV,10x,5,0.8566049,0.0
1474,NLVPMVATV,swapped_21,5,0.030891124,0.0
3495,GLCTLVAML,10x,5,0.44124594,0.0
5637,NLVPMVATV,swapped_4274,5,0.48241577,0.0
864,GILGFVFTL,10x,5,0.07611705,0.0
3400,SLLMWITQV,10x,5,0.46513626,0.0
55,GLCTLVAML,positive,5,0.8117525,1.0
2746,GILGFVFTL,positive,5,0.17468181,1.0
5424,NLVPMVATV,swapped_4267,5,0.021918068,0.0
1921,NLVPMVATV,10x,5,0.42291692,0.0
3636,IMDQVPFSV,10x,5,0.4598054,0.0
2372,LLFGYPVYV,10x,5,0.19584946,0.0
190,NLVPMVATV,positive,5,0.08838479,1.0
4041,NLVPMVATV,swapped_2799,5,0.22621417,0.0
4063,NLVPMVATV,swapped_2901,5,0.4379385,0.0
1387,NLVPMVATV,swapped_96,5,0.23380226,0.0
1675,FLYALALLL,positive,5,0.632013,1.0
6261,GILGFVFTL,10x,5,0.46562362,0.0
3941,GLCTLVAML,swapped_2789,5,0.2410836,0.0
6037,GILGFVFTL,10x,5,0.15628283,0.0
6575,GILGFVFTL,10x,5,0.060215965,0.0
2035,LLFGYPVYV,10x,5,0.07950568,0.0
454,GILGFVFTL,10x,5,0.18238297,0.0
1318,GLCTLVAML,swapped_24,5,0.025916375,0.0
3186,NLVPMVATV,10x,5,0.28133145,0.0
2094,GLCTLVAML,10x,5,0.7496991,0.0
6874,GILGFVFTL,swapped_5970,5,0.6210996,0.0
1700,GILGFVFTL,positive,5,0.20125487,1.0
6773,NLVPMVATV,swapped_5871,5,0.07413103,0.0
6762,KTWGQYWQV,swapped_5868,5,0.6812491,0.0
4048,KTWGQYWQV,swapped_2788,5,0.027092999,0.0
4522,GILGFVFTL,positive,5,0.021074962,1.0
1274,LLFGYPVYV,swapped_263,5,0.32766598,0.0
5680,GLCTLVAML,swapped_4522,5,0.021591898,0.0
6827,GLCTLVAML,swapped_5769,5,0.06127384,0.0
2888,GILGFVFTL,positive,5,0.41080487,1.0
3233,FLYALALLL,10x,5,0.6379665,0.0
287,GILGFVFTL,positive,5,0.04158054,1.0
193,GILGFVFTL,positive,5,0.575005,1.0
1770,NLVPMVATV,positive,5,0.29612166,1.0
5216,GILGFVFTL,10x,5,0.11161873,0.0
1742,GILGFVFTL,positive,5,0.03199911,1.0
4201,GILGFVFTL,positive,5,0.3495055,1.0
6441,GLCTLVAML,10x,5,0.7733198,0.0
3983,KVLEYVIKV,swapped_2888,5,0.4192456,0.0
1949,GILGFVFTL,10x,5,0.071758844,0.0
1595,GILGFVFTL,positive,5,0.62881356,1.0
5112,GILGFVFTL,10x,5,0.33862653,0.0
3116,GILGFVFTL,10x,5,0.56900656,0.0
3450,GILGFVFTL,10x,5,0.74395806,0.0
3444,GILGFVFTL,10x,5,0.7396793,0.0
933,GILGFVFTL,10x,5,0.4124353,0.0
1963,GLCTLVAML,10x,5,0.4603966,0.0
2788,GILGFVFTL,positive,5,0.024461487,1.0
2349,GILGFVFTL,10x,5,0.28636286,0.0
6146,NLVPMVATV,10x,5,0.50780267,0.0
2938,GILGFVFTL,positive,5,0.1011145,1.0
2869,GLCTLVAML,positive,5,0.8786506,1.0
6244,GILGFVFTL,10x,5,0.6360111,0.0
5640,NLVPMVATV,swapped_4273,5,0.042295765,0.0
6801,GILGFVFTL,swapped_5882,5,0.13109025,0.0
65,NLVPMVATV,positive,5,0.5222331,1.0
1176,RTLNAWVKV,swapped_242,5,0.024309687,0.0
2860,GILGFVFTL,positive,5,0.019131374,1.0
273,NLVPMVATV,positive,5,0.7755185,1.0
931,MLDLQPETT,10x,5,0.5579852,0.0
6306,GILGFVFTL,10x,5,0.66323894,0.0
2817,GILGFVFTL,positive,5,0.029461747,1.0
1737,NLVPMVATV,positive,5,0.68210393,1.0
2711,GILGFVFTL,positive,5,0.080566294,1.0
2876,MLDLQPETT,positive,5,0.20517902,1.0
2955,GILGFVFTL,positive,5,0.66131335,1.0
4555,GILGFVFTL,positive,5,0.7145154,1.0
2012,GILGFVFTL,10x,5,0.092846535,0.0
4056,RMFPNAPYL,swapped_2853,5,0.04676008,0.0
5096,NLVPMVATV,10x,5,0.043236453,0.0
1672,GILGFVFTL,positive,5,0.25672454,1.0
2853,GILGFVFTL,positive,5,0.04370772,1.0
6398,NLVPMVATV,10x,5,0.19421402,0.0
3225,GILGFVFTL,10x,5,0.75949407,0.0
6366,GILGFVFTL,10x,5,0.41875562,0.0
2497,FLYALALLL,swapped_1590,5,0.3116694,0.0
1390,GILGFVFTL,swapped_273,5,0.7728017,0.0
4431,NLVPMVATV,positive,5,0.061972857,1.0
5178,GILGFVFTL,10x,5,0.5004912,0.0
5288,GILGFVFTL,10x,5,0.8464884,0.0
6082,GILGFVFTL,10x,5,0.2626253,0.0
3215,GILGFVFTL,10x,5,0.06320491,0.0
3701,GILGFVFTL,10x,5,0.0849394,0.0
227,GILGFVFTL,positive,5,0.10674791,1.0
2827,GILGFVFTL,positive,5,0.6657055,1.0
3019,GILGFVFTL,positive,5,0.024604823,1.0
251,RMFPNAPYL,positive,5,0.38154656,1.0
4336,GILGFVFTL,positive,5,0.048278872,1.0
1843,GILGFVFTL,10x,5,0.5528023,0.0
1864,GILGFVFTL,10x,5,0.2774436,0.0
1322,GILGFVFTL,swapped_344,5,0.8998891,0.0
6563,NLVPMVATV,10x,5,0.4924363,0.0
1455,GLCTLVAML,swapped_58,5,0.68176264,0.0
1131,GILGFVFTL,10x,5,0.07752963,0.0
6905,RMFPNAPYL,swapped_5902,5,0.08438467,0.0
4143,LLFGYPVYV,swapped_2828,5,0.4144552,0.0
5108,GILGFVFTL,10x,5,0.49374795,0.0
3971,GLCTLVAML,swapped_2831,5,0.02824396,0.0
4292,GILGFVFTL,positive,5,0.09134101,1.0
1169,RTLNAWVKV,swapped_47,5,0.8435802,0.0
1416,LLFGYPVYV,swapped_19,5,0.277023,0.0
2515,NLVPMVATV,swapped_1727,5,0.082174964,0.0
5132,GILGFVFTL,10x,5,0.2497248,0.0
6391,GILGFVFTL,10x,5,0.4837263,0.0
5594,GILGFVFTL,swapped_4223,5,0.31661385,0.0
2122,GILGFVFTL,10x,5,0.03641869,0.0
3151,GILGFVFTL,10x,5,0.1149469,0.0
4471,NLVPMVATV,positive,5,0.6695824,1.0
4390,GILGFVFTL,positive,5,0.12269599,1.0
3051,GILGFVFTL,positive,5,0.050668173,1.0
1693,GILGFVFTL,positive,5,0.020001307,1.0
4435,GILGFVFTL,positive,5,0.6944546,1.0
4354,GILGFVFTL,positive,5,0.019985124,1.0
2695,GILGFVFTL,positive,5,0.089621946,1.0
6771,GILGFVFTL,swapped_5876,5,0.49292365,0.0
4536,FLYALALLL,positive,5,0.70352703,1.0
1900,NLVPMVATV,10x,5,0.8335907,0.0
437,GILGFVFTL,10x,5,0.43416196,0.0
33,GLCTLVAML,positive,5,0.9142072,1.0
4960,RTLNAWVKV,10x,5,0.6175455,0.0
5314,RTLNAWVKV,10x,5,0.07290446,0.0
6016,GILGFVFTL,10x,5,0.58597344,0.0
1393,KLQCVDLHV,swapped_349,5,0.61143774,0.0
1891,GILGFVFTL,10x,5,0.45579004,0.0
5755,GLCTLVAML,positive,5,0.6600237,1.0
963,RTLNAWVKV,10x,5,0.5636996,0.0
5469,NLVPMVATV,swapped_4350,5,0.044373307,0.0
5674,GILGFVFTL,swapped_4451,5,0.44317576,0.0
6487,CLGGLLTMV,10x,5,0.43086982,0.0
2512,NLVPMVATV,swapped_1766,5,0.07969625,0.0
5970,NLVPMVATV,positive,5,0.63013655,1.0
6423,NLVPMVATV,10x,5,0.40530547,0.0
6904,GILGFVFTL,swapped_5737,5,0.8785138,0.0
3287,GILGFVFTL,10x,5,0.6391681,0.0
5624,GLCTLVAML,swapped_4290,5,0.45900017,0.0
2368,GILGFVFTL,10x,5,0.28142935,0.0
2808,GILGFVFTL,positive,5,0.06296377,1.0
1773,GILGFVFTL,positive,5,0.44026718,1.0
1802,GILGFVFTL,positive,5,0.07869336,1.0
5337,FLYALALLL,swapped_4201,5,0.36015013,0.0
1446,KVAELVHFL,swapped_318,5,0.022994246,0.0
5038,GILGFVFTL,10x,5,0.7729817,0.0
3486,GILGFVFTL,10x,5,0.8397497,0.0
5191,GLCTLVAML,10x,5,0.8401873,0.0
3150,GLCTLVAML,10x,5,0.1754626,0.0
145,GILGFVFTL,positive,5,0.11479446,1.0
2209,NLVPMVATV,10x,5,0.57604635,0.0
3100,GILGFVFTL,10x,5,0.07088586,0.0
1777,NLVPMVATV,positive,5,0.025564523,1.0
3869,NLVPMVATV,swapped_2989,5,0.023171104,0.0
369,GILGFVFTL,positive,5,0.069658495,1.0
3155,GILGFVFTL,10x,5,0.59128517,0.0
47,GILGFVFTL,positive,5,0.8460641,1.0
2232,NLVPMVATV,10x,5,0.50772077,0.0
2237,GILGFVFTL,10x,5,0.08093327,0.0
5405,GILGFVFTL,swapped_4505,5,0.7196121,0.0
3882,GLCTLVAML,swapped_2895,5,0.033510853,0.0
5452,NLVPMVATV,swapped_4219,5,0.1041735,0.0
2253,GILGFVFTL,10x,5,0.024812741,0.0
3333,FLYALALLL,10x,5,0.26501286,0.0
1310,FLYALALLL,swapped_283,5,0.061909877,0.0
460,GLCTLVAML,10x,5,0.16168062,0.0
2482,GLCTLVAML,swapped_1624,5,0.85901606,0.0
601,GILGFVFTL,10x,5,0.08594937,0.0
4268,GLCTLVAML,positive,5,0.9310094,1.0
2799,GILGFVFTL,positive,5,0.21630546,1.0
4350,GILGFVFTL,positive,5,0.041788522,1.0
2933,GILGFVFTL,positive,5,0.05639034,1.0
2646,NLVPMVATV,swapped_1625,5,0.4489658,0.0
5057,GILGFVFTL,10x,5,0.29491943,0.0
4754,GLCTLVAML,10x,5,0.3822095,0.0
4915,GILGFVFTL,10x,5,0.021132756,0.0
4951,KTWGQYWQV,10x,5,0.8189401,0.0
3802,GILGFVFTL,10x,5,0.48370942,0.0
111,GILGFVFTL,positive,5,0.056002982,1.0
3266,GILGFVFTL,10x,5,0.3817051,0.0
1800,GILGFVFTL,positive,5,0.54707015,1.0
938,GLCTLVAML,10x,5,0.081945166,0.0
6152,GILGFVFTL,10x,5,0.4930478,0.0
2361,GILGFVFTL,10x,5,0.56954634,0.0
1838,NLVPMVATV,10x,5,0.27956063,0.0
3253,GILGFVFTL,10x,5,0.25080985,0.0
3489,GILGFVFTL,10x,5,0.694157,0.0
5479,GILGFVFTL,swapped_4342,5,0.80009234,0.0
5650,NLVPMVATV,swapped_4499,5,0.019859703,0.0
2213,GILGFVFTL,10x,5,0.41003746,0.0
2846,GILGFVFTL,positive,5,0.025074748,1.0
807,GILGFVFTL,10x,5,0.5605674,0.0
196,GILGFVFTL,positive,5,0.5613536,1.0
1759,FLYALALLL,positive,5,0.538881,1.0
4919,GILGFVFTL,10x,5,0.61756873,0.0
3751,NLVPMVATV,10x,5,0.7250095,0.0
6445,GILGFVFTL,10x,5,0.44513792,0.0
1739,GLCTLVAML,positive,5,0.9272008,1.0
1144,GLCTLVAML,swapped_249,5,0.040229306,0.0
1873,MLDLQPETT,10x,5,0.04320922,0.0
4619,GILGFVFTL,10x,5,0.66511834,0.0
551,GILGFVFTL,10x,5,0.37680873,0.0
1069,GILGFVFTL,10x,5,0.13229597,0.0
1329,NLVPMVATV,swapped_55,5,0.8075481,0.0
6128,GILGFVFTL,10x,5,0.35130376,0.0
6425,GLCTLVAML,10x,5,0.08309208,0.0
3988,GILGFVFTL,swapped_3008,5,0.8597017,0.0
6668,GLCTLVAML,swapped_5862,5,0.51914185,0.0
6443,GILGFVFTL,10x,5,0.5113371,0.0
156,NLVPMVATV,positive,5,0.23013613,1.0
5614,GILGFVFTL,swapped_4439,5,0.7460885,0.0
5532,GLCTLVAML,swapped_4509,5,0.13681231,0.0
5979,GILGFVFTL,positive,5,0.04506734,1.0
3598,GILGFVFTL,10x,5,0.56092,0.0
3084,GLCTLVAML,10x,5,0.53304094,0.0
5660,GILGFVFTL,swapped_4535,5,0.90110314,0.0
1088,GILGFVFTL,10x,5,0.419565,0.0
6319,GILGFVFTL,10x,5,0.11382212,0.0
24,GILGFVFTL,positive,5,0.025266208,1.0
795,GLCTLVAML,10x,5,0.35818726,0.0
3642,GILGFVFTL,10x,5,0.52229553,0.0
5728,KTWGQYWQV,positive,5,0.3094956,1.0
4512,GLCTLVAML,positive,5,0.21111128,1.0
1091,GILGFVFTL,10x,5,0.21135509,0.0
2170,GILGFVFTL,10x,5,0.33289978,0.0
4722,GILGFVFTL,10x,5,0.15815727,0.0
6031,GILGFVFTL,10x,5,0.25013083,0.0
35,GILGFVFTL,positive,5,0.32589805,1.0
1736,NLVPMVATV,positive,5,0.83474743,1.0
1929,GILGFVFTL,10x,5,0.078370035,0.0
5875,GILGFVFTL,positive,5,0.07817178,1.0
628,GILGFVFTL,10x,5,0.54009706,0.0
3419,GILGFVFTL,10x,5,0.055920783,0.0
1041,GLCTLVAML,10x,5,0.03288915,0.0
2203,GILGFVFTL,10x,5,0.65123945,0.0
3719,GILGFVFTL,10x,5,0.567397,0.0
1867,GILGFVFTL,10x,5,0.5862395,0.0
3914,GLCTLVAML,swapped_2882,5,0.13117462,0.0
3272,GILGFVFTL,10x,5,0.9019642,0.0
6345,GLCTLVAML,10x,5,0.6802816,0.0
119,GILGFVFTL,positive,5,0.05263003,1.0
3825,GLCTLVAML,swapped_2695,5,0.09226115,0.0
1564,NLVPMVATV,positive,5,0.813504,1.0
3893,NLVPMVATV,swapped_2933,5,0.059630875,0.0
4078,RTLNAWVKV,swapped_2852,5,0.9215156,0.0
662,GILGFVFTL,10x,5,0.4611353,0.0
4870,GILGFVFTL,10x,5,0.7843599,0.0
2147,GILGFVFTL,10x,5,0.046850536,0.0
3647,NLVPMVATV,10x,5,0.4687406,0.0
2036,RTLNAWVKV,10x,5,0.089373924,0.0
3639,GILGFVFTL,10x,5,0.16023426,0.0
801,GILGFVFTL,10x,5,0.41894004,0.0
1298,KVLEYVIKV,swapped_268,5,0.5235478,0.0
3378,GILGFVFTL,10x,5,0.19605537,0.0
2024,GILGFVFTL,10x,5,0.15406652,0.0
2231,RTLNAWVKV,10x,5,0.741474,0.0
5560,RMFPNAPYL,swapped_4502,5,0.041000135,0.0
6392,GILGFVFTL,10x,5,0.13790143,0.0
5436,IMDQVPFSV,swapped_4374,5,0.024940163,0.0
4222,GILGFVFTL,positive,5,0.03922808,1.0
309,GILGFVFTL,positive,5,0.031814616,1.0
4356,GILGFVFTL,positive,5,0.04751738,1.0
6611,FLYALALLL,swapped_5974,5,0.51853514,0.0
393,GLCTLVAML,10x,5,0.15702553,0.0
2898,SLFNTVATL,positive,5,0.8239091,1.0
1627,GILGFVFTL,positive,5,0.026255228,1.0
3430,GLCTLVAML,10x,5,0.8292745,0.0
4499,GILGFVFTL,positive,5,0.018627668,1.0
5004,GILGFVFTL,10x,5,0.083079904,0.0
1713,GILGFVFTL,positive,5,0.3133146,1.0
1939,GILGFVFTL,10x,5,0.07370171,0.0
5662,FLYALALLL,swapped_4431,5,0.060727555,0.0
5231,GLCTLVAML,10x,5,0.8562624,0.0
2110,LLFGYPVYV,10x,5,0.42174208,0.0
6534,GILGFVFTL,10x,5,0.6164699,0.0
4662,GILGFVFTL,10x,5,0.095243566,0.0
641,GILGFVFTL,10x,5,0.34575677,0.0
956,RTLNAWVKV,10x,5,0.69736224,0.0
6523,GILGFVFTL,10x,5,0.28343558,0.0
986,GILGFVFTL,10x,5,0.77989894,0.0
4267,GILGFVFTL,positive,5,0.020568604,1.0
3383,GILGFVFTL,10x,5,0.14537369,0.0
1085,NLVPMVATV,10x,5,0.4369095,0.0
3096,GILGFVFTL,10x,5,0.3953331,0.0
936,GILGFVFTL,10x,5,0.53873235,0.0
1704,GLCTLVAML,positive,5,0.8140165,1.0
2090,GILGFVFTL,10x,5,0.4266112,0.0
6167,RTLNAWVKV,10x,5,0.7707529,0.0
3920,NLVPMVATV,swapped_3056,5,0.05621185,0.0
2070,GILGFVFTL,10x,5,0.56647617,0.0
2600,NLVPMVATV,swapped_1629,5,0.17475748,0.0
435,YLLEMLWRL,10x,5,0.7353505,0.0
1930,NLVPMVATV,10x,5,0.54332954,0.0
191,GILGFVFTL,positive,5,0.113169774,1.0
4509,GILGFVFTL,positive,5,0.13298514,1.0
293,GILGFVFTL,positive,5,0.03002327,1.0
6147,GILGFVFTL,10x,5,0.5018339,0.0
3345,GLCTLVAML,10x,5,0.63347846,0.0
4849,GILGFVFTL,10x,5,0.11308003,0.0
2107,GILGFVFTL,10x,5,0.09512747,0.0
3725,GILGFVFTL,10x,5,0.6942973,0.0
966,IMDQVPFSV,10x,5,0.19094026,0.0
6808,NLVPMVATV,swapped_5945,5,0.17109166,0.0
2309,GILGFVFTL,10x,5,0.4351802,0.0
3954,GLCTLVAML,swapped_2851,5,0.15548909,0.0
676,GILGFVFTL,10x,5,0.5147471,0.0
2999,GILGFVFTL,positive,5,0.039024826,1.0
421,LLFGYPVYV,10x,5,0.6353536,0.0
5432,RTLNAWVKV,swapped_4515,5,0.048346534,0.0
6327,NLVPMVATV,10x,5,0.2146955,0.0
3918,GLCTLVAML,swapped_2790,5,0.4551072,0.0
491,NLVPMVATV,10x,5,0.27363855,0.0
4705,GILGFVFTL,10x,5,0.5543399,0.0
6709,GILGFVFTL,swapped_5755,5,0.65342563,0.0
5109,NLVPMVATV,10x,5,0.27367756,0.0
5677,GLCTLVAML,swapped_4354,5,0.020475889,0.0
3368,LLFGYPVYV,10x,5,0.54214483,0.0
3493,GLCTLVAML,10x,5,0.05706362,0.0
5294,GILGFVFTL,10x,5,0.45588002,0.0
2992,GILGFVFTL,positive,5,0.05396192,1.0
1809,GLCTLVAML,positive,5,0.2974732,1.0
886,GILGFVFTL,10x,5,0.7959555,0.0
3192,GILGFVFTL,10x,5,0.81083554,0.0
2467,GLCTLVAML,swapped_1742,5,0.03283579,0.0
6455,GILGFVFTL,10x,5,0.87265253,0.0
2511,GLCTLVAML,swapped_1672,5,0.2631429,0.0
4445,GILGFVFTL,positive,5,0.23798841,1.0
5707,GILGFVFTL,positive,5,0.017418655,1.0
133,GILGFVFTL,positive,5,0.26905566,1.0
1148,NLVPMVATV,swapped_293,5,0.03197277,0.0
5308,NLVPMVATV,10x,5,0.55999744,0.0
5722,GILGFVFTL,positive,5,0.042884056,1.0
5211,GILGFVFTL,10x,5,0.13442719,0.0
5441,FLYALALLL,swapped_4424,5,0.12603046,0.0
2635,RTLNAWVKV,swapped_1800,5,0.54961765,0.0
5871,GILGFVFTL,positive,5,0.07017303,1.0
397,RMFPNAPYL,10x,5,0.66215765,0.0
1790,NLVPMVATV,positive,5,0.4726914,1.0
4810,GILGFVFTL,10x,5,0.48551053,0.0
2446,GILGFVFTL,swapped_1552,5,0.8625809,0.0
6696,GLCTLVAML,swapped_5707,5,0.017847551,0.0
3575,GLCTLVAML,10x,5,0.14786574,0.0
4670,GILGFVFTL,10x,5,0.37566456,0.0
6431,GILGFVFTL,10x,5,0.51266354,0.0
3837,NLVPMVATV,swapped_2974,5,0.30327046,0.0
6741,NLVPMVATV,swapped_5760,5,0.034840986,0.0
1788,GILGFVFTL,positive,5,0.18655609,1.0
2236,YLLEMLWRL,10x,5,0.43469232,0.0
3542,GILGFVFTL,10x,5,0.7920006,0.0
1289,NLVPMVATV,swapped_187,5,0.028765798,0.0
2832,GILGFVFTL,positive,5,0.022907881,1.0
1244,NLVPMVATV,swapped_150,5,0.048068278,0.0
1340,GLCTLVAML,swapped_167,5,0.5223538,0.0
1465,GLCTLVAML,swapped_35,5,0.3325118,0.0
987,NLVPMVATV,10x,5,0.19764766,0.0
6101,GILGFVFTL,10x,5,0.3495265,0.0
6265,GLCTLVAML,10x,5,0.36019355,0.0
6034,GLCTLVAML,10x,5,0.66912395,0.0
2155,GILGFVFTL,10x,5,0.87160265,0.0
2317,GILGFVFTL,10x,5,0.51291883,0.0
4624,GILGFVFTL,10x,5,0.8258912,0.0
3339,GILGFVFTL,10x,5,0.6055061,0.0
2228,GILGFVFTL,10x,5,0.6880032,0.0
400,GILGFVFTL,10x,5,0.5253401,0.0
812,GILGFVFTL,10x,5,0.83152986,0.0
1001,GILGFVFTL,10x,5,0.7366396,0.0
5544,GLCTLVAML,swapped_4336,5,0.04957352,0.0
3892,GLCTLVAML,swapped_2793,5,0.020839246,0.0
1914,GILGFVFTL,10x,5,0.7586071,0.0
2001,NLVPMVATV,10x,5,0.15091768,0.0
5530,GLCTLVAML,swapped_4445,5,0.24410605,0.0
2698,GILGFVFTL,positive,5,0.6203784,1.0
4360,GILGFVFTL,positive,5,0.2269816,1.0
4205,GILGFVFTL,positive,5,0.4099131,1.0
6493,GILGFVFTL,10x,5,0.7929832,0.0
2260,GILGFVFTL,10x,5,0.7242603,0.0
6236,NLVPMVATV,10x,5,0.18453068,0.0
613,GILGFVFTL,10x,5,0.2268687,0.0
2798,GILGFVFTL,positive,5,0.019103654,1.0
911,GILGFVFTL,10x,5,0.6041585,0.0
3770,GILGFVFTL,10x,5,0.47871384,0.0
855,GILGFVFTL,10x,5,0.050168786,0.0
849,GILGFVFTL,10x,5,0.7034354,0.0
6402,GILGFVFTL,10x,5,0.7389857,0.0
2200,KTWGQYWQV,10x,5,0.39945853,0.0
6889,YLLEMLWRL,swapped_5969,5,0.4093005,0.0
6612,GLCTLVAML,swapped_5875,5,0.08020843,0.0
6898,GLCTLVAML,swapped_5731,5,0.24128503,0.0
1171,GLCTLVAML,swapped_348,5,0.06659076,0.0
283,GILGFVFTL,positive,5,0.059823547,1.0
1689,NLVPMVATV,positive,5,0.15124574,1.0
4004,IMDQVPFSV,swapped_3031,5,0.021587236,0.0
4015,NLVPMVATV,swapped_2898,5,0.8234016,0.0
4502,GILGFVFTL,positive,5,0.038178604,1.0
3028,GILGFVFTL,positive,5,0.07807868,1.0
6721,GLCTLVAML,swapped_5809,5,0.6366543,0.0
2459,GLCTLVAML,swapped_1790,5,0.473398,0.0
949,GILGFVFTL,10x,5,0.31643373,0.0
2613,LLFGYPVYV,swapped_1679,5,0.3261881,0.0
2591,LLFGYPVYV,swapped_1564,5,0.80850405,0.0
3567,NLVPMVATV,10x,5,0.402816,0.0
825,GILGFVFTL,10x,5,0.07351633,0.0
3222,GILGFVFTL,10x,5,0.47633737,0.0
661,SLFNTVATL,10x,5,0.16107142,0.0
1389,GILGFVFTL,swapped_18,5,0.90399957,0.0
1291,KTWGQYWQV,swapped_49,5,0.6740506,0.0
6429,SLFNTVATL,10x,5,0.41744062,0.0
3824,GLCTLVAML,swapped_2999,5,0.04000077,0.0
354,GILGFVFTL,positive,5,0.03008418,1.0
2962,GILGFVFTL,positive,5,0.034162123,1.0
3653,GILGFVFTL,10x,5,0.49340504,0.0
1253,FLYALALLL,swapped_247,5,0.11117786,0.0
2801,GILGFVFTL,positive,5,0.07485374,1.0
1837,RMFPNAPYL,10x,5,0.6061302,0.0
3763,GILGFVFTL,10x,5,0.7040808,0.0
934,GILGFVFTL,10x,5,0.046253476,0.0
2859,GILGFVFTL,positive,5,0.19676906,1.0
2407,RTLNAWVKV,swapped_1677,5,0.09403813,0.0
1723,NLVPMVATV,positive,5,0.09929246,1.0
169,NLVPMVATV,positive,5,0.23500514,1.0
4199,NLVPMVATV,positive,5,0.8886973,1.0
137,NLVPMVATV,positive,5,0.66520536,1.0
2239,GILGFVFTL,10x,5,0.5043365,0.0
869,GILGFVFTL,10x,5,0.56380457,0.0
469,RMFPNAPYL,10x,5,0.03281968,0.0
2432,GILGFVFTL,swapped_1714,5,0.13916409,0.0
331,GILGFVFTL,positive,5,0.07166378,1.0
1522,LLFGYPVYV,swapped_186,5,0.58261156,0.0
3705,FLYALALLL,10x,5,0.19830523,0.0
3104,RTLNAWVKV,10x,5,0.08347072,0.0
3922,NLVPMVATV,swapped_2938,5,0.10645582,0.0
336,GILGFVFTL,positive,5,0.02867642,1.0
5641,LLFGYPVYV,swapped_4238,5,0.33361283,0.0
2199,GLCTLVAML,10x,5,0.18543676,0.0
3674,GILGFVFTL,10x,5,0.12133674,0.0
734,SLLMWITQV,10x,5,0.026853425,0.0
2977,GILGFVFTL,positive,5,0.014629831,1.0
6309,GLCTLVAML,10x,5,0.66408503,0.0
6305,GILGFVFTL,10x,5,0.47957867,0.0
4753,GILGFVFTL,10x,5,0.6658821,0.0
2792,GILGFVFTL,positive,5,0.027658848,1.0
5946,GILGFVFTL,positive,5,0.047899313,1.0
96,GILGFVFTL,positive,5,0.22399366,1.0
18,GLCTLVAML,positive,5,0.9067095,1.0
3261,GILGFVFTL,10x,5,0.22151288,0.0
5249,RTLNAWVKV,10x,5,0.7060405,0.0
1521,FLYALALLL,swapped_103,5,0.027167153,0.0
5385,GILGFVFTL,swapped_4199,5,0.88809574,0.0
3576,GILGFVFTL,10x,5,0.50628966,0.0
5195,GILGFVFTL,10x,5,0.5117726,0.0
3068,GILGFVFTL,10x,5,0.2409081,0.0
1623,GILGFVFTL,positive,5,0.02000699,1.0
4427,NLVPMVATV,positive,5,0.72872734,1.0
1919,GILGFVFTL,10x,5,0.6285188,0.0
4180,GILGFVFTL,positive,5,0.02845919,1.0
6865,GILGFVFTL,swapped_5776,5,0.8540437,0.0
2348,GILGFVFTL,10x,5,0.614895,0.0
5086,GILGFVFTL,10x,5,0.2787013,0.0
3765,GILGFVFTL,10x,5,0.486671,0.0
4687,RTLNAWVKV,10x,5,0.49862358,0.0
1981,GLCTLVAML,10x,5,0.28689635,0.0
2551,GILGFVFTL,swapped_1777,5,0.023996074,0.0
3603,GILGFVFTL,10x,5,0.782386,0.0
3965,GILGFVFTL,swapped_2958,5,0.48523778,0.0
1776,GILGFVFTL,positive,5,0.61411506,1.0
4535,GLCTLVAML,positive,5,0.90416753,1.0
6083,GILGFVFTL,10x,5,0.35605243,0.0
5369,GLCTLVAML,swapped_4185,5,0.06966258,0.0
4795,NLVPMVATV,10x,5,0.518978,0.0
2269,GILGFVFTL,10x,5,0.70469207,0.0
451,GILGFVFTL,10x,5,0.035774287,0.0
4295,GILGFVFTL,positive,5,0.01387266,1.0
5067,GILGFVFTL,10x,5,0.3909554,0.0
6131,SLLMWITQV,10x,5,0.52940756,0.0
4214,GILGFVFTL,positive,5,0.029921414,1.0
5636,GLCTLVAML,swapped_4315,5,0.2275421,0.0
4521,GILGFVFTL,positive,5,0.101501785,1.0
5062,GILGFVFTL,10x,5,0.10239798,0.0
1778,GILGFVFTL,positive,5,0.024650585,1.0
160,GILGFVFTL,positive,5,0.04302469,1.0
257,GILGFVFTL,positive,5,0.22281484,1.0
100,GILGFVFTL,positive,5,0.06656676,1.0
1157,GILGFVFTL,swapped_210,5,0.7602592,0.0
6687,GILGFVFTL,swapped_5930,5,0.875863,0.0
5668,GLCTLVAML,swapped_4381,5,0.09624597,0.0
4273,GILGFVFTL,positive,5,0.039824005,1.0
3581,NLVPMVATV,10x,5,0.1880382,0.0
6018,RMFPNAPYL,10x,5,0.101023726,0.0
3047,GILGFVFTL,positive,5,0.54663,1.0
2974,GILGFVFTL,positive,5,0.29267773,1.0
4703,NLVPMVATV,10x,5,0.37959406,0.0
2662,YLLEMLWRL,swapped_1554,5,0.07618109,0.0
178,GILGFVFTL,positive,5,0.067131825,1.0
6335,GILGFVFTL,10x,5,0.7435724,0.0
3783,GILGFVFTL,10x,5,0.22526701,0.0
5776,GLCTLVAML,positive,5,0.85860527,1.0
4783,GILGFVFTL,10x,5,0.24325721,0.0
4281,GILGFVFTL,positive,5,0.063039325,1.0
1876,GILGFVFTL,10x,5,0.6787795,0.0
5656,FLYALALLL,swapped_4360,5,0.2348278,0.0
22,FLYALALLL,positive,5,0.6295686,1.0
3910,GLCTLVAML,swapped_2698,5,0.6279564,0.0
1592,GLCTLVAML,positive,5,0.92873937,1.0
5286,GILGFVFTL,10x,5,0.56852263,0.0
6796,GILGFVFTL,swapped_5989,5,0.18336734,0.0
5411,GILGFVFTL,swapped_4174,5,0.6731,0.0
5598,SLLMWITQV,swapped_4214,5,0.032322984,0.0
4505,GLCTLVAML,positive,5,0.72680265,1.0
6036,FLYALALLL,10x,5,0.36820504,0.0
2804,FLYALALLL,positive,5,0.13714144,1.0
3130,NLVPMVATV,10x,5,0.84910196,0.0
2989,GILGFVFTL,positive,5,0.021746218,1.0
3022,GILGFVFTL,positive,5,0.732988,1.0
422,GILGFVFTL,10x,5,0.2732328,0.0
4464,NLVPMVATV,positive,5,0.7630996,1.0
3351,NLVPMVATV,10x,5,0.6512683,0.0
6320,GILGFVFTL,10x,5,0.65337163,0.0
3911,GLCTLVAML,swapped_2979,5,0.017073333,0.0
1205,GLCTLVAML,swapped_369,5,0.07162404,0.0
3848,GLCTLVAML,swapped_2973,5,0.02434098,0.0
5860,GILGFVFTL,positive,5,0.30589688,1.0
2161,GILGFVFTL,10x,5,0.41861403,0.0
318,GILGFVFTL,positive,5,0.021418015,1.0
5403,GLCTLVAML,swapped_4277,5,0.066701695,0.0
565,GILGFVFTL,10x,5,0.08898514,0.0
1946,GLCTLVAML,10x,5,0.69576436,0.0
4760,GILGFVFTL,10x,5,0.19147292,0.0
3112,NLVPMVATV,10x,5,0.14910963,0.0
3440,GILGFVFTL,10x,5,0.38929412,0.0
348,GILGFVFTL,positive,5,0.064907074,1.0
3999,GILGFVFTL,swapped_2869,5,0.8746413,0.0
3292,SLFNTVATL,10x,5,0.5235123,0.0
3791,GILGFVFTL,10x,5,0.6578812,0.0
4661,GILGFVFTL,10x,5,0.53085065,0.0
5588,GILGFVFTL,swapped_4427,5,0.7242974,0.0
483,GILGFVFTL,10x,5,0.17458458,0.0
3394,GLCTLVAML,10x,5,0.6257266,0.0
5902,GILGFVFTL,positive,5,0.080621906,1.0
3946,NLVPMVATV,swapped_2798,5,0.020381192,0.0
2185,NLVPMVATV,10x,5,0.56044805,0.0
320,GILGFVFTL,positive,5,0.040845867,1.0
217,GILGFVFTL,positive,5,0.34099355,1.0
980,NLVPMVATV,10x,5,0.81973594,0.0
3056,GILGFVFTL,positive,5,0.052865118,1.0
5529,RTLNAWVKV,swapped_4321,5,0.07828832,0.0
2958,GLCTLVAML,positive,5,0.49326804,1.0
3641,GILGFVFTL,10x,5,0.0810689,0.0
4771,GILGFVFTL,10x,5,0.25395876,0.0
4908,GLCTLVAML,10x,5,0.84933,0.0
6281,NLVPMVATV,10x,5,0.3510152,0.0
1875,GILGFVFTL,10x,5,0.24015771,0.0
1727,GILGFVFTL,positive,5,0.07805013,1.0
1117,GILGFVFTL,10x,5,0.4936382,0.0
6177,GILGFVFTL,10x,5,0.26472703,0.0
3813,GILGFVFTL,swapped_2730,5,0.9025085,0.0
3870,LLFGYPVYV,swapped_2916,5,0.024680134,0.0
664,GILGFVFTL,10x,5,0.08678149,0.0
588,NLVPMVATV,10x,5,0.6690961,0.0
1679,GILGFVFTL,positive,5,0.32735714,1.0
4853,GILGFVFTL,10x,5,0.12922654,0.0
1862,GILGFVFTL,10x,5,0.7212466,0.0
6764,FLYALALLL,swapped_5860,5,0.31535807,0.0
4119,GLCTLVAML,swapped_2781,5,0.024943164,0.0
6166,GILGFVFTL,10x,5,0.067307875,0.0
2549,GILGFVFTL,swapped_1770,5,0.28353065,0.0
5937,GILGFVFTL,positive,5,0.061812855,1.0
1720,GILGFVFTL,positive,5,0.016203692,1.0
4040,GLCTLVAML,swapped_2794,5,0.033292904,0.0
3271,GILGFVFTL,10x,5,0.6417425,0.0
4780,GILGFVFTL,10x,5,0.1612289,0.0
5040,GLCTLVAML,10x,5,0.36757776,0.0
480,GILGFVFTL,10x,5,0.6975379,0.0
1911,GILGFVFTL,10x,5,0.05721357,0.0
6481,LLFGYPVYV,10x,5,0.81976324,0.0
2793,GILGFVFTL,positive,5,0.020339943,1.0
4666,GILGFVFTL,10x,5,0.6713859,0.0
2761,GILGFVFTL,positive,5,0.15124689,1.0
1210,GILGFVFTL,swapped_339,5,0.9256714,0.0
1349,RTLNAWVKV,swapped_121,5,0.25931865,0.0
1834,GILGFVFTL,10x,5,0.06805572,0.0
2892,GILGFVFTL,positive,5,0.44208613,1.0
5465,NLVPMVATV,swapped_4328,5,0.37891957,0.0
4898,GILGFVFTL,10x,5,0.7441063,0.0
1992,GILGFVFTL,10x,5,0.20156081,0.0
1198,LLFGYPVYV,swapped_191,5,0.11292756,0.0
1020,GILGFVFTL,10x,5,0.615858,0.0
5026,GILGFVFTL,10x,5,0.22706059,0.0
5792,NLVPMVATV,positive,5,0.44646037,1.0
5128,CLGGLLTMV,10x,5,0.6937315,0.0
4019,NLVPMVATV,swapped_2830,5,0.052248515,0.0
317,GILGFVFTL,positive,5,0.03379402,1.0
4219,GILGFVFTL,positive,5,0.09905807,1.0
6127,GILGFVFTL,10x,5,0.69595915,0.0
6437,GILGFVFTL,10x,5,0.40827423,0.0
1225,LLFGYPVYV,swapped_41,5,0.06481157,0.0
308,GILGFVFTL,positive,5,0.07173074,1.0
4121,NLVPMVATV,swapped_2763,5,0.017055795,0.0
1552,GLCTLVAML,positive,5,0.8669172,1.0
5347,GILGFVFTL,swapped_4236,5,0.57557976,0.0
6052,NLVPMVATV,10x,5,0.7986916,0.0
6854,GLCTLVAML,swapped_5935,5,0.16278374,0.0
3312,GILGFVFTL,10x,5,0.17184125,0.0
6708,GLCTLVAML,swapped_5825,5,0.029369567,0.0
1137,GLCTLVAML,10x,5,0.021260357,0.0
1075,GILGFVFTL,10x,5,0.39158875,0.0
3098,GILGFVFTL,10x,5,0.32421836,0.0
3067,GILGFVFTL,10x,5,0.6776353,0.0
362,GILGFVFTL,positive,5,0.06407301,1.0
4731,GLCTLVAML,10x,5,0.5770334,0.0
6510,GLCTLVAML,10x,5,0.28835848,0.0
2297,GILGFVFTL,10x,5,0.0423296,0.0
2494,GILGFVFTL,swapped_1592,5,0.92651546,0.0
854,GLCTLVAML,10x,5,0.8085575,0.0
132,FLYALALLL,positive,5,0.018462326,1.0
1547,GLCTLVAML,positive,5,0.89660764,1.0
5159,GILGFVFTL,10x,5,0.8494091,0.0
3665,GILGFVFTL,10x,5,0.4331934,0.0
4365,GILGFVFTL,positive,5,0.42348382,1.0
4599,GLCTLVAML,10x,5,0.65257597,0.0
1902,GILGFVFTL,10x,5,0.7133349,0.0
4463,GILGFVFTL,positive,5,0.030920427,1.0
3717,GILGFVFTL,10x,5,0.53252876,0.0
3760,NLVPMVATV,10x,5,0.7599405,0.0
3303,GILGFVFTL,10x,5,0.13252997,0.0
6100,GILGFVFTL,10x,5,0.29766417,0.0
4841,GILGFVFTL,10x,5,0.13824634,0.0
4646,GILGFVFTL,10x,5,0.0891714,0.0
5102,GILGFVFTL,10x,5,0.37008038,0.0
1458,NLVPMVATV,swapped_178,5,0.07088426,0.0
1118,GILGFVFTL,10x,5,0.7053477,0.0
4606,GILGFVFTL,10x,5,0.7491491,0.0
4243,GILGFVFTL,positive,5,0.041359734,1.0
684,GLCTLVAML,10x,5,0.59886694,0.0
1127,GILGFVFTL,10x,5,0.62396693,0.0
4641,GILGFVFTL,10x,5,0.09141751,0.0
187,GILGFVFTL,positive,5,0.02700638,1.0
4921,GILGFVFTL,10x,5,0.29651457,0.0
5740,GLCTLVAML,positive,5,0.28195563,1.0
6151,GILGFVFTL,10x,5,0.06595762,0.0
1354,GILGFVFTL,swapped_166,5,0.26830864,0.0
918,GILGFVFTL,10x,5,0.81868243,0.0
3405,GILGFVFTL,10x,5,0.78565854,0.0
4905,GILGFVFTL,10x,5,0.48760924,0.0
2781,GILGFVFTL,positive,5,0.02434798,1.0
6594,GLCTLVAML,10x,5,0.4757886,0.0
2501,GLCTLVAML,swapped_1671,5,0.20028044,0.0
4716,GLCTLVAML,10x,5,0.41007936,0.0
6436,GILGFVFTL,10x,5,0.59200007,0.0
5696,NLVPMVATV,swapped_4228,5,0.7017296,0.0
3594,GILGFVFTL,10x,5,0.6859367,0.0
4634,GILGFVFTL,10x,5,0.7115927,0.0
4315,GILGFVFTL,positive,5,0.2212957,1.0
2162,GILGFVFTL,10x,5,0.08869511,0.0
3524,GILGFVFTL,10x,5,0.20481849,0.0
4178,GILGFVFTL,positive,5,0.41884407,1.0
2790,GILGFVFTL,positive,5,0.44871128,1.0
6336,GLCTLVAML,10x,5,0.62302715,0.0
6120,GLCTLVAML,10x,5,0.52893656,0.0
242,GILGFVFTL,positive,5,0.02234131,1.0
4561,GILGFVFTL,10x,5,0.09848975,0.0
6903,RTLNAWVKV,swapped_5717,5,0.06667246,0.0
4034,NLVPMVATV,swapped_2817,5,0.031375982,0.0
3420,GLCTLVAML,10x,5,0.16547266,0.0
2900,GILGFVFTL,positive,5,0.57170093,1.0
4236,GLCTLVAML,positive,5,0.58421797,1.0
861,GILGFVFTL,10x,5,0.10953696,0.0
4228,GILGFVFTL,positive,5,0.6973074,1.0
5525,GLCTLVAML,swapped_4316,5,0.66945916,0.0
6001,GLCTLVAML,positive,5,0.794252,1.0
5029,NLVPMVATV,10x,5,0.0890578,0.0
4976,GILGFVFTL,10x,5,0.4587697,0.0
2699,GLCTLVAML,positive,5,0.9180629,1.0
5186,LLFGYPVYV,10x,5,0.60317624,0.0
5243,MLDLQPETT,10x,5,0.35548985,0.0
1677,GILGFVFTL,positive,5,0.08819937,1.0
3606,GILGFVFTL,10x,5,0.17930496,0.0
3219,GILGFVFTL,10x,5,0.19158913,0.0
4083,GLCTLVAML,swapped_2859,5,0.20210817,0.0
1399,GLCTLVAML,swapped_151,5,0.04998123,0.0
5042,GILGFVFTL,10x,5,0.114856906,0.0
5013,GILGFVFTL,10x,5,0.7270703,0.0
4257,GILGFVFTL,positive,5,0.4630185,1.0
1242,RTLNAWVKV,swapped_89,5,0.29928833,0.0
349,GILGFVFTL,positive,5,0.6082299,1.0
4139,GILGFVFTL,swapped_3041,5,0.75016934,0.0
3779,GILGFVFTL,10x,5,0.030099154,0.0
4031,FLYALALLL,swapped_2943,5,0.020246072,0.0
6280,GILGFVFTL,10x,5,0.119002104,0.0
4580,GILGFVFTL,10x,5,0.65235955,0.0
6363,GILGFVFTL,10x,5,0.6915945,0.0
6013,NLVPMVATV,10x,5,0.5288517,0.0
3930,GLCTLVAML,swapped_2807,5,0.7626456,0.0
263,GILGFVFTL,positive,5,0.32855192,1.0
6160,GILGFVFTL,10x,5,0.07502388,0.0
1625,GILGFVFTL,positive,5,0.44047126,1.0
2923,GILGFVFTL,positive,5,0.2628829,1.0
2430,GILGFVFTL,swapped_1547,5,0.89343524,0.0
3118,GLCTLVAML,10x,5,0.17404139,0.0
323,GILGFVFTL,positive,5,0.18664904,1.0
4274,KTWGQYWQV,positive,5,0.47496232,1.0
5825,GILGFVFTL,positive,5,0.02867189,1.0
6247,GILGFVFTL,10x,5,0.26659793,0.0
289,GILGFVFTL,positive,5,0.03920501,1.0
5456,NLVPMVATV,swapped_4180,5,0.030247789,0.0
5430,NLVPMVATV,swapped_4356,5,0.050394963,0.0
3560,GILGFVFTL,10x,5,0.4344215,0.0
21,GILGFVFTL,positive,5,0.028977664,1.0
667,LLFGYPVYV,10x,5,0.3398813,0.0
5345,SLLMWITQV,swapped_4178,5,0.4323243,0.0
210,GLCTLVAML,positive,5,0.7658912,1.0
3533,GILGFVFTL,10x,5,0.20557709,0.0
3346,GLCTLVAML,10x,5,0.43497652,0.0
542,GILGFVFTL,10x,5,0.4603173,0.0
6368,NLVPMVATV,10x,5,0.6486124,0.0
1514,LLFGYPVYV,swapped_229,5,0.019810097,0.0
3973,LLFGYPVYV,swapped_2792,5,0.027908204,0.0
6360,GILGFVFTL,10x,5,0.5081737,0.0
2763,GILGFVFTL,positive,5,0.015984317,1.0
167,GILGFVFTL,positive,5,0.51436955,1.0
3390,GILGFVFTL,10x,5,0.6998544,0.0
4312,GILGFVFTL,positive,5,0.055014186,1.0
915,GILGFVFTL,10x,5,0.46024036,0.0
418,GLCTLVAML,10x,5,0.14906773,0.0
6531,GILGFVFTL,10x,5,0.60629743,0.0
3685,GILGFVFTL,10x,5,0.15042804,0.0
3115,NLVPMVATV,10x,5,0.04703665,0.0
4451,IMDQVPFSV,positive,5,0.44622248,1.0
1453,GLCTLVAML,swapped_100,5,0.06838432,0.0
2912,FLYALALLL,positive,5,0.6647001,1.0
5367,NLVPMVATV,swapped_4390,5,0.12878822,0.0
5466,GLCTLVAML,swapped_4435,5,0.70096344,0.0
5295,GILGFVFTL,10x,5,0.6786469,0.0
1966,GILGFVFTL,10x,5,0.119671635,0.0
1964,GILGFVFTL,10x,5,0.021732153,0.0
6243,GILGFVFTL,10x,5,0.63726145,0.0
5878,LLFGYPVYV,positive,5,0.18257885,1.0
3798,GILGFVFTL,10x,5,0.048770413,0.0
5105,GILGFVFTL,10x,5,0.26140925,0.0
4613,GILGFVFTL,10x,5,0.86109036,0.0
6156,GILGFVFTL,10x,5,0.142149,0.0
6670,NLVPMVATV,swapped_5946,5,0.050788857,0.0
6844,SLFNTVATL,swapped_5870,5,0.0272795,0.0
6302,NLVPMVATV,10x,5,0.22756998,0.0
3181,GILGFVFTL,10x,5,0.5573639,0.0
19,GILGFVFTL,positive,5,0.27800173,1.0
5639,NLVPMVATV,swapped_4281,5,0.06660602,0.0
2486,GLCTLVAML,swapped_1702,5,0.024021605,0.0
6237,GLCTLVAML,10x,5,0.51116544,0.0
1671,GILGFVFTL,positive,5,0.19449873,1.0
5862,GILGFVFTL,positive,5,0.5105396,1.0
268,GILGFVFTL,positive,5,0.5151413,1.0
2059,GILGFVFTL,10x,5,0.25106892,0.0
6004,GILGFVFTL,positive,5,0.045779314,1.0
2828,FLYALALLL,positive,5,0.4238641,1.0
2053,GILGFVFTL,10x,5,0.6407726,0.0
312,GILGFVFTL,positive,5,0.04830511,1.0
4719,GILGFVFTL,10x,5,0.20541376,0.0
2444,GILGFVFTL,swapped_1686,5,0.35927397,0.0
1600,GILGFVFTL,positive,5,0.5160597,1.0
5629,GLCTLVAML,swapped_4536,5,0.70462877,0.0
4887,GILGFVFTL,10x,5,0.58940005,0.0
5241,GILGFVFTL,10x,5,0.5091319,0.0
6571,GILGFVFTL,10x,5,0.6336494,0.0
3294,GILGFVFTL,10x,5,0.47080535,0.0
4644,GILGFVFTL,10x,5,0.6197703,0.0
3169,GILGFVFTL,10x,5,0.53779405,0.0
1168,GLCTLVAML,swapped_287,5,0.04262151,0.0
1233,GLCTLVAML,swapped_86,5,0.044401135,0.0
6657,NLVPMVATV,swapped_5981,5,0.21509284,0.0
645,YLLEMLWRL,10x,5,0.5451083,0.0
539,GILGFVFTL,10x,5,0.41849872,0.0
2066,GILGFVFTL,10x,5,0.057907786,0.0
171,MLDLQPETT,positive,5,0.48547724,1.0
4627,GILGFVFTL,10x,5,0.13879287,0.0
2088,GILGFVFTL,10x,5,0.43099535,0.0
4424,GILGFVFTL,positive,5,0.12164644,1.0
3255,GILGFVFTL,10x,5,0.21021251,0.0
4584,YLLEMLWRL,10x,5,0.44318372,0.0
3826,GLCTLVAML,swapped_2701,5,0.026848255,0.0
92,GILGFVFTL,positive,5,0.23395284,1.0
4818,NLVPMVATV,10x,5,0.6829205,0.0
5667,GLCTLVAML,swapped_4396,5,0.16248567,0.0
339,GLCTLVAML,positive,5,0.92781836,1.0
107,GILGFVFTL,positive,5,0.05334589,1.0
3101,GILGFVFTL,10x,5,0.77108866,0.0
5604,GLCTLVAML,swapped_4397,5,0.41081285,0.0
4737,GILGFVFTL,10x,5,0.37344503,0.0
3332,GILGFVFTL,10x,5,0.29230428,0.0
3286,NLVPMVATV,10x,5,0.5623122,0.0
890,GILGFVFTL,10x,5,0.40056372,0.0
6339,GILGFVFTL,10x,5,0.26229432,0.0
4891,GILGFVFTL,10x,5,0.8097992,0.0
6104,GILGFVFTL,10x,5,0.032501493,0.0
4043,GLCTLVAML,swapped_2892,5,0.45055056,0.0
2032,GILGFVFTL,10x,5,0.08467662,0.0
3992,NLVPMVATV,swapped_2739,5,0.04045952,0.0
3308,GILGFVFTL,10x,5,0.034936022,0.0
2255,GILGFVFTL,10x,5,0.27212164,0.0
121,GILGFVFTL,positive,5,0.24986024,1.0
2689,GLCTLVAML,swapped_1749,5,0.19421412,0.0
5508,NLVPMVATV,swapped_4375,5,0.080313325,0.0
6788,LLFGYPVYV,swapped_6004,5,0.04607838,0.0
1371,LLFGYPVYV,swapped_38,5,0.7799011,0.0
41,GILGFVFTL,positive,5,0.06424327,1.0
5192,GILGFVFTL,10x,5,0.47651526,0.0
741,GILGFVFTL,10x,5,0.032661878,0.0
4367,GLCTLVAML,positive,5,0.28369704,1.0
2831,GILGFVFTL,positive,5,0.027572239,1.0
3741,GLCTLVAML,10x,5,0.38467714,0.0
2731,GILGFVFTL,positive,5,0.023360493,1.0
2329,NLVPMVATV,10x,5,0.8159047,0.0
6576,FLYALALLL,10x,5,0.44896626,0.0
3985,KTWGQYWQV,swapped_2945,5,0.41607958,0.0
564,GILGFVFTL,10x,5,0.088831834,0.0
4215,GILGFVFTL,positive,5,0.0751832,1.0
330,LLFGYPVYV,positive,5,0.065128885,1.0
5906,GILGFVFTL,positive,5,0.2270791,1.0
3706,GILGFVFTL,10x,5,0.4769546,0.0
1302,LLFGYPVYV,swapped_227,5,0.10682388,0.0
3969,GLCTLVAML,swapped_2846,5,0.025687218,0.0
4749,GILGFVFTL,10x,5,0.49027836,0.0
6169,GILGFVFTL,10x,5,0.43098614,0.0
6076,RMFPNAPYL,10x,5,0.25886974,0.0
1339,GLCTLVAML,swapped_354,5,0.030815158,0.0
4439,GLCTLVAML,positive,5,0.75272614,1.0
499,GILGFVFTL,10x,5,0.1512565,0.0
1381,NLVPMVATV,swapped_289,5,0.041700553,0.0
5536,GILGFVFTL,swapped_4367,5,0.27822056,0.0
2159,GILGFVFTL,10x,5,0.4644569,0.0
42,GILGFVFTL,positive,5,0.042832162,1.0
3648,GILGFVFTL,10x,5,0.3056208,0.0
4003,GLCTLVAML,swapped_2884,5,0.19413188,0.0
5080,GILGFVFTL,10x,5,0.7671899,0.0
669,GILGFVFTL,10x,5,0.61352706,0.0
6725,NLVPMVATV,swapped_5728,5,0.31118917,0.0
3409,GILGFVFTL,10x,5,0.5365705,0.0
5945,GILGFVFTL,positive,5,0.16315114,1.0
2901,GILGFVFTL,positive,5,0.42973617,1.0
1348,NLVPMVATV,swapped_141,5,0.0381397,0.0
5868,GILGFVFTL,positive,5,0.6911592,1.0
1250,GLCTLVAML,swapped_312,5,0.049647935,0.0
1884,GILGFVFTL,10x,5,0.27474993,0.0
4911,LLFGYPVYV,10x,5,0.19883747,0.0
2274,GILGFVFTL,10x,5,0.6417475,0.0
1852,GILGFVFTL,10x,5,0.097845934,0.0
2895,GILGFVFTL,positive,5,0.032718103,1.0
5990,GILGFVFTL,positive,5,0.029528944,1.0
6170,GILGFVFTL,10x,5,0.45335147,0.0
4316,GILGFVFTL,positive,5,0.661247,1.0
1208,GLCTLVAML,swapped_217,5,0.34747478,0.0
3231,RTLNAWVKV,10x,5,0.7602528,0.0
887,GLCTLVAML,10x,5,0.11059234,0.0
1429,MLDLQPETT,swapped_45,5,0.034402367,0.0
3135,GILGFVFTL,10x,5,0.44089603,0.0
5717,GILGFVFTL,positive,5,0.06204721,1.0
876,GLCTLVAML,10x,5,0.7458123,0.0
1099,GILGFVFTL,10x,5,0.15566611,0.0
1554,GILGFVFTL,positive,5,0.072281264,1.0
4163,NLVPMVATV,swapped_2801,5,0.07895768,0.0
3436,GILGFVFTL,10x,5,0.763355,0.0
38,GILGFVFTL,positive,5,0.78287244,1.0
247,GILGFVFTL,positive,5,0.10726882,1.0
471,GILGFVFTL,10x,5,0.067430824,0.0
4252,GILGFVFTL,positive,5,0.12811333,1.0
3008,GLCTLVAML,positive,5,0.8641145,1.0
5115,GILGFVFTL,10x,5,0.10941786,0.0
4396,NLVPMVATV,positive,5,0.16526859,1.0
3122,GILGFVFTL,10x,5,0.36465263,0.0
5882,SLLMWITQV,positive,5,0.13985138,1.0
1624,GILGFVFTL,positive,5,0.85446554,1.0
1807,FLYALALLL,positive,5,0.18707938,1.0
4185,GILGFVFTL,positive,5,0.06787394,1.0
2811,GILGFVFTL,positive,5,0.02799296,1.0
256,GILGFVFTL,positive,5,0.03409972,1.0
5597,GILGFVFTL,swapped_4464,5,0.7604689,0.0
4067,NLVPMVATV,swapped_2808,5,0.06646905,0.0
689,GLCTLVAML,10x,5,0.18075478,0.0
4029,FLYALALLL,swapped_3022,5,0.73796195,0.0
4290,LLFGYPVYV,positive,5,0.4489168,1.0
4587,GILGFVFTL,10x,5,0.8613739,0.0
2948,NLVPMVATV,positive,5,0.051062584,1.0
6274,GILGFVFTL,10x,5,0.8618352,0.0
1872,GILGFVFTL,10x,5,0.49416092,0.0
1922,GILGFVFTL,10x,5,0.6303157,0.0
2328,GILGFVFTL,10x,5,0.045611717,0.0
830,GILGFVFTL,10x,5,0.43547884,0.0
5439,RMFPNAPYL,swapped_4365,5,0.42443475,0.0
2509,GILGFVFTL,swapped_1736,5,0.83295864,0.0
5790,FLYALALLL,positive,5,0.5359383,1.0
4141,NLVPMVATV,swapped_2962,5,0.036370296,0.0
4240,GILGFVFTL,positive,5,0.37645605,1.0
4944,GILGFVFTL,10x,5,0.1357472,0.0
86,GILGFVFTL,positive,5,0.043314613,1.0
6812,GLCTLVAML,swapped_5748,5,0.6641259,0.0
3106,NLVPMVATV,10x,5,0.11417485,0.0
2525,RMFPNAPYL,swapped_1595,5,0.6215217,0.0
6635,GILGFVFTL,swapped_5740,5,0.27537948,0.0
1006,GILGFVFTL,10x,5,0.59939486,0.0
1420,GILGFVFTL,swapped_171,5,0.4843532,0.0
151,GILGFVFTL,positive,5,0.048676487,1.0
2789,GILGFVFTL,positive,5,0.23501818,1.0
1766,GILGFVFTL,positive,5,0.07568123,1.0
49,GLCTLVAML,positive,5,0.69014597,1.0
1749,GILGFVFTL,positive,5,0.1888115,1.0
3250,GLCTLVAML,10x,5,0.7484457,0.0
2916,GILGFVFTL,positive,5,0.024458893,1.0
2460,NLVPMVATV,swapped_1776,5,0.62032574,0.0
443,KTWGQYWQV,10x,5,0.4958554,0.0
4413,GILGFVFTL,positive,5,0.036169853,1.0
235,GILGFVFTL,positive,5,0.05290847,1.0
6257,GILGFVFTL,10x,5,0.4299747,0.0
975,GILGFVFTL,10x,5,0.64512706,0.0
186,FLYALALLL,positive,5,0.5928553,1.0
2973,GILGFVFTL,positive,5,0.023759825,1.0
6079,GILGFVFTL,10x,5,0.5166016,0.0
3240,GILGFVFTL,10x,5,0.14914377,0.0
3075,GILGFVFTL,10x,5,0.63154364,0.0
1991,GILGFVFTL,10x,5,0.27626798,0.0
4238,SLLMWITQV,positive,5,0.352396,1.0
234,FLYALALLL,positive,5,0.5873281,1.0
4721,GILGFVFTL,10x,5,0.3704481,0.0
5658,GLCTLVAML,swapped_4252,5,0.13172205,0.0
5292,GILGFVFTL,10x,5,0.2697833,0.0
1204,GILGFVFTL,swapped_190,5,0.08397677,0.0
4364,GILGFVFTL,positive,5,0.21185748,1.0
3347,GILGFVFTL,10x,5,0.121250205,0.0
763,GILGFVFTL,10x,5,0.6676204,0.0
5606,GILGFVFTL,swapped_4471,5,0.66636735,0.0
5732,GILGFVFTL,positive,5,0.08800495,1.0
3756,GILGFVFTL,10x,5,0.028445268,0.0
5965,GILGFVFTL,positive,5,0.025510842,1.0
5217,GILGFVFTL,10x,5,0.15550524,0.0
3901,MLDLQPETT,swapped_2832,5,0.025249654,0.0
6387,NLVPMVATV,10x,5,0.4390747,0.0
646,GILGFVFTL,10x,5,0.862957,0.0
6178,NLVPMVATV,10x,5,0.8121099,0.0
594,FLYALALLL,10x,5,0.1382377,0.0
5032,GILGFVFTL,10x,5,0.7472646,0.0
3579,LLFGYPVYV,10x,5,0.48423308,0.0
3376,GILGFVFTL,10x,5,0.18492852,0.0
4174,GLCTLVAML,positive,5,0.679854,1.0
5666,NLVPMVATV,swapped_4311,5,0.6660978,0.0
155,GILGFVFTL,positive,5,0.0439384,1.0
4024,GLCTLVAML,swapped_2955,5,0.66819084,0.0
1690,GLCTLVAML,positive,5,0.17763539,1.0
1999,GILGFVFTL,10x,5,0.319018,0.0
3743,GILGFVFTL,10x,5,0.7999865,0.0
4538,GILGFVFTL,positive,5,0.6423455,1.0
5527,GLCTLVAML,swapped_4186,5,0.7953374,0.0
6700,GLCTLVAML,swapped_5965,5,0.026133692,0.0
4375,GILGFVFTL,positive,5,0.07619985,1.0
2897,GLCTLVAML,positive,5,0.50123274,1.0
485,GILGFVFTL,10x,5,0.49575338,0.0
4830,GLCTLVAML,10x,5,0.102103,0.0
1121,NLVPMVATV,10x,5,0.03457496,0.0
2045,GILGFVFTL,10x,5,0.080739155,0.0
1215,NLVPMVATV,swapped_257,5,0.23209776,0.0
3039,GILGFVFTL,positive,5,0.05403512,1.0
1596,GILGFVFTL,positive,5,0.52805555,1.0
1220,NLVPMVATV,swapped_196,5,0.573947,0.0
6632,NLVPMVATV,swapped_5795,5,0.028579265,0.0
4115,NLVPMVATV,swapped_2827,5,0.66954696,0.0
2979,GILGFVFTL,positive,5,0.016662734,1.0
5543,RTLNAWVKV,swapped_4257,5,0.46682957,0.0
5293,GILGFVFTL,10x,5,0.044639856,0.0
5540,GILGFVFTL,swapped_4512,5,0.20532241,0.0
2592,RTLNAWVKV,swapped_1713,5,0.31868932,0.0
1115,GILGFVFTL,10x,5,0.22498019,0.0
1345,GLCTLVAML,swapped_365,5,0.2751919,0.0
5520,MLDLQPETT,swapped_4243,5,0.045158274,0.0
3622,GILGFVFTL,10x,5,0.024309948,0.0
2273,NLVPMVATV,10x,5,0.5399233,0.0
5306,GILGFVFTL,10x,5,0.28387523,0.0
2257,GILGFVFTL,10x,5,0.4472558,0.0
2469,MLDLQPETT,swapped_1726,5,0.7587399,0.0
4129,GLCTLVAML,swapped_2711,5,0.08267102,0.0
5903,GILGFVFTL,positive,5,0.043473758,1.0
463,GILGFVFTL,10x,5,0.79530686,0.0
6719,GILGFVFTL,swapped_5878,5,0.18315855,0.0
3624,IMDQVPFSV,10x,5,0.854707,0.0
5969,GILGFVFTL,positive,5,0.40431386,1.0
5151,GILGFVFTL,10x,5,0.046355646,0.0
1519,FLYALALLL,swapped_203,5,0.49322858,0.0
272,GILGFVFTL,positive,5,0.5771321,1.0
2739,GILGFVFTL,positive,5,0.038105763,1.0
6660,GILGFVFTL,swapped_5790,5,0.52754694,0.0
6221,FLYALALLL,10x,5,0.8342042,0.0
1279,GLCTLVAML,swapped_34,5,0.035314307,0.0
991,GLCTLVAML,swapped_73,5,0.22176418,0.0
6518,GILGFVFTL,10x,5,0.73797905,0.0
4824,GILGFVFTL,10x,5,0.89637536,0.0
1283,GLCTLVAML,swapped_145,5,0.11803923,0.0
73,KVLEYVIKV,positive,5,0.22564696,1.0
5215,MLDLQPETT,10x,5,0.7072721,0.0
2072,NLVPMVATV,10x,5,0.8232807,0.0
352,GILGFVFTL,positive,5,0.034629676,1.0
3591,NLVPMVATV,10x,5,0.57242364,0.0
3538,GILGFVFTL,10x,5,0.13303381,0.0
3410,GLCTLVAML,10x,5,0.2937921,0.0
6418,GILGFVFTL,10x,5,0.43796846,0.0
556,GILGFVFTL,10x,5,0.09503709,0.0
2451,KTWGQYWQV,swapped_1720,5,0.018114615,0.0
5182,GILGFVFTL,10x,5,0.7795144,0.0
5418,NLVPMVATV,swapped_4521,5,0.10696189,0.0
2393,GILGFVFTL,10x,5,0.06740456,0.0
2282,GLCTLVAML,10x,5,0.81668335,0.0
6291,GILGFVFTL,10x,5,0.32689884,0.0
2830,GILGFVFTL,positive,5,0.0492262,1.0
1820,GILGFVFTL,10x,5,0.2555662,0.0
1014,GILGFVFTL,10x,5,0.19556004,0.0
2296,GLCTLVAML,10x,5,0.77969956,0.0
1078,SLLMWITQV,10x,5,0.65334177,0.0
2577,NLVPMVATV,swapped_1802,5,0.08302616,0.0
1364,GLCTLVAML,swapped_111,5,0.05739295,0.0
1347,LLFGYPVYV,swapped_256,5,0.03441263,0.0
1491,GILGFVFTL,swapped_73,5,0.21527195,0.0
6216,GILGFVFTL,10x,5,0.56788117,0.0
4873,NLVPMVATV,10x,5,0.62467897,0.0
1039,NLVPMVATV,10x,5,0.32738912,0.0
3657,GILGFVFTL,10x,5,0.3450696,0.0
1960,GILGFVFTL,10x,5,0.6902614,0.0
6183,GLCTLVAML,10x,5,0.11020561,0.0
6316,GILGFVFTL,10x,5,0.289818,0.0
3873,MLDLQPETT,swapped_3047,5,0.54747176,0.0
5197,GILGFVFTL,10x,5,0.0776083,0.0
3252,GLCTLVAML,10x,5,0.3470653,0.0
5061,NLVPMVATV,10x,5,0.08581168,0.0
2578,GILGFVFTL,swapped_1675,5,0.62486863,0.0
1714,NLVPMVATV,positive,5,0.1461009,1.0
5028,GILGFVFTL,10x,5,0.043908443,0.0
3055,GILGFVFTL,positive,5,0.03331283,1.0
2026,GILGFVFTL,10x,5,0.42479792,0.0
3044,GILGFVFTL,positive,5,0.022234958,1.0
2524,GILGFVFTL,swapped_1723,5,0.0943915,0.0
2051,NLVPMVATV,10x,5,0.6753959,0.0
5539,GLCTLVAML,swapped_4463,5,0.031671062,0.0
3586,GLCTLVAML,10x,5,0.87732786,0.0
2173,GILGFVFTL,10x,5,0.8467974,0.0
379,GILGFVFTL,positive,5,0.024041442,1.0
1590,GILGFVFTL,positive,5,0.30436987,1.0
3823,GLCTLVAML,swapped_2731,5,0.023932131,0.0
537,GILGFVFTL,10x,5,0.20739394,0.0
690,SLFNTVATL,10x,5,0.21281338,0.0
3671,GILGFVFTL,10x,5,0.074778125,0.0
2160,FLYALALLL,10x,5,0.34809372,0.0
1629,GILGFVFTL,positive,5,0.1669168,1.0
4186,GILGFVFTL,positive,5,0.78929925,1.0
3361,GLCTLVAML,10x,5,0.52332413,0.0
4170,NLVPMVATV,swapped_2900,5,0.57795453,0.0
406,GILGFVFTL,10x,5,0.6851555,0.0
3210,GILGFVFTL,10x,5,0.23065884,0.0
1056,GLCTLVAML,10x,5,0.19137317,0.0
6338,GILGFVFTL,10x,5,0.19291875,0.0
1324,MLDLQPETT,swapped_379,5,0.026317386,0.0
3884,NLVPMVATV,swapped_2992,5,0.05727659,0.0
3280,NLVPMVATV,10x,5,0.42471856,0.0
5809,GILGFVFTL,positive,5,0.6292628,1.0
1403,GLCTLVAML,swapped_235,5,0.054442722,0.0
2807,GILGFVFTL,positive,5,0.7561836,1.0
1970,GILGFVFTL,10x,5,0.0642029,0.0
4546,GILGFVFTL,positive,5,0.03633727,1.0
4321,GILGFVFTL,positive,5,0.07333305,1.0
1498,NLVPMVATV,swapped_60,5,0.039119747,0.0
6201,GILGFVFTL,10x,5,0.2892715,0.0
1379,LLFGYPVYV,swapped_341,5,0.78469026,0.0
6882,NLVPMVATV,swapped_5722,5,0.045536738,0.0
1145,GLCTLVAML,swapped_336,5,0.02937423,0.0
1313,GLCTLVAML,swapped_352,5,0.035501152,0.0
2247,GILGFVFTL,10x,5,0.70291424,0.0
3140,GLCTLVAML,10x,5,0.23617874,0.0
2851,GILGFVFTL,positive,5,0.15138388,1.0
1214,NLVPMVATV,swapped_241,5,0.07438678,0.0
4311,GILGFVFTL,positive,5,0.6625634,1.0
2468,NLVPMVATV,swapped_1627,5,0.027978444,0.0
1337,GILGFVFTL,swapped_156,5,0.22036953,0.0
6124,GILGFVFTL,10x,5,0.04418028,0.0
4882,GILGFVFTL,10x,5,0.6425034,0.0
1726,GILGFVFTL,positive,5,0.76174176,1.0
1164,GLCTLVAML,swapped_42,5,0.043900672,0.0
1147,GILGFVFTL,swapped_22,5,0.622581,0.0
2398,RMFPNAPYL,10x,5,0.60482967,0.0
6465,GLCTLVAML,10x,5,0.1966443,0.0
3678,GILGFVFTL,10x,5,0.057221852,0.0
6692,NLVPMVATV,swapped_5903,5,0.04615799,0.0
6790,KTWGQYWQV,swapped_5792,5,0.43817133,0.0
685,GILGFVFTL,10x,5,0.78688693,0.0
6039,GILGFVFTL,10x,5,0.103010066,0.0
5176,GILGFVFTL,10x,5,0.058798533,0.0
2794,GILGFVFTL,positive,5,0.032505136,1.0
785,GLCTLVAML,10x,5,0.022738252,0.0
4090,GLCTLVAML,swapped_3019,5,0.025206124,0.0
5389,NLVPMVATV,swapped_4222,5,0.041648164,0.0
1243,RTLNAWVKV,swapped_320,5,0.044107344,0.0
3195,GILGFVFTL,10x,5,0.086014345,0.0
5223,GILGFVFTL,10x,5,0.2945926,0.0
6068,GLCTLVAML,10x,5,0.40410557,0.0
5481,GLCTLVAML,swapped_4485,5,0.5845234,0.0
3812,GLCTLVAML,swapped_3039,5,0.055383552,0.0
5870,GILGFVFTL,positive,5,0.025250148,1.0
2533,GILGFVFTL,swapped_1689,5,0.14431043,0.0
6303,GILGFVFTL,10x,5,0.3109999,0.0
2691,NLVPMVATV,swapped_1600,5,0.527125,0.0
5631,FLYALALLL,swapped_4555,5,0.71970177,0.0
3796,GILGFVFTL,10x,5,0.2796672,0.0
4699,GLCTLVAML,10x,5,0.35128957,0.0
2693,GILGFVFTL,swapped_1759,5,0.53080136,0.0
1375,GLCTLVAML,swapped_272,5,0.58404845,0.0
4137,KTWGQYWQV,swapped_2912,5,0.6486471,0.0
2676,GILGFVFTL,swapped_1737,5,0.6753827,0.0
392,GILGFVFTL,10x,5,0.885367,0.0
2701,GILGFVFTL,positive,5,0.026208833,1.0
1138,NLVPMVATV,10x,5,0.47078806,0.0
845,GILGFVFTL,10x,5,0.107014336,0.0
675,GILGFVFTL,10x,5,0.41254368,0.0
1944,GILGFVFTL,10x,5,0.35503283,0.0
290,GILGFVFTL,positive,5,0.13557121,1.0
5974,GILGFVFTL,positive,5,0.5104228,1.0
4160,GILGFVFTL,swapped_2948,5,0.04810925,0.0
4932,GILGFVFTL,10x,5,0.22645298,0.0
3481,GILGFVFTL,10x,5,0.35498795,0.0
5720,GILGFVFTL,positive,5,0.2624775,1.0
1154,GILGFVFTL,swapped_65,5,0.51422936,0.0
576,GILGFVFTL,10x,5,0.8313295,0.0
1153,NLVPMVATV,swapped_133,5,0.2829589,0.0
3948,GILGFVFTL,swapped_2699,5,0.9154869,0.0
424,GLCTLVAML,10x,5,0.37658343,0.0
5981,GILGFVFTL,positive,5,0.20566939,1.0
4802,GILGFVFTL,10x,5,0.74244,0.0
757,GLCTLVAML,10x,5,0.6220836,0.0
2884,GILGFVFTL,positive,5,0.18846948,1.0
150,GILGFVFTL,positive,5,0.04527986,1.0
2945,GILGFVFTL,positive,5,0.4099551,1.0
2443,SLLMWITQV,swapped_1700,5,0.21323833,0.0
4645,GLCTLVAML,10x,5,0.48325244,0.0
4374,GILGFVFTL,positive,5,0.02341084,1.0
1258,NLVPMVATV,swapped_92,5,0.24425288,0.0
926,GILGFVFTL,10x,5,0.5645643,0.0
5630,GLCTLVAML,swapped_4215,5,0.07747614,0.0
4610,GILGFVFTL,10x,5,0.68830645,0.0
5930,NLVPMVATV,positive,5,0.87651664,1.0
6353,GILGFVFTL,10x,5,0.6635258,0.0
5071,NLVPMVATV,10x,5,0.04892246,0.0
5276,GILGFVFTL,10x,5,0.19449016,0.0
671,GILGFVFTL,10x,5,0.11339816,0.0
3160,RMFPNAPYL,10x,5,0.51470286,0.0
696,GLCTLVAML,10x,5,0.77210295,0.0
4869,GILGFVFTL,10x,5,0.42405245,0.0
6715,GLCTLVAML,swapped_5990,5,0.030285392,0.0
2167,GILGFVFTL,10x,5,0.83858466,0.0
2683,FLYALALLL,swapped_1693,5,0.020619078,0.0
4858,GILGFVFTL,10x,5,0.35868287,0.0
103,GILGFVFTL,positive,5,0.02630705,1.0
3126,GILGFVFTL,10x,5,0.17903061,0.0
4906,GILGFVFTL,10x,5,0.1161803,0.0
5208,GILGFVFTL,10x,5,0.45673576,0.0
6153,GILGFVFTL,10x,5,0.24795263,0.0
5144,GILGFVFTL,10x,5,0.090116374,0.0
4515,GILGFVFTL,positive,5,0.044917587,1.0
3326,GILGFVFTL,10x,5,0.6993507,0.0
947,GILGFVFTL,10x,5,0.33477843,0.0
2936,GILGFVFTL,positive,5,0.77269053,1.0
6056,GLCTLVAML,10x,5,0.52171814,0.0
6609,GILGFVFTL,10x,5,0.10164904,0.0
1245,RTLNAWVKV,swapped_234,5,0.5826647,0.0
4328,GILGFVFTL,positive,5,0.3710928,1.0
6148,GILGFVFTL,10x,5,0.7535239,0.0
34,GILGFVFTL,positive,5,0.034480415,1.0
2464,GLCTLVAML,swapped_1778,5,0.025252974,0.0
1272,GLCTLVAML,swapped_309,5,0.032620203,0.0
1361,NLVPMVATV,swapped_317,5,0.035979304,0.0
1087,GILGFVFTL,10x,5,0.15492214,0.0
2381,NLVPMVATV,10x,5,0.8402048,0.0
5181,GILGFVFTL,10x,5,0.6530328,0.0
2377,SLFNTVATL,10x,5,0.56739235,0.0
593,FLYALALLL,10x,5,0.19765538,0.0
4485,GILGFVFTL,positive,5,0.57716626,1.0
4706,GILGFVFTL,10x,5,0.6977783,0.0
6400,GILGFVFTL,10x,5,0.46717203,0.0
249,GILGFVFTL,positive,5,0.039267186,1.0
3041,GLCTLVAML,positive,5,0.7559085,1.0
6233,GILGFVFTL,10x,5,0.4374221,0.0
3953,NLVPMVATV,swapped_2746,5,0.18305449,0.0
3692,GILGFVFTL,10x,5,0.43181106,0.0
1990,GILGFVFTL,10x,5,0.32744625,0.0
5229,GILGFVFTL,10x,5,0.09300925,0.0
4862,GLCTLVAML,10x,5,0.08587938,0.0
6063,RTLNAWVKV,10x,5,0.6836837,0.0
5363,GLCTLVAML,swapped_4312,5,0.05644027,0.0
1431,FLYALALLL,swapped_362,5,0.066472806,0.0
4874,GILGFVFTL,10x,5,0.020743582,0.0
5664,GLCTLVAML,swapped_4546,5,0.037313048,0.0
3626,RMFPNAPYL,10x,5,0.2747826,0.0
5748,GILGFVFTL,positive,5,0.6565249,1.0
4886,GILGFVFTL,10x,5,0.65667593,0.0
1297,GILGFVFTL,swapped_330,5,0.06464112,0.0
1510,YLLEMLWRL,swapped_137,5,0.6621149,0.0
1825,GLCTLVAML,10x,5,0.14683647,0.0
5816,NLVPMVATV,positive,5,0.7095891,1.0
3189,GILGFVFTL,10x,5,0.5072176,0.0
3278,GLCTLVAML,10x,5,0.151682,0.0
2882,GILGFVFTL,positive,5,0.12726603,1.0
1926,KTWGQYWQV,10x,5,0.645293,0.0
6802,MLDLQPETT,swapped_5979,5,0.049141128,0.0
5312,GLCTLVAML,10x,5,0.045962654,0.0
736,GILGFVFTL,10x,5,0.3621333,0.0
3447,GILGFVFTL,10x,5,0.72357225,0.0
4397,GILGFVFTL,positive,5,0.40400586,1.0
6162,GILGFVFTL,10x,5,0.48440993,0.0
5513,GLCTLVAML,swapped_4292,5,0.09403467,0.0
6819,NLVPMVATV,swapped_5937,5,0.065429494,0.0
4153,GLCTLVAML,swapped_2783,5,0.38371527,0.0
3829,LLFGYPVYV,swapped_3051,5,0.05103355,0.0
1084,IMDQVPFSV,10x,5,0.73342305,0.0
4005,NLVPMVATV,swapped_3044,5,0.023710886,0.0
578,GLCTLVAML,10x,5,0.68861943,0.0
5760,GILGFVFTL,positive,5,0.03272251,1.0
6639,GLCTLVAML,swapped_5732,5,0.09072034,0.0
1709,GILGFVFTL,positive,5,0.1279455,1.0
5233,GILGFVFTL,10x,5,0.84019846,0.0
6252,GILGFVFTL,10x,5,0.22389625,0.0
6040,GILGFVFTL,10x,5,0.6228068,0.0
2116,GILGFVFTL,10x,5,0.75486845,0.0
6664,NLVPMVATV,swapped_5720,5,0.27283272,0.0
1469,GLCTLVAML,swapped_290,5,0.139318,0.0
3702,GLCTLVAML,10x,5,0.21702063,0.0
