210,GLCTLVAML,positive,5,0.82642853,1.0
5308,NLVPMVATV,10x,5,0.452533,0.0
5192,GILGFVFTL,10x,5,0.07497704,0.0
1623,GILGFVFTL,positive,5,0.99978334,1.0
2823,GILGFVFTL,positive,5,0.9999503,1.0
1318,GLCTLVAML,swapped_24,5,0.00013531341,0.0
2328,GILGFVFTL,10x,5,0.40901703,0.0
5295,GILGFVFTL,10x,5,0.09143715,0.0
4315,GILGFVFTL,positive,5,0.9985316,1.0
6612,GLCTLVAML,swapped_5875,5,0.00013778097,0.0
5389,NLVPMVATV,swapped_4222,5,1.42856e-05,0.0
2882,GILGFVFTL,positive,5,0.9998766,1.0
397,RMFPNAPYL,10x,5,0.452533,0.0
6465,GLCTLVAML,10x,5,0.8854754,0.0
6160,GILGFVFTL,10x,5,0.3093562,0.0
3973,LLFGYPVYV,swapped_2792,5,0.0019761163,0.0
406,GILGFVFTL,10x,5,0.1280715,0.0
5286,GILGFVFTL,10x,5,0.25431004,0.0
6366,GILGFVFTL,10x,5,0.1939685,0.0
4365,GILGFVFTL,positive,5,0.2007758,1.0
3436,GILGFVFTL,10x,5,0.12639539,0.0
6898,GLCTLVAML,swapped_5731,5,0.000552957,0.0
5792,NLVPMVATV,positive,5,0.44586304,1.0
4139,GILGFVFTL,swapped_3041,5,0.081177294,0.0
60,GILGFVFTL,positive,5,0.9973098,1.0
6770,NLVPMVATV,swapped_5932,5,0.8471442,0.0
178,GILGFVFTL,positive,5,0.9992085,1.0
5882,SLLMWITQV,positive,5,0.22917181,1.0
801,GILGFVFTL,10x,5,0.2502591,0.0
1963,GLCTLVAML,10x,5,0.25275573,0.0
2912,FLYALALLL,positive,5,0.8564776,1.0
2828,FLYALALLL,positive,5,0.5282558,1.0
3112,NLVPMVATV,10x,5,0.4121382,0.0
5748,GILGFVFTL,positive,5,0.88573694,1.0
3647,NLVPMVATV,10x,5,0.46541065,0.0
160,GILGFVFTL,positive,5,0.99999845,1.0
5530,GLCTLVAML,swapped_4445,5,0.0018205721,0.0
3719,GILGFVFTL,10x,5,0.12165754,0.0
6222,GILGFVFTL,10x,5,0.36642137,0.0
6335,GILGFVFTL,10x,5,0.1046895,0.0
2508,MLDLQPETT,swapped_1596,5,0.452533,0.0
5544,GLCTLVAML,swapped_4336,5,0.0002574658,0.0
2794,GILGFVFTL,positive,5,0.9869065,1.0
1503,FLYALALLL,swapped_33,5,0.99097896,0.0
2199,GLCTLVAML,10x,5,0.2019994,0.0
4841,GILGFVFTL,10x,5,0.33986297,0.0
1168,GLCTLVAML,swapped_287,5,5.5488335e-06,0.0
5159,GILGFVFTL,10x,5,0.082749754,0.0
4321,GILGFVFTL,positive,5,0.999998,1.0
6788,LLFGYPVYV,swapped_6004,5,0.452533,0.0
3047,GILGFVFTL,positive,5,0.295363,1.0
6487,CLGGLLTMV,10x,5,0.452533,0.0
6063,RTLNAWVKV,10x,5,0.49147505,0.0
2170,GILGFVFTL,10x,5,0.13811564,0.0
4584,YLLEMLWRL,10x,5,0.24444732,0.0
1778,GILGFVFTL,positive,5,0.99932885,1.0
6368,NLVPMVATV,10x,5,0.40274528,0.0
5191,GLCTLVAML,10x,5,0.35793686,0.0
5042,GILGFVFTL,10x,5,0.18577124,0.0
4699,GLCTLVAML,10x,5,0.08913393,0.0
5367,NLVPMVATV,swapped_4390,5,0.0011918003,0.0
4627,GILGFVFTL,10x,5,0.24696521,0.0
2525,RMFPNAPYL,swapped_1595,5,0.452533,0.0
1302,LLFGYPVYV,swapped_227,5,0.452533,0.0
1809,GLCTLVAML,positive,5,0.4718987,1.0
505,NLVPMVATV,10x,5,0.44126216,0.0
6611,FLYALALLL,swapped_5974,5,0.07163887,0.0
1930,NLVPMVATV,10x,5,0.4469756,0.0
2730,KTWGQYWQV,positive,5,0.759224,1.0
3430,GLCTLVAML,10x,5,0.29113224,0.0
6147,GILGFVFTL,10x,5,0.17060807,0.0
150,GILGFVFTL,positive,5,0.9999974,1.0
5876,GLCTLVAML,positive,5,0.62175107,1.0
3447,GILGFVFTL,10x,5,0.12333395,0.0
6418,GILGFVFTL,10x,5,0.06502625,0.0
349,GILGFVFTL,positive,5,0.12799405,1.0
6068,GLCTLVAML,10x,5,0.12546691,0.0
6904,GILGFVFTL,swapped_5737,5,0.032647356,0.0
235,GILGFVFTL,positive,5,0.99997985,1.0
5539,GLCTLVAML,swapped_4463,5,6.3152975e-06,0.0
2798,GILGFVFTL,positive,5,0.9999993,1.0
1992,GILGFVFTL,10x,5,0.1629177,0.0
3918,GLCTLVAML,swapped_2790,5,0.00015232267,0.0
5641,LLFGYPVYV,swapped_4238,5,0.452533,0.0
3250,GLCTLVAML,10x,5,0.011393188,0.0
422,GILGFVFTL,10x,5,0.2858259,0.0
4538,GILGFVFTL,positive,5,0.07837794,1.0
5970,NLVPMVATV,positive,5,0.452533,1.0
812,GILGFVFTL,10x,5,0.09674066,0.0
3355,GILGFVFTL,10x,5,0.295117,0.0
251,RMFPNAPYL,positive,5,0.452533,1.0
2501,GLCTLVAML,swapped_1671,5,0.001173017,0.0
4546,GILGFVFTL,positive,5,0.99999845,1.0
3941,GLCTLVAML,swapped_2789,5,0.027796015,0.0
6773,NLVPMVATV,swapped_5871,5,0.0006524508,0.0
3272,GILGFVFTL,10x,5,0.04657305,0.0
2590,GILGFVFTL,swapped_1807,5,0.09537088,0.0
3586,GLCTLVAML,10x,5,0.21503341,0.0
4944,GILGFVFTL,10x,5,0.32218525,0.0
6764,FLYALALLL,swapped_5860,5,0.00016563208,0.0
2116,GILGFVFTL,10x,5,0.17119081,0.0
187,GILGFVFTL,positive,5,0.99898714,1.0
542,GILGFVFTL,10x,5,0.47826,0.0
4853,GILGFVFTL,10x,5,0.8098444,0.0
2060,GLCTLVAML,10x,5,0.46094534,0.0
5868,GILGFVFTL,positive,5,0.95425797,1.0
1188,RTLNAWVKV,swapped_308,5,0.14705153,0.0
3636,IMDQVPFSV,10x,5,0.5787808,0.0
1214,NLVPMVATV,swapped_241,5,6.736266e-05,0.0
669,GILGFVFTL,10x,5,0.21668391,0.0
1431,FLYALALLL,swapped_362,5,0.648891,0.0
4281,GILGFVFTL,positive,5,0.99997926,1.0
2763,GILGFVFTL,positive,5,0.99993753,1.0
6657,NLVPMVATV,swapped_5981,5,0.46409535,0.0
4661,GILGFVFTL,10x,5,0.37201706,0.0
3971,GLCTLVAML,swapped_2831,5,4.8074894e-06,0.0
5040,GLCTLVAML,10x,5,0.452533,0.0
2477,GILGFVFTL,swapped_1704,5,0.13429978,0.0
6104,GILGFVFTL,10x,5,0.99990296,0.0
1714,NLVPMVATV,positive,5,0.35220534,1.0
5731,GILGFVFTL,positive,5,0.99931276,1.0
5430,NLVPMVATV,swapped_4356,5,1.5062896e-05,0.0
6708,GLCTLVAML,swapped_5825,5,7.4472146e-06,0.0
2361,GILGFVFTL,10x,5,0.1184211,0.0
336,GILGFVFTL,positive,5,0.9999975,1.0
2237,GILGFVFTL,10x,5,0.32762814,0.0
1148,NLVPMVATV,swapped_293,5,2.2820117e-05,0.0
2938,GILGFVFTL,positive,5,0.99948525,1.0
6363,GILGFVFTL,10x,5,0.10652692,0.0
6302,NLVPMVATV,10x,5,0.46504515,0.0
242,GILGFVFTL,positive,5,0.99851125,1.0
6148,GILGFVFTL,10x,5,0.13431062,0.0
2368,GILGFVFTL,10x,5,0.4456275,0.0
4644,GILGFVFTL,10x,5,0.22268403,0.0
1390,GILGFVFTL,swapped_273,5,0.029134735,0.0
5989,GLCTLVAML,positive,5,0.4451356,1.0
1773,GILGFVFTL,positive,5,0.05478473,1.0
646,GILGFVFTL,10x,5,0.15494366,0.0
980,NLVPMVATV,10x,5,0.46176252,0.0
5790,FLYALALLL,positive,5,0.9342901,1.0
2524,GILGFVFTL,swapped_1723,5,0.11130185,0.0
6076,RMFPNAPYL,10x,5,0.452533,0.0
3922,NLVPMVATV,swapped_2938,5,0.0017305607,0.0
1547,GLCTLVAML,positive,5,0.9902048,1.0
5536,GILGFVFTL,swapped_4367,5,0.1687947,0.0
5945,GILGFVFTL,positive,5,0.9972277,1.0
2059,GILGFVFTL,10x,5,0.09875892,0.0
186,FLYALALLL,positive,5,0.95172125,1.0
1926,KTWGQYWQV,10x,5,0.452533,0.0
5969,GILGFVFTL,positive,5,0.986072,1.0
1864,GILGFVFTL,10x,5,0.14934532,0.0
3823,GLCTLVAML,swapped_2731,5,1.801847e-05,0.0
3760,NLVPMVATV,10x,5,0.9135308,0.0
3098,GILGFVFTL,10x,5,0.30622733,0.0
2830,GILGFVFTL,positive,5,0.30320585,1.0
6635,GILGFVFTL,swapped_5740,5,0.1360642,0.0
3376,GILGFVFTL,10x,5,0.5996247,0.0
4130,NLVPMVATV,swapped_2761,5,9.514353e-05,0.0
3160,RMFPNAPYL,10x,5,0.452533,0.0
3386,GLCTLVAML,10x,5,0.53116107,0.0
4413,GILGFVFTL,positive,5,0.99999964,1.0
704,GLCTLVAML,10x,5,0.56453127,0.0
330,LLFGYPVYV,positive,5,0.452533,1.0
393,GLCTLVAML,10x,5,0.45557737,0.0
2377,SLFNTVATL,10x,5,0.28832355,0.0
3067,GILGFVFTL,10x,5,0.08654452,0.0
5660,GILGFVFTL,swapped_4535,5,0.043248318,0.0
5543,RTLNAWVKV,swapped_4257,5,0.20456551,0.0
2232,NLVPMVATV,10x,5,0.43899295,0.0
2509,GILGFVFTL,swapped_1736,5,0.049110577,0.0
5181,GILGFVFTL,10x,5,0.09509264,0.0
4131,KTWGQYWQV,swapped_2811,5,0.008307784,0.0
6802,MLDLQPETT,swapped_5979,5,0.00012551513,0.0
1964,GILGFVFTL,10x,5,0.24413772,0.0
2676,GILGFVFTL,swapped_1737,5,0.13570021,0.0
6316,GILGFVFTL,10x,5,0.14022674,0.0
2274,GILGFVFTL,10x,5,0.29041654,0.0
4267,GILGFVFTL,positive,5,0.999998,1.0
2147,GILGFVFTL,10x,5,0.24627918,0.0
6700,GLCTLVAML,swapped_5965,5,8.3835675e-07,0.0
1939,GILGFVFTL,10x,5,0.22849378,0.0
5636,GLCTLVAML,swapped_4315,5,0.0016554664,0.0
4787,GILGFVFTL,10x,5,0.1076747,0.0
1876,GILGFVFTL,10x,5,0.15011838,0.0
2161,GILGFVFTL,10x,5,0.14345945,0.0
5216,GILGFVFTL,10x,5,0.17583388,0.0
947,GILGFVFTL,10x,5,0.17238562,0.0
1056,GLCTLVAML,10x,5,0.19445932,0.0
6034,GLCTLVAML,10x,5,0.6322445,0.0
203,GILGFVFTL,positive,5,0.10494797,1.0
3345,GLCTLVAML,10x,5,0.0092463,0.0
1700,GILGFVFTL,positive,5,0.9978321,1.0
2973,GILGFVFTL,positive,5,0.99996245,1.0
341,GILGFVFTL,positive,5,0.035944678,1.0
3056,GILGFVFTL,positive,5,0.99844766,1.0
58,GILGFVFTL,positive,5,0.28067228,1.0
5337,FLYALALLL,swapped_4201,5,0.11293554,0.0
4646,GILGFVFTL,10x,5,0.09236797,0.0
2260,GILGFVFTL,10x,5,0.14601971,0.0
825,GILGFVFTL,10x,5,0.215051,0.0
6170,GILGFVFTL,10x,5,0.0665647,0.0
1387,NLVPMVATV,swapped_96,5,0.58330566,0.0
4839,NLVPMVATV,10x,5,0.023035295,0.0
1834,GILGFVFTL,10x,5,0.16670461,0.0
55,GLCTLVAML,positive,5,0.8104127,1.0
1902,GILGFVFTL,10x,5,0.24898005,0.0
872,GILGFVFTL,10x,5,0.2546506,0.0
49,GLCTLVAML,positive,5,0.18495446,1.0
4613,GILGFVFTL,10x,5,0.31892255,0.0
4277,GILGFVFTL,positive,5,0.9999988,1.0
3911,GLCTLVAML,swapped_2979,5,1.0821487e-06,0.0
578,GLCTLVAML,10x,5,0.8278286,0.0
3569,GILGFVFTL,10x,5,0.2710162,0.0
3169,GILGFVFTL,10x,5,0.100858964,0.0
2793,GILGFVFTL,positive,5,0.99999905,1.0
3233,FLYALALLL,10x,5,0.5380372,0.0
6001,GLCTLVAML,positive,5,0.7485874,1.0
3126,GILGFVFTL,10x,5,0.3599308,0.0
1324,MLDLQPETT,swapped_379,5,0.00029474855,0.0
661,SLFNTVATL,10x,5,0.452533,0.0
3022,GILGFVFTL,positive,5,0.18115358,1.0
4360,GILGFVFTL,positive,5,0.99991953,1.0
5229,GILGFVFTL,10x,5,0.1404539,0.0
6336,GLCTLVAML,10x,5,0.06991208,0.0
4336,GILGFVFTL,positive,5,0.99906355,1.0
6847,GILGFVFTL,swapped_5816,5,0.13305864,0.0
3576,GILGFVFTL,10x,5,0.18990995,0.0
5347,GILGFVFTL,swapped_4236,5,0.24557425,0.0
3253,GILGFVFTL,10x,5,0.25828987,0.0
3450,GILGFVFTL,10x,5,0.062630095,0.0
963,RTLNAWVKV,10x,5,0.452533,0.0
3261,GILGFVFTL,10x,5,0.27320087,0.0
435,YLLEMLWRL,10x,5,0.25558883,0.0
6169,GILGFVFTL,10x,5,0.16943361,0.0
3870,LLFGYPVYV,swapped_2916,5,0.0002587368,0.0
4356,GILGFVFTL,positive,5,0.9999995,1.0
2213,GILGFVFTL,10x,5,0.08735808,0.0
4870,GILGFVFTL,10x,5,0.11914234,0.0
886,GILGFVFTL,10x,5,0.15456738,0.0
5981,GILGFVFTL,positive,5,0.1007981,1.0
451,GILGFVFTL,10x,5,0.28955704,0.0
2329,NLVPMVATV,10x,5,0.4126327,0.0
1900,NLVPMVATV,10x,5,0.44806057,0.0
1416,LLFGYPVYV,swapped_19,5,0.24201755,0.0
169,NLVPMVATV,positive,5,0.393756,1.0
6128,GILGFVFTL,10x,5,0.27350262,0.0
4505,GLCTLVAML,positive,5,0.9312003,1.0
2869,GLCTLVAML,positive,5,0.9233811,1.0
2482,GLCTLVAML,swapped_1624,5,0.9475087,0.0
2989,GILGFVFTL,positive,5,0.99999964,1.0
2319,NLVPMVATV,10x,5,0.452533,0.0
4850,GILGFVFTL,10x,5,0.15482199,0.0
2977,GILGFVFTL,positive,5,0.9999995,1.0
6696,GLCTLVAML,swapped_5707,5,8.1731974e-05,0.0
4722,GILGFVFTL,10x,5,0.26029906,0.0
2494,GILGFVFTL,swapped_1592,5,0.044811916,0.0
5128,CLGGLLTMV,10x,5,0.3899344,0.0
5937,GILGFVFTL,positive,5,0.9999987,1.0
3312,GILGFVFTL,10x,5,0.95901877,0.0
1127,GILGFVFTL,10x,5,0.6975161,0.0
3829,LLFGYPVYV,swapped_3051,5,0.005430066,0.0
4290,LLFGYPVYV,positive,5,0.452533,1.0
171,MLDLQPETT,positive,5,0.48196703,1.0
3954,GLCTLVAML,swapped_2851,5,0.008362063,0.0
4222,GILGFVFTL,positive,5,0.9999982,1.0
1704,GLCTLVAML,positive,5,0.8501533,1.0
4178,GILGFVFTL,positive,5,0.19288293,1.0
268,GILGFVFTL,positive,5,0.39748102,1.0
6400,GILGFVFTL,10x,5,0.27315703,0.0
3763,GILGFVFTL,10x,5,0.3002257,0.0
4561,GILGFVFTL,10x,5,0.15521283,0.0
4463,GILGFVFTL,positive,5,0.9999391,1.0
4168,GILGFVFTL,swapped_2897,5,0.13240649,0.0
3524,GILGFVFTL,10x,5,0.24837054,0.0
2451,KTWGQYWQV,swapped_1720,5,0.43650326,0.0
6216,GILGFVFTL,10x,5,0.35368228,0.0
2518,GILGFVFTL,swapped_1809,5,0.1518389,0.0
191,GILGFVFTL,positive,5,0.99977463,1.0
3671,GILGFVFTL,10x,5,0.26000977,0.0
2817,GILGFVFTL,positive,5,0.999998,1.0
4687,RTLNAWVKV,10x,5,0.452533,0.0
3791,GILGFVFTL,10x,5,0.12038843,0.0
2578,GILGFVFTL,swapped_1675,5,0.019292936,0.0
3914,GLCTLVAML,swapped_2882,5,0.000449169,0.0
2725,GILGFVFTL,positive,5,0.9994573,1.0
2269,GILGFVFTL,10x,5,0.37400308,0.0
5469,NLVPMVATV,swapped_4350,5,9.247085e-05,0.0
1354,GILGFVFTL,swapped_166,5,0.06090438,0.0
352,GILGFVFTL,positive,5,0.9782286,1.0
1020,GILGFVFTL,10x,5,0.13980672,0.0
5109,NLVPMVATV,10x,5,0.49668217,0.0
6632,NLVPMVATV,swapped_5795,5,0.00013854481,0.0
5903,GILGFVFTL,positive,5,0.99996257,1.0
4375,GILGFVFTL,positive,5,0.99999535,1.0
480,GILGFVFTL,10x,5,0.1704235,0.0
4882,GILGFVFTL,10x,5,0.16092904,0.0
4566,GILGFVFTL,10x,5,0.25741658,0.0
1339,GLCTLVAML,swapped_354,5,4.666765e-07,0.0
861,GILGFVFTL,10x,5,0.54003036,0.0
1521,FLYALALLL,swapped_103,5,3.4686452e-06,0.0
734,SLLMWITQV,10x,5,0.452533,0.0
968,GILGFVFTL,10x,5,0.24355939,0.0
986,GILGFVFTL,10x,5,0.055231664,0.0
2162,GILGFVFTL,10x,5,0.18949196,0.0
289,GILGFVFTL,positive,5,0.9999994,1.0
5292,GILGFVFTL,10x,5,0.12517369,0.0
2916,GILGFVFTL,positive,5,0.99999404,1.0
421,LLFGYPVYV,10x,5,0.452533,0.0
2781,GILGFVFTL,positive,5,0.9997782,1.0
35,GILGFVFTL,positive,5,0.43213728,1.0
2859,GILGFVFTL,positive,5,0.9889922,1.0
5760,GILGFVFTL,positive,5,0.9991715,1.0
5666,NLVPMVATV,swapped_4311,5,0.44256574,0.0
4034,NLVPMVATV,swapped_2817,5,3.7021535e-05,0.0
5369,GLCTLVAML,swapped_4185,5,0.00014497472,0.0
5656,FLYALALLL,swapped_4360,5,0.00052251114,0.0
4390,GILGFVFTL,positive,5,0.99954945,1.0
2592,RTLNAWVKV,swapped_1713,5,0.33794293,0.0
3346,GLCTLVAML,10x,5,0.15443292,0.0
1075,GILGFVFTL,10x,5,0.0915422,0.0
1093,GILGFVFTL,10x,5,0.18025956,0.0
6149,GILGFVFTL,10x,5,0.17072015,0.0
1981,GLCTLVAML,10x,5,0.024898654,0.0
4170,NLVPMVATV,swapped_2900,5,0.45121977,0.0
73,KVLEYVIKV,positive,5,0.452533,1.0
2444,GILGFVFTL,swapped_1686,5,0.04047917,0.0
6639,GLCTLVAML,swapped_5732,5,8.3265135e-05,0.0
2529,GLCTLVAML,swapped_1773,5,0.67942137,0.0
2955,GILGFVFTL,positive,5,0.18710223,1.0
6261,GILGFVFTL,10x,5,0.31965816,0.0
5441,FLYALALLL,swapped_4424,5,0.0001762611,0.0
6339,GILGFVFTL,10x,5,0.115639016,0.0
3308,GILGFVFTL,10x,5,0.51462287,0.0
6801,GILGFVFTL,swapped_5882,5,0.46774426,0.0
3579,LLFGYPVYV,10x,5,0.452533,0.0
4666,GILGFVFTL,10x,5,0.13059607,0.0
1225,LLFGYPVYV,swapped_41,5,0.0030680192,0.0
263,GILGFVFTL,positive,5,0.9863196,1.0
1458,NLVPMVATV,swapped_178,5,0.018061893,0.0
925,NLVPMVATV,10x,5,0.06381572,0.0
6291,GILGFVFTL,10x,5,0.18511568,0.0
4090,GLCTLVAML,swapped_3019,5,3.0809383e-06,0.0
1253,FLYALALLL,swapped_247,5,1.2031475e-05,0.0
3825,GLCTLVAML,swapped_2695,5,0.007892137,0.0
2122,GILGFVFTL,10x,5,0.23496696,0.0
4502,GILGFVFTL,positive,5,0.9999777,1.0
5293,GILGFVFTL,10x,5,0.109199524,0.0
4921,GILGFVFTL,10x,5,0.39952037,0.0
6576,FLYALALLL,10x,5,0.05131705,0.0
5294,GILGFVFTL,10x,5,0.34609067,0.0
593,FLYALALLL,10x,5,0.8516809,0.0
1145,GLCTLVAML,swapped_336,5,1.982004e-06,0.0
1914,GILGFVFTL,10x,5,0.2517834,0.0
6436,GILGFVFTL,10x,5,0.09328884,0.0
4499,GILGFVFTL,positive,5,0.99999774,1.0
460,GLCTLVAML,10x,5,0.53362495,0.0
3642,GILGFVFTL,10x,5,0.13039261,0.0
876,GLCTLVAML,10x,5,0.92456216,0.0
3965,GILGFVFTL,swapped_2958,5,0.08165008,0.0
1154,GILGFVFTL,swapped_65,5,0.08065515,0.0
4115,NLVPMVATV,swapped_2827,5,0.452533,0.0
1170,GLCTLVAML,swapped_193,5,0.0152151985,0.0
2808,GILGFVFTL,positive,5,0.7970571,1.0
6040,GILGFVFTL,10x,5,0.1138703,0.0
4268,GLCTLVAML,positive,5,0.98104596,1.0
795,GLCTLVAML,10x,5,0.31886238,0.0
1679,GILGFVFTL,positive,5,0.99928087,1.0
1514,LLFGYPVYV,swapped_229,5,0.021916075,0.0
676,GILGFVFTL,10x,5,0.15586673,0.0
6609,GILGFVFTL,10x,5,0.9355933,0.0
2001,NLVPMVATV,10x,5,0.46197334,0.0
3409,GILGFVFTL,10x,5,0.048659958,0.0
3533,GILGFVFTL,10x,5,0.11063033,0.0
5096,NLVPMVATV,10x,5,0.0052524367,0.0
3701,GILGFVFTL,10x,5,0.20492864,0.0
6031,GILGFVFTL,10x,5,0.18214956,0.0
1171,GLCTLVAML,swapped_348,5,0.7464068,0.0
5086,GILGFVFTL,10x,5,0.8410303,0.0
6575,GILGFVFTL,10x,5,0.24745804,0.0
6531,GILGFVFTL,10x,5,0.4741252,0.0
1677,GILGFVFTL,positive,5,0.9990332,1.0
5448,GLCTLVAML,swapped_4240,5,0.0001273341,0.0
2746,GILGFVFTL,positive,5,0.5933049,1.0
3591,NLVPMVATV,10x,5,0.6245854,0.0
830,GILGFVFTL,10x,5,0.20599999,0.0
1349,RTLNAWVKV,swapped_121,5,0.452533,0.0
5385,GILGFVFTL,swapped_4199,5,0.07235627,0.0
2297,GILGFVFTL,10x,5,0.13212642,0.0
1850,GILGFVFTL,10x,5,0.032882955,0.0
628,GILGFVFTL,10x,5,0.28734484,0.0
4662,GILGFVFTL,10x,5,0.22151923,0.0
1001,GILGFVFTL,10x,5,0.19145335,0.0
1595,GILGFVFTL,positive,5,0.23042466,1.0
4858,GILGFVFTL,10x,5,0.15076287,0.0
1726,GILGFVFTL,positive,5,0.123351954,1.0
4571,GILGFVFTL,10x,5,0.44934762,0.0
6162,GILGFVFTL,10x,5,0.16398992,0.0
4153,GLCTLVAML,swapped_2783,5,5.5395714e-05,0.0
4180,GILGFVFTL,positive,5,0.9999989,1.0
485,GILGFVFTL,10x,5,0.09385548,0.0
348,GILGFVFTL,positive,5,0.14346346,1.0
3892,GLCTLVAML,swapped_2793,5,1.3716777e-06,0.0
4015,NLVPMVATV,swapped_2898,5,0.65300375,0.0
1283,GLCTLVAML,swapped_145,5,0.0026264875,0.0
462,GILGFVFTL,10x,5,0.34005338,0.0
1420,GILGFVFTL,swapped_171,5,0.37302643,0.0
4874,GILGFVFTL,10x,5,0.11662857,0.0
4199,NLVPMVATV,positive,5,0.802123,1.0
4201,GILGFVFTL,positive,5,0.26424733,1.0
3999,GILGFVFTL,swapped_2869,5,0.05571167,0.0
5508,NLVPMVATV,swapped_4375,5,1.7055267e-05,0.0
5466,GLCTLVAML,swapped_4435,5,0.7117103,0.0
4119,GLCTLVAML,swapped_2781,5,6.5974775e-05,0.0
103,GILGFVFTL,positive,5,0.99992263,1.0
2497,FLYALALLL,swapped_1590,5,0.015740855,0.0
5532,GLCTLVAML,swapped_4509,5,0.38422495,0.0
5728,KTWGQYWQV,positive,5,0.452533,1.0
757,GLCTLVAML,10x,5,0.08459083,0.0
6280,GILGFVFTL,10x,5,0.10202418,0.0
1131,GILGFVFTL,10x,5,0.15742436,0.0
107,GILGFVFTL,positive,5,0.9996599,1.0
1319,GLCTLVAML,swapped_251,5,0.15619634,0.0
2317,GILGFVFTL,10x,5,0.21912006,0.0
4174,GLCTLVAML,positive,5,0.8102349,1.0
6013,NLVPMVATV,10x,5,0.55774224,0.0
1147,GILGFVFTL,swapped_22,5,0.018065926,0.0
3932,GILGFVFTL,swapped_2876,5,0.16195324,0.0
1313,GLCTLVAML,swapped_352,5,0.01449569,0.0
1121,NLVPMVATV,10x,5,0.43014196,0.0
1403,GLCTLVAML,swapped_235,5,4.4155076e-06,0.0
4783,GILGFVFTL,10x,5,0.12657465,0.0
4719,GILGFVFTL,10x,5,0.1912377,0.0
193,GILGFVFTL,positive,5,0.9985039,1.0
4932,GILGFVFTL,10x,5,0.20605768,0.0
1329,NLVPMVATV,swapped_55,5,0.62909234,0.0
1960,GILGFVFTL,10x,5,0.110126965,0.0
3044,GILGFVFTL,positive,5,0.9999974,1.0
323,GILGFVFTL,positive,5,0.13711058,1.0
1720,GILGFVFTL,positive,5,0.19418561,1.0
4951,KTWGQYWQV,10x,5,0.452533,0.0
2683,FLYALALLL,swapped_1693,5,5.5300798e-06,0.0
2398,RMFPNAPYL,10x,5,0.452533,0.0
2945,GILGFVFTL,positive,5,0.9009346,1.0
5720,GILGFVFTL,positive,5,0.28410876,1.0
1766,GILGFVFTL,positive,5,0.99838793,1.0
6309,GLCTLVAML,10x,5,0.89744514,0.0
318,GILGFVFTL,positive,5,0.9999633,1.0
3420,GLCTLVAML,10x,5,0.57935023,0.0
4316,GILGFVFTL,positive,5,0.119376235,1.0
1854,NLVPMVATV,10x,5,0.44653332,0.0
4424,GILGFVFTL,positive,5,0.99811697,1.0
4873,NLVPMVATV,10x,5,0.452533,0.0
3741,GLCTLVAML,10x,5,0.016370675,0.0
5105,GILGFVFTL,10x,5,0.12961935,0.0
5439,RMFPNAPYL,swapped_4365,5,0.452533,0.0
2349,GILGFVFTL,10x,5,0.15344608,0.0
457,GILGFVFTL,10x,5,0.1312769,0.0
6493,GILGFVFTL,10x,5,0.4075729,0.0
6692,NLVPMVATV,swapped_5903,5,0.0005956199,0.0
936,GILGFVFTL,10x,5,0.33087736,0.0
96,GILGFVFTL,positive,5,0.3328085,1.0
2811,GILGFVFTL,positive,5,0.99945515,1.0
5631,FLYALALLL,swapped_4555,5,0.3772156,0.0
6327,NLVPMVATV,10x,5,0.48052558,0.0
3039,GILGFVFTL,positive,5,0.99940884,1.0
2505,NLVPMVATV,swapped_1690,5,0.6925711,0.0
2948,NLVPMVATV,positive,5,0.452533,1.0
2895,GILGFVFTL,positive,5,0.99999034,1.0
2236,YLLEMLWRL,10x,5,0.042210057,0.0
6882,NLVPMVATV,swapped_5722,5,0.00082176673,0.0
4043,GLCTLVAML,swapped_2892,5,0.9165901,0.0
1713,GILGFVFTL,positive,5,0.9502031,1.0
5769,GILGFVFTL,positive,5,0.9983676,1.0
5629,GLCTLVAML,swapped_4536,5,0.9556374,0.0
2958,GLCTLVAML,positive,5,0.58893794,1.0
1233,GLCTLVAML,swapped_86,5,2.3228977e-05,0.0
890,GILGFVFTL,10x,5,0.13047655,0.0
6808,NLVPMVATV,swapped_5945,5,0.103680834,0.0
2591,LLFGYPVYV,swapped_1564,5,0.7280615,0.0
6443,GILGFVFTL,10x,5,0.19979161,0.0
1469,GLCTLVAML,swapped_290,5,0.0002653803,0.0
100,GILGFVFTL,positive,5,0.9995345,1.0
3992,NLVPMVATV,swapped_2739,5,0.00062591734,0.0
5683,RMFPNAPYL,swapped_4364,5,0.010746583,0.0
1884,GILGFVFTL,10x,5,0.11356589,0.0
5288,GILGFVFTL,10x,5,0.097547136,0.0
2253,GILGFVFTL,10x,5,0.07384362,0.0
2898,SLFNTVATL,positive,5,0.6738206,1.0
5062,GILGFVFTL,10x,5,0.23586372,0.0
1510,YLLEMLWRL,swapped_137,5,0.40419358,0.0
5614,GILGFVFTL,swapped_4439,5,0.14301133,0.0
4610,GILGFVFTL,10x,5,0.046504103,0.0
2695,GILGFVFTL,positive,5,0.9931392,1.0
531,NLVPMVATV,10x,5,0.65340847,0.0
6083,GILGFVFTL,10x,5,0.100366406,0.0
4887,GILGFVFTL,10x,5,0.15257709,0.0
622,KTWGQYWQV,10x,5,0.452533,0.0
6082,GILGFVFTL,10x,5,0.35796526,0.0
6479,GILGFVFTL,10x,5,0.120714456,0.0
4397,GILGFVFTL,positive,5,0.98941106,1.0
1428,GLCTLVAML,swapped_331,5,0.0020398556,0.0
1297,GILGFVFTL,swapped_330,5,0.262794,0.0
2381,NLVPMVATV,10x,5,0.80753475,0.0
6306,GILGFVFTL,10x,5,0.15442647,0.0
2515,NLVPMVATV,swapped_1727,5,0.00019916602,0.0
1966,GILGFVFTL,10x,5,0.6947041,0.0
5465,NLVPMVATV,swapped_4328,5,0.13421384,0.0
4342,GLCTLVAML,positive,5,0.97043127,1.0
2035,LLFGYPVYV,10x,5,0.452533,0.0
6101,GILGFVFTL,10x,5,0.37114826,0.0
234,FLYALALLL,positive,5,0.9616637,1.0
2892,GILGFVFTL,positive,5,0.037976813,1.0
47,GILGFVFTL,positive,5,0.15820245,1.0
526,GILGFVFTL,10x,5,0.15888977,0.0
1179,GILGFVFTL,swapped_132,5,0.25603512,0.0
2231,RTLNAWVKV,10x,5,0.452533,0.0
6151,GILGFVFTL,10x,5,0.11325204,0.0
1176,RTLNAWVKV,swapped_242,5,0.026541678,0.0
5026,GILGFVFTL,10x,5,0.2850958,0.0
5405,GILGFVFTL,swapped_4505,5,0.03341026,0.0
1220,NLVPMVATV,swapped_196,5,0.018474068,0.0
4536,FLYALALLL,positive,5,0.9635962,1.0
1846,NLVPMVATV,10x,5,0.42449695,0.0
1625,GILGFVFTL,positive,5,0.45243064,1.0
5650,NLVPMVATV,swapped_4499,5,2.3926179e-05,0.0
92,GILGFVFTL,positive,5,0.99899024,1.0
3901,MLDLQPETT,swapped_2832,5,0.00016913073,0.0
5197,GILGFVFTL,10x,5,0.22581273,0.0
3157,GILGFVFTL,10x,5,0.23898815,0.0
1087,GILGFVFTL,10x,5,0.1541472,0.0
5529,RTLNAWVKV,swapped_4321,5,0.001441207,0.0
3779,GILGFVFTL,10x,5,0.26502696,0.0
3096,GILGFVFTL,10x,5,0.16083984,0.0
5693,GLCTLVAML,swapped_4205,5,0.040253516,0.0
6721,GLCTLVAML,swapped_5809,5,0.028753918,0.0
3887,SLFNTVATL,swapped_2860,5,9.389844e-05,0.0
1737,NLVPMVATV,positive,5,0.75221795,1.0
3581,NLVPMVATV,10x,5,0.452533,0.0
1084,IMDQVPFSV,10x,5,0.452533,0.0
911,GILGFVFTL,10x,5,0.108964875,0.0
2783,GILGFVFTL,positive,5,0.9998679,1.0
2407,RTLNAWVKV,swapped_1677,5,0.04215281,0.0
293,GILGFVFTL,positive,5,0.9999995,1.0
1596,GILGFVFTL,positive,5,0.10135559,1.0
5057,GILGFVFTL,10x,5,0.17753924,0.0
5418,NLVPMVATV,swapped_4521,5,0.0001648968,0.0
1039,NLVPMVATV,10x,5,0.002236646,0.0
3332,GILGFVFTL,10x,5,0.2828952,0.0
331,GILGFVFTL,positive,5,0.9913264,1.0
4439,GLCTLVAML,positive,5,0.86928105,1.0
1592,GLCTLVAML,positive,5,0.9884666,1.0
987,NLVPMVATV,10x,5,0.452533,0.0
5697,GLCTLVAML,swapped_4538,5,0.5051923,0.0
2933,GILGFVFTL,positive,5,0.74260515,1.0
6353,GILGFVFTL,10x,5,0.36501482,0.0
4024,GLCTLVAML,swapped_2955,5,0.3082856,0.0
1739,GLCTLVAML,positive,5,0.990333,1.0
4029,FLYALALLL,swapped_3022,5,0.3921229,0.0
5411,GILGFVFTL,swapped_4174,5,0.6061096,0.0
1843,GILGFVFTL,10x,5,0.111394875,0.0
1126,GILGFVFTL,10x,5,0.2151913,0.0
4273,GILGFVFTL,positive,5,0.9999875,1.0
4078,RTLNAWVKV,swapped_2852,5,0.7843054,0.0
4163,NLVPMVATV,swapped_2801,5,0.00055174035,0.0
6257,GILGFVFTL,10x,5,0.18547785,0.0
41,GILGFVFTL,positive,5,0.9999405,1.0
2792,GILGFVFTL,positive,5,0.9999982,1.0
2699,GLCTLVAML,positive,5,0.9805172,1.0
3985,KTWGQYWQV,swapped_2945,5,0.11101919,0.0
565,GILGFVFTL,10x,5,0.99406236,0.0
3622,GILGFVFTL,10x,5,0.10737954,0.0
2936,GILGFVFTL,positive,5,0.36010003,1.0
1991,GILGFVFTL,10x,5,0.119768925,0.0
5178,GILGFVFTL,10x,5,0.10532776,0.0
2851,GILGFVFTL,positive,5,0.9804197,1.0
3361,GLCTLVAML,10x,5,0.87602,0.0
613,GILGFVFTL,10x,5,0.116057396,0.0
4731,GLCTLVAML,10x,5,0.09791441,0.0
5432,RTLNAWVKV,swapped_4515,5,0.008872483,0.0
5144,GILGFVFTL,10x,5,0.47982973,0.0
6903,RTLNAWVKV,swapped_5717,5,0.027897308,0.0
1749,GILGFVFTL,positive,5,0.9634013,1.0
4623,LLFGYPVYV,10x,5,0.452533,0.0
190,NLVPMVATV,positive,5,0.452533,1.0
2600,NLVPMVATV,swapped_1629,5,0.02176879,0.0
5560,RMFPNAPYL,swapped_4502,5,0.008797094,0.0
4760,GILGFVFTL,10x,5,0.16875741,0.0
290,GILGFVFTL,positive,5,0.9997186,1.0
2209,NLVPMVATV,10x,5,0.45555604,0.0
4243,GILGFVFTL,positive,5,0.9999994,1.0
689,GLCTLVAML,10x,5,0.1997658,0.0
6715,GLCTLVAML,swapped_5990,5,2.5788486e-06,0.0
3084,GLCTLVAML,10x,5,0.13088736,0.0
4019,NLVPMVATV,swapped_2830,5,0.39172474,0.0
6281,NLVPMVATV,10x,5,0.452533,0.0
5946,GILGFVFTL,positive,5,0.9966593,1.0
1891,GILGFVFTL,10x,5,0.35025522,0.0
1453,GLCTLVAML,swapped_100,5,0.00019504045,0.0
4367,GLCTLVAML,positive,5,0.29834005,1.0
6398,NLVPMVATV,10x,5,0.36070374,0.0
1590,GILGFVFTL,positive,5,0.985637,1.0
2200,KTWGQYWQV,10x,5,0.4580329,0.0
6719,GILGFVFTL,swapped_5878,5,0.0765754,0.0
5215,MLDLQPETT,10x,5,0.45169333,0.0
4606,GILGFVFTL,10x,5,0.08764897,0.0
6153,GILGFVFTL,10x,5,0.23815694,0.0
4364,GILGFVFTL,positive,5,0.9999461,1.0
132,FLYALALLL,positive,5,0.07260239,1.0
2460,NLVPMVATV,swapped_1776,5,0.5666807,0.0
6402,GILGFVFTL,10x,5,0.3897338,0.0
6166,GILGFVFTL,10x,5,0.30607882,0.0
2273,NLVPMVATV,10x,5,0.53604746,0.0
3210,GILGFVFTL,10x,5,0.3124665,0.0
5755,GLCTLVAML,positive,5,0.8546644,1.0
4905,GILGFVFTL,10x,5,0.08061065,0.0
3369,NLVPMVATV,10x,5,0.4767551,0.0
3845,GLCTLVAML,swapped_2936,5,0.38512218,0.0
21,GILGFVFTL,positive,5,0.99980587,1.0
42,GILGFVFTL,positive,5,0.99999917,1.0
5825,GILGFVFTL,positive,5,0.99999917,1.0
6146,NLVPMVATV,10x,5,0.35949117,0.0
45,GILGFVFTL,positive,5,0.99999917,1.0
320,GILGFVFTL,positive,5,0.9999306,1.0
5860,GILGFVFTL,positive,5,0.99898356,1.0
845,GILGFVFTL,10x,5,0.15379849,0.0
2670,GLCTLVAML,swapped_1623,5,3.778699e-05,0.0
1198,LLFGYPVYV,swapped_191,5,0.022311244,0.0
4048,KTWGQYWQV,swapped_2788,5,0.00027420334,0.0
4471,NLVPMVATV,positive,5,0.8795285,1.0
1921,NLVPMVATV,10x,5,0.452533,0.0
6004,GILGFVFTL,positive,5,0.34896785,1.0
2888,GILGFVFTL,positive,5,0.8730122,1.0
3150,GLCTLVAML,10x,5,0.52257335,0.0
4886,GILGFVFTL,10x,5,0.3566534,0.0
1875,GILGFVFTL,10x,5,0.05186278,0.0
5707,GILGFVFTL,positive,5,0.9996408,1.0
6865,GILGFVFTL,swapped_5776,5,0.19049776,0.0
854,GLCTLVAML,10x,5,0.45461997,0.0
1245,RTLNAWVKV,swapped_234,5,0.58854806,0.0
6854,GLCTLVAML,swapped_5935,5,0.0069441567,0.0
1465,GLCTLVAML,swapped_35,5,0.23876421,0.0
5588,GILGFVFTL,swapped_4427,5,0.12614405,0.0
3410,GLCTLVAML,10x,5,0.00858355,0.0
4862,GLCTLVAML,10x,5,0.07324871,0.0
3100,GILGFVFTL,10x,5,0.0963966,0.0
247,GILGFVFTL,positive,5,0.9999882,1.0
3946,NLVPMVATV,swapped_2798,5,0.000117958785,0.0
1944,GILGFVFTL,10x,5,0.06567916,0.0
4522,GILGFVFTL,positive,5,0.9998103,1.0
5664,GLCTLVAML,swapped_4546,5,1.325407e-06,0.0
634,GILGFVFTL,10x,5,0.11748151,0.0
257,GILGFVFTL,positive,5,0.9973793,1.0
155,GILGFVFTL,positive,5,0.99999416,1.0
2588,GILGFVFTL,swapped_1739,5,0.03692657,0.0
89,GILGFVFTL,positive,5,0.999938,1.0
3948,GILGFVFTL,swapped_2699,5,0.111587934,0.0
2114,GILGFVFTL,10x,5,0.3844146,0.0
3240,GILGFVFTL,10x,5,0.08843864,0.0
4165,NLVPMVATV,swapped_2823,5,5.561787e-05,0.0
518,NLVPMVATV,10x,5,0.21112,0.0
1498,NLVPMVATV,swapped_60,5,0.026803752,0.0
1347,LLFGYPVYV,swapped_256,5,0.003923955,0.0
4906,GILGFVFTL,10x,5,0.19080591,0.0
5452,NLVPMVATV,swapped_4219,5,0.20913647,0.0
5028,GILGFVFTL,10x,5,0.3057483,0.0
463,GILGFVFTL,10x,5,0.21240948,0.0
4292,GILGFVFTL,positive,5,0.99237704,1.0
4143,LLFGYPVYV,swapped_2828,5,0.452533,0.0
5398,GILGFVFTL,swapped_4268,5,0.030402666,0.0
4003,GLCTLVAML,swapped_2884,5,0.0043711886,0.0
5424,NLVPMVATV,swapped_4267,5,1.9974303e-05,0.0
4869,GILGFVFTL,10x,5,0.32723722,0.0
5243,MLDLQPETT,10x,5,0.44249308,0.0
3394,GLCTLVAML,10x,5,0.65679747,0.0
3567,NLVPMVATV,10x,5,0.452533,0.0
3255,GILGFVFTL,10x,5,0.56578827,0.0
3598,GILGFVFTL,10x,5,0.17694946,0.0
5456,NLVPMVATV,swapped_4180,5,3.4778925e-05,0.0
6510,GLCTLVAML,10x,5,0.0002174963,0.0
4219,GILGFVFTL,positive,5,0.98745745,1.0
5345,SLLMWITQV,swapped_4178,5,0.47335726,0.0
4802,GILGFVFTL,10x,5,0.1334872,0.0
4381,GILGFVFTL,positive,5,0.99994135,1.0
5680,GLCTLVAML,swapped_4522,5,0.00013276642,0.0
4295,GILGFVFTL,positive,5,0.9999974,1.0
3812,GLCTLVAML,swapped_3039,5,0.00013364131,0.0
2943,GILGFVFTL,positive,5,0.99998987,1.0
1085,NLVPMVATV,10x,5,0.4187079,0.0
6052,NLVPMVATV,10x,5,0.452533,0.0
2282,GLCTLVAML,10x,5,0.93678236,0.0
6687,GILGFVFTL,swapped_5930,5,0.07265338,0.0
3172,FLYALALLL,10x,5,0.94508785,0.0
3692,GILGFVFTL,10x,5,0.15217225,0.0
2051,NLVPMVATV,10x,5,0.46978423,0.0
3606,GILGFVFTL,10x,5,0.25648192,0.0
6664,NLVPMVATV,swapped_5720,5,0.45040917,0.0
6812,GLCTLVAML,swapped_5748,5,0.0031206403,0.0
2492,KTWGQYWQV,swapped_1709,5,0.005249936,0.0
5696,NLVPMVATV,swapped_4228,5,0.452533,0.0
684,GLCTLVAML,10x,5,0.25852734,0.0
3802,GILGFVFTL,10x,5,0.15474404,0.0
6247,GILGFVFTL,10x,5,0.3477752,0.0
18,GLCTLVAML,positive,5,0.9795832,1.0
4354,GILGFVFTL,positive,5,0.99999857,1.0
5667,GLCTLVAML,swapped_4396,5,0.28580445,0.0
3200,GILGFVFTL,10x,5,0.09871316,0.0
1491,GILGFVFTL,swapped_73,5,0.18659547,0.0
956,RTLNAWVKV,10x,5,0.452533,0.0
4214,GILGFVFTL,positive,5,0.9999987,1.0
339,GLCTLVAML,positive,5,0.99054176,1.0
4716,GLCTLVAML,10x,5,0.3477893,0.0
2159,GILGFVFTL,10x,5,0.15593946,0.0
5902,GILGFVFTL,positive,5,0.9998677,1.0
3101,GILGFVFTL,10x,5,0.09443539,0.0
6592,GILGFVFTL,10x,5,0.16366437,0.0
1693,GILGFVFTL,positive,5,0.9999994,1.0
3956,NLVPMVATV,swapped_3028,5,0.27574077,0.0
2155,GILGFVFTL,10x,5,0.07977988,0.0
3953,NLVPMVATV,swapped_2746,5,0.2715078,0.0
3657,GILGFVFTL,10x,5,0.31638485,0.0
2884,GILGFVFTL,positive,5,0.9982128,1.0
3678,GILGFVFTL,10x,5,0.8007111,0.0
2860,GILGFVFTL,positive,5,0.99999917,1.0
3873,MLDLQPETT,swapped_3047,5,0.43887264,0.0
4240,GILGFVFTL,positive,5,0.9998698,1.0
3140,GLCTLVAML,10x,5,0.523232,0.0
3155,GILGFVFTL,10x,5,0.23119785,0.0
5479,GILGFVFTL,swapped_4342,5,0.039078463,0.0
5906,GILGFVFTL,positive,5,0.99935335,1.0
754,GILGFVFTL,10x,5,0.2657997,0.0
3219,GILGFVFTL,10x,5,0.92045623,0.0
4257,GILGFVFTL,positive,5,0.998376,1.0
6523,GILGFVFTL,10x,5,0.93159825,0.0
400,GILGFVFTL,10x,5,0.11842384,0.0
2372,LLFGYPVYV,10x,5,0.452533,0.0
1138,NLVPMVATV,10x,5,0.4844098,0.0
2309,GILGFVFTL,10x,5,0.31544676,0.0
217,GILGFVFTL,positive,5,0.9570149,1.0
514,GILGFVFTL,10x,5,0.14954334,0.0
2296,GLCTLVAML,10x,5,0.004416407,0.0
3192,GILGFVFTL,10x,5,0.20257193,0.0
4129,GLCTLVAML,swapped_2711,5,0.007804936,0.0
22,FLYALALLL,positive,5,0.9705066,1.0
1999,GILGFVFTL,10x,5,0.14840853,0.0
4186,GILGFVFTL,positive,5,0.09782541,1.0
3603,GILGFVFTL,10x,5,0.13029759,0.0
3195,GILGFVFTL,10x,5,0.08786147,0.0
1153,NLVPMVATV,swapped_133,5,0.004636049,0.0
2901,GILGFVFTL,positive,5,0.3234028,1.0
5776,GLCTLVAML,positive,5,0.87787,1.0
5668,GLCTLVAML,swapped_4381,5,1.4082364e-05,0.0
5965,GILGFVFTL,positive,5,0.99999857,1.0
196,GILGFVFTL,positive,5,0.99577445,1.0
5481,GLCTLVAML,swapped_4485,5,0.9616526,0.0
2551,GILGFVFTL,swapped_1777,5,0.16292223,0.0
5151,GILGFVFTL,10x,5,0.16842003,0.0
1690,GLCTLVAML,positive,5,0.8628014,1.0
2459,GLCTLVAML,swapped_1790,5,0.82681626,0.0
5233,GILGFVFTL,10x,5,0.5745835,0.0
3884,NLVPMVATV,swapped_2992,5,0.0019174899,0.0
1088,GILGFVFTL,10x,5,0.08365569,0.0
807,GILGFVFTL,10x,5,0.13514595,0.0
4431,NLVPMVATV,positive,5,0.452533,1.0
504,GILGFVFTL,10x,5,0.17091921,0.0
6131,SLLMWITQV,10x,5,0.452533,0.0
5314,RTLNAWVKV,10x,5,0.452533,0.0
6345,GLCTLVAML,10x,5,0.914013,0.0
392,GILGFVFTL,10x,5,0.041914057,0.0
1552,GLCTLVAML,positive,5,0.9337423,1.0
2689,GLCTLVAML,swapped_1749,5,0.05553264,0.0
3653,GILGFVFTL,10x,5,0.39774215,0.0
369,GILGFVFTL,positive,5,0.99971527,1.0
287,GILGFVFTL,positive,5,0.9999814,1.0
3869,NLVPMVATV,swapped_2989,5,2.194951e-05,0.0
1370,KVAELVHFL,swapped_323,5,0.452533,0.0
5527,GLCTLVAML,swapped_4186,5,0.9529133,0.0
4535,GLCTLVAML,positive,5,0.9854012,1.0
4223,NLVPMVATV,positive,5,0.46410394,1.0
6445,GILGFVFTL,10x,5,0.14817421,0.0
241,GILGFVFTL,positive,5,0.99994135,1.0
4891,GILGFVFTL,10x,5,0.31420687,0.0
855,GILGFVFTL,10x,5,0.26080194,0.0
1118,GILGFVFTL,10x,5,0.11741631,0.0
133,GILGFVFTL,positive,5,0.999014,1.0
6431,GILGFVFTL,10x,5,0.14387871,0.0
4706,GILGFVFTL,10x,5,0.0720464,0.0
3674,GILGFVFTL,10x,5,0.16976331,0.0
3665,GILGFVFTL,10x,5,0.51271284,0.0
2790,GILGFVFTL,positive,5,0.999859,1.0
4911,LLFGYPVYV,10x,5,0.47667047,0.0
1291,KTWGQYWQV,swapped_49,5,0.452533,0.0
933,GILGFVFTL,10x,5,0.13426954,0.0
2866,GILGFVFTL,positive,5,0.2866043,1.0
4754,GLCTLVAML,10x,5,0.0005681114,0.0
5102,GILGFVFTL,10x,5,0.10103789,0.0
1825,GLCTLVAML,10x,5,0.57548684,0.0
3347,GILGFVFTL,10x,5,0.17952894,0.0
4624,GILGFVFTL,10x,5,0.16559751,0.0
537,GILGFVFTL,10x,5,0.21403669,0.0
2799,GILGFVFTL,positive,5,0.89055634,1.0
1600,GILGFVFTL,positive,5,0.11588142,1.0
2827,GILGFVFTL,positive,5,0.14624383,1.0
1802,GILGFVFTL,positive,5,0.97032005,1.0
2511,GLCTLVAML,swapped_1672,5,0.00016093251,0.0
6127,GILGFVFTL,10x,5,0.07930504,0.0
1337,GILGFVFTL,swapped_156,5,0.37347654,0.0
2999,GILGFVFTL,positive,5,0.99995875,1.0
2876,MLDLQPETT,positive,5,0.46933034,1.0
2026,GILGFVFTL,10x,5,0.17347853,0.0
6455,GILGFVFTL,10x,5,0.09082418,0.0
1759,FLYALALLL,positive,5,0.8951774,1.0
5594,GILGFVFTL,swapped_4223,5,0.51283234,0.0
4215,GILGFVFTL,positive,5,0.3601553,1.0
2533,GILGFVFTL,swapped_1689,5,0.30609128,0.0
1929,GILGFVFTL,10x,5,0.12006553,0.0
1242,RTLNAWVKV,swapped_89,5,0.0071848645,0.0
1226,NLVPMVATV,swapped_160,5,0.00021647841,0.0
3271,GILGFVFTL,10x,5,0.069829516,0.0
5722,GILGFVFTL,positive,5,0.9999007,1.0
418,GLCTLVAML,10x,5,0.58060753,0.0
312,GILGFVFTL,positive,5,0.99999833,1.0
1117,GILGFVFTL,10x,5,0.20191127,0.0
491,NLVPMVATV,10x,5,0.452533,0.0
1169,RTLNAWVKV,swapped_47,5,0.452533,0.0
166,GLCTLVAML,positive,5,0.66537017,1.0
6167,RTLNAWVKV,10x,5,0.452533,0.0
2831,GILGFVFTL,positive,5,0.9999672,1.0
3031,GILGFVFTL,positive,5,0.99999917,1.0
2239,GILGFVFTL,10x,5,0.13422526,0.0
3292,SLFNTVATL,10x,5,0.48142007,0.0
2072,NLVPMVATV,10x,5,0.452533,0.0
2577,NLVPMVATV,swapped_1802,5,0.03217145,0.0
1627,GILGFVFTL,positive,5,0.99999046,1.0
1790,NLVPMVATV,positive,5,0.6347121,1.0
3560,GILGFVFTL,10x,5,0.23203081,0.0
141,GILGFVFTL,positive,5,0.99405706,1.0
4311,GILGFVFTL,positive,5,0.11586613,1.0
1276,GLCTLVAML,swapped_155,5,5.091393e-06,0.0
3222,GILGFVFTL,10x,5,0.09211548,0.0
2094,GLCTLVAML,10x,5,0.21929018,0.0
3998,GILGFVFTL,swapped_2944,5,0.14162146,0.0
6762,KTWGQYWQV,swapped_5868,5,0.26122716,0.0
2088,GILGFVFTL,10x,5,0.17493924,0.0
379,GILGFVFTL,positive,5,0.9998543,1.0
5979,GILGFVFTL,positive,5,0.9999981,1.0
3495,GLCTLVAML,10x,5,0.0212322,0.0
3390,GILGFVFTL,10x,5,0.22142717,0.0
1311,NLVPMVATV,swapped_119,5,0.0003354582,0.0
3542,GILGFVFTL,10x,5,0.580632,0.0
849,GILGFVFTL,10x,5,0.07924311,0.0
1157,GILGFVFTL,swapped_210,5,0.2700839,0.0
156,NLVPMVATV,positive,5,0.28034645,1.0
6265,GLCTLVAML,10x,5,0.49396417,0.0
641,GILGFVFTL,10x,5,0.421161,0.0
2469,MLDLQPETT,swapped_1726,5,0.45167366,0.0
3927,FLYALALLL,swapped_2923,5,0.3486064,0.0
4810,GILGFVFTL,10x,5,0.18802963,0.0
3116,GILGFVFTL,10x,5,0.8668616,0.0
1709,GILGFVFTL,positive,5,0.9993316,1.0
5436,IMDQVPFSV,swapped_4374,5,0.00040893466,0.0
2185,NLVPMVATV,10x,5,0.452533,0.0
1041,GLCTLVAML,10x,5,1.8981355e-07,0.0
3648,GILGFVFTL,10x,5,0.21674256,0.0
6437,GILGFVFTL,10x,5,0.36238068,0.0
6252,GILGFVFTL,10x,5,0.075078614,0.0
5637,NLVPMVATV,swapped_4274,5,0.42417973,0.0
3751,NLVPMVATV,10x,5,0.452533,0.0
2247,GILGFVFTL,10x,5,0.28645107,0.0
4451,IMDQVPFSV,positive,5,0.452533,1.0
3969,GLCTLVAML,swapped_2846,5,1.9653726e-05,0.0
1448,FLYALALLL,swapped_107,5,0.00019014535,0.0
6274,GILGFVFTL,10x,5,0.18655483,0.0
4228,GILGFVFTL,positive,5,0.16690557,1.0
915,GILGFVFTL,10x,5,0.36380416,0.0
1272,GLCTLVAML,swapped_309,5,5.031372e-06,0.0
5038,GILGFVFTL,10x,5,0.12825608,0.0
1629,GILGFVFTL,positive,5,0.9987556,1.0
5795,GILGFVFTL,positive,5,0.99999964,1.0
2979,GILGFVFTL,positive,5,0.99999917,1.0
6338,GILGFVFTL,10x,5,0.42288196,0.0
1364,GLCTLVAML,swapped_111,5,4.134017e-05,0.0
2446,GILGFVFTL,swapped_1552,5,0.018800735,0.0
283,GILGFVFTL,positive,5,0.99998105,1.0
3983,KVLEYVIKV,swapped_2888,5,0.4773772,0.0
3287,GILGFVFTL,10x,5,0.1612279,0.0
2789,GILGFVFTL,positive,5,0.992415,1.0
3181,GILGFVFTL,10x,5,0.20721842,0.0
709,GILGFVFTL,10x,5,0.14292099,0.0
627,GLCTLVAML,10x,5,0.10004733,0.0
4634,GILGFVFTL,10x,5,0.11153744,0.0
3351,NLVPMVATV,10x,5,0.44942725,0.0
6534,GILGFVFTL,10x,5,0.14919007,0.0
1371,LLFGYPVYV,swapped_38,5,0.452533,0.0
5870,GILGFVFTL,positive,5,0.99999905,1.0
1060,GILGFVFTL,10x,5,0.07697393,0.0
4991,GILGFVFTL,10x,5,0.054148994,0.0
6305,GILGFVFTL,10x,5,0.22732355,0.0
5606,GILGFVFTL,swapped_4471,5,0.11967625,0.0
2698,GILGFVFTL,positive,5,0.0998455,1.0
2348,GILGFVFTL,10x,5,0.071708776,0.0
594,FLYALALLL,10x,5,0.113956675,0.0
2613,LLFGYPVYV,swapped_1679,5,0.006196369,0.0
2036,RTLNAWVKV,10x,5,0.45047063,0.0
1375,GLCTLVAML,swapped_272,5,0.0045053274,0.0
6391,GILGFVFTL,10x,5,0.16065869,0.0
3837,NLVPMVATV,swapped_2974,5,0.32030454,0.0
344,GLCTLVAML,positive,5,0.9852019,1.0
24,GILGFVFTL,positive,5,0.99877363,1.0
1289,NLVPMVATV,swapped_187,5,0.0144239385,0.0
3008,GLCTLVAML,positive,5,0.9630641,1.0
3481,GILGFVFTL,10x,5,0.22914885,0.0
1474,NLVPMVATV,swapped_21,5,0.000995893,0.0
5640,NLVPMVATV,swapped_4273,5,3.317608e-05,0.0
864,GILGFVFTL,10x,5,0.1560493,0.0
1862,GILGFVFTL,10x,5,0.24201931,0.0
5112,GILGFVFTL,10x,5,0.11283898,0.0
5740,GLCTLVAML,positive,5,0.793035,1.0
4771,GILGFVFTL,10x,5,0.07451221,0.0
5195,GILGFVFTL,10x,5,0.19050176,0.0
576,GILGFVFTL,10x,5,0.09391162,0.0
6741,NLVPMVATV,swapped_5760,5,0.0036105816,0.0
1777,NLVPMVATV,positive,5,0.452533,1.0
6518,GILGFVFTL,10x,5,0.3852727,0.0
3493,GLCTLVAML,10x,5,0.17593813,0.0
3882,GLCTLVAML,swapped_2895,5,3.4777206e-06,0.0
5662,FLYALALLL,swapped_4431,5,0.17842412,0.0
1672,GILGFVFTL,positive,5,0.9990728,1.0
3419,GILGFVFTL,10x,5,0.1995395,0.0
5658,GLCTLVAML,swapped_4252,5,0.031220617,0.0
1742,GILGFVFTL,positive,5,0.99999917,1.0
690,SLFNTVATL,10x,5,0.2170292,0.0
3075,GILGFVFTL,10x,5,0.20078987,0.0
696,GLCTLVAML,10x,5,0.30792794,0.0
883,GILGFVFTL,10x,5,0.3993006,0.0
4780,GILGFVFTL,10x,5,0.36537078,0.0
1006,GILGFVFTL,10x,5,0.0729357,0.0
2549,GILGFVFTL,swapped_1770,5,0.20822713,0.0
3019,GILGFVFTL,positive,5,0.99998534,1.0
1244,NLVPMVATV,swapped_150,5,0.00046872062,0.0
3717,GILGFVFTL,10x,5,0.1419743,0.0
2691,NLVPMVATV,swapped_1600,5,0.44678572,0.0
2944,NLVPMVATV,positive,5,0.47194833,1.0
5520,MLDLQPETT,swapped_4243,5,4.690459e-05,0.0
1446,KVAELVHFL,swapped_318,5,0.0026799059,0.0
5932,GILGFVFTL,positive,5,0.9071691,1.0
33,GLCTLVAML,positive,5,0.988938,1.0
1723,NLVPMVATV,positive,5,0.4434605,1.0
5674,GILGFVFTL,swapped_4451,5,0.38347873,0.0
5116,GILGFVFTL,10x,5,0.1538617,0.0
938,GLCTLVAML,10x,5,0.28692538,0.0
4004,IMDQVPFSV,swapped_3031,5,0.0007179699,0.0
1820,GILGFVFTL,10x,5,0.15197359,0.0
3186,NLVPMVATV,10x,5,0.45199934,0.0
6177,GILGFVFTL,10x,5,0.12620184,0.0
3489,GILGFVFTL,10x,5,0.10490908,0.0
6571,GILGFVFTL,10x,5,0.17680351,0.0
137,NLVPMVATV,positive,5,0.452533,1.0
918,GILGFVFTL,10x,5,0.10899725,0.0
3910,GLCTLVAML,swapped_2698,5,0.9253636,0.0
4512,GLCTLVAML,positive,5,0.7205005,1.0
4464,NLVPMVATV,positive,5,0.9419965,1.0
4737,GILGFVFTL,10x,5,0.127058,0.0
4587,GILGFVFTL,10x,5,0.48785442,0.0
1873,MLDLQPETT,10x,5,0.3671478,0.0
6670,NLVPMVATV,swapped_5946,5,0.0027926725,0.0
3930,GLCTLVAML,swapped_2807,5,0.32620242,0.0
5990,GILGFVFTL,positive,5,0.9999974,1.0
6303,GILGFVFTL,10x,5,0.1473504,0.0
3639,GILGFVFTL,10x,5,0.49221328,0.0
1852,GILGFVFTL,10x,5,0.40262267,0.0
6016,GILGFVFTL,10x,5,0.09543046,0.0
2203,GILGFVFTL,10x,5,0.25410432,0.0
5276,GILGFVFTL,10x,5,0.15649666,0.0
6441,GLCTLVAML,10x,5,0.116896436,0.0
3756,GILGFVFTL,10x,5,0.09277082,0.0
4041,NLVPMVATV,swapped_2799,5,0.09252159,0.0
5217,GILGFVFTL,10x,5,0.32274124,0.0
273,NLVPMVATV,positive,5,0.4386943,1.0
2807,GILGFVFTL,positive,5,0.20623921,1.0
4670,GILGFVFTL,10x,5,0.82132834,0.0
2228,GILGFVFTL,10x,5,0.36534324,0.0
763,GILGFVFTL,10x,5,0.10203723,0.0
2160,FLYALALLL,10x,5,0.018209165,0.0
1091,GILGFVFTL,10x,5,0.864998,0.0
3626,RMFPNAPYL,10x,5,0.452533,0.0
6771,GILGFVFTL,swapped_5876,5,0.0834651,0.0
4160,GILGFVFTL,swapped_2948,5,0.18996431,0.0
685,GILGFVFTL,10x,5,0.07014381,0.0
2832,GILGFVFTL,positive,5,0.9999974,1.0
4703,NLVPMVATV,10x,5,0.46484202,0.0
4063,NLVPMVATV,swapped_2901,5,0.39397216,0.0
1671,GILGFVFTL,positive,5,0.996424,1.0
6120,GLCTLVAML,10x,5,0.60715115,0.0
3278,GLCTLVAML,10x,5,0.04469165,0.0
4485,GILGFVFTL,positive,5,0.0628127,1.0
4521,GILGFVFTL,positive,5,0.99989474,1.0
3041,GLCTLVAML,positive,5,0.9861377,1.0
2012,GILGFVFTL,10x,5,0.55422366,0.0
3826,GLCTLVAML,swapped_2701,5,4.3716345e-06,0.0
1298,KVLEYVIKV,swapped_268,5,0.4533224,0.0
1429,MLDLQPETT,swapped_45,5,3.8845665e-05,0.0
6237,GLCTLVAML,10x,5,0.18469648,0.0
1736,NLVPMVATV,positive,5,0.94995964,1.0
1490,GILGFVFTL,swapped_169,5,0.380164,0.0
6905,RMFPNAPYL,swapped_5902,5,0.032050174,0.0
5630,GLCTLVAML,swapped_4215,5,0.03070408,0.0
2711,GILGFVFTL,positive,5,0.99822634,1.0
3698,GILGFVFTL,10x,5,0.17080495,0.0
5717,GILGFVFTL,positive,5,0.9999367,1.0
3286,NLVPMVATV,10x,5,0.452533,0.0
6221,FLYALALLL,10x,5,0.5127837,0.0
3130,NLVPMVATV,10x,5,0.44707492,0.0
667,LLFGYPVYV,10x,5,0.452533,0.0
751,GILGFVFTL,10x,5,0.10241766,0.0
2635,RTLNAWVKV,swapped_1800,5,0.44524777,0.0
1345,GLCTLVAML,swapped_365,5,0.003532927,0.0
4919,GILGFVFTL,10x,5,0.20784499,0.0
1137,GLCTLVAML,10x,5,5.9601903e-06,0.0
2430,GILGFVFTL,swapped_1547,5,0.046195507,0.0
4374,GILGFVFTL,positive,5,0.9999925,1.0
931,MLDLQPETT,10x,5,0.43917993,0.0
5604,GLCTLVAML,swapped_4397,5,0.05976939,0.0
1310,FLYALALLL,swapped_283,5,5.975045e-05,0.0
424,GLCTLVAML,10x,5,0.1615498,0.0
5686,RMFPNAPYL,swapped_4295,5,0.00028514798,0.0
1393,KLQCVDLHV,swapped_349,5,0.93183583,0.0
1455,GLCTLVAML,swapped_58,5,0.19378927,0.0
5363,GLCTLVAML,swapped_4312,5,2.2233882e-05,0.0
1727,GILGFVFTL,positive,5,0.9999168,1.0
4830,GLCTLVAML,10x,5,0.87614733,0.0
6124,GILGFVFTL,10x,5,0.22516675,0.0
2464,GLCTLVAML,swapped_1778,5,0.00030676206,0.0
3970,GILGFVFTL,swapped_2804,5,0.11897347,0.0
3848,GLCTLVAML,swapped_2973,5,1.7178036e-05,0.0
3225,GILGFVFTL,10x,5,0.27873516,0.0
3770,GILGFVFTL,10x,5,0.26604825,0.0
3115,NLVPMVATV,10x,5,0.45224312,0.0
3383,GILGFVFTL,10x,5,0.2768464,0.0
2009,GILGFVFTL,10x,5,0.35094327,0.0
4067,NLVPMVATV,swapped_2808,5,0.03971654,0.0
6360,GILGFVFTL,10x,5,0.42310604,0.0
2923,GILGFVFTL,positive,5,0.20904213,1.0
3594,GILGFVFTL,10x,5,0.07855368,0.0
5241,GILGFVFTL,10x,5,0.17605588,0.0
3444,GILGFVFTL,10x,5,0.1558554,0.0
2853,GILGFVFTL,positive,5,0.99998486,1.0
19,GILGFVFTL,positive,5,0.9976655,1.0
5816,NLVPMVATV,positive,5,0.7200603,1.0
6853,GLCTLVAML,swapped_5906,5,0.00046923922,0.0
3486,GILGFVFTL,10x,5,0.09859866,0.0
1788,GILGFVFTL,positive,5,0.9982468,1.0
454,GILGFVFTL,10x,5,0.43755394,0.0
5875,GILGFVFTL,positive,5,0.99937207,1.0
3920,NLVPMVATV,swapped_3056,5,0.014033141,0.0
4509,GILGFVFTL,positive,5,0.17757595,1.0
2701,GILGFVFTL,positive,5,0.9999982,1.0
2852,GLCTLVAML,positive,5,0.9861519,1.0
5878,LLFGYPVYV,positive,5,0.452533,1.0
308,GILGFVFTL,positive,5,0.9138385,1.0
2512,NLVPMVATV,swapped_1766,5,0.0044663143,0.0
4083,GLCTLVAML,swapped_2859,5,0.017497536,0.0
3856,NLVPMVATV,swapped_2725,5,0.0019263367,0.0
5639,NLVPMVATV,swapped_4281,5,0.00028085423,0.0
1205,GLCTLVAML,swapped_369,5,0.00014162065,0.0
4137,KTWGQYWQV,swapped_2912,5,0.4577093,0.0
3303,GILGFVFTL,10x,5,0.120130844,0.0
6392,GILGFVFTL,10x,5,0.14257948,0.0
741,GILGFVFTL,10x,5,0.19755861,0.0
365,GILGFVFTL,positive,5,0.9984505,1.0
4005,NLVPMVATV,swapped_3044,5,0.0001983343,0.0
3368,LLFGYPVYV,10x,5,0.4230067,0.0
601,GILGFVFTL,10x,5,0.1219701,0.0
499,GILGFVFTL,10x,5,0.3782718,0.0
1322,GILGFVFTL,swapped_344,5,0.03521941,0.0
3215,GILGFVFTL,10x,5,0.19408907,0.0
4960,RTLNAWVKV,10x,5,0.452533,0.0
1361,NLVPMVATV,swapped_317,5,1.3944781e-05,0.0
6244,GILGFVFTL,10x,5,0.117474556,0.0
6790,KTWGQYWQV,swapped_5792,5,0.452533,0.0
2804,FLYALALLL,positive,5,0.84733355,1.0
3798,GILGFVFTL,10x,5,0.14269064,0.0
1348,NLVPMVATV,swapped_141,5,0.04585298,0.0
539,GILGFVFTL,10x,5,0.1768855,0.0
4795,NLVPMVATV,10x,5,0.723123,0.0
1204,GILGFVFTL,swapped_190,5,0.22228803,0.0
6236,NLVPMVATV,10x,5,0.452533,0.0
1099,GILGFVFTL,10x,5,0.20234713,0.0
1922,GILGFVFTL,10x,5,0.20302913,0.0
227,GILGFVFTL,positive,5,0.41770443,1.0
3294,GILGFVFTL,10x,5,0.115597144,0.0
3280,NLVPMVATV,10x,5,0.452533,0.0
2897,GLCTLVAML,positive,5,0.24005602,1.0
3252,GLCTLVAML,10x,5,0.2851318,0.0
4435,GILGFVFTL,positive,5,0.081867225,1.0
2432,GILGFVFTL,swapped_1714,5,0.5861248,0.0
2255,GILGFVFTL,10x,5,0.09944507,0.0
2070,GILGFVFTL,10x,5,0.18183716,0.0
1243,RTLNAWVKV,swapped_320,5,0.003161439,0.0
272,GILGFVFTL,positive,5,0.9669575,1.0
6423,NLVPMVATV,10x,5,0.452533,0.0
3122,GILGFVFTL,10x,5,0.34075797,0.0
1872,GILGFVFTL,10x,5,0.08441985,0.0
5677,GLCTLVAML,swapped_4354,5,6.303386e-07,0.0
34,GILGFVFTL,positive,5,0.9999989,1.0
736,GILGFVFTL,10x,5,0.29502407,0.0
1689,NLVPMVATV,positive,5,0.34643203,1.0
4236,GLCTLVAML,positive,5,0.13903546,1.0
5935,GILGFVFTL,positive,5,0.97951823,1.0
6796,GILGFVFTL,swapped_5989,5,0.25016144,0.0
6152,GILGFVFTL,10x,5,0.26176572,0.0
5182,GILGFVFTL,10x,5,0.107489094,0.0
121,GILGFVFTL,positive,5,0.5858188,1.0
145,GILGFVFTL,positive,5,0.98304546,1.0
975,GILGFVFTL,10x,5,0.14210458,0.0
6844,SLFNTVATL,swapped_5870,5,0.00011392797,0.0
5208,GILGFVFTL,10x,5,0.4101344,0.0
3522,GILGFVFTL,10x,5,0.14863162,0.0
6100,GILGFVFTL,10x,5,0.12714864,0.0
1340,GLCTLVAML,swapped_167,5,0.03678576,0.0
6036,FLYALALLL,10x,5,0.10446039,0.0
4898,GILGFVFTL,10x,5,0.3696373,0.0
471,GILGFVFTL,10x,5,0.14498594,0.0
949,GILGFVFTL,10x,5,0.065290526,0.0
4515,GILGFVFTL,positive,5,0.99965894,1.0
3775,GILGFVFTL,10x,5,0.21773463,0.0
2107,GILGFVFTL,10x,5,0.12198521,0.0
1389,GILGFVFTL,swapped_18,5,0.02204415,0.0
3333,FLYALALLL,10x,5,0.10842815,0.0
1554,GILGFVFTL,positive,5,0.9985331,1.0
6889,YLLEMLWRL,swapped_5969,5,0.074882135,0.0
3028,GILGFVFTL,positive,5,0.9506079,1.0
2761,GILGFVFTL,positive,5,0.9999596,1.0
4328,GILGFVFTL,positive,5,0.9590682,1.0
3685,GILGFVFTL,10x,5,0.3475457,0.0
564,GILGFVFTL,10x,5,0.117659755,0.0
6703,GILGFVFTL,swapped_6001,5,0.09200836,0.0
1949,GILGFVFTL,10x,5,0.51276374,0.0
1144,GLCTLVAML,swapped_249,5,1.3566476e-05,0.0
437,GILGFVFTL,10x,5,0.121819444,0.0
317,GILGFVFTL,positive,5,0.9999994,1.0
3624,IMDQVPFSV,10x,5,0.4095704,0.0
3118,GLCTLVAML,10x,5,0.597816,0.0
4749,GILGFVFTL,10x,5,0.11080409,0.0
5401,NLVPMVATV,swapped_4413,5,4.905316e-05,0.0
3051,GILGFVFTL,positive,5,0.9999924,1.0
5737,GLCTLVAML,positive,5,0.9840296,1.0
4185,GILGFVFTL,positive,5,0.9999374,1.0
3641,GILGFVFTL,10x,5,0.073253445,0.0
3068,GILGFVFTL,10x,5,0.2459921,0.0
3706,GILGFVFTL,10x,5,0.10846293,0.0
111,GILGFVFTL,positive,5,0.9997863,1.0
5061,NLVPMVATV,10x,5,0.452533,0.0
5540,GILGFVFTL,swapped_4512,5,0.07031914,0.0
5231,GLCTLVAML,10x,5,0.94877464,0.0
3400,SLLMWITQV,10x,5,0.452533,0.0
1800,GILGFVFTL,positive,5,0.9808796,1.0
6183,GLCTLVAML,10x,5,0.001006506,0.0
1838,NLVPMVATV,10x,5,0.6594655,0.0
1776,GILGFVFTL,positive,5,0.12534085,1.0
926,GILGFVFTL,10x,5,0.044238307,0.0
3732,GILGFVFTL,10x,5,0.3074547,0.0
256,GILGFVFTL,positive,5,0.9998098,1.0
1274,LLFGYPVYV,swapped_263,5,0.325958,0.0
249,GILGFVFTL,positive,5,0.9999988,1.0
6243,GILGFVFTL,10x,5,0.051749576,0.0
3813,GILGFVFTL,swapped_2730,5,0.24213722,0.0
1381,NLVPMVATV,swapped_289,5,8.543592e-05,0.0
2173,GILGFVFTL,10x,5,0.11508281,0.0
1279,GLCTLVAML,swapped_34,5,3.922333e-06,0.0
4350,GILGFVFTL,positive,5,0.9999927,1.0
4396,NLVPMVATV,positive,5,0.452533,1.0
1675,FLYALALLL,positive,5,0.9620581,1.0
5597,GILGFVFTL,swapped_4464,5,0.25406528,0.0
3135,GILGFVFTL,10x,5,0.9422718,0.0
5132,GILGFVFTL,10x,5,0.11636072,0.0
1208,GLCTLVAML,swapped_217,5,0.009523498,0.0
3523,GILGFVFTL,10x,5,0.11793415,0.0
675,GILGFVFTL,10x,5,0.16452181,0.0
2693,GILGFVFTL,swapped_1759,5,0.0621897,0.0
6425,GLCTLVAML,10x,5,0.14918496,0.0
6563,NLVPMVATV,10x,5,0.452533,0.0
6320,GILGFVFTL,10x,5,0.20375195,0.0
86,GILGFVFTL,positive,5,0.9999963,1.0
1258,NLVPMVATV,swapped_92,5,0.007781626,0.0
3765,GILGFVFTL,10x,5,0.46871057,0.0
5513,GLCTLVAML,swapped_4292,5,0.020576142,0.0
6819,NLVPMVATV,swapped_5937,5,0.00011617319,0.0
1770,NLVPMVATV,positive,5,0.452533,1.0
4121,NLVPMVATV,swapped_2763,5,0.000106595944,0.0
1970,GILGFVFTL,10x,5,0.18688346,0.0
6481,LLFGYPVYV,10x,5,0.44732058,0.0
1564,NLVPMVATV,positive,5,0.94280344,1.0
167,GILGFVFTL,positive,5,0.39540347,1.0
4312,GILGFVFTL,positive,5,0.9999964,1.0
469,RMFPNAPYL,10x,5,0.452533,0.0
5974,GILGFVFTL,positive,5,0.47845837,1.0
4141,NLVPMVATV,swapped_2962,5,0.0025357879,0.0
5032,GILGFVFTL,10x,5,0.20067488,0.0
1010,GILGFVFTL,10x,5,0.091496274,0.0
4976,GILGFVFTL,10x,5,0.24318773,0.0
6079,GILGFVFTL,10x,5,0.52152425,0.0
2788,GILGFVFTL,positive,5,0.99999917,1.0
5278,GILGFVFTL,10x,5,0.05609314,0.0
887,GLCTLVAML,10x,5,0.7254951,0.0
3151,GILGFVFTL,10x,5,0.2231647,0.0
869,GILGFVFTL,10x,5,0.23661101,0.0
2395,GILGFVFTL,10x,5,0.15189497,0.0
5403,GLCTLVAML,swapped_4277,5,7.283365e-06,0.0
2393,GILGFVFTL,10x,5,0.33773774,0.0
5598,SLLMWITQV,swapped_4214,5,6.4697066e-05,0.0
3725,GILGFVFTL,10x,5,0.09234315,0.0
3921,NLVPMVATV,swapped_2977,5,1.1400612e-05,0.0
1867,GILGFVFTL,10x,5,0.14040455,0.0
4721,GILGFVFTL,10x,5,0.1825499,0.0
5013,GILGFVFTL,10x,5,0.06703323,0.0
6178,NLVPMVATV,10x,5,0.4510574,0.0
6668,GLCTLVAML,swapped_5862,5,0.53331155,0.0
2646,NLVPMVATV,swapped_1625,5,0.9183398,0.0
4705,GILGFVFTL,10x,5,0.042778417,0.0
2674,NLVPMVATV,swapped_1788,5,0.04687099,0.0
4427,NLVPMVATV,positive,5,0.804764,1.0
4056,RMFPNAPYL,swapped_2853,5,0.00091252767,0.0
6387,NLVPMVATV,10x,5,0.38641727,0.0
4031,FLYALALLL,swapped_2943,5,7.9425666e-07,0.0
3893,NLVPMVATV,swapped_2933,5,0.31468093,0.0
3378,GILGFVFTL,10x,5,0.29558763,0.0
6429,SLFNTVATL,10x,5,0.5462927,0.0
1624,GILGFVFTL,positive,5,0.81545573,1.0
5312,GLCTLVAML,10x,5,0.093198694,0.0
4645,GLCTLVAML,10x,5,0.8503868,0.0
5809,GILGFVFTL,positive,5,0.96977085,1.0
4040,GLCTLVAML,swapped_2794,5,0.0012818328,0.0
5186,LLFGYPVYV,10x,5,0.452533,0.0
2110,LLFGYPVYV,10x,5,0.452533,0.0
785,GLCTLVAML,10x,5,0.024419095,0.0
5624,GLCTLVAML,swapped_4290,5,0.35644954,0.0
4849,GILGFVFTL,10x,5,0.4929333,0.0
5176,GILGFVFTL,10x,5,0.17464778,0.0
4824,GILGFVFTL,10x,5,0.106069915,0.0
5146,GILGFVFTL,10x,5,0.06658332,0.0
1399,GLCTLVAML,swapped_151,5,9.061892e-05,0.0
1911,GILGFVFTL,10x,5,0.9309965,0.0
5732,GILGFVFTL,positive,5,0.9999609,1.0
4908,GLCTLVAML,10x,5,0.4081262,0.0
6201,GILGFVFTL,10x,5,0.29166922,0.0
6021,LLFGYPVYV,10x,5,0.48016712,0.0
1919,GILGFVFTL,10x,5,0.15799117,0.0
2962,GILGFVFTL,positive,5,0.9992349,1.0
362,GILGFVFTL,positive,5,0.13115712,1.0
309,GILGFVFTL,positive,5,0.99999917,1.0
6233,GILGFVFTL,10x,5,0.32461682,0.0
229,GILGFVFTL,positive,5,0.9995442,1.0
5004,GILGFVFTL,10x,5,0.2572826,0.0
1115,GILGFVFTL,10x,5,0.22731845,0.0
2468,NLVPMVATV,swapped_1627,5,3.1076892e-05,0.0
2801,GILGFVFTL,positive,5,0.9999894,1.0
1069,GILGFVFTL,10x,5,0.47666597,0.0
1164,GLCTLVAML,swapped_42,5,1.1341728e-05,0.0
2443,SLLMWITQV,swapped_1700,5,0.009018724,0.0
1210,GILGFVFTL,swapped_339,5,0.042137142,0.0
4205,GILGFVFTL,positive,5,0.7114772,1.0
3339,GILGFVFTL,10x,5,0.3471745,0.0
5108,GILGFVFTL,10x,5,0.18632402,0.0
1979,GILGFVFTL,10x,5,0.1630254,0.0
5223,GILGFVFTL,10x,5,0.121569335,0.0
2486,GLCTLVAML,swapped_1702,5,0.00026353437,0.0
2167,GILGFVFTL,10x,5,0.07979355,0.0
1522,LLFGYPVYV,swapped_186,5,0.5472463,0.0
1215,NLVPMVATV,swapped_257,5,0.009352837,0.0
934,GILGFVFTL,10x,5,0.51495975,0.0
6037,GILGFVFTL,10x,5,0.6759621,0.0
6660,GILGFVFTL,swapped_5790,5,0.0173294,0.0
5525,GLCTLVAML,swapped_4316,5,0.23601757,0.0
5080,GILGFVFTL,10x,5,0.056056388,0.0
2731,GILGFVFTL,positive,5,0.9999676,1.0
4753,GILGFVFTL,10x,5,0.25843826,0.0
4445,GILGFVFTL,positive,5,0.99454236,1.0
3189,GILGFVFTL,10x,5,0.21575682,0.0
1702,GILGFVFTL,positive,5,0.9980661,1.0
6874,GILGFVFTL,swapped_5970,5,0.1661785,0.0
4580,GILGFVFTL,10x,5,0.15429875,0.0
1890,GLCTLVAML,10x,5,0.16598687,0.0
6039,GILGFVFTL,10x,5,0.11346641,0.0
6594,GLCTLVAML,10x,5,0.08689415,0.0
2974,GILGFVFTL,positive,5,0.55535066,1.0
4599,GLCTLVAML,10x,5,0.95727134,0.0
2024,GILGFVFTL,10x,5,0.10709976,0.0
551,GILGFVFTL,10x,5,0.6707284,0.0
5029,NLVPMVATV,10x,5,0.44671255,0.0
4274,KTWGQYWQV,positive,5,0.452533,1.0
3231,RTLNAWVKV,10x,5,0.452533,0.0
1250,GLCTLVAML,swapped_312,5,1.0481873e-05,0.0
443,KTWGQYWQV,10x,5,0.452533,0.0
2739,GILGFVFTL,positive,5,0.9998772,1.0
6056,GLCTLVAML,10x,5,0.32917657,0.0
6319,GILGFVFTL,10x,5,0.14737548,0.0
2066,GILGFVFTL,10x,5,0.22779526,0.0
3538,GILGFVFTL,10x,5,0.079981074,0.0
2032,GILGFVFTL,10x,5,0.30234584,0.0
991,GLCTLVAML,swapped_73,5,0.42792502,0.0
4252,GILGFVFTL,positive,5,0.8875197,1.0
3824,GLCTLVAML,swapped_2999,5,0.00016451094,0.0
588,NLVPMVATV,10x,5,0.452533,0.0
966,IMDQVPFSV,10x,5,0.452533,0.0
3705,FLYALALLL,10x,5,0.11023248,0.0
5862,GILGFVFTL,positive,5,0.07409477,1.0
6725,NLVPMVATV,swapped_5728,5,0.452533,0.0
5249,RTLNAWVKV,10x,5,0.452533,0.0
1990,GILGFVFTL,10x,5,0.057434097,0.0
1379,LLFGYPVYV,swapped_341,5,0.41314232,0.0
3152,NLVPMVATV,10x,5,0.337743,0.0
119,GILGFVFTL,positive,5,0.9999726,1.0
4619,GILGFVFTL,10x,5,0.06868031,0.0
2846,GILGFVFTL,positive,5,0.9999291,1.0
6827,GLCTLVAML,swapped_5769,5,0.0008578794,0.0
2189,GILGFVFTL,10x,5,0.3800301,0.0
4555,GILGFVFTL,positive,5,0.3408602,1.0
5211,GILGFVFTL,10x,5,0.1339382,0.0
3783,GILGFVFTL,10x,5,0.078058794,0.0
6018,RMFPNAPYL,10x,5,0.452533,0.0
3241,GILGFVFTL,10x,5,0.16953681,0.0
3326,GILGFVFTL,10x,5,0.29295075,0.0
4238,SLLMWITQV,positive,5,0.47370788,1.0
5067,GILGFVFTL,10x,5,0.066131525,0.0
483,GILGFVFTL,10x,5,0.034824025,0.0
3440,GILGFVFTL,10x,5,0.26831323,0.0
1946,GLCTLVAML,10x,5,0.79426205,0.0
38,GILGFVFTL,positive,5,0.24868274,1.0
3995,NLVPMVATV,swapped_3055,5,1.2226385e-05,0.0
4962,GILGFVFTL,10x,5,0.5825463,0.0
3773,GILGFVFTL,10x,5,0.4111865,0.0
65,NLVPMVATV,positive,5,0.4178665,1.0
4118,GLCTLVAML,swapped_2866,5,0.112864904,0.0
5306,GILGFVFTL,10x,5,0.09081634,0.0
1135,GLCTLVAML,10x,5,0.20306341,0.0
2467,GLCTLVAML,swapped_1742,5,6.202815e-07,0.0
671,GILGFVFTL,10x,5,0.23509781,0.0
2257,GILGFVFTL,10x,5,0.23116918,0.0
151,GILGFVFTL,positive,5,0.99924845,1.0
1837,RMFPNAPYL,10x,5,0.452533,0.0
354,GILGFVFTL,positive,5,0.9999995,1.0
3702,GLCTLVAML,10x,5,0.187547,0.0
3266,GILGFVFTL,10x,5,0.3500877,0.0
2053,GILGFVFTL,10x,5,0.28449473,0.0
1519,FLYALALLL,swapped_203,5,0.3756438,0.0
3743,GILGFVFTL,10x,5,0.19285946,0.0
1078,SLLMWITQV,10x,5,0.452533,0.0
4915,GILGFVFTL,10x,5,0.898219,0.0
5071,NLVPMVATV,10x,5,0.4486487,0.0
6156,GILGFVFTL,10x,5,0.115166724,0.0
1014,GILGFVFTL,10x,5,0.05402301,0.0
4641,GILGFVFTL,10x,5,0.10152195,0.0
3405,GILGFVFTL,10x,5,0.1744195,0.0
3796,GILGFVFTL,10x,5,0.18232857,0.0
2045,GILGFVFTL,10x,5,0.19452444,0.0
664,GILGFVFTL,10x,5,0.07330891,0.0
5871,GILGFVFTL,positive,5,0.999985,1.0
1686,FLYALALLL,positive,5,0.60546917,1.0
2090,GILGFVFTL,10x,5,0.12612842,0.0
3106,NLVPMVATV,10x,5,0.03054826,0.0
556,GILGFVFTL,10x,5,0.39990237,0.0
662,GILGFVFTL,10x,5,0.14134412,0.0
6709,GILGFVFTL,swapped_5755,5,0.04494423,0.0
3104,RTLNAWVKV,10x,5,0.452533,0.0
3988,GILGFVFTL,swapped_3008,5,0.029473394,0.0
4818,NLVPMVATV,10x,5,0.4701403,0.0
1807,FLYALALLL,positive,5,0.84540045,1.0
3575,GLCTLVAML,10x,5,0.18257676,0.0
2992,GILGFVFTL,positive,5,0.9997775,1.0
2662,YLLEMLWRL,swapped_1554,5,0.00025608944,0.0
2900,GILGFVFTL,positive,5,0.13895847,1.0
5930,NLVPMVATV,positive,5,0.83536714,1.0
5115,GILGFVFTL,10x,5,0.11853575,0.0
3055,GILGFVFTL,positive,5,0.99999714,1.0
645,YLLEMLWRL,10x,5,0.29674974,0.0
