6222,GILGFVFTL,10x,5,0.599953,0.0
2866,GILGFVFTL,positive,5,0.23773423,1.0
2110,LLFGYPVYV,10x,5,0.33417302,0.0
4277,GILGFVFTL,positive,5,0.17280844,1.0
190,NLVPMVATV,positive,5,0.44109905,1.0
931,MLDLQPETT,10x,5,0.45575434,0.0
3266,GILGFVFTL,10x,5,0.38513753,0.0
3823,GLCTLVAML,swapped_2731,5,0.16794746,0.0
1214,NLVPMVATV,swapped_241,5,0.16206305,0.0
6441,GLCTLVAML,10x,5,0.5230503,0.0
564,GILGFVFTL,10x,5,0.27056342,0.0
5096,NLVPMVATV,10x,5,0.25568804,0.0
2944,NLVPMVATV,positive,5,0.31396368,1.0
1825,GLCTLVAML,10x,5,0.40127936,0.0
5728,KTWGQYWQV,positive,5,0.14062388,1.0
2943,GILGFVFTL,positive,5,0.11179986,1.0
3948,GILGFVFTL,swapped_2699,5,0.6277934,0.0
5367,NLVPMVATV,swapped_4390,5,0.41446814,0.0
4321,GILGFVFTL,positive,5,0.14140818,1.0
1020,GILGFVFTL,10x,5,0.57076055,0.0
1297,GILGFVFTL,swapped_330,5,0.42824417,0.0
1324,MLDLQPETT,swapped_379,5,0.098910965,0.0
55,GLCTLVAML,positive,5,0.58968747,1.0
3796,GILGFVFTL,10x,5,0.4566893,0.0
2831,GILGFVFTL,positive,5,0.14696747,1.0
4019,NLVPMVATV,swapped_2830,5,0.18613322,0.0
6039,GILGFVFTL,10x,5,0.5633119,0.0
287,GILGFVFTL,positive,5,0.20664234,1.0
2711,GILGFVFTL,positive,5,0.3845867,1.0
1919,GILGFVFTL,10x,5,0.6179917,0.0
4546,GILGFVFTL,positive,5,0.1298349,1.0
4670,GILGFVFTL,10x,5,0.40928453,0.0
3751,NLVPMVATV,10x,5,0.5985758,0.0
4522,GILGFVFTL,positive,5,0.21120621,1.0
2167,GILGFVFTL,10x,5,0.5204477,0.0
6076,RMFPNAPYL,10x,5,0.52282107,0.0
3104,RTLNAWVKV,10x,5,0.454023,0.0
6146,NLVPMVATV,10x,5,0.38174576,0.0
2035,LLFGYPVYV,10x,5,0.2581023,0.0
918,GILGFVFTL,10x,5,0.6246299,0.0
5769,GILGFVFTL,positive,5,0.191136,1.0
1672,GILGFVFTL,positive,5,0.24934793,1.0
5667,GLCTLVAML,swapped_4396,5,0.40961105,0.0
4228,GILGFVFTL,positive,5,0.5621033,1.0
3493,GLCTLVAML,10x,5,0.11104924,0.0
622,KTWGQYWQV,10x,5,0.2549617,0.0
3598,GILGFVFTL,10x,5,0.41801608,0.0
2529,GLCTLVAML,swapped_1773,5,0.53180444,0.0
5650,NLVPMVATV,swapped_4499,5,0.1050889,0.0
166,GLCTLVAML,positive,5,0.46578217,1.0
1686,FLYALALLL,positive,5,0.15840535,1.0
5520,MLDLQPETT,swapped_4243,5,0.12925436,0.0
107,GILGFVFTL,positive,5,0.17973275,1.0
1736,NLVPMVATV,positive,5,0.655665,1.0
2253,GILGFVFTL,10x,5,0.13565251,0.0
2938,GILGFVFTL,positive,5,0.5642393,1.0
1387,NLVPMVATV,swapped_96,5,0.407977,0.0
855,GILGFVFTL,10x,5,0.22770563,0.0
150,GILGFVFTL,positive,5,0.18281396,1.0
1554,GILGFVFTL,positive,5,0.19735512,1.0
1171,GLCTLVAML,swapped_348,5,0.31959227,0.0
5211,GILGFVFTL,10x,5,0.555331,0.0
3719,GILGFVFTL,10x,5,0.5336346,0.0
3420,GLCTLVAML,10x,5,0.45142794,0.0
5243,MLDLQPETT,10x,5,0.6135365,0.0
47,GILGFVFTL,positive,5,0.62837046,1.0
1788,GILGFVFTL,positive,5,0.14085858,1.0
2236,YLLEMLWRL,10x,5,0.59948844,0.0
4661,GILGFVFTL,10x,5,0.57301396,0.0
1759,FLYALALLL,positive,5,0.3603536,1.0
6882,NLVPMVATV,swapped_5722,5,0.15197769,0.0
5144,GILGFVFTL,10x,5,0.35189927,0.0
4705,GILGFVFTL,10x,5,0.62881696,0.0
3118,GLCTLVAML,10x,5,0.468743,0.0
6336,GLCTLVAML,10x,5,0.49240676,0.0
2912,FLYALALLL,positive,5,0.5400657,1.0
1469,GLCTLVAML,swapped_290,5,0.5878386,0.0
4223,NLVPMVATV,positive,5,0.5178179,1.0
6563,NLVPMVATV,10x,5,0.5168657,0.0
5086,GILGFVFTL,10x,5,0.47134265,0.0
2725,GILGFVFTL,positive,5,0.36179882,1.0
1629,GILGFVFTL,positive,5,0.5693112,1.0
1834,GILGFVFTL,10x,5,0.3836938,0.0
3241,GILGFVFTL,10x,5,0.17558399,0.0
1864,GILGFVFTL,10x,5,0.26727933,0.0
4722,GILGFVFTL,10x,5,0.24584301,0.0
141,GILGFVFTL,positive,5,0.17028807,1.0
2160,FLYALALLL,10x,5,0.43167868,0.0
4043,GLCTLVAML,swapped_2892,5,0.56037366,0.0
203,GILGFVFTL,positive,5,0.58687925,1.0
1802,GILGFVFTL,positive,5,0.49271634,1.0
3280,NLVPMVATV,10x,5,0.61819196,0.0
1154,GILGFVFTL,swapped_65,5,0.59011036,0.0
256,GILGFVFTL,positive,5,0.19791445,1.0
6233,GILGFVFTL,10x,5,0.54355586,0.0
6265,GLCTLVAML,10x,5,0.4307392,0.0
6320,GILGFVFTL,10x,5,0.5990088,0.0
5795,GILGFVFTL,positive,5,0.125081,1.0
6721,GLCTLVAML,swapped_5809,5,0.38140604,0.0
6031,GILGFVFTL,10x,5,0.18663949,0.0
2613,LLFGYPVYV,swapped_1679,5,0.35434508,0.0
2203,GILGFVFTL,10x,5,0.6273672,0.0
393,GLCTLVAML,10x,5,0.47494954,0.0
1390,GILGFVFTL,swapped_273,5,0.61043656,0.0
4268,GLCTLVAML,positive,5,0.627833,1.0
4186,GILGFVFTL,positive,5,0.6290404,1.0
3400,SLLMWITQV,10x,5,0.13701324,0.0
3698,GILGFVFTL,10x,5,0.31007892,0.0
241,GILGFVFTL,positive,5,0.1623642,1.0
2199,GLCTLVAML,10x,5,0.45041186,0.0
6725,NLVPMVATV,swapped_5728,5,0.13815059,0.0
5707,GILGFVFTL,positive,5,0.10434145,1.0
4090,GLCTLVAML,swapped_3019,5,0.15023212,0.0
709,GILGFVFTL,10x,5,0.42650536,0.0
5614,GILGFVFTL,swapped_4439,5,0.60097605,0.0
542,GILGFVFTL,10x,5,0.5794195,0.0
869,GILGFVFTL,10x,5,0.5751097,0.0
290,GILGFVFTL,positive,5,0.5860818,1.0
2464,GLCTLVAML,swapped_1778,5,0.23638698,0.0
1809,GLCTLVAML,positive,5,0.54652745,1.0
1361,NLVPMVATV,swapped_317,5,0.14005339,0.0
341,GILGFVFTL,positive,5,0.60254294,1.0
3882,GLCTLVAML,swapped_2895,5,0.18899062,0.0
3911,GLCTLVAML,swapped_2979,5,0.113936864,0.0
2012,GILGFVFTL,10x,5,0.12766016,0.0
3970,GILGFVFTL,swapped_2804,5,0.30237404,0.0
3067,GILGFVFTL,10x,5,0.6040457,0.0
4004,IMDQVPFSV,swapped_3031,5,0.13502195,0.0
2232,NLVPMVATV,10x,5,0.28584638,0.0
5439,RMFPNAPYL,swapped_4365,5,0.54491496,0.0
330,LLFGYPVYV,positive,5,0.4285052,1.0
925,NLVPMVATV,10x,5,0.26573437,0.0
1420,GILGFVFTL,swapped_171,5,0.4596497,0.0
4869,GILGFVFTL,10x,5,0.30501336,0.0
4034,NLVPMVATV,swapped_2817,5,0.13851325,0.0
5403,GLCTLVAML,swapped_4277,5,0.17323299,0.0
1056,GLCTLVAML,10x,5,0.1936039,0.0
3870,LLFGYPVYV,swapped_2916,5,0.12717603,0.0
3430,GLCTLVAML,10x,5,0.57864296,0.0
2460,NLVPMVATV,swapped_1776,5,0.58345604,0.0
2398,RMFPNAPYL,10x,5,0.45584622,0.0
2451,KTWGQYWQV,swapped_1720,5,0.14123814,0.0
3383,GILGFVFTL,10x,5,0.23688975,0.0
5057,GILGFVFTL,10x,5,0.15904972,0.0
2955,GILGFVFTL,positive,5,0.52303356,1.0
4891,GILGFVFTL,10x,5,0.46719888,0.0
4919,GILGFVFTL,10x,5,0.5528992,0.0
3368,LLFGYPVYV,10x,5,0.4201812,0.0
3775,GILGFVFTL,10x,5,0.6160251,0.0
4841,GILGFVFTL,10x,5,0.28233582,0.0
741,GILGFVFTL,10x,5,0.24958296,0.0
5363,GLCTLVAML,swapped_4312,5,0.25791812,0.0
5876,GLCTLVAML,positive,5,0.55293256,1.0
1274,LLFGYPVYV,swapped_263,5,0.17430988,0.0
4951,KTWGQYWQV,10x,5,0.62911195,0.0
3639,GILGFVFTL,10x,5,0.2978205,0.0
1337,GILGFVFTL,swapped_156,5,0.5815427,0.0
3603,GILGFVFTL,10x,5,0.63032687,0.0
641,GILGFVFTL,10x,5,0.3916654,0.0
435,YLLEMLWRL,10x,5,0.61591774,0.0
1800,GILGFVFTL,positive,5,0.17735198,1.0
1890,GLCTLVAML,10x,5,0.5790153,0.0
526,GILGFVFTL,10x,5,0.48376298,0.0
6261,GILGFVFTL,10x,5,0.5447116,0.0
2444,GILGFVFTL,swapped_1686,5,0.15892297,0.0
1671,GILGFVFTL,positive,5,0.34491128,1.0
966,IMDQVPFSV,10x,5,0.36016253,0.0
6479,GILGFVFTL,10x,5,0.4436691,0.0
1210,GILGFVFTL,swapped_339,5,0.63163036,0.0
2823,GILGFVFTL,positive,5,0.16920693,1.0
5731,GILGFVFTL,positive,5,0.14200081,1.0
1770,NLVPMVATV,positive,5,0.37387753,1.0
6425,GLCTLVAML,10x,5,0.40543702,0.0
5598,SLLMWITQV,swapped_4214,5,0.113880314,0.0
5132,GILGFVFTL,10x,5,0.1357325,0.0
5604,GLCTLVAML,swapped_4397,5,0.13555,0.0
3210,GILGFVFTL,10x,5,0.23888692,0.0
2730,KTWGQYWQV,positive,5,0.60902643,1.0
3647,NLVPMVATV,10x,5,0.5130423,0.0
89,GILGFVFTL,positive,5,0.12205787,1.0
2646,NLVPMVATV,swapped_1625,5,0.31678504,0.0
2213,GILGFVFTL,10x,5,0.32002375,0.0
6510,GLCTLVAML,10x,5,0.5929616,0.0
2674,NLVPMVATV,swapped_1788,5,0.14031702,0.0
6040,GILGFVFTL,10x,5,0.5931134,0.0
3051,GILGFVFTL,positive,5,0.21930127,1.0
3444,GILGFVFTL,10x,5,0.63967675,0.0
3741,GLCTLVAML,10x,5,0.35580185,0.0
6152,GILGFVFTL,10x,5,0.39677456,0.0
1709,GILGFVFTL,positive,5,0.48360676,1.0
4078,RTLNAWVKV,swapped_2852,5,0.617463,0.0
1145,GLCTLVAML,swapped_336,5,0.13168594,0.0
2459,GLCTLVAML,swapped_1790,5,0.2323083,0.0
6021,LLFGYPVYV,10x,5,0.50240684,0.0
1085,NLVPMVATV,10x,5,0.36496195,0.0
5102,GILGFVFTL,10x,5,0.60080296,0.0
3419,GILGFVFTL,10x,5,0.19677942,0.0
1084,IMDQVPFSV,10x,5,0.6398885,0.0
5109,NLVPMVATV,10x,5,0.31444195,0.0
6149,GILGFVFTL,10x,5,0.55227655,0.0
4397,GILGFVFTL,positive,5,0.13530926,1.0
2515,NLVPMVATV,swapped_1727,5,0.15369844,0.0
5314,RTLNAWVKV,10x,5,0.27816117,0.0
365,GILGFVFTL,positive,5,0.1458607,1.0
4365,GILGFVFTL,positive,5,0.53935,1.0
6309,GLCTLVAML,10x,5,0.46979502,0.0
2497,FLYALALLL,swapped_1590,5,0.15750435,0.0
2695,GILGFVFTL,positive,5,0.1712794,1.0
4381,GILGFVFTL,positive,5,0.15759125,1.0
2936,GILGFVFTL,positive,5,0.53726125,1.0
2494,GILGFVFTL,swapped_1592,5,0.642081,0.0
6100,GILGFVFTL,10x,5,0.46870834,0.0
3706,GILGFVFTL,10x,5,0.2444632,0.0
6670,NLVPMVATV,swapped_5946,5,0.13722137,0.0
3910,GLCTLVAML,swapped_2698,5,0.59066445,0.0
6465,GLCTLVAML,10x,5,0.43057975,0.0
2269,GILGFVFTL,10x,5,0.5293231,0.0
2591,LLFGYPVYV,swapped_1564,5,0.6575479,0.0
2788,GILGFVFTL,positive,5,0.13276595,1.0
2876,MLDLQPETT,positive,5,0.27731594,1.0
5186,LLFGYPVYV,10x,5,0.5800069,0.0
6812,GLCTLVAML,swapped_5748,5,0.62598014,0.0
4644,GILGFVFTL,10x,5,0.58055526,0.0
1939,GILGFVFTL,10x,5,0.21214329,0.0
2107,GILGFVFTL,10x,5,0.5190705,0.0
6156,GILGFVFTL,10x,5,0.5956681,0.0
4645,GLCTLVAML,10x,5,0.49054465,0.0
4760,GILGFVFTL,10x,5,0.3759722,0.0
4666,GILGFVFTL,10x,5,0.42819107,0.0
227,GILGFVFTL,positive,5,0.5254992,1.0
229,GILGFVFTL,positive,5,0.1581637,1.0
4121,NLVPMVATV,swapped_2763,5,0.11711831,0.0
4336,GILGFVFTL,positive,5,0.27977782,1.0
4048,KTWGQYWQV,swapped_2788,5,0.13529181,0.0
6037,GILGFVFTL,10x,5,0.14752838,0.0
1126,GILGFVFTL,10x,5,0.5774113,0.0
5042,GILGFVFTL,10x,5,0.25319877,0.0
5249,RTLNAWVKV,10x,5,0.6498543,0.0
6128,GILGFVFTL,10x,5,0.4332411,0.0
5466,GLCTLVAML,swapped_4435,5,0.5460712,0.0
6719,GILGFVFTL,swapped_5878,5,0.50859654,0.0
3678,GILGFVFTL,10x,5,0.384126,0.0
5223,GILGFVFTL,10x,5,0.1888911,0.0
3055,GILGFVFTL,positive,5,0.14914007,1.0
1713,GILGFVFTL,positive,5,0.12407601,1.0
628,GILGFVFTL,10x,5,0.570754,0.0
949,GILGFVFTL,10x,5,0.24455547,0.0
539,GILGFVFTL,10x,5,0.5742992,0.0
196,GILGFVFTL,positive,5,0.5997486,1.0
1302,LLFGYPVYV,swapped_227,5,0.52626866,0.0
5624,GLCTLVAML,swapped_4290,5,0.55640346,0.0
6865,GILGFVFTL,swapped_5776,5,0.65147656,0.0
4129,GLCTLVAML,swapped_2711,5,0.3860887,0.0
2468,NLVPMVATV,swapped_1627,5,0.1512372,0.0
551,GILGFVFTL,10x,5,0.39496884,0.0
5345,SLLMWITQV,swapped_4178,5,0.47229633,0.0
193,GILGFVFTL,positive,5,0.61966485,1.0
6366,GILGFVFTL,10x,5,0.22687365,0.0
3361,GLCTLVAML,10x,5,0.4384921,0.0
5479,GILGFVFTL,swapped_4342,5,0.5650937,0.0
6847,GILGFVFTL,swapped_5816,5,0.6343798,0.0
1170,GLCTLVAML,swapped_193,5,0.6212789,0.0
4624,GILGFVFTL,10x,5,0.63180894,0.0
2255,GILGFVFTL,10x,5,0.55712974,0.0
1966,GILGFVFTL,10x,5,0.18172823,0.0
5481,GLCTLVAML,swapped_4485,5,0.31858665,0.0
4839,NLVPMVATV,10x,5,0.4806929,0.0
3272,GILGFVFTL,10x,5,0.666193,0.0
4932,GILGFVFTL,10x,5,0.21205038,0.0
3222,GILGFVFTL,10x,5,0.59469724,0.0
1777,NLVPMVATV,positive,5,0.2338088,1.0
3988,GILGFVFTL,swapped_3008,5,0.63928777,0.0
2432,GILGFVFTL,swapped_1714,5,0.54933745,0.0
1702,GILGFVFTL,positive,5,0.12927338,1.0
1739,GLCTLVAML,positive,5,0.64277744,1.0
3884,NLVPMVATV,swapped_2992,5,0.46571854,0.0
2869,GLCTLVAML,positive,5,0.62883013,1.0
1091,GILGFVFTL,10x,5,0.29562777,0.0
6898,GLCTLVAML,swapped_5731,5,0.14236267,0.0
2237,GILGFVFTL,10x,5,0.27131388,0.0
1675,FLYALALLL,positive,5,0.37008217,1.0
6052,NLVPMVATV,10x,5,0.64452416,0.0
6306,GILGFVFTL,10x,5,0.5898228,0.0
6611,FLYALALLL,swapped_5974,5,0.2011838,0.0
251,RMFPNAPYL,positive,5,0.2732004,1.0
3115,NLVPMVATV,10x,5,0.1683991,0.0
4606,GILGFVFTL,10x,5,0.44389936,0.0
6153,GILGFVFTL,10x,5,0.45996565,0.0
1135,GLCTLVAML,10x,5,0.43783355,0.0
3702,GLCTLVAML,10x,5,0.5209093,0.0
6436,GILGFVFTL,10x,5,0.5903927,0.0
3044,GILGFVFTL,positive,5,0.16929308,1.0
3983,KVLEYVIKV,swapped_2888,5,0.30489793,0.0
4599,GLCTLVAML,10x,5,0.21372923,0.0
5974,GILGFVFTL,positive,5,0.20145316,1.0
864,GILGFVFTL,10x,5,0.4462055,0.0
2590,GILGFVFTL,swapped_1807,5,0.35465226,0.0
6571,GILGFVFTL,10x,5,0.3772945,0.0
344,GLCTLVAML,positive,5,0.6526014,1.0
3542,GILGFVFTL,10x,5,0.6240479,0.0
6056,GLCTLVAML,10x,5,0.6421863,0.0
6327,NLVPMVATV,10x,5,0.5693492,0.0
491,NLVPMVATV,10x,5,0.5590891,0.0
6609,GILGFVFTL,10x,5,0.1627182,0.0
6715,GLCTLVAML,swapped_5990,5,0.11839177,0.0
3569,GILGFVFTL,10x,5,0.462227,0.0
1510,YLLEMLWRL,swapped_137,5,0.63576925,0.0
4795,NLVPMVATV,10x,5,0.49673685,0.0
3308,GILGFVFTL,10x,5,0.11334802,0.0
5508,NLVPMVATV,swapped_4375,5,0.19581327,0.0
5436,IMDQVPFSV,swapped_4374,5,0.10373808,0.0
6437,GILGFVFTL,10x,5,0.58993906,0.0
3995,NLVPMVATV,swapped_3055,5,0.1486649,0.0
5935,GILGFVFTL,positive,5,0.50686276,1.0
5816,NLVPMVATV,positive,5,0.63948077,1.0
4646,GILGFVFTL,10x,5,0.30455413,0.0
1289,NLVPMVATV,swapped_187,5,0.15071157,0.0
6788,LLFGYPVYV,swapped_6004,5,0.19654174,0.0
2933,GILGFVFTL,positive,5,0.20601942,1.0
1416,LLFGYPVYV,swapped_19,5,0.12789293,0.0
4850,GILGFVFTL,10x,5,0.40613493,0.0
6167,RTLNAWVKV,10x,5,0.616918,0.0
4874,GILGFVFTL,10x,5,0.21679008,0.0
4619,GILGFVFTL,10x,5,0.36288774,0.0
2024,GILGFVFTL,10x,5,0.5224963,0.0
736,GILGFVFTL,10x,5,0.5195786,0.0
807,GILGFVFTL,10x,5,0.57129025,0.0
3648,GILGFVFTL,10x,5,0.18262571,0.0
5989,GLCTLVAML,positive,5,0.16945359,1.0
5294,GILGFVFTL,10x,5,0.5167064,0.0
191,GILGFVFTL,positive,5,0.36444268,1.0
1595,GILGFVFTL,positive,5,0.46636096,1.0
1700,GILGFVFTL,positive,5,0.5886223,1.0
5527,GLCTLVAML,swapped_4186,5,0.6303978,0.0
2147,GILGFVFTL,10x,5,0.1598732,0.0
6481,LLFGYPVYV,10x,5,0.49781942,0.0
3271,GILGFVFTL,10x,5,0.47902986,0.0
6687,GILGFVFTL,swapped_5930,5,0.64274997,0.0
1930,NLVPMVATV,10x,5,0.62678814,0.0
1310,FLYALALLL,swapped_283,5,0.19867097,0.0
2846,GILGFVFTL,positive,5,0.17778327,1.0
6431,GILGFVFTL,10x,5,0.47094274,0.0
2783,GILGFVFTL,positive,5,0.15288712,1.0
2577,NLVPMVATV,swapped_1802,5,0.49887696,0.0
5639,NLVPMVATV,swapped_4281,5,0.13068622,0.0
3369,NLVPMVATV,10x,5,0.2845883,0.0
593,FLYALALLL,10x,5,0.5352942,0.0
6063,RTLNAWVKV,10x,5,0.58227813,0.0
6844,SLFNTVATL,swapped_5870,5,0.17771155,0.0
2170,GILGFVFTL,10x,5,0.47429687,0.0
5178,GILGFVFTL,10x,5,0.6121693,0.0
4906,GILGFVFTL,10x,5,0.5152965,0.0
6244,GILGFVFTL,10x,5,0.49745107,0.0
247,GILGFVFTL,positive,5,0.30715358,1.0
2228,GILGFVFTL,10x,5,0.5549741,0.0
457,GILGFVFTL,10x,5,0.62448287,0.0
3100,GILGFVFTL,10x,5,0.40928507,0.0
6575,GILGFVFTL,10x,5,0.33805823,0.0
5668,GLCTLVAML,swapped_4381,5,0.15797955,0.0
2746,GILGFVFTL,positive,5,0.43193755,1.0
2349,GILGFVFTL,10x,5,0.48194847,0.0
1298,KVLEYVIKV,swapped_268,5,0.61420214,0.0
1215,NLVPMVATV,swapped_257,5,0.14032808,0.0
3378,GILGFVFTL,10x,5,0.39107862,0.0
785,GLCTLVAML,10x,5,0.16199286,0.0
3522,GILGFVFTL,10x,5,0.3841489,0.0
6657,NLVPMVATV,swapped_5981,5,0.52854776,0.0
1854,NLVPMVATV,10x,5,0.4861801,0.0
5677,GLCTLVAML,swapped_4354,5,0.10684177,0.0
5629,GLCTLVAML,swapped_4536,5,0.38117775,0.0
5441,FLYALALLL,swapped_4424,5,0.37128624,0.0
2231,RTLNAWVKV,10x,5,0.6405738,0.0
4160,GILGFVFTL,swapped_2948,5,0.2625773,0.0
45,GILGFVFTL,positive,5,0.16111563,1.0
1118,GILGFVFTL,10x,5,0.5622902,0.0
2372,LLFGYPVYV,10x,5,0.3962161,0.0
6162,GILGFVFTL,10x,5,0.18164861,0.0
2368,GILGFVFTL,10x,5,0.11962966,0.0
3965,GILGFVFTL,swapped_2958,5,0.49826333,0.0
4252,GILGFVFTL,positive,5,0.29842788,1.0
379,GILGFVFTL,positive,5,0.09694168,1.0
2860,GILGFVFTL,positive,5,0.1511152,1.0
514,GILGFVFTL,10x,5,0.47113016,0.0
3098,GILGFVFTL,10x,5,0.37216446,0.0
2888,GILGFVFTL,positive,5,0.30008864,1.0
757,GLCTLVAML,10x,5,0.5711367,0.0
2036,RTLNAWVKV,10x,5,0.25303832,0.0
6151,GILGFVFTL,10x,5,0.28957704,0.0
4137,KTWGQYWQV,swapped_2912,5,0.5407992,0.0
4898,GILGFVFTL,10x,5,0.63551486,0.0
1742,GILGFVFTL,positive,5,0.11271622,1.0
3031,GILGFVFTL,positive,5,0.13417567,1.0
4921,GILGFVFTL,10x,5,0.5054926,0.0
4165,NLVPMVATV,swapped_2823,5,0.16889565,0.0
5660,GILGFVFTL,swapped_4535,5,0.60972214,0.0
5513,GLCTLVAML,swapped_4292,5,0.1156923,0.0
2853,GILGFVFTL,positive,5,0.20575932,1.0
5398,GILGFVFTL,swapped_4268,5,0.6264406,0.0
418,GLCTLVAML,10x,5,0.38996786,0.0
65,NLVPMVATV,positive,5,0.5953541,1.0
5979,GILGFVFTL,positive,5,0.15192734,1.0
6247,GILGFVFTL,10x,5,0.14206183,0.0
3969,GLCTLVAML,swapped_2846,5,0.17816004,0.0
3215,GILGFVFTL,10x,5,0.2523361,0.0
3798,GILGFVFTL,10x,5,0.28212893,0.0
2209,NLVPMVATV,10x,5,0.3493364,0.0
5930,NLVPMVATV,positive,5,0.64786893,1.0
60,GILGFVFTL,positive,5,0.22854944,1.0
5115,GILGFVFTL,10x,5,0.19283454,0.0
58,GILGFVFTL,positive,5,0.6098643,1.0
4201,GILGFVFTL,positive,5,0.58214766,1.0
460,GLCTLVAML,10x,5,0.45647907,0.0
2676,GILGFVFTL,swapped_1737,5,0.6224397,0.0
5424,NLVPMVATV,swapped_4267,5,0.10598465,0.0
676,GILGFVFTL,10x,5,0.47882244,0.0
3233,FLYALALLL,10x,5,0.56702393,0.0
801,GILGFVFTL,10x,5,0.5116365,0.0
273,NLVPMVATV,positive,5,0.616386,1.0
3084,GLCTLVAML,10x,5,0.38371632,0.0
5288,GILGFVFTL,10x,5,0.61311835,0.0
933,GILGFVFTL,10x,5,0.44812468,0.0
2122,GILGFVFTL,10x,5,0.34963542,0.0
2817,GILGFVFTL,positive,5,0.13914958,1.0
424,GLCTLVAML,10x,5,0.29034874,0.0
4130,NLVPMVATV,swapped_2761,5,0.13844453,0.0
4555,GILGFVFTL,positive,5,0.6158016,1.0
4706,GILGFVFTL,10x,5,0.57173026,0.0
987,NLVPMVATV,10x,5,0.4409569,0.0
3626,RMFPNAPYL,10x,5,0.5422289,0.0
1900,NLVPMVATV,10x,5,0.6425273,0.0
4623,LLFGYPVYV,10x,5,0.61851084,0.0
4566,GILGFVFTL,10x,5,0.58321273,0.0
4787,GILGFVFTL,10x,5,0.2434125,0.0
1403,GLCTLVAML,swapped_235,5,0.13911697,0.0
704,GLCTLVAML,10x,5,0.6382653,0.0
3333,FLYALALLL,10x,5,0.3306931,0.0
4431,NLVPMVATV,positive,5,0.27834085,1.0
1225,LLFGYPVYV,swapped_41,5,0.25877124,0.0
6243,GILGFVFTL,10x,5,0.54723936,0.0
4315,GILGFVFTL,positive,5,0.607596,1.0
5067,GILGFVFTL,10x,5,0.46604642,0.0
2827,GILGFVFTL,positive,5,0.6175773,1.0
3019,GILGFVFTL,positive,5,0.14996393,1.0
249,GILGFVFTL,positive,5,0.16147204,1.0
2060,GLCTLVAML,10x,5,0.62677187,0.0
1144,GLCTLVAML,swapped_249,5,0.16187416,0.0
3152,NLVPMVATV,10x,5,0.2120946,0.0
437,GILGFVFTL,10x,5,0.470665,0.0
3345,GLCTLVAML,10x,5,0.55059475,0.0
2088,GILGFVFTL,10x,5,0.45346013,0.0
3253,GILGFVFTL,10x,5,0.1899559,0.0
3450,GILGFVFTL,10x,5,0.61144584,0.0
5192,GILGFVFTL,10x,5,0.25339326,0.0
6523,GILGFVFTL,10x,5,0.23618425,0.0
6034,GLCTLVAML,10x,5,0.5926182,0.0
4292,GILGFVFTL,positive,5,0.11547741,1.0
1147,GILGFVFTL,swapped_22,5,0.3534927,0.0
33,GLCTLVAML,positive,5,0.61517197,1.0
6252,GILGFVFTL,10x,5,0.5393885,0.0
531,NLVPMVATV,10x,5,0.61693686,0.0
5146,GILGFVFTL,10x,5,0.6145702,0.0
2395,GILGFVFTL,10x,5,0.6130123,0.0
4858,GILGFVFTL,10x,5,0.52728397,0.0
3941,GLCTLVAML,swapped_2789,5,0.16655026,0.0
4471,NLVPMVATV,positive,5,0.61361456,1.0
4390,GILGFVFTL,positive,5,0.40917942,1.0
4571,GILGFVFTL,10x,5,0.4286519,0.0
3985,KTWGQYWQV,swapped_2945,5,0.5345079,0.0
1693,GILGFVFTL,positive,5,0.12129941,1.0
1737,NLVPMVATV,positive,5,0.62729335,1.0
4435,GILGFVFTL,positive,5,0.5445458,1.0
675,GILGFVFTL,10x,5,0.44737095,0.0
119,GILGFVFTL,positive,5,0.26896498,1.0
4354,GILGFVFTL,positive,5,0.10664134,1.0
5737,GLCTLVAML,positive,5,0.61287075,1.0
601,GILGFVFTL,10x,5,0.5250442,0.0
1060,GILGFVFTL,10x,5,0.32027912,0.0
968,GILGFVFTL,10x,5,0.6165931,0.0
4536,FLYALALLL,positive,5,0.3800461,1.0
849,GILGFVFTL,10x,5,0.5516837,0.0
3041,GLCTLVAML,positive,5,0.5068994,1.0
4153,GLCTLVAML,swapped_2783,5,0.15316643,0.0
2319,NLVPMVATV,10x,5,0.5528529,0.0
111,GILGFVFTL,positive,5,0.2917814,1.0
2508,MLDLQPETT,swapped_1596,5,0.5768364,0.0
1169,RTLNAWVKV,swapped_47,5,0.6302193,0.0
2693,GILGFVFTL,swapped_1759,5,0.35985807,0.0
613,GILGFVFTL,10x,5,0.32578158,0.0
1087,GILGFVFTL,10x,5,0.34236068,0.0
5308,NLVPMVATV,10x,5,0.43028778,0.0
911,GILGFVFTL,10x,5,0.6109559,0.0
5606,GILGFVFTL,swapped_4471,5,0.6080981,0.0
696,GLCTLVAML,10x,5,0.48339674,0.0
5755,GLCTLVAML,positive,5,0.35903284,1.0
627,GLCTLVAML,10x,5,0.42089975,0.0
5241,GILGFVFTL,10x,5,0.4224026,0.0
751,GILGFVFTL,10x,5,0.5265315,0.0
1220,NLVPMVATV,swapped_196,5,0.60459524,0.0
2898,SLFNTVATL,positive,5,0.6194848,1.0
1088,GILGFVFTL,10x,5,0.4832162,0.0
5233,GILGFVFTL,10x,5,0.644232,0.0
6345,GLCTLVAML,10x,5,0.602656,0.0
3219,GILGFVFTL,10x,5,0.28216282,0.0
5312,GLCTLVAML,10x,5,0.41041273,0.0
5970,NLVPMVATV,positive,5,0.63234615,1.0
2501,GLCTLVAML,swapped_1671,5,0.34616444,0.0
5525,GLCTLVAML,swapped_4316,5,0.62278205,0.0
2852,GLCTLVAML,positive,5,0.61718565,1.0
2945,GILGFVFTL,positive,5,0.53286207,1.0
5278,GILGFVFTL,10x,5,0.5904648,0.0
5686,RMFPNAPYL,swapped_4295,5,0.104077764,0.0
1291,KTWGQYWQV,swapped_49,5,0.59223723,0.0
4267,GILGFVFTL,positive,5,0.10649003,1.0
5448,GLCTLVAML,swapped_4240,5,0.15715605,0.0
1876,GILGFVFTL,10x,5,0.58895415,0.0
2808,GILGFVFTL,positive,5,0.19085036,1.0
1773,GILGFVFTL,positive,5,0.5302606,1.0
3575,GLCTLVAML,10x,5,0.51550424,0.0
5191,GLCTLVAML,10x,5,0.549472,0.0
421,LLFGYPVYV,10x,5,0.551891,0.0
2828,FLYALALLL,positive,5,0.1462375,1.0
5108,GILGFVFTL,10x,5,0.55650336,0.0
5369,GLCTLVAML,swapped_4185,5,0.45871177,0.0
1429,MLDLQPETT,swapped_45,5,0.16421118,0.0
5932,GILGFVFTL,positive,5,0.34476584,1.0
145,GILGFVFTL,positive,5,0.35227707,1.0
4342,GLCTLVAML,positive,5,0.5669677,1.0
369,GILGFVFTL,positive,5,0.35588953,1.0
4886,GILGFVFTL,10x,5,0.4375999,0.0
6854,GLCTLVAML,swapped_5935,5,0.50827384,0.0
1041,GLCTLVAML,10x,5,0.10539617,0.0
3770,GILGFVFTL,10x,5,0.21234587,0.0
4485,GILGFVFTL,positive,5,0.3171755,1.0
2635,RTLNAWVKV,swapped_1800,5,0.17893197,0.0
6904,GILGFVFTL,swapped_5737,5,0.6114886,0.0
3998,GILGFVFTL,swapped_2944,5,0.3102899,0.0
6443,GILGFVFTL,10x,5,0.56603914,0.0
4580,GILGFVFTL,10x,5,0.48550913,0.0
6280,GILGFVFTL,10x,5,0.37392873,0.0
2799,GILGFVFTL,positive,5,0.5225105,1.0
4350,GILGFVFTL,positive,5,0.14280759,1.0
5026,GILGFVFTL,10x,5,0.2569901,0.0
2361,GILGFVFTL,10x,5,0.5940397,0.0
1010,GILGFVFTL,10x,5,0.62096703,0.0
6668,GLCTLVAML,swapped_5862,5,0.53106344,0.0
6801,GILGFVFTL,swapped_5882,5,0.2879368,0.0
4754,GLCTLVAML,10x,5,0.542985,0.0
3261,GILGFVFTL,10x,5,0.5192395,0.0
1843,GILGFVFTL,10x,5,0.5594086,0.0
1204,GILGFVFTL,swapped_190,5,0.435069,0.0
1911,GILGFVFTL,10x,5,0.23502594,0.0
2189,GILGFVFTL,10x,5,0.3148121,0.0
6147,GILGFVFTL,10x,5,0.4615512,0.0
3869,NLVPMVATV,swapped_2989,5,0.115872994,0.0
2116,GILGFVFTL,10x,5,0.6261024,0.0
1514,LLFGYPVYV,swapped_229,5,0.15683536,0.0
451,GILGFVFTL,10x,5,0.11169056,0.0
5981,GILGFVFTL,positive,5,0.52254295,1.0
1926,KTWGQYWQV,10x,5,0.2957926,0.0
963,RTLNAWVKV,10x,5,0.52736324,0.0
3581,NLVPMVATV,10x,5,0.5906656,0.0
1625,GILGFVFTL,positive,5,0.31287023,1.0
662,GILGFVFTL,10x,5,0.23405464,0.0
3887,SLFNTVATL,swapped_2860,5,0.15324163,0.0
5594,GILGFVFTL,swapped_4223,5,0.51194257,0.0
2094,GLCTLVAML,10x,5,0.6244188,0.0
6639,GLCTLVAML,swapped_5732,5,0.12034863,0.0
156,NLVPMVATV,positive,5,0.58731943,1.0
1093,GILGFVFTL,10x,5,0.20388272,0.0
3189,GILGFVFTL,10x,5,0.5280724,0.0
4356,GILGFVFTL,positive,5,0.15629794,1.0
825,GILGFVFTL,10x,5,0.22264661,0.0
812,GILGFVFTL,10x,5,0.6478256,0.0
5536,GILGFVFTL,swapped_4367,5,0.17361392,0.0
24,GILGFVFTL,positive,5,0.104169,1.0
4731,GLCTLVAML,10x,5,0.55541533,0.0
5945,GILGFVFTL,positive,5,0.11906395,1.0
6445,GILGFVFTL,10x,5,0.34879953,0.0
1253,FLYALALLL,swapped_247,5,0.30704257,0.0
4512,GLCTLVAML,positive,5,0.29319942,1.0
3150,GLCTLVAML,10x,5,0.4029264,0.0
293,GILGFVFTL,positive,5,0.13448665,1.0
3255,GILGFVFTL,10x,5,0.30766404,0.0
1069,GILGFVFTL,10x,5,0.3473693,0.0
883,GILGFVFTL,10x,5,0.311635,0.0
35,GILGFVFTL,positive,5,0.44139445,1.0
5875,GILGFVFTL,positive,5,0.5608954,1.0
2482,GLCTLVAML,swapped_1624,5,0.654082,0.0
6493,GILGFVFTL,10x,5,0.5311544,0.0
1981,GLCTLVAML,10x,5,0.461411,0.0
4962,GILGFVFTL,10x,5,0.61683506,0.0
3151,GILGFVFTL,10x,5,0.15157373,0.0
42,GILGFVFTL,positive,5,0.16636842,1.0
3765,GILGFVFTL,10x,5,0.34359372,0.0
1564,NLVPMVATV,positive,5,0.6610814,1.0
3155,GILGFVFTL,10x,5,0.5816832,0.0
3825,GLCTLVAML,swapped_2695,5,0.17155594,0.0
1726,GILGFVFTL,positive,5,0.64465976,1.0
2992,GILGFVFTL,positive,5,0.45961878,1.0
3394,GLCTLVAML,10x,5,0.60774237,0.0
1963,GLCTLVAML,10x,5,0.5793125,0.0
6398,NLVPMVATV,10x,5,0.4832378,0.0
3225,GILGFVFTL,10x,5,0.63184065,0.0
5693,GLCTLVAML,swapped_4205,5,0.5564886,0.0
6762,KTWGQYWQV,swapped_5868,5,0.6269117,0.0
6148,GILGFVFTL,10x,5,0.639351,0.0
4749,GILGFVFTL,10x,5,0.4542945,0.0
3848,GLCTLVAML,swapped_2973,5,0.17983912,0.0
5176,GILGFVFTL,10x,5,0.30979857,0.0
1873,MLDLQPETT,10x,5,0.2797425,0.0
4163,NLVPMVATV,swapped_2801,5,0.26585382,0.0
3405,GILGFVFTL,10x,5,0.6064769,0.0
4222,GILGFVFTL,positive,5,0.14991543,1.0
309,GILGFVFTL,positive,5,0.12899521,1.0
634,GILGFVFTL,10x,5,0.42426112,0.0
1949,GILGFVFTL,10x,5,0.48274645,0.0
1627,GILGFVFTL,positive,5,0.151835,1.0
4499,GILGFVFTL,positive,5,0.10559052,1.0
362,GILGFVFTL,positive,5,0.32390687,1.0
1001,GILGFVFTL,10x,5,0.6334109,0.0
5906,GILGFVFTL,positive,5,0.16872534,1.0
4915,GILGFVFTL,10x,5,0.14629723,0.0
6392,GILGFVFTL,10x,5,0.17019098,0.0
6773,NLVPMVATV,swapped_5871,5,0.15643045,0.0
2525,RMFPNAPYL,swapped_1595,5,0.471961,0.0
6534,GILGFVFTL,10x,5,0.60020536,0.0
268,GILGFVFTL,positive,5,0.6096312,1.0
886,GILGFVFTL,10x,5,0.64323753,0.0
4810,GILGFVFTL,10x,5,0.5508794,0.0
6708,GLCTLVAML,swapped_5825,5,0.12925796,0.0
3096,GILGFVFTL,10x,5,0.28908715,0.0
3200,GILGFVFTL,10x,5,0.19099474,0.0
3732,GILGFVFTL,10x,5,0.21956646,0.0
1704,GLCTLVAML,positive,5,0.6261064,1.0
3901,MLDLQPETT,swapped_2832,5,0.17275418,0.0
1313,GLCTLVAML,swapped_352,5,0.16714461,0.0
1243,RTLNAWVKV,swapped_320,5,0.1500928,0.0
3845,GLCTLVAML,swapped_2936,5,0.5387791,0.0
4509,GILGFVFTL,positive,5,0.20513383,1.0
2090,GILGFVFTL,10x,5,0.27435148,0.0
3523,GILGFVFTL,10x,5,0.59316605,0.0
2309,GILGFVFTL,10x,5,0.21973734,0.0
518,NLVPMVATV,10x,5,0.22433221,0.0
6319,GILGFVFTL,10x,5,0.22682251,0.0
938,GLCTLVAML,10x,5,0.3082256,0.0
4168,GILGFVFTL,swapped_2897,5,0.30074883,0.0
3355,GILGFVFTL,10x,5,0.35716242,0.0
6083,GILGFVFTL,10x,5,0.2431643,0.0
2999,GILGFVFTL,positive,5,0.24356063,1.0
5636,GLCTLVAML,swapped_4315,5,0.60907286,0.0
1176,RTLNAWVKV,swapped_242,5,0.14038947,0.0
3892,GLCTLVAML,swapped_2793,5,0.117589615,0.0
2851,GILGFVFTL,positive,5,0.58584017,1.0
4170,NLVPMVATV,swapped_2900,5,0.47056293,0.0
872,GILGFVFTL,10x,5,0.3889749,0.0
1979,GILGFVFTL,10x,5,0.47103956,0.0
4328,GILGFVFTL,positive,5,0.15285885,1.0
6400,GILGFVFTL,10x,5,0.37941888,0.0
6303,GILGFVFTL,10x,5,0.35697645,0.0
3339,GILGFVFTL,10x,5,0.54815954,0.0
2348,GILGFVFTL,10x,5,0.5633436,0.0
4445,GILGFVFTL,positive,5,0.35087863,1.0
3386,GLCTLVAML,10x,5,0.6158302,0.0
133,GILGFVFTL,positive,5,0.56631905,1.0
5560,RMFPNAPYL,swapped_4502,5,0.28719,0.0
5722,GILGFVFTL,positive,5,0.15251495,1.0
3956,NLVPMVATV,swapped_3028,5,0.16886854,0.0
1242,RTLNAWVKV,swapped_89,5,0.12373591,0.0
6889,YLLEMLWRL,swapped_5969,5,0.17142442,0.0
5871,GILGFVFTL,positive,5,0.15689425,1.0
3294,GILGFVFTL,10x,5,0.53078616,0.0
3192,GILGFVFTL,10x,5,0.6123854,0.0
1790,NLVPMVATV,positive,5,0.23249264,1.0
2807,GILGFVFTL,positive,5,0.6236579,1.0
505,NLVPMVATV,10x,5,0.64004475,0.0
754,GILGFVFTL,10x,5,0.16958432,0.0
3705,FLYALALLL,10x,5,0.42821205,0.0
2467,GLCTLVAML,swapped_1742,5,0.11292668,0.0
2884,GILGFVFTL,positive,5,0.14055687,1.0
3116,GILGFVFTL,10x,5,0.5206977,0.0
4584,YLLEMLWRL,10x,5,0.33065847,0.0
2009,GILGFVFTL,10x,5,0.4876749,0.0
2832,GILGFVFTL,positive,5,0.16933715,1.0
4783,GILGFVFTL,10x,5,0.30728433,0.0
1233,GLCTLVAML,swapped_86,5,0.17753896,0.0
6874,GILGFVFTL,swapped_5970,5,0.62703115,0.0
6082,GILGFVFTL,10x,5,0.5195171,0.0
6101,GILGFVFTL,10x,5,0.4606995,0.0
2549,GILGFVFTL,swapped_1770,5,0.36929154,0.0
2155,GILGFVFTL,10x,5,0.6419109,0.0
3791,GILGFVFTL,10x,5,0.62676674,0.0
504,GILGFVFTL,10x,5,0.56961673,0.0
400,GILGFVFTL,10x,5,0.31013447,0.0
406,GILGFVFTL,10x,5,0.56764007,0.0
6819,NLVPMVATV,swapped_5937,5,0.11237925,0.0
6790,KTWGQYWQV,swapped_5792,5,0.35146177,0.0
5868,GILGFVFTL,positive,5,0.62918603,1.0
1891,GILGFVFTL,10x,5,0.41877127,0.0
1914,GILGFVFTL,10x,5,0.46264425,0.0
2317,GILGFVFTL,10x,5,0.602271,0.0
6170,GILGFVFTL,10x,5,0.41414246,0.0
4005,NLVPMVATV,swapped_3044,5,0.16879998,0.0
5680,GLCTLVAML,swapped_4522,5,0.21186244,0.0
2698,GILGFVFTL,positive,5,0.5888594,1.0
4360,GILGFVFTL,positive,5,0.41659573,1.0
4205,GILGFVFTL,positive,5,0.5546636,1.0
6363,GILGFVFTL,10x,5,0.5808126,0.0
1258,NLVPMVATV,swapped_92,5,0.4400596,0.0
2260,GILGFVFTL,10x,5,0.5481675,0.0
1884,GILGFVFTL,10x,5,0.4653657,0.0
1921,NLVPMVATV,10x,5,0.49649096,0.0
2798,GILGFVFTL,positive,5,0.14892499,1.0
1322,GILGFVFTL,swapped_344,5,0.65128046,0.0
1875,GILGFVFTL,10x,5,0.20533918,0.0
4119,GLCTLVAML,swapped_2781,5,0.14313658,0.0
1131,GILGFVFTL,10x,5,0.47491193,0.0
2114,GILGFVFTL,10x,5,0.20864883,0.0
1519,FLYALALLL,swapped_203,5,0.58897513,0.0
5231,GLCTLVAML,10x,5,0.6373671,0.0
6592,GILGFVFTL,10x,5,0.23962913,0.0
6391,GILGFVFTL,10x,5,0.49050978,0.0
2443,SLLMWITQV,swapped_1700,5,0.5904664,0.0
1946,GLCTLVAML,10x,5,0.38721934,0.0
3186,NLVPMVATV,10x,5,0.59694844,0.0
1379,LLFGYPVYV,swapped_341,5,0.60409284,0.0
5295,GILGFVFTL,10x,5,0.5921586,0.0
1944,GILGFVFTL,10x,5,0.23878826,0.0
1276,GLCTLVAML,swapped_155,5,0.21833229,0.0
1453,GLCTLVAML,swapped_100,5,0.10210198,0.0
323,GILGFVFTL,positive,5,0.3689741,1.0
4031,FLYALALLL,swapped_2943,5,0.111177295,0.0
283,GILGFVFTL,positive,5,0.19892985,1.0
1689,NLVPMVATV,positive,5,0.53096795,1.0
4641,GILGFVFTL,10x,5,0.41480398,0.0
6131,SLLMWITQV,10x,5,0.5710767,0.0
469,RMFPNAPYL,10x,5,0.13984144,0.0
6664,NLVPMVATV,swapped_5720,5,0.22712797,0.0
5540,GILGFVFTL,swapped_4512,5,0.29268536,0.0
4502,GILGFVFTL,positive,5,0.28621638,1.0
1465,GLCTLVAML,swapped_35,5,0.44285205,0.0
3028,GILGFVFTL,positive,5,0.1692958,1.0
5401,NLVPMVATV,swapped_4413,5,0.12990314,0.0
1208,GLCTLVAML,swapped_217,5,0.23951131,0.0
926,GILGFVFTL,10x,5,0.6133514,0.0
2790,GILGFVFTL,positive,5,0.12750381,1.0
2430,GILGFVFTL,swapped_1547,5,0.6151892,0.0
5696,NLVPMVATV,swapped_4228,5,0.5682879,0.0
2477,GILGFVFTL,swapped_1704,5,0.6247325,0.0
1117,GILGFVFTL,10x,5,0.36327177,0.0
4991,GILGFVFTL,10x,5,0.6257901,0.0
1399,GLCTLVAML,swapped_151,5,0.2673484,0.0
2070,GILGFVFTL,10x,5,0.51342016,0.0
4862,GLCTLVAML,10x,5,0.20813586,0.0
5038,GILGFVFTL,10x,5,0.63820016,0.0
4024,GLCTLVAML,swapped_2955,5,0.5245312,0.0
6429,SLFNTVATL,10x,5,0.18003449,0.0
2794,GILGFVFTL,positive,5,0.17961189,1.0
354,GILGFVFTL,positive,5,0.13653748,1.0
5004,GILGFVFTL,10x,5,0.1623452,0.0
2962,GILGFVFTL,positive,5,0.21285732,1.0
3653,GILGFVFTL,10x,5,0.26497376,0.0
6709,GILGFVFTL,swapped_5755,5,0.3575641,0.0
2801,GILGFVFTL,positive,5,0.2652605,1.0
1837,RMFPNAPYL,10x,5,0.46472618,0.0
3763,GILGFVFTL,10x,5,0.5813231,0.0
2551,GILGFVFTL,swapped_1777,5,0.23428437,0.0
2859,GILGFVFTL,positive,5,0.16919182,1.0
103,GILGFVFTL,positive,5,0.12518871,1.0
956,RTLNAWVKV,10x,5,0.59210986,0.0
392,GILGFVFTL,10x,5,0.65306276,0.0
1723,NLVPMVATV,positive,5,0.21691407,1.0
947,GILGFVFTL,10x,5,0.23310585,0.0
169,NLVPMVATV,positive,5,0.19507597,1.0
6487,CLGGLLTMV,10x,5,0.20603156,0.0
4199,NLVPMVATV,positive,5,0.64958274,1.0
1157,GILGFVFTL,swapped_210,5,0.45878935,0.0
462,GILGFVFTL,10x,5,0.4610179,0.0
137,NLVPMVATV,positive,5,0.6379056,1.0
2239,GILGFVFTL,10x,5,0.49543744,0.0
2159,GILGFVFTL,10x,5,0.44003177,0.0
3779,GILGFVFTL,10x,5,0.13343468,0.0
4118,GLCTLVAML,swapped_2866,5,0.23822959,0.0
331,GILGFVFTL,positive,5,0.3346859,1.0
661,SLFNTVATL,10x,5,0.3047081,0.0
1393,KLQCVDLHV,swapped_349,5,0.34341517,0.0
1838,NLVPMVATV,10x,5,0.45521256,0.0
5529,RTLNAWVKV,swapped_4321,5,0.14328499,0.0
499,GILGFVFTL,10x,5,0.49025705,0.0
336,GILGFVFTL,positive,5,0.13144572,1.0
4139,GILGFVFTL,swapped_3041,5,0.5054007,0.0
397,RMFPNAPYL,10x,5,0.5394121,0.0
454,GILGFVFTL,10x,5,0.55356693,0.0
6402,GILGFVFTL,10x,5,0.6391512,0.0
3674,GILGFVFTL,10x,5,0.45315167,0.0
2407,RTLNAWVKV,swapped_1677,5,0.4473623,0.0
734,SLLMWITQV,10x,5,0.19917014,0.0
2977,GILGFVFTL,positive,5,0.10169514,1.0
1850,GILGFVFTL,10x,5,0.67078716,0.0
5432,RTLNAWVKV,swapped_4515,5,0.16155161,0.0
3829,LLFGYPVYV,swapped_3051,5,0.21755521,0.0
4753,GILGFVFTL,10x,5,0.5677067,0.0
5469,NLVPMVATV,swapped_4350,5,0.14215727,0.0
2792,GILGFVFTL,positive,5,0.12798366,1.0
5946,GILGFVFTL,positive,5,0.13785273,1.0
96,GILGFVFTL,positive,5,0.40276217,1.0
3560,GILGFVFTL,10x,5,0.4448244,0.0
5159,GILGFVFTL,10x,5,0.6379945,0.0
18,GLCTLVAML,positive,5,0.6116542,1.0
2901,GILGFVFTL,positive,5,0.21396218,1.0
845,GILGFVFTL,10x,5,0.5613126,0.0
4662,GILGFVFTL,10x,5,0.5231542,0.0
4960,RTLNAWVKV,10x,5,0.61514455,0.0
4236,GLCTLVAML,positive,5,0.59787303,1.0
3140,GLCTLVAML,10x,5,0.13227727,0.0
5195,GILGFVFTL,10x,5,0.43571892,0.0
3068,GILGFVFTL,10x,5,0.47104058,0.0
2381,NLVPMVATV,10x,5,0.5593753,0.0
1623,GILGFVFTL,positive,5,0.15180346,1.0
4427,NLVPMVATV,positive,5,0.63999844,1.0
3812,GLCTLVAML,swapped_3039,5,0.41409433,0.0
4180,GILGFVFTL,positive,5,0.11049124,1.0
4374,GILGFVFTL,positive,5,0.103064515,1.0
537,GILGFVFTL,10x,5,0.46632373,0.0
3953,NLVPMVATV,swapped_2746,5,0.4376304,0.0
5116,GILGFVFTL,10x,5,0.42728144,0.0
5208,GILGFVFTL,10x,5,0.31273898,0.0
4687,RTLNAWVKV,10x,5,0.44517595,0.0
3760,NLVPMVATV,10x,5,0.61602885,0.0
6796,GILGFVFTL,swapped_5989,5,0.16894661,0.0
5664,GLCTLVAML,swapped_4546,5,0.1300726,0.0
1283,GLCTLVAML,swapped_145,5,0.3536218,0.0
6802,MLDLQPETT,swapped_5979,5,0.15500951,0.0
1776,GILGFVFTL,positive,5,0.5778068,1.0
4535,GLCTLVAML,positive,5,0.61113816,1.0
1428,GLCTLVAML,swapped_331,5,0.33592093,0.0
4818,NLVPMVATV,10x,5,0.629326,0.0
1867,GILGFVFTL,10x,5,0.5859566,0.0
3946,NLVPMVATV,swapped_2798,5,0.14825368,0.0
6160,GILGFVFTL,10x,5,0.22972757,0.0
1929,GILGFVFTL,10x,5,0.53966415,0.0
5385,GILGFVFTL,swapped_4199,5,0.6443842,0.0
2699,GLCTLVAML,positive,5,0.6291837,1.0
5637,NLVPMVATV,swapped_4274,5,0.58369386,0.0
4295,GILGFVFTL,positive,5,0.103963464,1.0
1164,GLCTLVAML,swapped_42,5,0.16678032,0.0
3685,GILGFVFTL,10x,5,0.2177381,0.0
3351,NLVPMVATV,10x,5,0.620338,0.0
4214,GILGFVFTL,positive,5,0.11358088,1.0
5181,GILGFVFTL,10x,5,0.558388,0.0
4521,GILGFVFTL,positive,5,0.43025103,1.0
5062,GILGFVFTL,10x,5,0.42717507,0.0
1137,GLCTLVAML,10x,5,0.13447668,0.0
3930,GLCTLVAML,swapped_2807,5,0.6250706,0.0
3157,GILGFVFTL,10x,5,0.59656805,0.0
1778,GILGFVFTL,positive,5,0.23573658,1.0
160,GILGFVFTL,positive,5,0.16333248,1.0
3172,FLYALALLL,10x,5,0.44483384,0.0
1319,GLCTLVAML,swapped_251,5,0.27220345,0.0
3773,GILGFVFTL,10x,5,0.4217138,0.0
257,GILGFVFTL,positive,5,0.14061303,1.0
100,GILGFVFTL,positive,5,0.1019094,1.0
6635,GILGFVFTL,swapped_5740,5,0.34701082,0.0
6770,NLVPMVATV,swapped_5932,5,0.34908342,0.0
3992,NLVPMVATV,swapped_2739,5,0.17049736,0.0
4273,GILGFVFTL,positive,5,0.15176785,1.0
4882,GILGFVFTL,10x,5,0.5968482,0.0
6018,RMFPNAPYL,10x,5,0.28535888,0.0
2026,GILGFVFTL,10x,5,0.47683716,0.0
3047,GILGFVFTL,positive,5,0.28702462,1.0
2974,GILGFVFTL,positive,5,0.26938772,1.0
4703,NLVPMVATV,10x,5,0.13237613,0.0
2701,GILGFVFTL,positive,5,0.12699927,1.0
178,GILGFVFTL,positive,5,0.2721884,1.0
6335,GILGFVFTL,10x,5,0.5041271,0.0
3783,GILGFVFTL,10x,5,0.1566155,0.0
5776,GLCTLVAML,positive,5,0.6528212,1.0
3486,GILGFVFTL,10x,5,0.64310205,0.0
3642,GILGFVFTL,10x,5,0.44972596,0.0
4281,GILGFVFTL,positive,5,0.13122866,1.0
5662,FLYALALLL,swapped_4431,5,0.27676868,0.0
986,GILGFVFTL,10x,5,0.55833924,0.0
5411,GILGFVFTL,swapped_4174,5,0.63656396,0.0
22,FLYALALLL,positive,5,0.35387084,1.0
795,GLCTLVAML,10x,5,0.5820725,0.0
5405,GILGFVFTL,swapped_4505,5,0.5107939,0.0
2001,NLVPMVATV,10x,5,0.55816597,0.0
1592,GLCTLVAML,positive,5,0.6434178,1.0
5286,GILGFVFTL,10x,5,0.45811862,0.0
6764,FLYALALLL,swapped_5860,5,0.5264535,0.0
1846,NLVPMVATV,10x,5,0.6277551,0.0
3489,GILGFVFTL,10x,5,0.4947245,0.0
3999,GILGFVFTL,swapped_2869,5,0.6274704,0.0
4505,GLCTLVAML,positive,5,0.5122942,1.0
6036,FLYALALLL,10x,5,0.38373226,0.0
2804,FLYALALLL,positive,5,0.30250645,1.0
3856,NLVPMVATV,swapped_2725,5,0.36624536,0.0
3130,NLVPMVATV,10x,5,0.52474755,0.0
2989,GILGFVFTL,positive,5,0.11641938,1.0
3326,GILGFVFTL,10x,5,0.6085402,0.0
3022,GILGFVFTL,positive,5,0.5988107,1.0
422,GILGFVFTL,10x,5,0.4260628,0.0
4849,GILGFVFTL,10x,5,0.24002624,0.0
4464,NLVPMVATV,positive,5,0.64103967,1.0
6068,GLCTLVAML,10x,5,0.6041147,0.0
5544,GLCTLVAML,swapped_4336,5,0.2806079,0.0
1148,NLVPMVATV,swapped_293,5,0.13386832,0.0
34,GILGFVFTL,positive,5,0.16034442,1.0
1168,GLCTLVAML,swapped_287,5,0.20723428,0.0
5860,GILGFVFTL,positive,5,0.52583677,1.0
5216,GILGFVFTL,10x,5,0.204149,0.0
2161,GILGFVFTL,10x,5,0.5534781,0.0
2066,GILGFVFTL,10x,5,0.2374695,0.0
318,GILGFVFTL,positive,5,0.11523516,1.0
2486,GLCTLVAML,swapped_1702,5,0.12951024,0.0
4887,GILGFVFTL,10x,5,0.5985829,0.0
4063,NLVPMVATV,swapped_2901,5,0.2138858,0.0
4243,GILGFVFTL,positive,5,0.126735,1.0
1375,GLCTLVAML,swapped_272,5,0.4704421,0.0
6201,GILGFVFTL,10x,5,0.36032915,0.0
3112,NLVPMVATV,10x,5,0.4090532,0.0
3440,GILGFVFTL,10x,5,0.33530843,0.0
348,GILGFVFTL,positive,5,0.31828663,1.0
3126,GILGFVFTL,10x,5,0.53379184,0.0
3292,SLFNTVATL,10x,5,0.44642648,0.0
4083,GLCTLVAML,swapped_2859,5,0.16961172,0.0
5029,NLVPMVATV,10x,5,0.28254524,0.0
1852,GILGFVFTL,10x,5,0.33307806,0.0
3893,NLVPMVATV,swapped_2933,5,0.20579942,0.0
5683,RMFPNAPYL,swapped_4364,5,0.1296077,0.0
483,GILGFVFTL,10x,5,0.35968667,0.0
2505,NLVPMVATV,swapped_1690,5,0.21091968,0.0
5902,GILGFVFTL,positive,5,0.46272418,1.0
4029,FLYALALLL,swapped_3022,5,0.5997231,0.0
4853,GILGFVFTL,10x,5,0.1765193,0.0
2524,GILGFVFTL,swapped_1723,5,0.2169944,0.0
320,GILGFVFTL,positive,5,0.14819503,1.0
217,GILGFVFTL,positive,5,0.23890395,1.0
980,NLVPMVATV,10x,5,0.61706674,0.0
3056,GILGFVFTL,positive,5,0.5132942,1.0
1600,GILGFVFTL,positive,5,0.59297687,1.0
2958,GLCTLVAML,positive,5,0.49976432,1.0
3641,GILGFVFTL,10x,5,0.27460107,0.0
4771,GILGFVFTL,10x,5,0.3160953,0.0
5418,NLVPMVATV,swapped_4521,5,0.43605652,0.0
6104,GILGFVFTL,10x,5,0.3689082,0.0
4908,GLCTLVAML,10x,5,0.5411558,0.0
6281,NLVPMVATV,10x,5,0.6040721,0.0
1198,LLFGYPVYV,swapped_191,5,0.3639389,0.0
6692,NLVPMVATV,swapped_5903,5,0.15316457,0.0
2162,GILGFVFTL,10x,5,0.5794214,0.0
1727,GILGFVFTL,positive,5,0.1542369,1.0
4041,NLVPMVATV,swapped_2799,5,0.52855724,0.0
6177,GILGFVFTL,10x,5,0.14055634,0.0
3594,GILGFVFTL,10x,5,0.608028,0.0
1153,NLVPMVATV,swapped_133,5,0.57217616,0.0
3826,GLCTLVAML,swapped_2701,5,0.12723257,0.0
3802,GILGFVFTL,10x,5,0.32754806,0.0
5229,GILGFVFTL,10x,5,0.33329242,0.0
588,NLVPMVATV,10x,5,0.4387572,0.0
4976,GILGFVFTL,10x,5,0.6007343,0.0
5597,GILGFVFTL,swapped_4464,5,0.63617116,0.0
1679,GILGFVFTL,positive,5,0.3548818,1.0
4143,LLFGYPVYV,swapped_2828,5,0.14562671,0.0
1862,GILGFVFTL,10x,5,0.62273926,0.0
4311,GILGFVFTL,positive,5,0.5369988,1.0
1339,GLCTLVAML,swapped_354,5,0.13678554,0.0
3495,GLCTLVAML,10x,5,0.43321246,0.0
6166,GILGFVFTL,10x,5,0.15580952,0.0
936,GILGFVFTL,10x,5,0.6294562,0.0
1370,KVAELVHFL,swapped_323,5,0.37404397,0.0
5937,GILGFVFTL,positive,5,0.11291129,1.0
1720,GILGFVFTL,positive,5,0.13861907,1.0
1902,GILGFVFTL,10x,5,0.61517596,0.0
3533,GILGFVFTL,10x,5,0.23642127,0.0
4561,GILGFVFTL,10x,5,0.54102856,0.0
4141,NLVPMVATV,swapped_2962,5,0.212632,0.0
5430,NLVPMVATV,swapped_4356,5,0.15582533,0.0
4780,GILGFVFTL,10x,5,0.11299325,0.0
5040,GLCTLVAML,10x,5,0.17353304,0.0
480,GILGFVFTL,10x,5,0.3144425,0.0
3636,IMDQVPFSV,10x,5,0.37903574,0.0
2032,GILGFVFTL,10x,5,0.24427234,0.0
1340,GLCTLVAML,swapped_167,5,0.5323311,0.0
2793,GILGFVFTL,positive,5,0.11737162,1.0
3447,GILGFVFTL,10x,5,0.62758493,0.0
2518,GILGFVFTL,swapped_1809,5,0.5446798,0.0
2761,GILGFVFTL,positive,5,0.13908058,1.0
2882,GILGFVFTL,positive,5,0.12909007,1.0
3481,GILGFVFTL,10x,5,0.56904405,0.0
1522,LLFGYPVYV,swapped_186,5,0.30930847,0.0
2892,GILGFVFTL,positive,5,0.55858976,1.0
1431,FLYALALLL,swapped_362,5,0.32428545,0.0
2691,NLVPMVATV,swapped_1600,5,0.59821475,0.0
5748,GILGFVFTL,positive,5,0.624585,1.0
1992,GILGFVFTL,10x,5,0.172981,0.0
1590,GILGFVFTL,positive,5,0.15773407,1.0
5465,NLVPMVATV,swapped_4328,5,0.15252794,0.0
2200,KTWGQYWQV,10x,5,0.2985004,0.0
6455,GILGFVFTL,10x,5,0.6548224,0.0
1547,GLCTLVAML,positive,5,0.6165664,1.0
5792,NLVPMVATV,positive,5,0.35499632,1.0
5128,CLGGLLTMV,10x,5,0.5569173,0.0
3914,GLCTLVAML,swapped_2882,5,0.12942398,0.0
317,GILGFVFTL,positive,5,0.14068471,1.0
3725,GILGFVFTL,10x,5,0.3451013,0.0
5347,GILGFVFTL,swapped_4236,5,0.59636533,0.0
4219,GILGFVFTL,positive,5,0.1639776,1.0
6236,NLVPMVATV,10x,5,0.35117975,0.0
5112,GILGFVFTL,10x,5,0.4835388,0.0
6127,GILGFVFTL,10x,5,0.61463785,0.0
2446,GILGFVFTL,swapped_1552,5,0.64340264,0.0
3665,GILGFVFTL,10x,5,0.25372922,0.0
308,GILGFVFTL,positive,5,0.15524639,1.0
1381,NLVPMVATV,swapped_289,5,0.16923238,0.0
664,GILGFVFTL,10x,5,0.46796083,0.0
1552,GLCTLVAML,positive,5,0.6449835,1.0
1179,GILGFVFTL,swapped_132,5,0.16497742,0.0
3954,GLCTLVAML,swapped_2851,5,0.58735996,0.0
1490,GILGFVFTL,swapped_169,5,0.19533117,0.0
3312,GILGFVFTL,10x,5,0.23838969,0.0
5532,GLCTLVAML,swapped_4509,5,0.20559472,0.0
4439,GLCTLVAML,positive,5,0.6023903,1.0
1075,GILGFVFTL,10x,5,0.47930795,0.0
4699,GLCTLVAML,10x,5,0.5713092,0.0
2895,GILGFVFTL,positive,5,0.18854508,1.0
1348,NLVPMVATV,swapped_141,5,0.16988333,0.0
2051,NLVPMVATV,10x,5,0.63506764,0.0
1521,FLYALALLL,swapped_103,5,0.124502026,0.0
3287,GILGFVFTL,10x,5,0.59581774,0.0
2297,GILGFVFTL,10x,5,0.21500453,0.0
854,GLCTLVAML,10x,5,0.6374867,0.0
132,FLYALALLL,positive,5,0.16411345,1.0
4424,GILGFVFTL,positive,5,0.37090015,1.0
3567,NLVPMVATV,10x,5,0.64943933,0.0
1448,FLYALALLL,swapped_107,5,0.17912169,0.0
3160,RMFPNAPYL,10x,5,0.6141646,0.0
3346,GLCTLVAML,10x,5,0.2980004,0.0
4463,GILGFVFTL,positive,5,0.14967845,1.0
3717,GILGFVFTL,10x,5,0.4224996,0.0
6016,GILGFVFTL,10x,5,0.49655208,0.0
3303,GILGFVFTL,10x,5,0.4431497,0.0
1188,RTLNAWVKV,swapped_308,5,0.15730564,0.0
3286,NLVPMVATV,10x,5,0.58691734,0.0
684,GLCTLVAML,10x,5,0.46875584,0.0
1127,GILGFVFTL,10x,5,0.49879965,0.0
187,GILGFVFTL,positive,5,0.1513941,1.0
5740,GLCTLVAML,positive,5,0.3484344,1.0
3576,GILGFVFTL,10x,5,0.5557757,0.0
645,YLLEMLWRL,10x,5,0.51190203,0.0
3101,GILGFVFTL,10x,5,0.6271061,0.0
2512,NLVPMVATV,swapped_1766,5,0.16088869,0.0
4905,GILGFVFTL,10x,5,0.31410423,0.0
2185,NLVPMVATV,10x,5,0.58952045,0.0
2781,GILGFVFTL,positive,5,0.14287892,1.0
6594,GLCTLVAML,10x,5,0.5639803,0.0
1458,NLVPMVATV,swapped_178,5,0.27299878,0.0
4716,GLCTLVAML,10x,5,0.3855384,0.0
934,GILGFVFTL,10x,5,0.2370515,0.0
4634,GILGFVFTL,10x,5,0.4977437,0.0
1677,GILGFVFTL,positive,5,0.4418506,1.0
3524,GILGFVFTL,10x,5,0.35095847,0.0
4178,GILGFVFTL,positive,5,0.4697104,1.0
6120,GLCTLVAML,10x,5,0.5820605,0.0
242,GILGFVFTL,positive,5,0.13845481,1.0
3973,LLFGYPVYV,swapped_2792,5,0.12681423,0.0
5631,FLYALALLL,swapped_4555,5,0.6170581,0.0
1138,NLVPMVATV,10x,5,0.48516467,0.0
2900,GILGFVFTL,positive,5,0.4649592,1.0
861,GILGFVFTL,10x,5,0.47329822,0.0
5656,FLYALALLL,swapped_4360,5,0.4170838,0.0
6001,GLCTLVAML,positive,5,0.5297542,1.0
4802,GILGFVFTL,10x,5,0.6536361,0.0
6423,NLVPMVATV,10x,5,0.5916287,0.0
3606,GILGFVFTL,10x,5,0.5837571,0.0
685,GILGFVFTL,10x,5,0.5021611,0.0
5013,GILGFVFTL,10x,5,0.5830126,0.0
4257,GILGFVFTL,positive,5,0.1486587,1.0
1250,GLCTLVAML,swapped_312,5,0.17695692,0.0
349,GILGFVFTL,positive,5,0.33704495,1.0
565,GILGFVFTL,10x,5,0.32444096,0.0
6013,NLVPMVATV,10x,5,0.37935257,0.0
4003,GLCTLVAML,swapped_2884,5,0.14091566,0.0
263,GILGFVFTL,positive,5,0.17578681,1.0
2923,GILGFVFTL,positive,5,0.49376312,1.0
4274,KTWGQYWQV,positive,5,0.5778059,1.0
3701,GILGFVFTL,10x,5,0.19330765,0.0
5825,GILGFVFTL,positive,5,0.12902153,1.0
289,GILGFVFTL,positive,5,0.16975643,1.0
1244,NLVPMVATV,swapped_150,5,0.18234588,0.0
2377,SLFNTVATL,10x,5,0.29252315,0.0
6305,GILGFVFTL,10x,5,0.51156735,0.0
21,GILGFVFTL,positive,5,0.36206216,1.0
667,LLFGYPVYV,10x,5,0.39420706,0.0
210,GLCTLVAML,positive,5,0.4604452,1.0
339,GLCTLVAML,positive,5,0.63298386,1.0
6368,NLVPMVATV,10x,5,0.32387838,0.0
2588,GILGFVFTL,swapped_1739,5,0.64120215,0.0
1354,GILGFVFTL,swapped_166,5,0.46428847,0.0
6360,GILGFVFTL,10x,5,0.5736909,0.0
2763,GILGFVFTL,positive,5,0.11766977,1.0
167,GILGFVFTL,positive,5,0.53083867,1.0
3390,GILGFVFTL,10x,5,0.6237782,0.0
4312,GILGFVFTL,positive,5,0.2574387,1.0
915,GILGFVFTL,10x,5,0.24379039,0.0
6531,GILGFVFTL,10x,5,0.50846,0.0
4451,IMDQVPFSV,positive,5,0.24163353,1.0
5809,GILGFVFTL,positive,5,0.3798446,1.0
5389,NLVPMVATV,swapped_4222,5,0.14943208,0.0
1964,GILGFVFTL,10x,5,0.14023985,0.0
3181,GILGFVFTL,10x,5,0.60433334,0.0
5878,LLFGYPVYV,positive,5,0.5090835,1.0
5105,GILGFVFTL,10x,5,0.154516,0.0
4870,GILGFVFTL,10x,5,0.64558595,0.0
4613,GILGFVFTL,10x,5,0.4923227,0.0
6853,GLCTLVAML,swapped_5906,5,0.16920348,0.0
5543,RTLNAWVKV,swapped_4257,5,0.15064779,0.0
6302,NLVPMVATV,10x,5,0.5350762,0.0
19,GILGFVFTL,positive,5,0.12894489,1.0
2662,YLLEMLWRL,swapped_1554,5,0.19839245,0.0
6237,GLCTLVAML,10x,5,0.4917144,0.0
5862,GILGFVFTL,positive,5,0.52965724,1.0
6353,GILGFVFTL,10x,5,0.59053546,0.0
2059,GILGFVFTL,10x,5,0.5470973,0.0
6004,GILGFVFTL,positive,5,0.19808295,1.0
3918,GLCTLVAML,swapped_2790,5,0.12778285,0.0
2053,GILGFVFTL,10x,5,0.4616695,0.0
312,GILGFVFTL,positive,5,0.17652519,1.0
4719,GILGFVFTL,10x,5,0.30807674,0.0
4131,KTWGQYWQV,swapped_2811,5,0.14219828,0.0
4015,NLVPMVATV,swapped_2898,5,0.6225375,0.0
1272,GLCTLVAML,swapped_309,5,0.12923163,0.0
3169,GILGFVFTL,10x,5,0.20532483,0.0
3692,GILGFVFTL,10x,5,0.39241475,0.0
1349,RTLNAWVKV,swapped_121,5,0.2180562,0.0
171,MLDLQPETT,positive,5,0.47337797,1.0
4627,GILGFVFTL,10x,5,0.12469975,0.0
5588,GILGFVFTL,swapped_4427,5,0.6349006,0.0
92,GILGFVFTL,positive,5,0.43446773,1.0
1099,GILGFVFTL,10x,5,0.35992718,0.0
4737,GILGFVFTL,10x,5,0.17690648,0.0
3332,GILGFVFTL,10x,5,0.5582131,0.0
890,GILGFVFTL,10x,5,0.5028705,0.0
6339,GILGFVFTL,10x,5,0.5947826,0.0
3409,GILGFVFTL,10x,5,0.30074313,0.0
6703,GILGFVFTL,swapped_6001,5,0.52817047,0.0
1318,GLCTLVAML,swapped_24,5,0.10436535,0.0
121,GILGFVFTL,positive,5,0.21623865,1.0
2600,NLVPMVATV,swapped_1629,5,0.57505494,0.0
5870,GILGFVFTL,positive,5,0.17545956,1.0
1498,NLVPMVATV,swapped_60,5,0.22818813,0.0
41,GILGFVFTL,positive,5,0.26058742,1.0
4367,GLCTLVAML,positive,5,0.17413196,1.0
2731,GILGFVFTL,positive,5,0.16753325,1.0
2329,NLVPMVATV,10x,5,0.65635496,0.0
6576,FLYALALLL,10x,5,0.3468116,0.0
6612,GLCTLVAML,swapped_5875,5,0.56269944,0.0
4215,GILGFVFTL,positive,5,0.19078833,1.0
2533,GILGFVFTL,swapped_1689,5,0.5249663,0.0
1474,NLVPMVATV,swapped_21,5,0.3665143,0.0
5641,LLFGYPVYV,swapped_4238,5,0.53204334,0.0
6169,GILGFVFTL,10x,5,0.16418721,0.0
3837,NLVPMVATV,swapped_2974,5,0.271757,0.0
4610,GILGFVFTL,10x,5,0.36589864,0.0
6905,RMFPNAPYL,swapped_5902,5,0.4684334,0.0
5080,GILGFVFTL,10x,5,0.5041798,0.0
669,GILGFVFTL,10x,5,0.4958955,0.0
3813,GILGFVFTL,swapped_2730,5,0.6109015,0.0
6808,NLVPMVATV,swapped_5945,5,0.11883171,0.0
1371,LLFGYPVYV,swapped_38,5,0.64043456,0.0
1389,GILGFVFTL,swapped_18,5,0.61027056,0.0
576,GILGFVFTL,10x,5,0.63821876,0.0
5640,NLVPMVATV,swapped_4273,5,0.15125176,0.0
4911,LLFGYPVYV,10x,5,0.25155106,0.0
2274,GILGFVFTL,10x,5,0.33552507,0.0
5990,GILGFVFTL,positive,5,0.1181725,1.0
4316,GILGFVFTL,positive,5,0.6212152,1.0
3278,GLCTLVAML,10x,5,0.45591593,0.0
3231,RTLNAWVKV,10x,5,0.604099,0.0
887,GLCTLVAML,10x,5,0.2849324,0.0
1807,FLYALALLL,positive,5,0.35507378,1.0
3135,GILGFVFTL,10x,5,0.22693734,0.0
5717,GILGFVFTL,positive,5,0.40641925,1.0
876,GLCTLVAML,10x,5,0.536858,0.0
3436,GILGFVFTL,10x,5,0.60784453,0.0
38,GILGFVFTL,positive,5,0.6392265,1.0
471,GILGFVFTL,10x,5,0.11677751,0.0
2689,GLCTLVAML,swapped_1749,5,0.15614066,0.0
3008,GLCTLVAML,positive,5,0.640908,1.0
4396,NLVPMVATV,positive,5,0.41382065,1.0
3122,GILGFVFTL,10x,5,0.5980291,0.0
5882,SLLMWITQV,positive,5,0.28928846,1.0
1624,GILGFVFTL,positive,5,0.6526939,1.0
5658,GLCTLVAML,swapped_4252,5,0.29923338,0.0
4185,GILGFVFTL,positive,5,0.45711955,1.0
2811,GILGFVFTL,positive,5,0.13956429,1.0
1345,GLCTLVAML,swapped_365,5,0.1461285,0.0
1714,NLVPMVATV,positive,5,0.55538607,1.0
4040,GLCTLVAML,swapped_2794,5,0.1800495,0.0
689,GLCTLVAML,10x,5,0.53497595,0.0
6696,GLCTLVAML,swapped_5707,5,0.10453808,0.0
1364,GLCTLVAML,swapped_111,5,0.2922687,0.0
3920,NLVPMVATV,swapped_3056,5,0.5191686,0.0
4067,NLVPMVATV,swapped_2808,5,0.19054636,0.0
4290,LLFGYPVYV,positive,5,0.5551611,1.0
4587,GILGFVFTL,10x,5,0.64778614,0.0
2948,NLVPMVATV,positive,5,0.2634404,1.0
6274,GILGFVFTL,10x,5,0.66283953,0.0
1872,GILGFVFTL,10x,5,0.5903167,0.0
1922,GILGFVFTL,10x,5,0.60128057,0.0
2328,GILGFVFTL,10x,5,0.34983304,0.0
830,GILGFVFTL,10x,5,0.61826223,0.0
5452,NLVPMVATV,swapped_4219,5,0.16324927,0.0
5530,GLCTLVAML,swapped_4445,5,0.3523174,0.0
3195,GILGFVFTL,10x,5,0.33297548,0.0
5790,FLYALALLL,positive,5,0.20745157,1.0
3586,GLCTLVAML,10x,5,0.62164056,0.0
4240,GILGFVFTL,positive,5,0.15680403,1.0
4944,GILGFVFTL,10x,5,0.18474796,0.0
2683,FLYALALLL,swapped_1693,5,0.120631106,0.0
2469,MLDLQPETT,swapped_1726,5,0.6526067,0.0
86,GILGFVFTL,positive,5,0.17714034,1.0
6741,NLVPMVATV,swapped_5760,5,0.23165233,0.0
3106,NLVPMVATV,10x,5,0.10883909,0.0
3971,GLCTLVAML,swapped_2831,5,0.14723125,0.0
5337,FLYALALLL,swapped_4201,5,0.5843703,0.0
1006,GILGFVFTL,10x,5,0.5327394,0.0
5539,GLCTLVAML,swapped_4463,5,0.1500565,0.0
671,GILGFVFTL,10x,5,0.25989836,0.0
151,GILGFVFTL,positive,5,0.26636672,1.0
2789,GILGFVFTL,positive,5,0.1660926,1.0
1766,GILGFVFTL,positive,5,0.16118805,1.0
49,GLCTLVAML,positive,5,0.5943541,1.0
1749,GILGFVFTL,positive,5,0.15586382,1.0
3250,GLCTLVAML,10x,5,0.5997062,0.0
2916,GILGFVFTL,positive,5,0.1283483,1.0
6771,GILGFVFTL,swapped_5876,5,0.5510459,0.0
443,KTWGQYWQV,10x,5,0.52011377,0.0
4413,GILGFVFTL,positive,5,0.13050589,1.0
235,GILGFVFTL,positive,5,0.13886538,1.0
6257,GILGFVFTL,10x,5,0.5575067,0.0
975,GILGFVFTL,10x,5,0.5941224,0.0
186,FLYALALLL,positive,5,0.31024554,1.0
2973,GILGFVFTL,positive,5,0.17945829,1.0
3921,NLVPMVATV,swapped_2977,5,0.10120992,0.0
6079,GILGFVFTL,10x,5,0.49909958,0.0
3240,GILGFVFTL,10x,5,0.4060945,0.0
3075,GILGFVFTL,10x,5,0.6317773,0.0
1991,GILGFVFTL,10x,5,0.38100255,0.0
4238,SLLMWITQV,positive,5,0.53374666,1.0
234,FLYALALLL,positive,5,0.4418582,1.0
4721,GILGFVFTL,10x,5,0.6121222,0.0
5697,GLCTLVAML,swapped_4538,5,0.58975625,0.0
5292,GILGFVFTL,10x,5,0.42087653,0.0
1311,NLVPMVATV,swapped_119,5,0.2696617,0.0
4364,GILGFVFTL,positive,5,0.12938812,1.0
3347,GILGFVFTL,10x,5,0.5768983,0.0
763,GILGFVFTL,10x,5,0.60954505,0.0
5028,GILGFVFTL,10x,5,0.35119203,0.0
5732,GILGFVFTL,positive,5,0.120093435,1.0
3756,GILGFVFTL,10x,5,0.1743139,0.0
5965,GILGFVFTL,positive,5,0.1352915,1.0
5217,GILGFVFTL,10x,5,0.4150264,0.0
1205,GLCTLVAML,swapped_369,5,0.35716078,0.0
2492,KTWGQYWQV,swapped_1709,5,0.4855661,0.0
3932,GILGFVFTL,swapped_2876,5,0.26898852,0.0
6387,NLVPMVATV,10x,5,0.5305467,0.0
646,GILGFVFTL,10x,5,0.58169514,0.0
6178,NLVPMVATV,10x,5,0.6424783,0.0
594,FLYALALLL,10x,5,0.24286102,0.0
5032,GILGFVFTL,10x,5,0.6277836,0.0
3579,LLFGYPVYV,10x,5,0.5698025,0.0
3376,GILGFVFTL,10x,5,0.38077986,0.0
4174,GLCTLVAML,positive,5,0.63794047,1.0
5666,NLVPMVATV,swapped_4311,5,0.5430313,0.0
155,GILGFVFTL,positive,5,0.2177798,1.0
2511,GLCTLVAML,swapped_1672,5,0.24985813,0.0
1690,GLCTLVAML,positive,5,0.2113441,1.0
1999,GILGFVFTL,10x,5,0.22683868,0.0
3743,GILGFVFTL,10x,5,0.64070535,0.0
4538,GILGFVFTL,positive,5,0.58814234,1.0
5760,GILGFVFTL,positive,5,0.2320465,1.0
6700,GLCTLVAML,swapped_5965,5,0.13553765,0.0
4375,GILGFVFTL,positive,5,0.19608574,1.0
2897,GLCTLVAML,positive,5,0.3021656,1.0
485,GILGFVFTL,10x,5,0.38382375,0.0
4830,GLCTLVAML,10x,5,0.21982822,0.0
1121,NLVPMVATV,10x,5,0.17362964,0.0
2045,GILGFVFTL,10x,5,0.21095973,0.0
2173,GILGFVFTL,10x,5,0.649479,0.0
3039,GILGFVFTL,positive,5,0.41250065,1.0
1596,GILGFVFTL,positive,5,0.5653239,1.0
5071,NLVPMVATV,10x,5,0.32169387,0.0
6632,NLVPMVATV,swapped_5795,5,0.12449971,0.0
4115,NLVPMVATV,swapped_2827,5,0.62270045,0.0
5674,GILGFVFTL,swapped_4451,5,0.23911043,0.0
2979,GILGFVFTL,positive,5,0.113724805,1.0
1970,GILGFVFTL,10x,5,0.25776705,0.0
5293,GILGFVFTL,10x,5,0.3579063,0.0
578,GLCTLVAML,10x,5,0.6276328,0.0
2592,RTLNAWVKV,swapped_1713,5,0.12578477,0.0
1115,GILGFVFTL,10x,5,0.12584756,0.0
1279,GLCTLVAML,swapped_34,5,0.16074426,0.0
6338,GILGFVFTL,10x,5,0.4836371,0.0
3622,GILGFVFTL,10x,5,0.16039012,0.0
2273,NLVPMVATV,10x,5,0.37815544,0.0
5306,GILGFVFTL,10x,5,0.5589925,0.0
2257,GILGFVFTL,10x,5,0.47234038,0.0
2247,GILGFVFTL,10x,5,0.6196399,0.0
5630,GLCTLVAML,swapped_4215,5,0.19134575,0.0
5903,GILGFVFTL,positive,5,0.15368098,1.0
463,GILGFVFTL,10x,5,0.628377,0.0
6124,GILGFVFTL,10x,5,0.14008313,0.0
3624,IMDQVPFSV,10x,5,0.62297446,0.0
3824,GLCTLVAML,swapped_2999,5,0.24393505,0.0
5969,GILGFVFTL,positive,5,0.17060755,1.0
4056,RMFPNAPYL,swapped_2853,5,0.20564067,0.0
5151,GILGFVFTL,10x,5,0.22977543,0.0
5720,GILGFVFTL,positive,5,0.2271222,1.0
6827,GLCTLVAML,swapped_5769,5,0.19160123,0.0
272,GILGFVFTL,positive,5,0.46894655,1.0
2739,GILGFVFTL,positive,5,0.17099664,1.0
6660,GILGFVFTL,swapped_5790,5,0.20714891,0.0
6221,FLYALALLL,10x,5,0.6690947,0.0
1990,GILGFVFTL,10x,5,0.57021177,0.0
5456,NLVPMVATV,swapped_4180,5,0.10996921,0.0
991,GLCTLVAML,swapped_73,5,0.28728554,0.0
6518,GILGFVFTL,10x,5,0.60404503,0.0
3922,NLVPMVATV,swapped_2938,5,0.57001024,0.0
1455,GLCTLVAML,swapped_58,5,0.6112801,0.0
4824,GILGFVFTL,10x,5,0.66785645,0.0
3671,GILGFVFTL,10x,5,0.5219134,0.0
73,KVLEYVIKV,positive,5,0.29071817,1.0
5215,MLDLQPETT,10x,5,0.6326697,0.0
2072,NLVPMVATV,10x,5,0.6614078,0.0
352,GILGFVFTL,positive,5,0.16673198,1.0
3591,NLVPMVATV,10x,5,0.40266,0.0
3538,GILGFVFTL,10x,5,0.42684466,0.0
1245,RTLNAWVKV,swapped_234,5,0.44662732,0.0
3410,GLCTLVAML,10x,5,0.42787528,0.0
6418,GILGFVFTL,10x,5,0.53344727,0.0
556,GILGFVFTL,10x,5,0.12754236,0.0
1503,FLYALALLL,swapped_33,5,0.6160316,0.0
5182,GILGFVFTL,10x,5,0.58418494,0.0
690,SLFNTVATL,10x,5,0.2145232,0.0
2509,GILGFVFTL,swapped_1736,5,0.6509751,0.0
2670,GLCTLVAML,swapped_1623,5,0.15217957,0.0
2393,GILGFVFTL,10x,5,0.23926347,0.0
2282,GLCTLVAML,10x,5,0.6033378,0.0
6291,GILGFVFTL,10x,5,0.25103036,0.0
2830,GILGFVFTL,positive,5,0.1866656,1.0
1820,GILGFVFTL,10x,5,0.49005932,0.0
1014,GILGFVFTL,10x,5,0.57600886,0.0
2296,GLCTLVAML,10x,5,0.5542374,0.0
1446,KVAELVHFL,swapped_318,5,0.11637986,0.0
1329,NLVPMVATV,swapped_55,5,0.59340566,0.0
1078,SLLMWITQV,10x,5,0.6050401,0.0
4515,GILGFVFTL,positive,5,0.15946782,1.0
5276,GILGFVFTL,10x,5,0.34609598,0.0
1347,LLFGYPVYV,swapped_256,5,0.19633311,0.0
1491,GILGFVFTL,swapped_73,5,0.28634003,0.0
6216,GILGFVFTL,10x,5,0.39726192,0.0
4873,NLVPMVATV,10x,5,0.2795142,0.0
1039,NLVPMVATV,10x,5,0.6271704,0.0
3657,GILGFVFTL,10x,5,0.2769203,0.0
1960,GILGFVFTL,10x,5,0.61935246,0.0
6183,GLCTLVAML,10x,5,0.24272297,0.0
6316,GILGFVFTL,10x,5,0.21538152,0.0
3927,FLYALALLL,swapped_2923,5,0.49420768,0.0
3873,MLDLQPETT,swapped_3047,5,0.29662952,0.0
5197,GILGFVFTL,10x,5,0.17155303,0.0
3252,GLCTLVAML,10x,5,0.14952704,0.0
5061,NLVPMVATV,10x,5,0.2117272,0.0
6903,RTLNAWVKV,swapped_5717,5,0.4114584,0.0
2578,GILGFVFTL,swapped_1675,5,0.3696573,0.0
1226,NLVPMVATV,swapped_160,5,0.16281037,0.0
