4396,NLVPMVATV,positive,5,0.17343189,1.0
2524,GILGFVFTL,swapped_1723,5,0.36276004,0.0
4471,NLVPMVATV,positive,5,0.1919543,1.0
915,GILGFVFTL,10x,5,0.23848183,0.0
1387,NLVPMVATV,swapped_96,5,0.5152633,0.0
4853,GILGFVFTL,10x,5,0.9094992,0.0
3241,GILGFVFTL,10x,5,0.21358389,0.0
2035,LLFGYPVYV,10x,5,0.18929142,0.0
6518,GILGFVFTL,10x,5,0.08391769,0.0
6670,NLVPMVATV,swapped_5946,5,0.8865405,0.0
542,GILGFVFTL,10x,5,0.41367126,0.0
2070,GILGFVFTL,10x,5,0.27024704,0.0
4019,NLVPMVATV,swapped_2830,5,0.9571404,0.0
6563,NLVPMVATV,10x,5,0.09891848,0.0
3647,NLVPMVATV,10x,5,0.15371488,0.0
1963,GLCTLVAML,10x,5,0.10247922,0.0
6773,NLVPMVATV,swapped_5871,5,0.99452245,0.0
4381,GILGFVFTL,positive,5,0.9352527,1.0
2876,MLDLQPETT,positive,5,0.14303297,1.0
1075,GILGFVFTL,10x,5,0.239005,0.0
6076,RMFPNAPYL,10x,5,0.21398078,0.0
3812,GLCTLVAML,swapped_3039,5,0.9880584,0.0
3200,GILGFVFTL,10x,5,0.31045502,0.0
5508,NLVPMVATV,swapped_4375,5,0.98280025,0.0
2395,GILGFVFTL,10x,5,0.10652998,0.0
6063,RTLNAWVKV,10x,5,0.23353021,0.0
3008,GLCTLVAML,positive,5,0.16261263,1.0
5639,NLVPMVATV,swapped_4281,5,0.9984969,0.0
210,GLCTLVAML,positive,5,0.7597779,1.0
2518,GILGFVFTL,swapped_1809,5,0.16690865,0.0
4397,GILGFVFTL,positive,5,0.9140339,1.0
141,GILGFVFTL,positive,5,0.4098118,1.0
2059,GILGFVFTL,10x,5,0.13545074,0.0
1171,GLCTLVAML,swapped_348,5,0.9131041,0.0
4754,GLCTLVAML,10x,5,0.3066138,0.0
6903,RTLNAWVKV,swapped_5717,5,0.96425146,0.0
1345,GLCTLVAML,swapped_365,5,0.804002,0.0
5876,GLCTLVAML,positive,5,0.29118565,1.0
2670,GLCTLVAML,swapped_1623,5,0.9320538,0.0
4365,GILGFVFTL,positive,5,0.12846465,1.0
5308,NLVPMVATV,10x,5,0.042212844,0.0
3410,GLCTLVAML,10x,5,0.1936816,0.0
6898,GLCTLVAML,swapped_5731,5,0.92959565,0.0
3116,GILGFVFTL,10x,5,0.42025065,0.0
4874,GILGFVFTL,10x,5,0.2532379,0.0
2407,RTLNAWVKV,swapped_1677,5,0.56754994,0.0
1126,GILGFVFTL,10x,5,0.10344241,0.0
1302,LLFGYPVYV,swapped_227,5,0.26054958,0.0
2549,GILGFVFTL,swapped_1770,5,0.21567382,0.0
1809,GLCTLVAML,positive,5,0.16599683,1.0
4670,GILGFVFTL,10x,5,0.23396596,0.0
3685,GILGFVFTL,10x,5,0.23440886,0.0
5594,GILGFVFTL,swapped_4223,5,0.48128858,0.0
1099,GILGFVFTL,10x,5,0.2930575,0.0
4869,GILGFVFTL,10x,5,0.48629144,0.0
3999,GILGFVFTL,swapped_2869,5,0.1636572,0.0
1311,NLVPMVATV,swapped_119,5,0.9824206,0.0
1337,GILGFVFTL,swapped_156,5,0.76901877,0.0
4722,GILGFVFTL,10x,5,0.47852853,0.0
6592,GILGFVFTL,10x,5,0.14373997,0.0
2361,GILGFVFTL,10x,5,0.09890419,0.0
2464,GLCTLVAML,swapped_1778,5,0.9453739,0.0
704,GLCTLVAML,10x,5,0.06748593,0.0
3892,GLCTLVAML,swapped_2793,5,0.9994418,0.0
1999,GILGFVFTL,10x,5,0.19940156,0.0
4645,GLCTLVAML,10x,5,0.461647,0.0
696,GLCTLVAML,10x,5,0.22845432,0.0
234,FLYALALLL,positive,5,0.49526954,1.0
795,GLCTLVAML,10x,5,0.39194283,0.0
641,GILGFVFTL,10x,5,0.30749395,0.0
2296,GLCTLVAML,10x,5,0.14678478,0.0
2269,GILGFVFTL,10x,5,0.23386136,0.0
6167,RTLNAWVKV,10x,5,0.19878279,0.0
6904,GILGFVFTL,swapped_5737,5,0.10997063,0.0
318,GILGFVFTL,positive,5,0.9985586,1.0
5680,GLCTLVAML,swapped_4522,5,0.9935283,0.0
6152,GILGFVFTL,10x,5,0.14364192,0.0
3869,NLVPMVATV,swapped_2989,5,0.9943429,0.0
4810,GILGFVFTL,10x,5,0.22348672,0.0
2973,GILGFVFTL,positive,5,0.9973794,1.0
1188,RTLNAWVKV,swapped_308,5,0.990105,0.0
2592,RTLNAWVKV,swapped_1713,5,0.8421995,0.0
365,GILGFVFTL,positive,5,0.8075103,1.0
3594,GILGFVFTL,10x,5,0.19337404,0.0
6523,GILGFVFTL,10x,5,0.6208674,0.0
6360,GILGFVFTL,10x,5,0.098432496,0.0
2831,GILGFVFTL,positive,5,0.99470216,1.0
6216,GILGFVFTL,10x,5,0.23085079,0.0
869,GILGFVFTL,10x,5,0.14335576,0.0
5314,RTLNAWVKV,10x,5,0.76739275,0.0
6031,GILGFVFTL,10x,5,0.44563904,0.0
309,GILGFVFTL,positive,5,0.9983657,1.0
2512,NLVPMVATV,swapped_1766,5,0.5913598,0.0
1807,FLYALALLL,positive,5,0.7296125,1.0
3253,GILGFVFTL,10x,5,0.14816353,0.0
6177,GILGFVFTL,10x,5,0.23606576,0.0
2160,FLYALALLL,10x,5,0.08734545,0.0
2451,KTWGQYWQV,swapped_1720,5,0.9494249,0.0
2469,MLDLQPETT,swapped_1726,5,0.044968653,0.0
1455,GLCTLVAML,swapped_58,5,0.14247634,0.0
1399,GLCTLVAML,swapped_151,5,0.9132723,0.0
980,NLVPMVATV,10x,5,0.07533546,0.0
1253,FLYALALLL,swapped_247,5,0.8547007,0.0
6808,NLVPMVATV,swapped_5945,5,0.9649527,0.0
2979,GILGFVFTL,positive,5,0.99686325,1.0
3751,NLVPMVATV,10x,5,0.06413613,0.0
3192,GILGFVFTL,10x,5,0.19425313,0.0
1700,GILGFVFTL,positive,5,0.13512748,1.0
1322,GILGFVFTL,swapped_344,5,0.12828252,0.0
60,GILGFVFTL,positive,5,0.5825665,1.0
1777,NLVPMVATV,positive,5,0.09497358,1.0
4731,GLCTLVAML,10x,5,0.18908893,0.0
3798,GILGFVFTL,10x,5,0.13948327,0.0
3098,GILGFVFTL,10x,5,0.27635944,0.0
6120,GLCTLVAML,10x,5,0.063491225,0.0
4131,KTWGQYWQV,swapped_2811,5,0.9918795,0.0
3914,GLCTLVAML,swapped_2882,5,0.9699485,0.0
317,GILGFVFTL,positive,5,0.99933136,1.0
4118,GLCTLVAML,swapped_2866,5,0.14917755,0.0
352,GILGFVFTL,positive,5,0.93583363,1.0
6183,GLCTLVAML,10x,5,0.30009386,0.0
2443,SLLMWITQV,swapped_1700,5,0.13347434,0.0
5208,GILGFVFTL,10x,5,0.15664008,0.0
2494,GILGFVFTL,swapped_1592,5,0.053219456,0.0
3523,GILGFVFTL,10x,5,0.21694727,0.0
4435,GILGFVFTL,positive,5,0.11151678,1.0
4063,NLVPMVATV,swapped_2901,5,0.54946184,0.0
1115,GILGFVFTL,10x,5,0.23384835,0.0
2231,RTLNAWVKV,10x,5,0.24830656,0.0
6436,GILGFVFTL,10x,5,0.12738922,0.0
1693,GILGFVFTL,positive,5,0.99954563,1.0
3998,GILGFVFTL,swapped_2944,5,0.0879523,0.0
5731,GILGFVFTL,positive,5,0.9315103,1.0
55,GLCTLVAML,positive,5,0.20204279,1.0
6493,GILGFVFTL,10x,5,0.1157663,0.0
6083,GILGFVFTL,10x,5,0.20242508,0.0
593,FLYALALLL,10x,5,0.4112567,0.0
3969,GLCTLVAML,swapped_2846,5,0.9844246,0.0
4078,RTLNAWVKV,swapped_2852,5,0.15261418,0.0
4882,GILGFVFTL,10x,5,0.17102323,0.0
4646,GILGFVFTL,10x,5,0.218481,0.0
1324,MLDLQPETT,swapped_379,5,0.993317,0.0
6715,GLCTLVAML,swapped_5990,5,0.9978188,0.0
6368,NLVPMVATV,10x,5,0.15227519,0.0
5105,GILGFVFTL,10x,5,0.037598453,0.0
2794,GILGFVFTL,positive,5,0.8638942,1.0
4546,GILGFVFTL,positive,5,0.9979036,1.0
2430,GILGFVFTL,swapped_1547,5,0.1586931,0.0
203,GILGFVFTL,positive,5,0.22679399,1.0
6481,LLFGYPVYV,10x,5,0.118316635,0.0
196,GILGFVFTL,positive,5,0.44187948,1.0
393,GLCTLVAML,10x,5,0.082911044,0.0
3215,GILGFVFTL,10x,5,0.4455149,0.0
3044,GILGFVFTL,positive,5,0.9993254,1.0
3339,GILGFVFTL,10x,5,0.14520174,0.0
1590,GILGFVFTL,positive,5,0.944765,1.0
3104,RTLNAWVKV,10x,5,0.21041988,0.0
2110,LLFGYPVYV,10x,5,0.041084964,0.0
1226,NLVPMVATV,swapped_160,5,0.9989489,0.0
4522,GILGFVFTL,positive,5,0.99376935,1.0
6156,GILGFVFTL,10x,5,0.4949297,0.0
5707,GILGFVFTL,positive,5,0.9996037,1.0
3383,GILGFVFTL,10x,5,0.1212692,0.0
539,GILGFVFTL,10x,5,0.45902714,0.0
5215,MLDLQPETT,10x,5,0.10432587,0.0
6244,GILGFVFTL,10x,5,0.24799678,0.0
5096,NLVPMVATV,10x,5,0.9022534,0.0
5862,GILGFVFTL,positive,5,0.028565368,1.0
2209,NLVPMVATV,10x,5,0.01977349,0.0
505,NLVPMVATV,10x,5,0.14615907,0.0
4243,GILGFVFTL,positive,5,0.9985966,1.0
1679,GILGFVFTL,positive,5,0.37299773,1.0
5109,NLVPMVATV,10x,5,0.23904443,0.0
3698,GILGFVFTL,10x,5,0.23929018,0.0
6151,GILGFVFTL,10x,5,0.3049463,0.0
5903,GILGFVFTL,positive,5,0.9922484,1.0
5197,GILGFVFTL,10x,5,0.17372191,0.0
3333,FLYALALLL,10x,5,0.32724807,0.0
3405,GILGFVFTL,10x,5,0.18823124,0.0
2923,GILGFVFTL,positive,5,0.26944435,1.0
3286,NLVPMVATV,10x,5,0.29302955,0.0
3702,GLCTLVAML,10x,5,0.22303613,0.0
3837,NLVPMVATV,swapped_2974,5,0.21096559,0.0
2730,KTWGQYWQV,positive,5,0.11751891,1.0
5411,GILGFVFTL,swapped_4174,5,0.13349111,0.0
6149,GILGFVFTL,10x,5,0.1933948,0.0
5293,GILGFVFTL,10x,5,0.7799764,0.0
1709,GILGFVFTL,positive,5,0.87991035,1.0
1469,GLCTLVAML,swapped_290,5,0.9488859,0.0
418,GLCTLVAML,10x,5,0.38656574,0.0
3665,GILGFVFTL,10x,5,0.2911116,0.0
6082,GILGFVFTL,10x,5,0.14716074,0.0
6056,GLCTLVAML,10x,5,0.14795846,0.0
3542,GILGFVFTL,10x,5,0.1420654,0.0
4850,GILGFVFTL,10x,5,0.1713139,0.0
5740,GLCTLVAML,positive,5,0.41769925,1.0
1979,GILGFVFTL,10x,5,0.19395359,0.0
1867,GILGFVFTL,10x,5,0.15035893,0.0
1329,NLVPMVATV,swapped_55,5,0.20009515,0.0
1087,GILGFVFTL,10x,5,0.16096856,0.0
49,GLCTLVAML,positive,5,0.3146433,1.0
5769,GILGFVFTL,positive,5,0.8438409,1.0
2255,GILGFVFTL,10x,5,0.16211584,0.0
4004,IMDQVPFSV,swapped_3031,5,0.99916315,0.0
1671,GILGFVFTL,positive,5,0.21216519,1.0
6306,GILGFVFTL,10x,5,0.14190465,0.0
2257,GILGFVFTL,10x,5,0.086361274,0.0
1964,GILGFVFTL,10x,5,0.8229945,0.0
6708,GLCTLVAML,swapped_5825,5,0.996959,0.0
3450,GILGFVFTL,10x,5,0.13459712,0.0
1381,NLVPMVATV,swapped_289,5,0.9993837,0.0
1629,GILGFVFTL,positive,5,0.6631062,1.0
4186,GILGFVFTL,positive,5,0.33924502,1.0
1245,RTLNAWVKV,swapped_234,5,0.4905466,0.0
4024,GLCTLVAML,swapped_2955,5,0.22947825,0.0
5294,GILGFVFTL,10x,5,0.061947357,0.0
6455,GILGFVFTL,10x,5,0.21096392,0.0
2328,GILGFVFTL,10x,5,0.6801311,0.0
190,NLVPMVATV,positive,5,0.079530254,1.0
3493,GLCTLVAML,10x,5,0.8465752,0.0
6034,GLCTLVAML,10x,5,0.16066647,0.0
2094,GLCTLVAML,10x,5,0.09133306,0.0
4634,GILGFVFTL,10x,5,0.26815528,0.0
3569,GILGFVFTL,10x,5,0.30111462,0.0
4034,NLVPMVATV,swapped_2817,5,0.99310184,0.0
1686,FLYALALLL,positive,5,0.5015725,1.0
3430,GLCTLVAML,10x,5,0.19413336,0.0
2467,GLCTLVAML,swapped_1742,5,0.9981364,0.0
3626,RMFPNAPYL,10x,5,0.07253389,0.0
2859,GILGFVFTL,positive,5,0.9429313,1.0
6021,LLFGYPVYV,10x,5,0.25215423,0.0
1056,GLCTLVAML,10x,5,0.1909379,0.0
4599,GLCTLVAML,10x,5,0.24316305,0.0
6905,RMFPNAPYL,swapped_5902,5,0.84049237,0.0
1554,GILGFVFTL,positive,5,0.96425855,1.0
137,NLVPMVATV,positive,5,0.13551919,1.0
1354,GILGFVFTL,swapped_166,5,0.3895361,0.0
1864,GILGFVFTL,10x,5,0.042558502,0.0
379,GILGFVFTL,positive,5,0.99396616,1.0
6247,GILGFVFTL,10x,5,0.71855295,0.0
4445,GILGFVFTL,positive,5,0.41490075,1.0
41,GILGFVFTL,positive,5,0.9567787,1.0
3813,GILGFVFTL,swapped_2730,5,0.116300836,0.0
2999,GILGFVFTL,positive,5,0.9973774,1.0
341,GILGFVFTL,positive,5,0.075618185,1.0
3400,SLLMWITQV,10x,5,0.23813862,0.0
4584,YLLEMLWRL,10x,5,0.29308173,0.0
6771,GILGFVFTL,swapped_5876,5,0.2930336,0.0
5223,GILGFVFTL,10x,5,0.22272307,0.0
3845,GLCTLVAML,swapped_2936,5,0.63059205,0.0
2635,RTLNAWVKV,swapped_1800,5,0.89586735,0.0
4906,GILGFVFTL,10x,5,0.32082638,0.0
5697,GLCTLVAML,swapped_4538,5,0.114001565,0.0
936,GILGFVFTL,10x,5,0.26857567,0.0
3140,GLCTLVAML,10x,5,0.10162716,0.0
4274,KTWGQYWQV,positive,5,0.179739,1.0
3932,GILGFVFTL,swapped_2876,5,0.14309986,0.0
2955,GILGFVFTL,positive,5,0.23062085,1.0
1624,GILGFVFTL,positive,5,0.14477775,1.0
6146,NLVPMVATV,10x,5,0.28493986,0.0
1739,GLCTLVAML,positive,5,0.17752664,1.0
2024,GILGFVFTL,10x,5,0.1803542,0.0
6387,NLVPMVATV,10x,5,0.7381924,0.0
1215,NLVPMVATV,swapped_257,5,0.90149784,0.0
5870,GILGFVFTL,positive,5,0.99683845,1.0
1135,GLCTLVAML,10x,5,0.37598073,0.0
1204,GILGFVFTL,swapped_190,5,0.0809807,0.0
3522,GILGFVFTL,10x,5,0.29612115,0.0
5560,RMFPNAPYL,swapped_4502,5,0.9590811,0.0
4029,FLYALALLL,swapped_3022,5,0.13755831,0.0
3135,GILGFVFTL,10x,5,0.35472274,0.0
3985,KTWGQYWQV,swapped_2945,5,0.34597403,0.0
6571,GILGFVFTL,10x,5,0.12856354,0.0
6036,FLYALALLL,10x,5,0.5426087,0.0
92,GILGFVFTL,positive,5,0.9899593,1.0
6639,GLCTLVAML,swapped_5732,5,0.99108714,0.0
2170,GILGFVFTL,10x,5,0.06874269,0.0
2368,GILGFVFTL,10x,5,0.62962395,0.0
5527,GLCTLVAML,swapped_4186,5,0.33784005,0.0
1361,NLVPMVATV,swapped_317,5,0.9992623,0.0
1547,GLCTLVAML,positive,5,0.1578338,1.0
3312,GILGFVFTL,10x,5,0.6414455,0.0
5990,GILGFVFTL,positive,5,0.99790215,1.0
235,GILGFVFTL,positive,5,0.9953461,1.0
876,GLCTLVAML,10x,5,0.12987417,0.0
1990,GILGFVFTL,10x,5,0.25114274,0.0
2203,GILGFVFTL,10x,5,0.14377913,0.0
2788,GILGFVFTL,positive,5,0.9985864,1.0
5345,SLLMWITQV,swapped_4178,5,0.12763716,0.0
3308,GILGFVFTL,10x,5,0.20520435,0.0
933,GILGFVFTL,10x,5,0.18434435,0.0
4719,GILGFVFTL,10x,5,0.11660804,0.0
1514,LLFGYPVYV,swapped_229,5,0.92737573,0.0
6353,GILGFVFTL,10x,5,0.28204468,0.0
4666,GILGFVFTL,10x,5,0.49451452,0.0
4644,GILGFVFTL,10x,5,0.060386524,0.0
565,GILGFVFTL,10x,5,0.9523659,0.0
1742,GILGFVFTL,positive,5,0.99820757,1.0
5543,RTLNAWVKV,swapped_4257,5,0.9605974,0.0
2511,GLCTLVAML,swapped_1672,5,0.56870335,0.0
4321,GILGFVFTL,positive,5,0.993982,1.0
4787,GILGFVFTL,10x,5,0.09437071,0.0
4795,NLVPMVATV,10x,5,0.08736478,0.0
6303,GILGFVFTL,10x,5,0.26352718,0.0
4749,GILGFVFTL,10x,5,0.31245556,0.0
1595,GILGFVFTL,positive,5,0.033607226,1.0
47,GILGFVFTL,positive,5,0.18026607,1.0
4139,GILGFVFTL,swapped_3041,5,0.26930627,0.0
4802,GILGFVFTL,10x,5,0.2721094,0.0
3022,GILGFVFTL,positive,5,0.13942344,1.0
3280,NLVPMVATV,10x,5,0.35400018,0.0
424,GLCTLVAML,10x,5,0.45015144,0.0
1085,NLVPMVATV,10x,5,0.14543734,0.0
5641,LLFGYPVYV,swapped_4238,5,0.4663039,0.0
1770,NLVPMVATV,positive,5,0.2123125,1.0
627,GLCTLVAML,10x,5,0.27420747,0.0
3219,GILGFVFTL,10x,5,0.990728,0.0
6437,GILGFVFTL,10x,5,0.23120251,0.0
6345,GLCTLVAML,10x,5,0.1596247,0.0
3743,GILGFVFTL,10x,5,0.12868357,0.0
6709,GILGFVFTL,swapped_5755,5,0.13228856,0.0
3233,FLYALALLL,10x,5,0.16977012,0.0
4705,GILGFVFTL,10x,5,0.21883132,0.0
1690,GLCTLVAML,positive,5,0.34407645,1.0
3946,NLVPMVATV,swapped_2798,5,0.9991033,0.0
5529,RTLNAWVKV,swapped_4321,5,0.99324447,0.0
5809,GILGFVFTL,positive,5,0.3004881,1.0
6844,SLFNTVATL,swapped_5870,5,0.9966319,0.0
3152,NLVPMVATV,10x,5,0.238636,0.0
3648,GILGFVFTL,10x,5,0.1557255,0.0
890,GILGFVFTL,10x,5,0.111205384,0.0
2944,NLVPMVATV,positive,5,0.08646963,1.0
499,GILGFVFTL,10x,5,0.3101989,0.0
1800,GILGFVFTL,positive,5,0.90507287,1.0
4962,GILGFVFTL,10x,5,0.15208286,0.0
2943,GILGFVFTL,positive,5,0.99552333,1.0
3641,GILGFVFTL,10x,5,0.43579295,0.0
645,YLLEMLWRL,10x,5,0.04007232,0.0
2817,GILGFVFTL,positive,5,0.99374396,1.0
6700,GLCTLVAML,swapped_5965,5,0.99726474,0.0
287,GILGFVFTL,positive,5,0.9897377,1.0
4919,GILGFVFTL,10x,5,0.05132209,0.0
1902,GILGFVFTL,10x,5,0.15914866,0.0
1348,NLVPMVATV,swapped_141,5,0.39653152,0.0
2590,GILGFVFTL,swapped_1807,5,0.7395503,0.0
1911,GILGFVFTL,10x,5,0.4672247,0.0
4199,NLVPMVATV,positive,5,0.17691736,1.0
861,GILGFVFTL,10x,5,0.72873706,0.0
2701,GILGFVFTL,positive,5,0.99977475,1.0
1862,GILGFVFTL,10x,5,0.07276093,0.0
1949,GILGFVFTL,10x,5,0.15019047,0.0
6222,GILGFVFTL,10x,5,0.24526809,0.0
1838,NLVPMVATV,10x,5,0.47648683,0.0
2349,GILGFVFTL,10x,5,0.20973974,0.0
949,GILGFVFTL,10x,5,0.13748935,0.0
1759,FLYALALLL,positive,5,0.14554106,1.0
3440,GILGFVFTL,10x,5,0.7944186,0.0
6366,GILGFVFTL,10x,5,0.16129132,0.0
1242,RTLNAWVKV,swapped_89,5,0.7799739,0.0
1233,GLCTLVAML,swapped_86,5,0.9958112,0.0
171,MLDLQPETT,positive,5,0.3187016,1.0
887,GLCTLVAML,10x,5,0.09299575,0.0
3420,GLCTLVAML,10x,5,0.17168593,0.0
1208,GLCTLVAML,swapped_217,5,0.6146662,0.0
3055,GILGFVFTL,positive,5,0.99460113,1.0
4219,GILGFVFTL,positive,5,0.89134526,1.0
86,GILGFVFTL,positive,5,0.9959676,1.0
3701,GILGFVFTL,10x,5,0.60246825,0.0
736,GILGFVFTL,10x,5,0.1991852,0.0
5182,GILGFVFTL,10x,5,0.135939,0.0
485,GILGFVFTL,10x,5,0.0554023,0.0
6178,NLVPMVATV,10x,5,0.051827393,0.0
6687,GILGFVFTL,swapped_5930,5,0.09784261,0.0
469,RMFPNAPYL,10x,5,0.8098894,0.0
2477,GILGFVFTL,swapped_1704,5,0.18016262,0.0
3719,GILGFVFTL,10x,5,0.18555056,0.0
193,GILGFVFTL,positive,5,0.80876666,1.0
2789,GILGFVFTL,positive,5,0.98214334,1.0
1014,GILGFVFTL,10x,5,0.03866646,0.0
1170,GLCTLVAML,swapped_193,5,0.8020967,0.0
2912,FLYALALLL,positive,5,0.10879549,1.0
4041,NLVPMVATV,swapped_2799,5,0.81204176,0.0
3901,MLDLQPETT,swapped_2832,5,0.9992592,0.0
2053,GILGFVFTL,10x,5,0.13931236,0.0
807,GILGFVFTL,10x,5,0.1652732,0.0
1214,NLVPMVATV,swapped_241,5,0.99204504,0.0
4121,NLVPMVATV,swapped_2763,5,0.99811894,0.0
227,GILGFVFTL,positive,5,0.2625711,1.0
3560,GILGFVFTL,10x,5,0.3586561,0.0
4721,GILGFVFTL,10x,5,0.3310271,0.0
5071,NLVPMVATV,10x,5,0.12383556,0.0
6853,GLCTLVAML,swapped_5906,5,0.9603772,0.0
5946,GILGFVFTL,positive,5,0.89583683,1.0
454,GILGFVFTL,10x,5,0.7339401,0.0
290,GILGFVFTL,positive,5,0.9507722,1.0
1884,GILGFVFTL,10x,5,0.28113806,0.0
5795,GILGFVFTL,positive,5,0.99943,1.0
6037,GILGFVFTL,10x,5,0.53060204,0.0
1283,GLCTLVAML,swapped_145,5,0.21412335,0.0
5588,GILGFVFTL,swapped_4427,5,0.2077037,0.0
4228,GILGFVFTL,positive,5,0.16807567,1.0
5513,GLCTLVAML,swapped_4292,5,0.9263631,0.0
1922,GILGFVFTL,10x,5,0.27795282,0.0
4839,NLVPMVATV,10x,5,0.20067054,0.0
709,GILGFVFTL,10x,5,0.121627994,0.0
1854,NLVPMVATV,10x,5,0.56487036,0.0
5306,GILGFVFTL,10x,5,0.16329983,0.0
5405,GILGFVFTL,swapped_4505,5,0.3719656,0.0
2045,GILGFVFTL,10x,5,0.24915904,0.0
6576,FLYALALLL,10x,5,0.108605884,0.0
5728,KTWGQYWQV,positive,5,0.11726226,1.0
5176,GILGFVFTL,10x,5,0.17864458,0.0
2823,GILGFVFTL,positive,5,0.951806,1.0
6531,GILGFVFTL,10x,5,0.15042236,0.0
6668,GLCTLVAML,swapped_5862,5,0.028425707,0.0
576,GILGFVFTL,10x,5,0.19567968,0.0
526,GILGFVFTL,10x,5,0.3408904,0.0
4268,GLCTLVAML,positive,5,0.1768325,1.0
1198,LLFGYPVYV,swapped_191,5,0.20904587,0.0
6854,GLCTLVAML,swapped_5935,5,0.5707161,0.0
150,GILGFVFTL,positive,5,0.9978649,1.0
3169,GILGFVFTL,10x,5,0.27220815,0.0
6741,NLVPMVATV,swapped_5760,5,0.963984,0.0
2974,GILGFVFTL,positive,5,0.21407418,1.0
6237,GLCTLVAML,10x,5,0.23230922,0.0
242,GILGFVFTL,positive,5,0.9831964,1.0
2199,GLCTLVAML,10x,5,0.2018052,0.0
6265,GLCTLVAML,10x,5,0.7260533,0.0
5683,RMFPNAPYL,swapped_4364,5,0.98049897,0.0
975,GILGFVFTL,10x,5,0.1303327,0.0
6147,GILGFVFTL,10x,5,0.18148087,0.0
2827,GILGFVFTL,positive,5,0.27972752,1.0
2577,NLVPMVATV,swapped_1802,5,0.8981659,0.0
3186,NLVPMVATV,10x,5,0.16263533,0.0
119,GILGFVFTL,positive,5,0.9840312,1.0
5465,NLVPMVATV,swapped_4328,5,0.7629082,0.0
4624,GILGFVFTL,10x,5,0.091241926,0.0
4354,GILGFVFTL,positive,5,0.99922216,1.0
3622,GILGFVFTL,10x,5,0.40375704,0.0
6327,NLVPMVATV,10x,5,0.13363868,0.0
1298,KVLEYVIKV,swapped_268,5,0.11635022,0.0
6124,GILGFVFTL,10x,5,0.12948617,0.0
241,GILGFVFTL,positive,5,0.9927897,1.0
4841,GILGFVFTL,10x,5,0.54731715,0.0
2236,YLLEMLWRL,10x,5,0.41378406,0.0
3970,GILGFVFTL,swapped_2804,5,0.2550382,0.0
5737,GLCTLVAML,positive,5,0.10935617,1.0
1749,GILGFVFTL,positive,5,0.9847199,1.0
1088,GILGFVFTL,10x,5,0.18628904,0.0
4737,GILGFVFTL,10x,5,0.42600054,0.0
1148,NLVPMVATV,swapped_293,5,0.9995285,0.0
3436,GILGFVFTL,10x,5,0.05701646,0.0
918,GILGFVFTL,10x,5,0.028836621,0.0
5424,NLVPMVATV,swapped_4267,5,0.99895287,0.0
926,GILGFVFTL,10x,5,0.123070076,0.0
5216,GILGFVFTL,10x,5,0.23813929,0.0
4706,GILGFVFTL,10x,5,0.29245055,0.0
5974,GILGFVFTL,positive,5,0.44242993,1.0
4891,GILGFVFTL,10x,5,0.47707766,0.0
4223,NLVPMVATV,positive,5,0.47174945,1.0
2501,GLCTLVAML,swapped_1671,5,0.21106873,0.0
229,GILGFVFTL,positive,5,0.9301272,1.0
4252,GILGFVFTL,positive,5,0.3612914,1.0
987,NLVPMVATV,10x,5,0.2350501,0.0
2026,GILGFVFTL,10x,5,0.19189115,0.0
3725,GILGFVFTL,10x,5,0.09607146,0.0
5062,GILGFVFTL,10x,5,0.15584266,0.0
6609,GILGFVFTL,10x,5,0.6582792,0.0
3678,GILGFVFTL,10x,5,0.3457046,0.0
3674,GILGFVFTL,10x,5,0.13387908,0.0
3873,MLDLQPETT,swapped_3047,5,0.48234576,0.0
5979,GILGFVFTL,positive,5,0.9985109,1.0
4277,GILGFVFTL,positive,5,0.9941545,1.0
4273,GILGFVFTL,positive,5,0.99473614,1.0
3639,GILGFVFTL,10x,5,0.5310273,0.0
2900,GILGFVFTL,positive,5,0.31326437,1.0
3657,GILGFVFTL,10x,5,0.19002916,0.0
4951,KTWGQYWQV,10x,5,0.13511953,0.0
531,NLVPMVATV,10x,5,0.05987114,0.0
6274,GILGFVFTL,10x,5,0.03098263,0.0
1788,GILGFVFTL,positive,5,0.9297006,1.0
5816,NLVPMVATV,positive,5,0.28631294,1.0
38,GILGFVFTL,positive,5,0.20239794,1.0
6363,GILGFVFTL,10x,5,0.17029989,0.0
6812,GLCTLVAML,swapped_5748,5,0.47250935,0.0
2938,GILGFVFTL,positive,5,0.8581072,1.0
2122,GILGFVFTL,10x,5,0.2532754,0.0
757,GLCTLVAML,10x,5,0.3982656,0.0
2725,GILGFVFTL,positive,5,0.9703573,1.0
1876,GILGFVFTL,10x,5,0.08975264,0.0
676,GILGFVFTL,10x,5,0.24568158,0.0
551,GILGFVFTL,10x,5,0.39597067,0.0
1179,GILGFVFTL,swapped_132,5,0.5248546,0.0
5231,GLCTLVAML,10x,5,0.15697886,0.0
1672,GILGFVFTL,positive,5,0.5728252,1.0
5061,NLVPMVATV,10x,5,0.10413605,0.0
588,NLVPMVATV,10x,5,0.118454985,0.0
4295,GILGFVFTL,positive,5,0.9991683,1.0
6431,GILGFVFTL,10x,5,0.13418077,0.0
6236,NLVPMVATV,10x,5,0.36844197,0.0
4413,GILGFVFTL,positive,5,0.9987274,1.0
6423,NLVPMVATV,10x,5,0.37648228,0.0
1371,LLFGYPVYV,swapped_38,5,0.20134276,0.0
1736,NLVPMVATV,positive,5,0.25733653,1.0
5028,GILGFVFTL,10x,5,0.2692311,0.0
421,LLFGYPVYV,10x,5,0.24087936,0.0
2884,GILGFVFTL,positive,5,0.9846482,1.0
646,GILGFVFTL,10x,5,0.29511583,0.0
1766,GILGFVFTL,positive,5,0.6028426,1.0
1802,GILGFVFTL,positive,5,0.9065363,1.0
6040,GILGFVFTL,10x,5,0.12693849,0.0
1820,GILGFVFTL,10x,5,0.1431969,0.0
4873,NLVPMVATV,10x,5,0.51632345,0.0
3240,GILGFVFTL,10x,5,0.09405303,0.0
1403,GLCTLVAML,swapped_235,5,0.9951657,0.0
1503,FLYALALLL,swapped_33,5,0.15158077,0.0
435,YLLEMLWRL,10x,5,0.2721951,0.0
5860,GILGFVFTL,positive,5,0.38815737,1.0
4960,RTLNAWVKV,10x,5,0.21102558,0.0
6169,GILGFVFTL,10x,5,0.41347334,0.0
187,GILGFVFTL,positive,5,0.9677654,1.0
4687,RTLNAWVKV,10x,5,0.29678017,0.0
336,GILGFVFTL,positive,5,0.99367404,1.0
1596,GILGFVFTL,positive,5,0.08186717,1.0
107,GILGFVFTL,positive,5,0.99387735,1.0
1991,GILGFVFTL,10x,5,0.28153273,0.0
751,GILGFVFTL,10x,5,0.13371065,0.0
2247,GILGFVFTL,10x,5,0.11947388,0.0
2693,GILGFVFTL,swapped_1759,5,0.14758171,0.0
4137,KTWGQYWQV,swapped_2912,5,0.112347394,0.0
514,GILGFVFTL,10x,5,0.24359056,0.0
1375,GLCTLVAML,swapped_272,5,0.20919572,0.0
5369,GLCTLVAML,swapped_4185,5,0.905548,0.0
4619,GILGFVFTL,10x,5,0.13218355,0.0
5539,GLCTLVAML,swapped_4463,5,0.99355704,0.0
3031,GILGFVFTL,positive,5,0.999238,1.0
1490,GILGFVFTL,swapped_169,5,0.30293435,0.0
256,GILGFVFTL,positive,5,0.99155957,1.0
5970,NLVPMVATV,positive,5,0.1788943,1.0
6764,FLYALALLL,swapped_5860,5,0.3816369,0.0
3606,GILGFVFTL,10x,5,0.87585235,0.0
166,GLCTLVAML,positive,5,0.38784695,1.0
3181,GILGFVFTL,10x,5,0.24241439,0.0
5026,GILGFVFTL,10x,5,0.23613875,0.0
3130,NLVPMVATV,10x,5,0.20931622,0.0
443,KTWGQYWQV,10x,5,0.06998818,0.0
73,KVLEYVIKV,positive,5,0.30970818,1.0
5389,NLVPMVATV,swapped_4222,5,0.99576974,0.0
283,GILGFVFTL,positive,5,0.99909484,1.0
5598,SLLMWITQV,swapped_4214,5,0.9974247,0.0
4031,FLYALALLL,swapped_2943,5,0.9953322,0.0
5144,GILGFVFTL,10x,5,0.22510412,0.0
4703,NLVPMVATV,10x,5,0.35418704,0.0
1121,NLVPMVATV,10x,5,0.49298483,0.0
4662,GILGFVFTL,10x,5,0.48831323,0.0
6004,GILGFVFTL,positive,5,0.86605966,1.0
661,SLFNTVATL,10x,5,0.07017631,0.0
89,GILGFVFTL,positive,5,0.7914589,1.0
4316,GILGFVFTL,positive,5,0.062218968,1.0
690,SLFNTVATL,10x,5,0.5414184,0.0
1210,GILGFVFTL,swapped_339,5,0.12994589,0.0
6441,GLCTLVAML,10x,5,0.1047076,0.0
330,LLFGYPVYV,positive,5,0.21053866,1.0
4613,GILGFVFTL,10x,5,0.11567872,0.0
6128,GILGFVFTL,10x,5,0.1433665,0.0
6013,NLVPMVATV,10x,5,0.17774901,0.0
4090,GLCTLVAML,swapped_3019,5,0.99854845,0.0
3118,GLCTLVAML,10x,5,0.09859054,0.0
6309,GLCTLVAML,10x,5,0.69474393,0.0
564,GILGFVFTL,10x,5,0.13063604,0.0
5132,GILGFVFTL,10x,5,0.55680937,0.0
6719,GILGFVFTL,swapped_5878,5,0.30695593,0.0
4257,GILGFVFTL,positive,5,0.96501476,1.0
2578,GILGFVFTL,swapped_1675,5,0.23381774,0.0
3051,GILGFVFTL,positive,5,0.9980515,1.0
3303,GILGFVFTL,10x,5,0.27791834,0.0
4336,GILGFVFTL,positive,5,0.5940823,1.0
5525,GLCTLVAML,swapped_4316,5,0.06184795,0.0
754,GILGFVFTL,10x,5,0.94827485,0.0
4129,GLCTLVAML,swapped_2711,5,0.90674883,0.0
3419,GILGFVFTL,10x,5,0.38665462,0.0
1521,FLYALALLL,swapped_103,5,0.9900247,0.0
5363,GLCTLVAML,swapped_4312,5,0.9029569,0.0
2711,GILGFVFTL,positive,5,0.90998554,1.0
5755,GLCTLVAML,positive,5,0.13154037,1.0
4056,RMFPNAPYL,swapped_2853,5,0.9832304,0.0
6692,NLVPMVATV,swapped_5903,5,0.9914486,0.0
1339,GLCTLVAML,swapped_354,5,0.9994727,0.0
471,GILGFVFTL,10x,5,0.09417496,0.0
5217,GILGFVFTL,10x,5,0.3923009,0.0
2260,GILGFVFTL,10x,5,0.13668805,0.0
1846,NLVPMVATV,10x,5,0.114110984,0.0
4067,NLVPMVATV,swapped_2808,5,0.10439624,0.0
3884,NLVPMVATV,swapped_2992,5,0.7673133,0.0
3294,GILGFVFTL,10x,5,0.25031757,0.0
4499,GILGFVFTL,positive,5,0.9990017,1.0
3390,GILGFVFTL,10x,5,0.3532653,0.0
1220,NLVPMVATV,swapped_196,5,0.42349118,0.0
6796,GILGFVFTL,swapped_5989,5,0.4737861,0.0
1144,GLCTLVAML,swapped_249,5,0.9993661,0.0
460,GLCTLVAML,10x,5,0.16618215,0.0
5989,GLCTLVAML,positive,5,0.47024772,1.0
362,GILGFVFTL,positive,5,0.23605077,1.0
3486,GILGFVFTL,10x,5,0.09882061,0.0
1091,GILGFVFTL,10x,5,0.25263795,0.0
2866,GILGFVFTL,positive,5,0.14998938,1.0
4240,GILGFVFTL,positive,5,0.9779252,1.0
4932,GILGFVFTL,10x,5,0.23197947,0.0
2936,GILGFVFTL,positive,5,0.6338323,1.0
2551,GILGFVFTL,swapped_1777,5,0.09624372,0.0
5868,GILGFVFTL,positive,5,0.2676709,1.0
4201,GILGFVFTL,positive,5,0.8809924,1.0
3575,GLCTLVAML,10x,5,0.3280377,0.0
2525,RMFPNAPYL,swapped_1595,5,0.03436324,0.0
2869,GLCTLVAML,positive,5,0.16277619,1.0
4427,NLVPMVATV,positive,5,0.20466353,1.0
2492,KTWGQYWQV,swapped_1709,5,0.87324566,0.0
3150,GLCTLVAML,10x,5,0.8082842,0.0
6770,NLVPMVATV,swapped_5932,5,0.8029695,0.0
6443,GILGFVFTL,10x,5,0.059401706,0.0
855,GILGFVFTL,10x,5,0.7763697,0.0
3394,GLCTLVAML,10x,5,0.12940162,0.0
2173,GILGFVFTL,10x,5,0.35403383,0.0
6305,GILGFVFTL,10x,5,0.4562058,0.0
785,GLCTLVAML,10x,5,0.2664176,0.0
6802,MLDLQPETT,swapped_5979,5,0.99836475,0.0
1225,LLFGYPVYV,swapped_41,5,0.95502734,0.0
1713,GILGFVFTL,positive,5,0.8524645,1.0
5696,NLVPMVATV,swapped_4228,5,0.1653459,0.0
2213,GILGFVFTL,10x,5,0.15248202,0.0
3115,NLVPMVATV,10x,5,0.8620977,0.0
556,GILGFVFTL,10x,5,0.56354874,0.0
33,GLCTLVAML,positive,5,0.15285373,1.0
3538,GILGFVFTL,10x,5,0.3103622,0.0
849,GILGFVFTL,10x,5,0.15855749,0.0
3157,GILGFVFTL,10x,5,0.06771152,0.0
6664,NLVPMVATV,swapped_5720,5,0.4507365,0.0
1147,GILGFVFTL,swapped_22,5,0.12747826,0.0
3100,GILGFVFTL,10x,5,0.091001816,0.0
406,GILGFVFTL,10x,5,0.17755,0.0
151,GILGFVFTL,positive,5,0.9163289,1.0
3172,FLYALALLL,10x,5,0.21149448,0.0
864,GILGFVFTL,10x,5,0.6856634,0.0
4849,GILGFVFTL,10x,5,0.55974996,0.0
160,GILGFVFTL,positive,5,0.9990472,1.0
2253,GILGFVFTL,10x,5,0.58601946,0.0
491,NLVPMVATV,10x,5,0.35499954,0.0
3151,GILGFVFTL,10x,5,0.033633694,0.0
3770,GILGFVFTL,10x,5,0.386915,0.0
1205,GLCTLVAML,swapped_369,5,0.9849214,0.0
4130,NLVPMVATV,swapped_2761,5,0.893739,0.0
2933,GILGFVFTL,positive,5,0.9930085,1.0
1926,KTWGQYWQV,10x,5,0.06342873,0.0
344,GLCTLVAML,positive,5,0.12756293,1.0
5776,GLCTLVAML,positive,5,0.111752056,1.0
5057,GILGFVFTL,10x,5,0.46710533,0.0
5937,GILGFVFTL,positive,5,0.9948926,1.0
2781,GILGFVFTL,positive,5,0.97294575,1.0
1702,GILGFVFTL,positive,5,0.99950075,1.0
4515,GILGFVFTL,positive,5,0.86661464,1.0
3581,NLVPMVATV,10x,5,0.23774807,0.0
3971,GLCTLVAML,swapped_2831,5,0.994497,0.0
5732,GILGFVFTL,positive,5,0.9914301,1.0
1675,FLYALALLL,positive,5,0.23090771,1.0
3210,GILGFVFTL,10x,5,0.1119221,0.0
4312,GILGFVFTL,positive,5,0.90633893,1.0
251,RMFPNAPYL,positive,5,0.077237226,1.0
4824,GILGFVFTL,10x,5,0.07801733,0.0
3760,NLVPMVATV,10x,5,0.22180237,0.0
3954,GLCTLVAML,swapped_2851,5,0.7761361,0.0
4215,GILGFVFTL,positive,5,0.7737937,1.0
1921,NLVPMVATV,10x,5,0.41044185,0.0
872,GILGFVFTL,10x,5,0.08819289,0.0
5038,GILGFVFTL,10x,5,0.09431123,0.0
2505,NLVPMVATV,swapped_1690,5,0.33899736,0.0
3671,GILGFVFTL,10x,5,0.22654417,0.0
1347,LLFGYPVYV,swapped_256,5,0.99118716,0.0
6233,GILGFVFTL,10x,5,0.18479207,0.0
2012,GILGFVFTL,10x,5,0.22610906,0.0
4180,GILGFVFTL,positive,5,0.9969254,1.0
2811,GILGFVFTL,positive,5,0.9926764,1.0
1966,GILGFVFTL,10x,5,0.39589527,0.0
3332,GILGFVFTL,10x,5,0.26564813,0.0
6882,NLVPMVATV,swapped_5722,5,0.9633927,0.0
3765,GILGFVFTL,10x,5,0.6282171,0.0
5658,GLCTLVAML,swapped_4252,5,0.3592682,0.0
3598,GILGFVFTL,10x,5,0.49404457,0.0
4238,SLLMWITQV,positive,5,0.46217483,1.0
5241,GILGFVFTL,10x,5,0.13056463,0.0
6425,GLCTLVAML,10x,5,0.460665,0.0
2393,GILGFVFTL,10x,5,0.7571442,0.0
2695,GILGFVFTL,positive,5,0.9706871,1.0
339,GLCTLVAML,positive,5,0.12921833,1.0
42,GILGFVFTL,positive,5,0.9992723,1.0
2846,GILGFVFTL,positive,5,0.98501366,1.0
5935,GILGFVFTL,positive,5,0.58048904,1.0
6257,GILGFVFTL,10x,5,0.09420628,0.0
938,GLCTLVAML,10x,5,0.045726467,0.0
812,GILGFVFTL,10x,5,0.14933543,0.0
1364,GLCTLVAML,swapped_111,5,0.9721844,0.0
1448,FLYALALLL,swapped_107,5,0.9936094,0.0
2161,GILGFVFTL,10x,5,0.06623812,0.0
3773,GILGFVFTL,10x,5,0.15824854,0.0
5597,GILGFVFTL,swapped_4464,5,0.2356675,0.0
4174,GLCTLVAML,positive,5,0.13273275,1.0
5906,GILGFVFTL,positive,5,0.96180606,1.0
3732,GILGFVFTL,10x,5,0.34383172,0.0
3019,GILGFVFTL,positive,5,0.9986028,1.0
1039,NLVPMVATV,10x,5,0.41831917,0.0
2674,NLVPMVATV,swapped_1788,5,0.9244099,0.0
6391,GILGFVFTL,10x,5,0.075515054,0.0
6166,GILGFVFTL,10x,5,0.33956453,0.0
1930,NLVPMVATV,10x,5,0.13675813,0.0
3351,NLVPMVATV,10x,5,0.26112548,0.0
4830,GLCTLVAML,10x,5,0.94657475,0.0
6291,GILGFVFTL,10x,5,0.5468579,0.0
191,GILGFVFTL,positive,5,0.21006875,1.0
5288,GILGFVFTL,10x,5,0.22241029,0.0
2237,GILGFVFTL,10x,5,0.9413717,0.0
1370,KVAELVHFL,swapped_323,5,0.26435265,0.0
437,GILGFVFTL,10x,5,0.2886881,0.0
3775,GILGFVFTL,10x,5,0.11089972,0.0
2958,GLCTLVAML,positive,5,0.15002888,1.0
6153,GILGFVFTL,10x,5,0.083245255,0.0
5067,GILGFVFTL,10x,5,0.07008735,0.0
1001,GILGFVFTL,10x,5,0.025410676,0.0
273,NLVPMVATV,positive,5,0.1980581,1.0
1349,RTLNAWVKV,swapped_121,5,0.6228202,0.0
669,GILGFVFTL,10x,5,0.18675432,0.0
2783,GILGFVFTL,positive,5,0.825193,1.0
6465,GLCTLVAML,10x,5,0.59484476,0.0
4048,KTWGQYWQV,swapped_2788,5,0.9984268,0.0
931,MLDLQPETT,10x,5,0.26401213,0.0
4555,GILGFVFTL,positive,5,0.1643356,1.0
2600,NLVPMVATV,swapped_1629,5,0.6433236,0.0
1873,MLDLQPETT,10x,5,0.77781737,0.0
4153,GLCTLVAML,swapped_2783,5,0.82162344,0.0
247,GILGFVFTL,positive,5,0.8612189,1.0
2155,GILGFVFTL,10x,5,0.15936513,0.0
3361,GLCTLVAML,10x,5,0.124001116,0.0
5312,GLCTLVAML,10x,5,0.106811404,0.0
5086,GILGFVFTL,10x,5,0.27689743,0.0
3706,GILGFVFTL,10x,5,0.48386937,0.0
5717,GILGFVFTL,positive,5,0.9679709,1.0
2746,GILGFVFTL,positive,5,0.14609207,1.0
1168,GLCTLVAML,swapped_287,5,0.98934233,0.0
3272,GILGFVFTL,10x,5,0.07094686,0.0
2147,GILGFVFTL,10x,5,0.27737597,0.0
5367,NLVPMVATV,swapped_4390,5,0.41979107,0.0
1900,NLVPMVATV,10x,5,0.20009813,0.0
1020,GILGFVFTL,10x,5,0.12102138,0.0
6252,GILGFVFTL,10x,5,0.20133395,0.0
2989,GILGFVFTL,positive,5,0.9948702,1.0
451,GILGFVFTL,10x,5,0.8368524,0.0
3911,GLCTLVAML,swapped_2979,5,0.9967415,0.0
2497,FLYALALLL,swapped_1590,5,0.9423529,0.0
4463,GILGFVFTL,positive,5,0.99379706,1.0
45,GILGFVFTL,positive,5,0.99953055,1.0
5637,NLVPMVATV,swapped_4274,5,0.17513089,0.0
5640,NLVPMVATV,swapped_4273,5,0.9941953,0.0
6148,GILGFVFTL,10x,5,0.19404949,0.0
5650,NLVPMVATV,swapped_4499,5,0.998899,0.0
3692,GILGFVFTL,10x,5,0.15060382,0.0
4760,GILGFVFTL,10x,5,0.36288136,0.0
3444,GILGFVFTL,10x,5,0.17953701,0.0
925,NLVPMVATV,10x,5,0.8095748,0.0
5401,NLVPMVATV,swapped_4413,5,0.998596,0.0
2309,GILGFVFTL,10x,5,0.40013108,0.0
966,IMDQVPFSV,10x,5,0.2779409,0.0
5042,GILGFVFTL,10x,5,0.21494119,0.0
2860,GILGFVFTL,positive,5,0.9989993,1.0
5686,RMFPNAPYL,swapped_4295,5,0.9990988,0.0
2888,GILGFVFTL,positive,5,0.4059715,1.0
991,GLCTLVAML,swapped_73,5,0.31675306,0.0
1006,GILGFVFTL,10x,5,0.43740124,0.0
5040,GLCTLVAML,10x,5,0.11794841,0.0
4753,GILGFVFTL,10x,5,0.107204586,0.0
4360,GILGFVFTL,positive,5,0.46327084,1.0
6703,GILGFVFTL,swapped_6001,5,0.17745855,0.0
5630,GLCTLVAML,swapped_4215,5,0.76768446,0.0
2060,GLCTLVAML,10x,5,0.10640587,0.0
4040,GLCTLVAML,swapped_2794,5,0.85926175,0.0
2232,NLVPMVATV,10x,5,0.35989758,0.0
2116,GILGFVFTL,10x,5,0.08508872,0.0
6001,GLCTLVAML,positive,5,0.17651896,1.0
2853,GILGFVFTL,positive,5,0.98447,1.0
2793,GILGFVFTL,positive,5,0.99946266,1.0
6016,GILGFVFTL,10x,5,0.11965024,0.0
3278,GLCTLVAML,10x,5,0.31131834,0.0
65,NLVPMVATV,positive,5,0.18105651,1.0
578,GLCTLVAML,10x,5,0.12669462,0.0
5466,GLCTLVAML,swapped_4435,5,0.11087924,0.0
1276,GLCTLVAML,swapped_155,5,0.99493694,0.0
3603,GILGFVFTL,10x,5,0.19997603,0.0
5930,NLVPMVATV,positive,5,0.09633521,1.0
3825,GLCTLVAML,swapped_2695,5,0.9695395,0.0
1250,GLCTLVAML,swapped_312,5,0.99182606,0.0
58,GILGFVFTL,positive,5,0.14326625,1.0
457,GILGFVFTL,10x,5,0.072730035,0.0
2482,GLCTLVAML,swapped_1624,5,0.14396594,0.0
354,GILGFVFTL,positive,5,0.9994924,1.0
3930,GLCTLVAML,swapped_2807,5,0.15895759,0.0
257,GILGFVFTL,positive,5,0.9081552,1.0
1390,GILGFVFTL,swapped_273,5,0.20102493,0.0
5186,LLFGYPVYV,10x,5,0.26220062,0.0
3084,GLCTLVAML,10x,5,0.081017815,0.0
5398,GILGFVFTL,swapped_4268,5,0.1777734,0.0
5436,IMDQVPFSV,swapped_4374,5,0.9269978,0.0
628,GILGFVFTL,10x,5,0.114288904,0.0
4003,GLCTLVAML,swapped_2884,5,0.98403823,0.0
6790,KTWGQYWQV,swapped_5792,5,0.07507932,0.0
400,GILGFVFTL,10x,5,0.17102918,0.0
4451,IMDQVPFSV,positive,5,0.20734246,1.0
5249,RTLNAWVKV,10x,5,0.110834725,0.0
4005,NLVPMVATV,swapped_3044,5,0.9992556,0.0
1118,GILGFVFTL,10x,5,0.09120995,0.0
1428,GLCTLVAML,swapped_331,5,0.40209696,0.0
268,GILGFVFTL,positive,5,0.120305166,1.0
3106,NLVPMVATV,10x,5,0.9938631,0.0
3028,GILGFVFTL,positive,5,0.9589373,1.0
2948,NLVPMVATV,positive,5,0.16877091,1.0
167,GILGFVFTL,positive,5,0.13863654,1.0
1138,NLVPMVATV,10x,5,0.051807657,0.0
4431,NLVPMVATV,positive,5,0.1451324,1.0
3741,GLCTLVAML,10x,5,0.20995413,0.0
2444,GILGFVFTL,swapped_1686,5,0.5048706,0.0
4315,GILGFVFTL,positive,5,0.40805575,1.0
6801,GILGFVFTL,swapped_5882,5,0.5263761,0.0
601,GILGFVFTL,10x,5,0.24600609,0.0
675,GILGFVFTL,10x,5,0.27235112,0.0
249,GILGFVFTL,positive,5,0.9993899,1.0
5151,GILGFVFTL,10x,5,0.5379969,0.0
1272,GLCTLVAML,swapped_309,5,0.998302,0.0
1825,GLCTLVAML,10x,5,0.38457632,0.0
5452,NLVPMVATV,swapped_4219,5,0.8833648,0.0
2088,GILGFVFTL,10x,5,0.12819093,0.0
1069,GILGFVFTL,10x,5,0.1462678,0.0
3586,GLCTLVAML,10x,5,0.07397997,0.0
5192,GILGFVFTL,10x,5,0.069207266,0.0
6398,NLVPMVATV,10x,5,0.15154518,0.0
2319,NLVPMVATV,10x,5,0.1539344,0.0
4292,GILGFVFTL,positive,5,0.9288589,1.0
2468,NLVPMVATV,swapped_1627,5,0.99830425,0.0
2167,GILGFVFTL,10x,5,0.49045718,0.0
3266,GILGFVFTL,10x,5,0.113572836,0.0
825,GILGFVFTL,10x,5,0.12045444,0.0
186,FLYALALLL,positive,5,0.14226158,1.0
1291,KTWGQYWQV,swapped_49,5,0.3174029,0.0
5418,NLVPMVATV,swapped_4521,5,0.9512029,0.0
4716,GLCTLVAML,10x,5,0.15922675,0.0
4944,GILGFVFTL,10x,5,0.7359436,0.0
4390,GILGFVFTL,positive,5,0.43187025,1.0
5441,FLYALALLL,swapped_4424,5,0.72078305,0.0
5544,GLCTLVAML,swapped_4336,5,0.5846534,0.0
3887,SLFNTVATL,swapped_2860,5,0.99893373,0.0
1737,NLVPMVATV,positive,5,0.29172868,1.0
1843,GILGFVFTL,10x,5,0.22131668,0.0
1389,GILGFVFTL,swapped_18,5,0.08844027,0.0
6320,GILGFVFTL,10x,5,0.24917145,0.0
2348,GILGFVFTL,10x,5,0.1477596,0.0
3791,GILGFVFTL,10x,5,0.25328505,0.0
5243,MLDLQPETT,10x,5,0.12505178,0.0
1960,GILGFVFTL,10x,5,0.26096898,0.0
968,GILGFVFTL,10x,5,0.22720335,0.0
4536,FLYALALLL,positive,5,0.14378056,1.0
3823,GLCTLVAML,swapped_2731,5,0.99299735,0.0
3041,GLCTLVAML,positive,5,0.26796857,1.0
1289,NLVPMVATV,swapped_187,5,0.9646528,0.0
634,GILGFVFTL,10x,5,0.1744015,0.0
111,GILGFVFTL,positive,5,0.9732476,1.0
3948,GILGFVFTL,swapped_2699,5,0.19931544,0.0
6336,GLCTLVAML,10x,5,0.13883466,0.0
5292,GILGFVFTL,10x,5,0.1727936,0.0
6847,GILGFVFTL,swapped_5816,5,0.29110152,0.0
6819,NLVPMVATV,swapped_5937,5,0.9943684,0.0
1919,GILGFVFTL,10x,5,0.38745344,0.0
963,RTLNAWVKV,10x,5,0.13912687,0.0
2398,RMFPNAPYL,10x,5,0.079156555,0.0
1078,SLLMWITQV,10x,5,0.3268291,0.0
103,GILGFVFTL,positive,5,0.9904394,1.0
2699,GLCTLVAML,positive,5,0.1982687,1.0
1416,LLFGYPVYV,swapped_19,5,0.8135911,0.0
272,GILGFVFTL,positive,5,0.21027465,1.0
2898,SLFNTVATL,positive,5,0.10502952,1.0
5029,NLVPMVATV,10x,5,0.75227034,0.0
4083,GLCTLVAML,swapped_2859,5,0.9407713,0.0
5631,FLYALALLL,swapped_4555,5,0.1622,0.0
4898,GILGFVFTL,10x,5,0.07905529,0.0
3918,GLCTLVAML,swapped_2790,5,0.9657457,0.0
2852,GLCTLVAML,positive,5,0.15366934,1.0
2945,GILGFVFTL,positive,5,0.3451733,1.0
5278,GILGFVFTL,10x,5,0.14109863,0.0
483,GILGFVFTL,10x,5,0.09155629,0.0
4267,GILGFVFTL,positive,5,0.9990508,1.0
2509,GILGFVFTL,swapped_1736,5,0.26175475,0.0
2683,FLYALALLL,swapped_1693,5,0.99952567,0.0
2808,GILGFVFTL,positive,5,0.10562872,1.0
1773,GILGFVFTL,positive,5,0.02264234,1.0
3386,GLCTLVAML,10x,5,0.2166823,0.0
5191,GLCTLVAML,10x,5,0.12037914,0.0
5668,GLCTLVAML,swapped_4381,5,0.93282574,0.0
1429,MLDLQPETT,swapped_45,5,0.9994843,0.0
2828,FLYALALLL,positive,5,0.24180865,1.0
5108,GILGFVFTL,10x,5,0.11565009,0.0
3271,GILGFVFTL,10x,5,0.26796558,0.0
1726,GILGFVFTL,positive,5,0.043735888,1.0
5932,GILGFVFTL,positive,5,0.81286955,1.0
763,GILGFVFTL,10x,5,0.08773383,0.0
145,GILGFVFTL,positive,5,0.21566224,1.0
3368,LLFGYPVYV,10x,5,0.19439155,0.0
2372,LLFGYPVYV,10x,5,0.23412053,0.0
6510,GLCTLVAML,10x,5,0.8507442,0.0
4342,GLCTLVAML,positive,5,0.09150727,1.0
4858,GILGFVFTL,10x,5,0.2876166,0.0
369,GILGFVFTL,positive,5,0.9854822,1.0
3826,GLCTLVAML,swapped_2701,5,0.99976593,0.0
4886,GILGFVFTL,10x,5,0.37141177,0.0
4163,NLVPMVATV,swapped_2801,5,0.97037315,0.0
741,GILGFVFTL,10x,5,0.3274067,0.0
263,GILGFVFTL,positive,5,0.91612965,1.0
4178,GILGFVFTL,positive,5,0.1291802,1.0
4641,GILGFVFTL,10x,5,0.9385523,0.0
1623,GILGFVFTL,positive,5,0.9344876,1.0
911,GILGFVFTL,10x,5,0.37099808,0.0
5614,GILGFVFTL,swapped_4439,5,0.1206967,0.0
4485,GILGFVFTL,positive,5,0.66528887,1.0
5430,NLVPMVATV,swapped_4356,5,0.9968888,0.0
6725,NLVPMVATV,swapped_5728,5,0.114234716,0.0
2731,GILGFVFTL,positive,5,0.9932581,1.0
2432,GILGFVFTL,swapped_1714,5,0.25550014,0.0
5178,GILGFVFTL,10x,5,0.02938145,0.0
2377,SLFNTVATL,10x,5,0.28120288,0.0
4580,GILGFVFTL,10x,5,0.09386886,0.0
6392,GILGFVFTL,10x,5,0.31140837,0.0
3796,GILGFVFTL,10x,5,0.26542386,0.0
5115,GILGFVFTL,10x,5,0.11657577,0.0
5656,FLYALALLL,swapped_4360,5,0.45327726,0.0
6280,GILGFVFTL,10x,5,0.1714914,0.0
2799,GILGFVFTL,positive,5,0.8254521,1.0
4350,GILGFVFTL,positive,5,0.9881363,1.0
1453,GLCTLVAML,swapped_100,5,0.99588794,0.0
1164,GLCTLVAML,swapped_42,5,0.999244,0.0
4168,GILGFVFTL,swapped_2897,5,0.33890605,0.0
5536,GILGFVFTL,swapped_4367,5,0.2667738,0.0
1776,GILGFVFTL,positive,5,0.028004322,1.0
1060,GILGFVFTL,10x,5,0.08174415,0.0
3988,GILGFVFTL,swapped_3008,5,0.16349293,0.0
5211,GILGFVFTL,10x,5,0.1521257,0.0
5403,GLCTLVAML,swapped_4277,5,0.99392784,0.0
21,GILGFVFTL,positive,5,0.82094264,1.0
2159,GILGFVFTL,10x,5,0.6706118,0.0
6052,NLVPMVATV,10x,5,0.12996562,0.0
1465,GLCTLVAML,swapped_35,5,0.078034826,0.0
1279,GLCTLVAML,swapped_34,5,0.999373,0.0
3829,LLFGYPVYV,swapped_3051,5,0.997965,0.0
1010,GILGFVFTL,10x,5,0.10007667,0.0
5882,SLLMWITQV,positive,5,0.51072675,1.0
6657,NLVPMVATV,swapped_5981,5,0.63944185,0.0
2189,GILGFVFTL,10x,5,0.5274898,0.0
5532,GLCTLVAML,swapped_4509,5,0.3743323,0.0
312,GILGFVFTL,positive,5,0.99213,1.0
392,GILGFVFTL,10x,5,0.028324,0.0
2698,GILGFVFTL,positive,5,0.18077004,1.0
1474,NLVPMVATV,swapped_21,5,0.80654156,0.0
5233,GILGFVFTL,10x,5,0.057119504,0.0
5128,CLGGLLTMV,10x,5,0.14546907,0.0
622,KTWGQYWQV,10x,5,0.34552088,0.0
6319,GILGFVFTL,10x,5,0.07502395,0.0
1117,GILGFVFTL,10x,5,0.1139439,0.0
6261,GILGFVFTL,10x,5,0.27091157,0.0
1379,LLFGYPVYV,swapped_341,5,0.075562455,0.0
4502,GILGFVFTL,positive,5,0.9618352,1.0
331,GILGFVFTL,positive,5,0.4044476,1.0
667,LLFGYPVYV,10x,5,0.37737706,0.0
5981,GILGFVFTL,positive,5,0.66025066,1.0
5664,GLCTLVAML,swapped_4546,5,0.99782205,0.0
3824,GLCTLVAML,swapped_2999,5,0.99727553,0.0
5479,GILGFVFTL,swapped_4342,5,0.09204647,0.0
1625,GILGFVFTL,positive,5,0.842,1.0
3160,RMFPNAPYL,10x,5,0.13903481,0.0
5604,GLCTLVAML,swapped_4397,5,0.9116223,0.0
5662,FLYALALLL,swapped_4431,5,0.14561558,0.0
5181,GILGFVFTL,10x,5,0.03259143,0.0
6635,GILGFVFTL,swapped_5740,5,0.41974595,0.0
4165,NLVPMVATV,swapped_2823,5,0.9468781,0.0
2689,GLCTLVAML,swapped_1749,5,0.9841137,0.0
5629,GLCTLVAML,swapped_4536,5,0.1449992,0.0
2763,GILGFVFTL,positive,5,0.9982949,1.0
2036,RTLNAWVKV,10x,5,0.99592763,0.0
156,NLVPMVATV,positive,5,0.7519763,1.0
4566,GILGFVFTL,10x,5,0.13884927,0.0
6660,GILGFVFTL,swapped_5790,5,0.19908932,0.0
1093,GILGFVFTL,10x,5,0.069201946,0.0
662,GILGFVFTL,10x,5,0.2619613,0.0
5102,GILGFVFTL,10x,5,0.30681744,0.0
3067,GILGFVFTL,10x,5,0.18902203,0.0
2114,GILGFVFTL,10x,5,0.25985178,0.0
3189,GILGFVFTL,10x,5,0.14525932,0.0
4905,GILGFVFTL,10x,5,0.2283432,0.0
4356,GILGFVFTL,positive,5,0.99717915,1.0
3893,NLVPMVATV,swapped_2933,5,0.9922504,0.0
2739,GILGFVFTL,positive,5,0.94221956,1.0
1274,LLFGYPVYV,swapped_263,5,0.9130895,0.0
2591,LLFGYPVYV,swapped_1564,5,0.23583084,0.0
5013,GILGFVFTL,10x,5,0.22988191,0.0
24,GILGFVFTL,positive,5,0.99599814,1.0
6788,LLFGYPVYV,swapped_6004,5,0.8611229,0.0
5945,GILGFVFTL,positive,5,0.96821666,1.0
6612,GLCTLVAML,swapped_5875,5,0.7865546,0.0
4143,LLFGYPVYV,swapped_2828,5,0.24354547,0.0
6445,GILGFVFTL,10x,5,0.2246508,0.0
3376,GILGFVFTL,10x,5,0.421716,0.0
4512,GLCTLVAML,positive,5,0.21981764,1.0
3653,GILGFVFTL,10x,5,0.045219474,0.0
2662,YLLEMLWRL,swapped_1554,5,0.96161133,0.0
6100,GILGFVFTL,10x,5,0.19725572,0.0
293,GILGFVFTL,positive,5,0.99957246,1.0
3255,GILGFVFTL,10x,5,0.38615936,0.0
4185,GILGFVFTL,positive,5,0.90881354,1.0
1319,GLCTLVAML,swapped_251,5,0.07498734,0.0
883,GILGFVFTL,10x,5,0.4116098,0.0
35,GILGFVFTL,positive,5,0.07850398,1.0
1084,IMDQVPFSV,10x,5,0.25489277,0.0
6339,GILGFVFTL,10x,5,0.081456795,0.0
5875,GILGFVFTL,positive,5,0.7933099,1.0
349,GILGFVFTL,positive,5,0.72300553,1.0
6335,GILGFVFTL,10x,5,0.21064916,0.0
3992,NLVPMVATV,swapped_2739,5,0.93640417,0.0
3870,LLFGYPVYV,swapped_2916,5,0.9990865,0.0
5481,GLCTLVAML,swapped_4485,5,0.6619824,0.0
2515,NLVPMVATV,swapped_1727,5,0.9561955,0.0
1564,NLVPMVATV,positive,5,0.23324622,1.0
3155,GILGFVFTL,10x,5,0.07350539,0.0
3250,GLCTLVAML,10x,5,0.3704643,0.0
4610,GILGFVFTL,10x,5,0.21287775,0.0
2992,GILGFVFTL,positive,5,0.78411734,1.0
6243,GILGFVFTL,10x,5,0.3454202,0.0
3225,GILGFVFTL,10x,5,0.28454238,0.0
4509,GILGFVFTL,positive,5,0.3760598,1.0
801,GILGFVFTL,10x,5,0.26809984,0.0
6575,GILGFVFTL,10x,5,0.28558573,0.0
3705,FLYALALLL,10x,5,0.4622219,0.0
6400,GILGFVFTL,10x,5,0.45018497,0.0
2807,GILGFVFTL,positive,5,0.15983815,1.0
2239,GILGFVFTL,10x,5,0.19491996,0.0
3910,GLCTLVAML,swapped_2698,5,0.17979886,0.0
4222,GILGFVFTL,positive,5,0.99616444,1.0
2032,GILGFVFTL,10x,5,0.7389667,0.0
4015,NLVPMVATV,swapped_2898,5,0.10411951,0.0
1145,GLCTLVAML,swapped_336,5,0.99342924,0.0
6696,GLCTLVAML,swapped_5707,5,0.9995882,0.0
1627,GILGFVFTL,positive,5,0.9984629,1.0
3378,GILGFVFTL,10x,5,0.25218236,0.0
3941,GLCTLVAML,swapped_2789,5,0.9814356,0.0
4915,GILGFVFTL,10x,5,0.9839054,0.0
3524,GILGFVFTL,10x,5,0.10087901,0.0
4661,GILGFVFTL,10x,5,0.28620437,0.0
6068,GLCTLVAML,10x,5,0.19945472,0.0
6534,GILGFVFTL,10x,5,0.27508795,0.0
4160,GILGFVFTL,swapped_2948,5,0.17159304,0.0
886,GILGFVFTL,10x,5,0.0770088,0.0
947,GILGFVFTL,10x,5,0.17066918,0.0
3624,IMDQVPFSV,10x,5,0.098922774,0.0
2228,GILGFVFTL,10x,5,0.08142068,0.0
3591,NLVPMVATV,10x,5,0.37520486,0.0
1600,GILGFVFTL,positive,5,0.156016,1.0
6131,SLLMWITQV,10x,5,0.1090835,0.0
1704,GLCTLVAML,positive,5,0.17921181,1.0
684,GLCTLVAML,10x,5,0.15637094,0.0
4538,GILGFVFTL,positive,5,0.114634916,1.0
5469,NLVPMVATV,swapped_4350,5,0.9869261,0.0
594,FLYALALLL,10x,5,0.38879701,0.0
2009,GILGFVFTL,10x,5,0.16692312,0.0
3953,NLVPMVATV,swapped_2746,5,0.14364284,0.0
3882,GLCTLVAML,swapped_2895,5,0.99597067,0.0
2588,GILGFVFTL,swapped_1739,5,0.17847046,0.0
518,NLVPMVATV,10x,5,0.23659417,0.0
3355,GILGFVFTL,10x,5,0.12560822,0.0
2446,GILGFVFTL,swapped_1552,5,0.05063536,0.0
5146,GILGFVFTL,10x,5,0.14637057,0.0
6221,FLYALALLL,10x,5,0.04474662,0.0
3965,GILGFVFTL,swapped_2958,5,0.15086886,0.0
2851,GILGFVFTL,positive,5,0.78304386,1.0
5624,GLCTLVAML,swapped_4290,5,0.15025844,0.0
4328,GILGFVFTL,positive,5,0.773234,1.0
4141,NLVPMVATV,swapped_2962,5,0.9701717,0.0
6611,FLYALALLL,swapped_5974,5,0.4367761,0.0
2381,NLVPMVATV,10x,5,0.056408226,0.0
3779,GILGFVFTL,10x,5,0.9349394,0.0
2460,NLVPMVATV,swapped_1776,5,0.02802928,0.0
133,GILGFVFTL,positive,5,0.29028022,1.0
4587,GILGFVFTL,10x,5,0.052955724,0.0
1875,GILGFVFTL,10x,5,0.12855898,0.0
5722,GILGFVFTL,positive,5,0.9666248,1.0
5825,GILGFVFTL,positive,5,0.9970726,1.0
5871,GILGFVFTL,positive,5,0.995033,1.0
1790,NLVPMVATV,positive,5,0.34358603,1.0
2533,GILGFVFTL,swapped_1689,5,0.7822005,0.0
1313,GLCTLVAML,swapped_352,5,0.93346196,0.0
2486,GLCTLVAML,swapped_1702,5,0.9994814,0.0
2613,LLFGYPVYV,swapped_1679,5,0.37039548,0.0
5790,FLYALALLL,positive,5,0.19650069,1.0
1318,GLCTLVAML,swapped_24,5,0.9958372,0.0
1677,GILGFVFTL,positive,5,0.58545524,1.0
1981,GLCTLVAML,10x,5,0.4366456,0.0
2832,GILGFVFTL,positive,5,0.9993254,1.0
5760,GILGFVFTL,positive,5,0.96725667,1.0
2962,GILGFVFTL,positive,5,0.972912,1.0
6101,GILGFVFTL,10x,5,0.10130832,0.0
2274,GILGFVFTL,10x,5,0.5237599,0.0
1244,NLVPMVATV,swapped_150,5,0.9976447,0.0
6039,GILGFVFTL,10x,5,0.1855481,0.0
5660,GILGFVFTL,swapped_4535,5,0.18874492,0.0
1914,GILGFVFTL,10x,5,0.29217046,0.0
5004,GILGFVFTL,10x,5,0.9381783,0.0
6874,GILGFVFTL,swapped_5970,5,0.1818177,0.0
3409,GILGFVFTL,10x,5,0.1239309,0.0
6721,GLCTLVAML,swapped_5809,5,0.29885387,0.0
4364,GILGFVFTL,positive,5,0.98213184,1.0
4571,GILGFVFTL,10x,5,0.6056671,0.0
3345,GLCTLVAML,10x,5,0.12711984,0.0
4205,GILGFVFTL,positive,5,0.22542211,1.0
5276,GILGFVFTL,10x,5,0.5356621,0.0
5674,GILGFVFTL,swapped_4451,5,0.20913652,0.0
2798,GILGFVFTL,positive,5,0.9991872,1.0
1157,GILGFVFTL,swapped_210,5,0.76673526,0.0
2646,NLVPMVATV,swapped_1625,5,0.8320097,0.0
1131,GILGFVFTL,10x,5,0.40755334,0.0
2090,GILGFVFTL,10x,5,0.17496653,0.0
3075,GILGFVFTL,10x,5,0.099395104,0.0
3927,FLYALALLL,swapped_2923,5,0.26615846,0.0
3195,GILGFVFTL,10x,5,0.7210463,0.0
1946,GLCTLVAML,10x,5,0.36294386,0.0
2107,GILGFVFTL,10x,5,0.25353423,0.0
613,GILGFVFTL,10x,5,0.23438536,0.0
3489,GILGFVFTL,10x,5,0.26160285,0.0
1944,GILGFVFTL,10x,5,0.070171446,0.0
3576,GILGFVFTL,10x,5,0.20249945,0.0
155,GILGFVFTL,positive,5,0.99512583,1.0
5636,GLCTLVAML,swapped_4315,5,0.40331328,0.0
323,GILGFVFTL,positive,5,0.27218616,1.0
1041,GLCTLVAML,10x,5,0.99688077,0.0
6302,NLVPMVATV,10x,5,0.34509978,0.0
1689,NLVPMVATV,positive,5,0.76616514,1.0
6827,GLCTLVAML,swapped_5769,5,0.83845735,0.0
685,GILGFVFTL,10x,5,0.024801154,0.0
1834,GILGFVFTL,10x,5,0.21463513,0.0
3956,NLVPMVATV,swapped_3028,5,0.95462555,0.0
2897,GLCTLVAML,positive,5,0.33738226,1.0
5606,GILGFVFTL,swapped_4471,5,0.19485193,0.0
2830,GILGFVFTL,positive,5,0.96096563,1.0
2790,GILGFVFTL,positive,5,0.9668455,1.0
2529,GLCTLVAML,swapped_1773,5,0.022521684,0.0
1872,GILGFVFTL,10x,5,0.120339945,0.0
1420,GILGFVFTL,swapped_171,5,0.31924856,0.0
1258,NLVPMVATV,swapped_92,5,0.9889237,0.0
4991,GILGFVFTL,10x,5,0.064977795,0.0
3848,GLCTLVAML,swapped_2973,5,0.9972777,0.0
4311,GILGFVFTL,positive,5,0.10240648,1.0
4862,GLCTLVAML,10x,5,0.23798536,0.0
1519,FLYALALLL,swapped_203,5,0.22408015,0.0
19,GILGFVFTL,positive,5,0.8185001,1.0
6429,SLFNTVATL,10x,5,0.70820194,0.0
2801,GILGFVFTL,positive,5,0.97307384,1.0
1837,RMFPNAPYL,10x,5,0.0676017,0.0
3763,GILGFVFTL,10x,5,0.21871315,0.0
3231,RTLNAWVKV,10x,5,0.05570107,0.0
5439,RMFPNAPYL,swapped_4365,5,0.1283314,0.0
956,RTLNAWVKV,10x,5,0.21338873,0.0
6316,GILGFVFTL,10x,5,0.16189224,0.0
1723,NLVPMVATV,positive,5,0.35641247,1.0
169,NLVPMVATV,positive,5,0.29740888,1.0
6487,CLGGLLTMV,10x,5,0.37276533,0.0
1970,GILGFVFTL,10x,5,0.3781124,0.0
462,GILGFVFTL,10x,5,0.1643447,0.0
6479,GILGFVFTL,10x,5,0.21742554,0.0
3096,GILGFVFTL,10x,5,0.36540854,0.0
5667,GLCTLVAML,swapped_4396,5,0.1752675,0.0
3495,GLCTLVAML,10x,5,0.36878607,0.0
537,GILGFVFTL,10x,5,0.2215616,0.0
3533,GILGFVFTL,10x,5,0.26106668,0.0
289,GILGFVFTL,positive,5,0.9994413,1.0
1393,KLQCVDLHV,swapped_349,5,0.7071018,0.0
5456,NLVPMVATV,swapped_4180,5,0.99658835,0.0
3252,GLCTLVAML,10x,5,0.094181694,0.0
397,RMFPNAPYL,10x,5,0.25686964,0.0
2508,MLDLQPETT,swapped_1596,5,0.08223825,0.0
6402,GILGFVFTL,10x,5,0.16729377,0.0
2072,NLVPMVATV,10x,5,0.12693961,0.0
6762,KTWGQYWQV,swapped_5868,5,0.26830304,0.0
734,SLLMWITQV,10x,5,0.48097703,0.0
2977,GILGFVFTL,positive,5,0.99971455,1.0
1850,GILGFVFTL,10x,5,0.104910284,0.0
2317,GILGFVFTL,10x,5,0.06785467,0.0
2792,GILGFVFTL,positive,5,0.9995946,1.0
4115,NLVPMVATV,swapped_2827,5,0.27511337,0.0
96,GILGFVFTL,positive,5,0.5274764,1.0
5159,GILGFVFTL,10x,5,0.14878729,0.0
18,GLCTLVAML,positive,5,0.0879342,1.0
2901,GILGFVFTL,positive,5,0.5609652,1.0
4783,GILGFVFTL,10x,5,0.14119138,0.0
2273,NLVPMVATV,10x,5,0.25240695,0.0
845,GILGFVFTL,10x,5,0.32619858,0.0
5116,GILGFVFTL,10x,5,0.6026869,0.0
422,GILGFVFTL,10x,5,0.20341787,0.0
1727,GILGFVFTL,positive,5,0.96020323,1.0
4236,GLCTLVAML,positive,5,0.076207645,1.0
5195,GILGFVFTL,10x,5,0.34771645,0.0
3068,GILGFVFTL,10x,5,0.49296084,0.0
1510,YLLEMLWRL,swapped_137,5,0.13501726,0.0
1340,GLCTLVAML,swapped_167,5,0.13783306,0.0
6632,NLVPMVATV,swapped_5795,5,0.9993711,0.0
3973,LLFGYPVYV,swapped_2792,5,0.9995765,0.0
4374,GILGFVFTL,positive,5,0.9329799,1.0
3101,GILGFVFTL,10x,5,0.09987591,0.0
5530,GLCTLVAML,swapped_4445,5,0.41267624,0.0
1127,GILGFVFTL,10x,5,0.33155894,0.0
671,GILGFVFTL,10x,5,0.16573443,0.0
5666,NLVPMVATV,swapped_4311,5,0.1011171,0.0
4535,GLCTLVAML,positive,5,0.1877592,1.0
4818,NLVPMVATV,10x,5,0.07176781,0.0
6079,GILGFVFTL,10x,5,0.23396648,0.0
1458,NLVPMVATV,swapped_178,5,0.9989998,0.0
1929,GILGFVFTL,10x,5,0.6304484,0.0
1491,GILGFVFTL,swapped_73,5,0.31815335,0.0
1446,KVAELVHFL,swapped_318,5,0.9983814,0.0
3995,NLVPMVATV,swapped_3055,5,0.9940441,0.0
4214,GILGFVFTL,positive,5,0.99761415,1.0
4521,GILGFVFTL,positive,5,0.9555353,1.0
1137,GLCTLVAML,10x,5,0.9991992,0.0
934,GILGFVFTL,10x,5,0.20535408,0.0
1778,GILGFVFTL,positive,5,0.94739634,1.0
6418,GILGFVFTL,10x,5,0.22490576,0.0
3122,GILGFVFTL,10x,5,0.20854284,0.0
4870,GILGFVFTL,10x,5,0.18601662,0.0
100,GILGFVFTL,positive,5,0.9960432,1.0
5432,RTLNAWVKV,swapped_4515,5,0.8557441,0.0
3261,GILGFVFTL,10x,5,0.54011494,0.0
2282,GLCTLVAML,10x,5,0.36492383,0.0
5878,LLFGYPVYV,positive,5,0.3053632,1.0
4623,LLFGYPVYV,10x,5,0.18400498,0.0
5347,GILGFVFTL,swapped_4236,5,0.076652914,0.0
6018,RMFPNAPYL,10x,5,0.4278564,0.0
5229,GILGFVFTL,10x,5,0.18249297,0.0
3047,GILGFVFTL,positive,5,0.48518634,1.0
1154,GILGFVFTL,swapped_65,5,0.1840386,0.0
2691,NLVPMVATV,swapped_1600,5,0.1533702,0.0
178,GILGFVFTL,positive,5,0.9990934,1.0
3783,GILGFVFTL,10x,5,0.2177301,0.0
3922,NLVPMVATV,swapped_2938,5,0.84691477,0.0
3642,GILGFVFTL,10x,5,0.4574475,0.0
4281,GILGFVFTL,positive,5,0.9986376,1.0
986,GILGFVFTL,10x,5,0.0820049,0.0
3222,GILGFVFTL,10x,5,0.19049299,0.0
3756,GILGFVFTL,10x,5,0.90974265,0.0
22,FLYALALLL,positive,5,0.1256746,1.0
3579,LLFGYPVYV,10x,5,0.10687452,0.0
1522,LLFGYPVYV,swapped_186,5,0.1434574,0.0
1592,GLCTLVAML,positive,5,0.05295778,1.0
5286,GILGFVFTL,10x,5,0.3104889,0.0
6889,YLLEMLWRL,swapped_5969,5,0.930133,0.0
6338,GILGFVFTL,10x,5,0.22230199,0.0
4505,GLCTLVAML,positive,5,0.3702384,1.0
2804,FLYALALLL,positive,5,0.25205517,1.0
463,GILGFVFTL,10x,5,0.06244283,0.0
4119,GLCTLVAML,swapped_2781,5,0.9718822,0.0
3326,GILGFVFTL,10x,5,0.061010543,0.0
1939,GILGFVFTL,10x,5,0.2350408,0.0
1169,RTLNAWVKV,swapped_47,5,0.17812067,0.0
4464,NLVPMVATV,positive,5,0.23150915,1.0
4911,LLFGYPVYV,10x,5,0.18878125,0.0
4627,GILGFVFTL,10x,5,0.2816725,0.0
1891,GILGFVFTL,10x,5,0.8933831,0.0
5969,GILGFVFTL,positive,5,0.93461686,1.0
34,GILGFVFTL,positive,5,0.99939644,1.0
5720,GILGFVFTL,positive,5,0.46125528,1.0
5385,GILGFVFTL,swapped_4199,5,0.17963845,0.0
2066,GILGFVFTL,10x,5,0.6738754,0.0
1431,FLYALALLL,swapped_362,5,0.23282142,0.0
4367,GLCTLVAML,positive,5,0.26525074,1.0
4887,GILGFVFTL,10x,5,0.13076027,0.0
3856,NLVPMVATV,swapped_2725,5,0.9674453,0.0
5520,MLDLQPETT,swapped_4243,5,0.99845886,0.0
5032,GILGFVFTL,10x,5,0.16738269,0.0
6201,GILGFVFTL,10x,5,0.3776242,0.0
3369,NLVPMVATV,10x,5,0.6405992,0.0
4606,GILGFVFTL,10x,5,0.29478312,0.0
3112,NLVPMVATV,10x,5,0.36257368,0.0
348,GILGFVFTL,positive,5,0.9160966,1.0
3126,GILGFVFTL,10x,5,0.20917453,0.0
3292,SLFNTVATL,10x,5,0.05450522,0.0
1310,FLYALALLL,swapped_283,5,0.99905497,0.0
1852,GILGFVFTL,10x,5,0.14915167,0.0
5965,GILGFVFTL,positive,5,0.9973671,1.0
2329,NLVPMVATV,10x,5,0.17379715,0.0
5902,GILGFVFTL,positive,5,0.84837586,1.0
6594,GLCTLVAML,10x,5,0.37546667,0.0
6160,GILGFVFTL,10x,5,0.16002718,0.0
320,GILGFVFTL,positive,5,0.9230767,1.0
217,GILGFVFTL,positive,5,0.61832196,1.0
3056,GILGFVFTL,positive,5,0.34134316,1.0
1176,RTLNAWVKV,swapped_242,5,0.98122966,0.0
4921,GILGFVFTL,10x,5,0.49025005,0.0
4771,GILGFVFTL,10x,5,0.06485112,0.0
6104,GILGFVFTL,10x,5,0.85383224,0.0
4908,GLCTLVAML,10x,5,0.20039263,0.0
6281,NLVPMVATV,10x,5,0.22335456,0.0
4170,NLVPMVATV,swapped_2900,5,0.30852556,0.0
2162,GILGFVFTL,10x,5,0.82769257,0.0
6170,GILGFVFTL,10x,5,0.07215398,0.0
1498,NLVPMVATV,swapped_60,5,0.5618508,0.0
3717,GILGFVFTL,10x,5,0.11597242,0.0
3802,GILGFVFTL,10x,5,0.23400187,0.0
4976,GILGFVFTL,10x,5,0.6179991,0.0
3983,KVLEYVIKV,swapped_2888,5,0.39471507,0.0
3039,GILGFVFTL,positive,5,0.98850083,1.0
5295,GILGFVFTL,10x,5,0.47968256,0.0
830,GILGFVFTL,10x,5,0.060074534,0.0
6162,GILGFVFTL,10x,5,0.4500816,0.0
3921,NLVPMVATV,swapped_2977,5,0.99968517,0.0
1720,GILGFVFTL,positive,5,0.9532429,1.0
4561,GILGFVFTL,10x,5,0.7075599,0.0
1243,RTLNAWVKV,swapped_320,5,0.9163176,0.0
504,GILGFVFTL,10x,5,0.316842,0.0
4780,GILGFVFTL,10x,5,0.4471667,0.0
1890,GLCTLVAML,10x,5,0.26266858,0.0
480,GILGFVFTL,10x,5,0.12088562,0.0
3636,IMDQVPFSV,10x,5,0.93416,0.0
2185,NLVPMVATV,10x,5,0.25883967,0.0
2001,NLVPMVATV,10x,5,0.15426122,0.0
3920,NLVPMVATV,swapped_3056,5,0.3258604,0.0
3447,GILGFVFTL,10x,5,0.26316613,0.0
2761,GILGFVFTL,positive,5,0.9026559,1.0
2882,GILGFVFTL,positive,5,0.9710759,1.0
3481,GILGFVFTL,10x,5,0.20088848,0.0
5080,GILGFVFTL,10x,5,0.2210888,0.0
2892,GILGFVFTL,positive,5,0.36935806,1.0
4290,LLFGYPVYV,positive,5,0.15029243,1.0
5540,GILGFVFTL,swapped_4512,5,0.2209477,0.0
5748,GILGFVFTL,positive,5,0.48064122,1.0
1992,GILGFVFTL,10x,5,0.23001847,0.0
2459,GLCTLVAML,swapped_1790,5,0.34772187,0.0
3346,GLCTLVAML,10x,5,0.22509071,0.0
2200,KTWGQYWQV,10x,5,0.3639963,0.0
5337,FLYALALLL,swapped_4201,5,0.8753798,0.0
5792,NLVPMVATV,positive,5,0.07232905,1.0
2916,GILGFVFTL,positive,5,0.9991254,1.0
4043,GLCTLVAML,swapped_2892,5,0.36732063,0.0
689,GLCTLVAML,10x,5,0.30512658,0.0
1153,NLVPMVATV,swapped_133,5,0.2850408,0.0
5112,GILGFVFTL,10x,5,0.41696456,0.0
6127,GILGFVFTL,10x,5,0.09152274,0.0
4375,GILGFVFTL,positive,5,0.98438764,1.0
308,GILGFVFTL,positive,5,0.9912009,1.0
664,GILGFVFTL,10x,5,0.3363248,0.0
1552,GLCTLVAML,positive,5,0.05038574,1.0
1714,NLVPMVATV,positive,5,0.25274202,1.0
2676,GILGFVFTL,swapped_1737,5,0.29657024,0.0
6865,GILGFVFTL,swapped_5776,5,0.1124061,0.0
5693,GLCTLVAML,swapped_4205,5,0.22411896,0.0
4439,GLCTLVAML,positive,5,0.11998247,1.0
4699,GLCTLVAML,10x,5,0.18030402,0.0
2895,GILGFVFTL,positive,5,0.9961211,1.0
121,GILGFVFTL,positive,5,0.64023644,1.0
2051,NLVPMVATV,10x,5,0.084314846,0.0
5677,GLCTLVAML,swapped_4354,5,0.99919194,0.0
3347,GILGFVFTL,10x,5,0.8747123,0.0
5448,GLCTLVAML,swapped_4240,5,0.9770543,0.0
3287,GILGFVFTL,10x,5,0.18038072,0.0
2297,GILGFVFTL,10x,5,0.21466404,0.0
854,GLCTLVAML,10x,5,0.13851285,0.0
132,FLYALALLL,positive,5,0.5130649,1.0
1297,GILGFVFTL,swapped_330,5,0.21125585,0.0
4424,GILGFVFTL,positive,5,0.7290141,1.0
3567,NLVPMVATV,10x,5,0.296108,0.0
