1214,NLVPMVATV,swapped_241,5,6.285671e-05,0.0
2349,GILGFVFTL,10x,5,0.35201734,0.0
5876,GLCTLVAML,positive,5,0.45282888,1.0
5062,GILGFVFTL,10x,5,0.29878584,0.0
2237,GILGFVFTL,10x,5,0.2584075,0.0
3253,GILGFVFTL,10x,5,0.27996367,0.0
1704,GLCTLVAML,positive,5,0.6421848,1.0
5792,NLVPMVATV,positive,5,0.4153598,1.0
3985,KTWGQYWQV,swapped_2945,5,0.11650596,0.0
2882,GILGFVFTL,positive,5,0.99978215,1.0
734,SLLMWITQV,10x,5,0.29515234,0.0
4706,GILGFVFTL,10x,5,0.023009136,0.0
2794,GILGFVFTL,positive,5,0.9868183,1.0
392,GILGFVFTL,10x,5,0.022670325,0.0
5636,GLCTLVAML,swapped_4315,5,0.009708945,0.0
2763,GILGFVFTL,positive,5,0.9997379,1.0
763,GILGFVFTL,10x,5,0.096315585,0.0
460,GLCTLVAML,10x,5,0.15036677,0.0
3278,GLCTLVAML,10x,5,0.11251284,0.0
2912,FLYALALLL,positive,5,0.41493088,1.0
4571,GILGFVFTL,10x,5,0.5470658,0.0
2798,GILGFVFTL,positive,5,0.9999435,1.0
235,GILGFVFTL,positive,5,0.99991536,1.0
3779,GILGFVFTL,10x,5,0.34544376,0.0
6441,GLCTLVAML,10x,5,0.054528877,0.0
6487,CLGGLLTMV,10x,5,0.26248887,0.0
2900,GILGFVFTL,positive,5,0.16515724,1.0
987,NLVPMVATV,10x,5,0.34303343,0.0
336,GILGFVFTL,positive,5,0.9999808,1.0
5508,NLVPMVATV,swapped_4375,5,6.5119704e-05,0.0
251,RMFPNAPYL,positive,5,0.35441455,1.0
751,GILGFVFTL,10x,5,0.14070448,0.0
1852,GILGFVFTL,10x,5,0.32150316,0.0
4090,GLCTLVAML,swapped_3019,5,3.622758e-05,0.0
187,GILGFVFTL,positive,5,0.99392974,1.0
5790,FLYALALLL,positive,5,0.89432913,1.0
4277,GILGFVFTL,positive,5,0.9999751,1.0
6169,GILGFVFTL,10x,5,0.39023596,0.0
6149,GILGFVFTL,10x,5,0.24829268,0.0
5293,GILGFVFTL,10x,5,0.14201213,0.0
5631,FLYALALLL,swapped_4555,5,0.16424945,0.0
3308,GILGFVFTL,10x,5,0.34898168,0.0
5748,GILGFVFTL,positive,5,0.9970686,1.0
537,GILGFVFTL,10x,5,0.3265179,0.0
4783,GILGFVFTL,10x,5,0.15919821,0.0
1324,MLDLQPETT,swapped_379,5,0.00016841506,0.0
4874,GILGFVFTL,10x,5,0.198793,0.0
186,FLYALALLL,positive,5,0.7188548,1.0
4613,GILGFVFTL,10x,5,0.43714303,0.0
2228,GILGFVFTL,10x,5,0.42394477,0.0
2992,GILGFVFTL,positive,5,0.99947804,1.0
1345,GLCTLVAML,swapped_365,5,0.004085025,0.0
6611,FLYALALLL,swapped_5974,5,0.010454266,0.0
318,GILGFVFTL,positive,5,0.9998394,1.0
5637,NLVPMVATV,swapped_4274,5,0.46870792,0.0
1930,NLVPMVATV,10x,5,0.40471026,0.0
2116,GILGFVFTL,10x,5,0.14204118,0.0
3579,LLFGYPVYV,10x,5,0.3502482,0.0
890,GILGFVFTL,10x,5,0.19067663,0.0
1157,GILGFVFTL,swapped_210,5,0.34369722,0.0
2368,GILGFVFTL,10x,5,0.34690085,0.0
4905,GILGFVFTL,10x,5,0.16556571,0.0
1458,NLVPMVATV,swapped_178,5,0.012900966,0.0
3901,MLDLQPETT,swapped_2832,5,0.0005031749,0.0
1623,GILGFVFTL,positive,5,0.99265265,1.0
4119,GLCTLVAML,swapped_2781,5,0.0037825438,0.0
966,IMDQVPFSV,10x,5,0.45094126,0.0
5233,GILGFVFTL,10x,5,0.90190893,0.0
4906,GILGFVFTL,10x,5,0.10972962,0.0
2297,GILGFVFTL,10x,5,0.19411735,0.0
1966,GILGFVFTL,10x,5,0.46372905,0.0
2053,GILGFVFTL,10x,5,0.31389627,0.0
3813,GILGFVFTL,swapped_2730,5,0.24467546,0.0
5028,GILGFVFTL,10x,5,0.38083136,0.0
1453,GLCTLVAML,swapped_100,5,0.0009407305,0.0
2381,NLVPMVATV,10x,5,0.5703489,0.0
3261,GILGFVFTL,10x,5,0.09415047,0.0
210,GLCTLVAML,positive,5,0.55346245,1.0
2501,GLCTLVAML,swapped_1671,5,0.10471339,0.0
4130,NLVPMVATV,swapped_2761,5,0.00015080406,0.0
5543,RTLNAWVKV,swapped_4257,5,0.010303529,0.0
421,LLFGYPVYV,10x,5,0.37117952,0.0
171,MLDLQPETT,positive,5,0.4054427,1.0
1862,GILGFVFTL,10x,5,0.41013277,0.0
3760,NLVPMVATV,10x,5,0.67106164,0.0
2170,GILGFVFTL,10x,5,0.26586053,0.0
4662,GILGFVFTL,10x,5,0.15502298,0.0
2524,GILGFVFTL,swapped_1723,5,0.4823625,0.0
662,GILGFVFTL,10x,5,0.43361235,0.0
2257,GILGFVFTL,10x,5,0.15305941,0.0
1778,GILGFVFTL,positive,5,0.99430746,1.0
1809,GLCTLVAML,positive,5,0.25225762,1.0
4932,GILGFVFTL,10x,5,0.2392412,0.0
3845,GLCTLVAML,swapped_2936,5,0.12933905,0.0
5038,GILGFVFTL,10x,5,0.31696293,0.0
1127,GILGFVFTL,10x,5,0.5394643,0.0
2147,GILGFVFTL,10x,5,0.24185573,0.0
1428,GLCTLVAML,swapped_331,5,0.01356264,0.0
2823,GILGFVFTL,positive,5,0.99976486,1.0
1773,GILGFVFTL,positive,5,0.21366875,1.0
2460,NLVPMVATV,swapped_1776,5,0.2627131,0.0
6465,GLCTLVAML,10x,5,0.295219,0.0
3581,NLVPMVATV,10x,5,0.36670446,0.0
1085,NLVPMVATV,10x,5,0.38254127,0.0
6083,GILGFVFTL,10x,5,0.2772131,0.0
2525,RMFPNAPYL,swapped_1595,5,0.42970446,0.0
931,MLDLQPETT,10x,5,0.19905849,0.0
6531,GILGFVFTL,10x,5,0.37641287,0.0
1093,GILGFVFTL,10x,5,0.7828133,0.0
6309,GLCTLVAML,10x,5,0.66636586,0.0
1276,GLCTLVAML,swapped_155,5,6.271564e-05,0.0
2407,RTLNAWVKV,swapped_1677,5,0.13155937,0.0
1900,NLVPMVATV,10x,5,0.35999933,0.0
5181,GILGFVFTL,10x,5,0.16222738,0.0
1060,GILGFVFTL,10x,5,0.1037332,0.0
2892,GILGFVFTL,positive,5,0.06468801,1.0
3586,GLCTLVAML,10x,5,0.2101173,0.0
4290,LLFGYPVYV,positive,5,0.4529216,1.0
4141,NLVPMVATV,swapped_2962,5,0.022844762,0.0
2592,RTLNAWVKV,swapped_1713,5,0.082720675,0.0
3022,GILGFVFTL,positive,5,0.07639234,1.0
6402,GILGFVFTL,10x,5,0.51039535,0.0
435,YLLEMLWRL,10x,5,0.06160673,0.0
1138,NLVPMVATV,10x,5,0.49792114,0.0
5594,GILGFVFTL,swapped_4223,5,0.6288351,0.0
5448,GLCTLVAML,swapped_4240,5,0.0018504807,0.0
1876,GILGFVFTL,10x,5,0.19543265,0.0
2828,FLYALALLL,positive,5,0.40128496,1.0
4624,GILGFVFTL,10x,5,0.05585562,0.0
6854,GLCTLVAML,swapped_5935,5,0.0093877865,0.0
980,NLVPMVATV,10x,5,0.41962358,0.0
3067,GILGFVFTL,10x,5,0.090260945,0.0
483,GILGFVFTL,10x,5,0.15762448,0.0
5192,GILGFVFTL,10x,5,0.24389645,0.0
2695,GILGFVFTL,positive,5,0.9890526,1.0
1147,GILGFVFTL,swapped_22,5,0.048447266,0.0
1258,NLVPMVATV,swapped_92,5,0.04557407,0.0
5191,GLCTLVAML,10x,5,0.23851031,0.0
5529,RTLNAWVKV,swapped_4321,5,0.00018340505,0.0
5769,GILGFVFTL,positive,5,0.9510997,1.0
6882,NLVPMVATV,swapped_5722,5,0.009449675,0.0
542,GILGFVFTL,10x,5,0.38182497,0.0
1420,GILGFVFTL,swapped_171,5,0.16773815,0.0
6018,RMFPNAPYL,10x,5,0.38113818,0.0
646,GILGFVFTL,10x,5,0.074301526,0.0
1176,RTLNAWVKV,swapped_242,5,0.063662104,0.0
5981,GILGFVFTL,positive,5,0.17722063,1.0
4719,GILGFVFTL,10x,5,0.34761992,0.0
5115,GILGFVFTL,10x,5,0.18277815,0.0
5195,GILGFVFTL,10x,5,0.37728962,0.0
3671,GILGFVFTL,10x,5,0.27254605,0.0
4281,GILGFVFTL,positive,5,0.99991035,1.0
4356,GILGFVFTL,positive,5,0.9999907,1.0
203,GILGFVFTL,positive,5,0.059836444,1.0
5604,GLCTLVAML,swapped_4397,5,0.0024942458,0.0
5536,GILGFVFTL,swapped_4367,5,0.1383182,0.0
3489,GILGFVFTL,10x,5,0.03934533,0.0
3056,GILGFVFTL,positive,5,0.996673,1.0
330,LLFGYPVYV,positive,5,0.45200056,1.0
1170,GLCTLVAML,swapped_193,5,0.18723948,0.0
1929,GILGFVFTL,10x,5,0.20163655,0.0
6151,GILGFVFTL,10x,5,0.10672225,0.0
3047,GILGFVFTL,positive,5,0.38949984,1.0
4365,GILGFVFTL,positive,5,0.18359405,1.0
5795,GILGFVFTL,positive,5,0.99998677,1.0
2869,GLCTLVAML,positive,5,0.8167529,1.0
1302,LLFGYPVYV,swapped_227,5,0.41337654,0.0
6801,GILGFVFTL,swapped_5882,5,0.66619354,0.0
3160,RMFPNAPYL,10x,5,0.45574707,0.0
3250,GLCTLVAML,10x,5,0.0944618,0.0
5693,GLCTLVAML,swapped_4205,5,0.06322445,0.0
5308,NLVPMVATV,10x,5,0.3629691,0.0
5882,SLLMWITQV,positive,5,0.09436835,1.0
6874,GILGFVFTL,swapped_5970,5,0.1067415,0.0
462,GILGFVFTL,10x,5,0.35724,0.0
1726,GILGFVFTL,positive,5,0.25675634,1.0
6771,GILGFVFTL,swapped_5876,5,0.24231248,0.0
2492,KTWGQYWQV,swapped_1709,5,0.04870566,0.0
3039,GILGFVFTL,positive,5,0.99871325,1.0
2938,GILGFVFTL,positive,5,0.9994655,1.0
424,GLCTLVAML,10x,5,0.15463863,0.0
4505,GLCTLVAML,positive,5,0.91704893,1.0
4703,NLVPMVATV,10x,5,0.27205187,0.0
2973,GILGFVFTL,positive,5,0.9997609,1.0
3823,GLCTLVAML,swapped_2731,5,0.00022765747,0.0
1960,GILGFVFTL,10x,5,0.11827572,0.0
4321,GILGFVFTL,positive,5,0.99997795,1.0
1001,GILGFVFTL,10x,5,0.24215099,0.0
242,GILGFVFTL,positive,5,0.9968906,1.0
3998,GILGFVFTL,swapped_2944,5,0.32790726,0.0
3825,GLCTLVAML,swapped_2695,5,0.0035741294,0.0
6741,NLVPMVATV,swapped_5760,5,0.028809674,0.0
2469,MLDLQPETT,swapped_1726,5,0.29930192,0.0
6031,GILGFVFTL,10x,5,0.29052874,0.0
1088,GILGFVFTL,10x,5,0.1254546,0.0
1723,NLVPMVATV,positive,5,0.22557317,1.0
1964,GILGFVFTL,10x,5,0.37529168,0.0
4538,GILGFVFTL,positive,5,0.119223274,1.0
6366,GILGFVFTL,10x,5,0.2050966,0.0
4566,GILGFVFTL,10x,5,0.24184947,0.0
397,RMFPNAPYL,10x,5,0.45094782,0.0
872,GILGFVFTL,10x,5,0.18483618,0.0
3575,GLCTLVAML,10x,5,0.3357921,0.0
2989,GILGFVFTL,positive,5,0.99998355,1.0
2591,LLFGYPVYV,swapped_1564,5,0.5828121,0.0
4397,GILGFVFTL,positive,5,0.9933848,1.0
4951,KTWGQYWQV,10x,5,0.45106223,0.0
5105,GILGFVFTL,10x,5,0.34614533,0.0
5112,GILGFVFTL,10x,5,0.09164307,0.0
3763,GILGFVFTL,10x,5,0.25699183,0.0
1474,NLVPMVATV,swapped_21,5,0.023874579,0.0
886,GILGFVFTL,10x,5,0.25771022,0.0
2898,SLFNTVATL,positive,5,0.64486253,1.0
4546,GILGFVFTL,positive,5,0.99997926,1.0
4619,GILGFVFTL,10x,5,0.06463936,0.0
6040,GILGFVFTL,10x,5,0.15825742,0.0
2231,RTLNAWVKV,10x,5,0.45081556,0.0
4623,LLFGYPVYV,10x,5,0.463186,0.0
968,GILGFVFTL,10x,5,0.6386607,0.0
5674,GILGFVFTL,swapped_4451,5,0.4623042,0.0
6808,NLVPMVATV,swapped_5945,5,0.028553275,0.0
3376,GILGFVFTL,10x,5,0.3121953,0.0
4780,GILGFVFTL,10x,5,0.5995192,0.0
5731,GILGFVFTL,positive,5,0.98522514,1.0
6455,GILGFVFTL,10x,5,0.10382785,0.0
4040,GLCTLVAML,swapped_2794,5,0.017789254,0.0
3008,GLCTLVAML,positive,5,0.903965,1.0
178,GILGFVFTL,positive,5,0.99976796,1.0
6052,NLVPMVATV,10x,5,0.33153972,0.0
4915,GILGFVFTL,10x,5,0.47080418,0.0
107,GILGFVFTL,positive,5,0.9965564,1.0
2274,GILGFVFTL,10x,5,0.674389,0.0
6632,NLVPMVATV,swapped_5795,5,3.6373007e-05,0.0
6764,FLYALALLL,swapped_5860,5,0.0044715717,0.0
4485,GILGFVFTL,positive,5,0.115812466,1.0
6493,GILGFVFTL,10x,5,0.37493294,0.0
4374,GILGFVFTL,positive,5,0.9999764,1.0
2497,FLYALALLL,swapped_1590,5,0.0036145824,0.0
5159,GILGFVFTL,10x,5,0.03729705,0.0
4921,GILGFVFTL,10x,5,0.6278026,0.0
1455,GLCTLVAML,swapped_58,5,0.1998513,0.0
49,GLCTLVAML,positive,5,0.46504948,1.0
1714,NLVPMVATV,positive,5,0.36272493,1.0
2059,GILGFVFTL,10x,5,0.1755191,0.0
1039,NLVPMVATV,10x,5,0.05143191,0.0
1547,GLCTLVAML,positive,5,0.8992404,1.0
3882,GLCTLVAML,swapped_2895,5,7.465925e-05,0.0
1311,NLVPMVATV,swapped_119,5,0.00076400186,0.0
5465,NLVPMVATV,swapped_4328,5,0.05959919,0.0
3647,NLVPMVATV,10x,5,0.22955735,0.0
5040,GLCTLVAML,10x,5,0.10153881,0.0
1272,GLCTLVAML,swapped_309,5,1.4168267e-05,0.0
6306,GILGFVFTL,10x,5,0.1393673,0.0
1208,GLCTLVAML,swapped_217,5,0.007526166,0.0
709,GILGFVFTL,10x,5,0.29555959,0.0
58,GILGFVFTL,positive,5,0.28708696,1.0
938,GLCTLVAML,10x,5,0.33263138,0.0
3450,GILGFVFTL,10x,5,0.044468313,0.0
3420,GLCTLVAML,10x,5,0.26096198,0.0
160,GILGFVFTL,positive,5,0.9999443,1.0
5989,GLCTLVAML,positive,5,0.119774796,1.0
6261,GILGFVFTL,10x,5,0.4053668,0.0
963,RTLNAWVKV,10x,5,0.45106223,0.0
2515,NLVPMVATV,swapped_1727,5,0.00031590668,0.0
6291,GILGFVFTL,10x,5,0.5969066,0.0
6721,GLCTLVAML,swapped_5809,5,0.024397358,0.0
5945,GILGFVFTL,positive,5,0.9922449,1.0
4315,GILGFVFTL,positive,5,0.99849105,1.0
5067,GILGFVFTL,10x,5,0.1953931,0.0
4360,GILGFVFTL,positive,5,0.9995797,1.0
6128,GILGFVFTL,10x,5,0.28271288,0.0
613,GILGFVFTL,10x,5,0.081218295,0.0
5418,NLVPMVATV,swapped_4521,5,0.0039065876,0.0
5969,GILGFVFTL,positive,5,0.98492646,1.0
936,GILGFVFTL,10x,5,0.32564202,0.0
5276,GILGFVFTL,10x,5,0.23215775,0.0
2830,GILGFVFTL,positive,5,0.1401885,1.0
2600,NLVPMVATV,swapped_1629,5,0.060144413,0.0
2114,GILGFVFTL,10x,5,0.48728448,0.0
341,GILGFVFTL,positive,5,0.06499993,1.0
60,GILGFVFTL,positive,5,0.98284334,1.0
485,GILGFVFTL,10x,5,0.12614276,0.0
6147,GILGFVFTL,10x,5,0.57700527,0.0
5740,GLCTLVAML,positive,5,0.12838215,1.0
4610,GILGFVFTL,10x,5,0.10183576,0.0
5520,MLDLQPETT,swapped_4243,5,2.513966e-05,0.0
1490,GILGFVFTL,swapped_169,5,0.31969097,0.0
2635,RTLNAWVKV,swapped_1800,5,0.088248804,0.0
4839,NLVPMVATV,10x,5,0.1273403,0.0
2199,GLCTLVAML,10x,5,0.12085609,0.0
1981,GLCTLVAML,10x,5,0.105931394,0.0
5686,RMFPNAPYL,swapped_4295,5,9.17765e-05,0.0
169,NLVPMVATV,positive,5,0.35087803,1.0
2730,KTWGQYWQV,positive,5,0.6211982,1.0
1364,GLCTLVAML,swapped_111,5,0.00052305625,0.0
6316,GILGFVFTL,10x,5,0.18481074,0.0
1322,GILGFVFTL,swapped_344,5,0.03590812,0.0
3312,GILGFVFTL,10x,5,0.99336433,0.0
6063,RTLNAWVKV,10x,5,0.53755593,0.0
4413,GILGFVFTL,positive,5,0.99998903,1.0
3266,GILGFVFTL,10x,5,0.50991434,0.0
1056,GLCTLVAML,10x,5,0.15156399,0.0
4267,GILGFVFTL,positive,5,0.9999665,1.0
3231,RTLNAWVKV,10x,5,0.45106223,0.0
5990,GILGFVFTL,positive,5,0.9999733,1.0
1416,LLFGYPVYV,swapped_19,5,0.13231088,0.0
4238,SLLMWITQV,positive,5,0.20727053,1.0
2161,GILGFVFTL,10x,5,0.15674047,0.0
5970,NLVPMVATV,positive,5,0.5515896,1.0
103,GILGFVFTL,positive,5,0.9987741,1.0
6160,GILGFVFTL,10x,5,0.42451593,0.0
6609,GILGFVFTL,10x,5,0.9323096,0.0
1700,GILGFVFTL,positive,5,0.99802786,1.0
5288,GILGFVFTL,10x,5,0.058203656,0.0
1198,LLFGYPVYV,swapped_191,5,0.038148083,0.0
5178,GILGFVFTL,10x,5,0.16303755,0.0
1875,GILGFVFTL,10x,5,0.078584045,0.0
1205,GLCTLVAML,swapped_369,5,0.0021358258,0.0
2464,GLCTLVAML,swapped_1778,5,0.016204711,0.0
1179,GILGFVFTL,swapped_132,5,0.31309378,0.0
6327,NLVPMVATV,10x,5,0.3755229,0.0
5345,SLLMWITQV,swapped_4178,5,0.10134382,0.0
4067,NLVPMVATV,swapped_2808,5,0.062312312,0.0
5452,NLVPMVATV,swapped_4219,5,0.012145327,0.0
1914,GILGFVFTL,10x,5,0.35373628,0.0
1225,LLFGYPVYV,swapped_41,5,0.033747252,0.0
422,GILGFVFTL,10x,5,0.21205993,0.0
991,GLCTLVAML,swapped_73,5,0.2088151,0.0
3044,GILGFVFTL,positive,5,0.99994874,1.0
4850,GILGFVFTL,10x,5,0.10465647,0.0
2793,GILGFVFTL,positive,5,0.9995147,1.0
504,GILGFVFTL,10x,5,0.041053217,0.0
4841,GILGFVFTL,10x,5,0.23348019,0.0
1381,NLVPMVATV,swapped_289,5,7.566743e-05,0.0
1891,GILGFVFTL,10x,5,0.9036792,0.0
6576,FLYALALLL,10x,5,0.16393818,0.0
4802,GILGFVFTL,10x,5,0.22224739,0.0
4043,GLCTLVAML,swapped_2892,5,0.74676734,0.0
2200,KTWGQYWQV,10x,5,0.48608285,0.0
4336,GILGFVFTL,positive,5,0.9983669,1.0
6001,GLCTLVAML,positive,5,0.6410002,1.0
4641,GILGFVFTL,10x,5,0.59961593,0.0
2162,GILGFVFTL,10x,5,0.5014945,0.0
5527,GLCTLVAML,swapped_4186,5,0.7732282,0.0
5481,GLCTLVAML,swapped_4485,5,0.6269141,0.0
795,GLCTLVAML,10x,5,0.54308,0.0
2895,GILGFVFTL,positive,5,0.99982125,1.0
1075,GILGFVFTL,10x,5,0.2753091,0.0
349,GILGFVFTL,positive,5,0.5087315,1.0
1204,GILGFVFTL,swapped_190,5,0.18326262,0.0
5211,GILGFVFTL,10x,5,0.28593898,0.0
55,GLCTLVAML,positive,5,0.6955149,1.0
5930,NLVPMVATV,positive,5,0.5801724,1.0
3999,GILGFVFTL,swapped_2869,5,0.049810607,0.0
1371,LLFGYPVYV,swapped_38,5,0.45106223,0.0
2977,GILGFVFTL,positive,5,0.99997747,1.0
2361,GILGFVFTL,10x,5,0.1499706,0.0
2060,GLCTLVAML,10x,5,0.2600546,0.0
3796,GILGFVFTL,10x,5,0.14509653,0.0
1469,GLCTLVAML,swapped_290,5,0.016939845,0.0
5937,GILGFVFTL,positive,5,0.99997926,1.0
861,GILGFVFTL,10x,5,0.2928442,0.0
3702,GLCTLVAML,10x,5,0.17486607,0.0
531,NLVPMVATV,10x,5,0.51975965,0.0
1347,LLFGYPVYV,swapped_256,5,0.05327038,0.0
3430,GLCTLVAML,10x,5,0.203175,0.0
1503,FLYALALLL,swapped_33,5,0.96942633,0.0
925,NLVPMVATV,10x,5,0.1635611,0.0
4222,GILGFVFTL,positive,5,0.9999429,1.0
845,GILGFVFTL,10x,5,0.17183545,0.0
2045,GILGFVFTL,10x,5,0.27528548,0.0
1121,NLVPMVATV,10x,5,0.232939,0.0
4178,GILGFVFTL,positive,5,0.48232633,1.0
268,GILGFVFTL,positive,5,0.9390124,1.0
876,GLCTLVAML,10x,5,0.44794267,0.0
5667,GLCTLVAML,swapped_4396,5,0.15608166,0.0
5614,GILGFVFTL,swapped_4439,5,0.13383956,0.0
4463,GILGFVFTL,positive,5,0.99967253,1.0
96,GILGFVFTL,positive,5,0.6243117,1.0
4015,NLVPMVATV,swapped_2898,5,0.7363673,0.0
3636,IMDQVPFSV,10x,5,0.44027346,0.0
3741,GLCTLVAML,10x,5,0.023874335,0.0
1329,NLVPMVATV,swapped_55,5,0.6622026,0.0
150,GILGFVFTL,positive,5,0.9999589,1.0
6725,NLVPMVATV,swapped_5728,5,0.248128,0.0
5868,GILGFVFTL,positive,5,0.89035964,1.0
6847,GILGFVFTL,swapped_5816,5,0.1761411,0.0
5456,NLVPMVATV,swapped_4180,5,1.56805e-05,0.0
191,GILGFVFTL,positive,5,0.9960294,1.0
3157,GILGFVFTL,10x,5,0.6338249,0.0
5295,GILGFVFTL,10x,5,0.065843426,0.0
2817,GILGFVFTL,positive,5,0.9999746,1.0
393,GLCTLVAML,10x,5,0.27673206,0.0
3272,GILGFVFTL,10x,5,0.01764553,0.0
5696,NLVPMVATV,swapped_4228,5,0.59319395,0.0
6257,GILGFVFTL,10x,5,0.35290655,0.0
4646,GILGFVFTL,10x,5,0.116529986,0.0
6148,GILGFVFTL,10x,5,0.19111249,0.0
6670,NLVPMVATV,swapped_5946,5,0.00978499,0.0
3829,LLFGYPVYV,swapped_3051,5,0.0133992145,0.0
3701,GILGFVFTL,10x,5,0.5269114,0.0
947,GILGFVFTL,10x,5,0.24778445,0.0
2319,NLVPMVATV,10x,5,0.41329843,0.0
352,GILGFVFTL,positive,5,0.78403145,1.0
5530,GLCTLVAML,swapped_4445,5,0.0005965849,0.0
2001,NLVPMVATV,10x,5,0.43565825,0.0
4029,FLYALALLL,swapped_3022,5,0.39596555,0.0
812,GILGFVFTL,10x,5,0.35957646,0.0
5903,GILGFVFTL,positive,5,0.9997453,1.0
4375,GILGFVFTL,positive,5,0.9999448,1.0
3075,GILGFVFTL,10x,5,0.124525845,0.0
3773,GILGFVFTL,10x,5,0.33194607,0.0
2122,GILGFVFTL,10x,5,0.25850502,0.0
6013,NLVPMVATV,10x,5,0.13368346,0.0
4274,KTWGQYWQV,positive,5,0.451504,1.0
3169,GILGFVFTL,10x,5,0.09924325,0.0
5411,GILGFVFTL,swapped_4174,5,0.29208618,0.0
1884,GILGFVFTL,10x,5,0.10523184,0.0
6400,GILGFVFTL,10x,5,0.24026592,0.0
5677,GLCTLVAML,swapped_4354,5,1.6667675e-05,0.0
1243,RTLNAWVKV,swapped_320,5,0.021014538,0.0
289,GILGFVFTL,positive,5,0.99997354,1.0
3101,GILGFVFTL,10x,5,0.20235182,0.0
2916,GILGFVFTL,positive,5,0.9998909,1.0
2725,GILGFVFTL,positive,5,0.9993629,1.0
6657,NLVPMVATV,swapped_5981,5,0.38781133,0.0
6898,GLCTLVAML,swapped_5731,5,0.003452201,0.0
2781,GILGFVFTL,positive,5,0.99873084,1.0
35,GILGFVFTL,positive,5,0.93206096,1.0
2859,GILGFVFTL,positive,5,0.9919567,1.0
1188,RTLNAWVKV,swapped_308,5,0.34845582,0.0
5760,GILGFVFTL,positive,5,0.9955128,1.0
4687,RTLNAWVKV,10x,5,0.500086,0.0
5662,FLYALALLL,swapped_4431,5,0.19428217,0.0
2090,GILGFVFTL,10x,5,0.18262641,0.0
4078,RTLNAWVKV,swapped_2852,5,0.86003876,0.0
4390,GILGFVFTL,positive,5,0.9988423,1.0
3946,NLVPMVATV,swapped_2798,5,0.00020327244,0.0
6302,NLVPMVATV,10x,5,0.4434164,0.0
5640,NLVPMVATV,swapped_4273,5,9.781591e-05,0.0
5042,GILGFVFTL,10x,5,0.20845711,0.0
4644,GILGFVFTL,10x,5,0.21616907,0.0
3447,GILGFVFTL,10x,5,0.22384243,0.0
2328,GILGFVFTL,10x,5,0.34131864,0.0
2269,GILGFVFTL,10x,5,0.49692112,0.0
5389,NLVPMVATV,swapped_4222,5,5.0119343e-05,0.0
1313,GLCTLVAML,swapped_352,5,0.115481585,0.0
73,KVLEYVIKV,positive,5,0.44025397,1.0
283,GILGFVFTL,positive,5,0.9999044,1.0
3405,GILGFVFTL,10x,5,0.09992713,0.0
5697,GLCTLVAML,swapped_4538,5,0.5357915,0.0
3130,NLVPMVATV,10x,5,0.43748197,0.0
4666,GILGFVFTL,10x,5,0.48991832,0.0
2955,GILGFVFTL,positive,5,0.08131399,1.0
2689,GLCTLVAML,swapped_1749,5,0.020178642,0.0
2746,GILGFVFTL,positive,5,0.4967464,1.0
2213,GILGFVFTL,10x,5,0.15499397,0.0
5597,GILGFVFTL,swapped_4464,5,0.7092382,0.0
1164,GLCTLVAML,swapped_42,5,0.0001837087,0.0
6612,GLCTLVAML,swapped_5875,5,0.007560335,0.0
5650,NLVPMVATV,swapped_4499,5,4.9161292e-05,0.0
3524,GILGFVFTL,10x,5,0.23559357,0.0
1837,RMFPNAPYL,10x,5,0.3943058,0.0
3106,NLVPMVATV,10x,5,0.020343166,0.0
2012,GILGFVFTL,10x,5,0.22957444,0.0
1245,RTLNAWVKV,swapped_234,5,0.5499791,0.0
3126,GILGFVFTL,10x,5,0.21390562,0.0
6335,GILGFVFTL,10x,5,0.12651768,0.0
6353,GILGFVFTL,10x,5,0.24762903,0.0
6170,GILGFVFTL,10x,5,0.11781777,0.0
263,GILGFVFTL,positive,5,0.9871961,1.0
3992,NLVPMVATV,swapped_2739,5,0.00034234126,0.0
6368,NLVPMVATV,10x,5,0.39103827,0.0
4873,NLVPMVATV,10x,5,0.4390267,0.0
690,SLFNTVATL,10x,5,0.2109073,0.0
588,NLVPMVATV,10x,5,0.5085046,0.0
1854,NLVPMVATV,10x,5,0.27312186,0.0
2549,GILGFVFTL,swapped_1770,5,0.21190979,0.0
1020,GILGFVFTL,10x,5,0.19689797,0.0
1431,FLYALALLL,swapped_362,5,0.295741,0.0
2377,SLFNTVATL,10x,5,0.21233226,0.0
6101,GILGFVFTL,10x,5,0.27952567,0.0
1084,IMDQVPFSV,10x,5,0.31084132,0.0
463,GILGFVFTL,10x,5,0.21286315,0.0
2260,GILGFVFTL,10x,5,0.1562049,0.0
4502,GILGFVFTL,positive,5,0.999821,1.0
457,GILGFVFTL,10x,5,0.12412368,0.0
3918,GLCTLVAML,swapped_2790,5,0.00020066676,0.0
2036,RTLNAWVKV,10x,5,0.39423263,0.0
622,KTWGQYWQV,10x,5,0.44735354,0.0
3927,FLYALALLL,swapped_2923,5,0.37624222,0.0
1834,GILGFVFTL,10x,5,0.3006343,0.0
2051,NLVPMVATV,10x,5,0.4648886,0.0
3837,NLVPMVATV,swapped_2974,5,0.024372175,0.0
4153,GLCTLVAML,swapped_2783,5,0.00039343286,0.0
2398,RMFPNAPYL,10x,5,0.45106223,0.0
2739,GILGFVFTL,positive,5,0.9998487,1.0
864,GILGFVFTL,10x,5,0.32278422,0.0
4499,GILGFVFTL,positive,5,0.99996984,1.0
4041,NLVPMVATV,swapped_2799,5,0.037840363,0.0
5151,GILGFVFTL,10x,5,0.15349886,0.0
6216,GILGFVFTL,10x,5,0.34962878,0.0
1850,GILGFVFTL,10x,5,0.018259559,0.0
956,RTLNAWVKV,10x,5,0.43682003,0.0
5286,GILGFVFTL,10x,5,0.32257318,0.0
1671,GILGFVFTL,positive,5,0.9411149,1.0
24,GILGFVFTL,positive,5,0.99979585,1.0
4731,GLCTLVAML,10x,5,0.17861694,0.0
634,GILGFVFTL,10x,5,0.101707496,0.0
2430,GILGFVFTL,swapped_1547,5,0.013933705,0.0
2808,GILGFVFTL,positive,5,0.8487307,1.0
676,GILGFVFTL,10x,5,0.12448692,0.0
830,GILGFVFTL,10x,5,0.1361261,0.0
4268,GLCTLVAML,positive,5,0.95837224,1.0
3436,GILGFVFTL,10x,5,0.147189,0.0
1679,GILGFVFTL,positive,5,0.99879104,1.0
5243,MLDLQPETT,10x,5,0.3488257,0.0
2032,GILGFVFTL,10x,5,0.46100584,0.0
4316,GILGFVFTL,positive,5,0.10566677,1.0
594,FLYALALLL,10x,5,0.09135047,0.0
3719,GILGFVFTL,10x,5,0.165509,0.0
2236,YLLEMLWRL,10x,5,0.09944672,0.0
3569,GILGFVFTL,10x,5,0.19200265,0.0
5102,GILGFVFTL,10x,5,0.089289054,0.0
1677,GILGFVFTL,positive,5,0.99588424,1.0
6039,GILGFVFTL,10x,5,0.2706437,0.0
3953,NLVPMVATV,swapped_2746,5,0.24100769,0.0
5432,RTLNAWVKV,swapped_4515,5,0.033138335,0.0
1091,GILGFVFTL,10x,5,0.9378287,0.0
348,GILGFVFTL,positive,5,0.13808642,1.0
5128,CLGGLLTMV,10x,5,0.25596577,0.0
1244,NLVPMVATV,swapped_150,5,0.0003686334,0.0
1595,GILGFVFTL,positive,5,0.3822811,1.0
4063,NLVPMVATV,swapped_2901,5,0.21024072,0.0
5560,RMFPNAPYL,swapped_4502,5,0.004657665,0.0
6715,GLCTLVAML,swapped_5990,5,6.150582e-06,0.0
4180,GILGFVFTL,positive,5,0.9999895,1.0
3355,GILGFVFTL,10x,5,0.48669347,0.0
5292,GILGFVFTL,10x,5,0.25583345,0.0
6853,GLCTLVAML,swapped_5906,5,0.00041476384,0.0
1171,GLCTLVAML,swapped_348,5,0.5810558,0.0
6436,GILGFVFTL,10x,5,0.06996299,0.0
4199,NLVPMVATV,positive,5,0.6705785,1.0
4201,GILGFVFTL,positive,5,0.082183786,1.0
911,GILGFVFTL,10x,5,0.15357278,0.0
1283,GLCTLVAML,swapped_145,5,0.058492124,0.0
5728,KTWGQYWQV,positive,5,0.43830082,1.0
3948,GILGFVFTL,swapped_2699,5,0.1904107,0.0
3346,GLCTLVAML,10x,5,0.51389956,0.0
1078,SLLMWITQV,10x,5,0.47022864,0.0
2811,GILGFVFTL,positive,5,0.9999125,1.0
6319,GILGFVFTL,10x,5,0.22935776,0.0
4174,GLCTLVAML,positive,5,0.45797825,1.0
4858,GILGFVFTL,10x,5,0.17948294,0.0
4580,GILGFVFTL,10x,5,0.17748538,0.0
5658,GLCTLVAML,swapped_4252,5,0.13218541,0.0
451,GILGFVFTL,10x,5,0.24843937,0.0
2698,GILGFVFTL,positive,5,0.09451855,1.0
193,GILGFVFTL,positive,5,0.99745995,1.0
4944,GILGFVFTL,10x,5,0.29944304,0.0
323,GILGFVFTL,positive,5,0.27046356,1.0
3892,GLCTLVAML,swapped_2793,5,0.0013208406,0.0
1720,GILGFVFTL,positive,5,0.32395914,1.0
5683,RMFPNAPYL,swapped_4364,5,0.0019834577,0.0
2945,GILGFVFTL,positive,5,0.92056954,1.0
5720,GILGFVFTL,positive,5,0.10276179,1.0
1766,GILGFVFTL,positive,5,0.9880019,1.0
6770,NLVPMVATV,swapped_5932,5,0.5467411,0.0
6363,GILGFVFTL,10x,5,0.13348319,0.0
4424,GILGFVFTL,positive,5,0.9991579,1.0
628,GILGFVFTL,10x,5,0.7689422,0.0
1498,NLVPMVATV,swapped_60,5,0.13148782,0.0
505,NLVPMVATV,10x,5,0.46306863,0.0
3533,GILGFVFTL,10x,5,0.14104252,0.0
6523,GILGFVFTL,10x,5,0.9448139,0.0
6280,GILGFVFTL,10x,5,0.3348094,0.0
2948,NLVPMVATV,positive,5,0.32456943,1.0
3112,NLVPMVATV,10x,5,0.27932322,0.0
4115,NLVPMVATV,swapped_2827,5,0.23989497,0.0
6221,FLYALALLL,10x,5,0.37645844,0.0
1713,GILGFVFTL,positive,5,0.93294775,1.0
1890,GLCTLVAML,10x,5,0.27463278,0.0
2958,GLCTLVAML,positive,5,0.6025033,1.0
3639,GILGFVFTL,10x,5,0.5240633,0.0
754,GILGFVFTL,10x,5,0.4682705,0.0
5639,NLVPMVATV,swapped_4281,5,0.0018338785,0.0
2451,KTWGQYWQV,swapped_1720,5,0.44990367,0.0
100,GILGFVFTL,positive,5,0.99668556,1.0
1154,GILGFVFTL,swapped_65,5,0.1438397,0.0
1390,GILGFVFTL,swapped_273,5,0.053610597,0.0
5086,GILGFVFTL,10x,5,0.9962806,0.0
2253,GILGFVFTL,10x,5,0.069385014,0.0
689,GLCTLVAML,10x,5,0.3848083,0.0
3233,FLYALALLL,10x,5,0.45950612,0.0
5624,GLCTLVAML,swapped_4290,5,0.2976396,0.0
3930,GLCTLVAML,swapped_2807,5,0.17611827,0.0
2329,NLVPMVATV,10x,5,0.34701827,0.0
3591,NLVPMVATV,10x,5,0.32004476,0.0
2232,NLVPMVATV,10x,5,0.41855386,0.0
3812,GLCTLVAML,swapped_3039,5,0.008733359,0.0
3189,GILGFVFTL,10x,5,0.23556839,0.0
3873,MLDLQPETT,swapped_3047,5,0.31756112,0.0
4342,GLCTLVAML,positive,5,0.82118535,1.0
234,FLYALALLL,positive,5,0.7952113,1.0
47,GILGFVFTL,positive,5,0.45069405,1.0
526,GILGFVFTL,10x,5,0.3208591,0.0
6700,GLCTLVAML,swapped_5965,5,1.6832106e-05,0.0
3495,GLCTLVAML,10x,5,0.09935294,0.0
2529,GLCTLVAML,swapped_1773,5,0.23552375,0.0
5096,NLVPMVATV,10x,5,0.041350096,0.0
661,SLFNTVATL,10x,5,0.33271015,0.0
1807,FLYALALLL,positive,5,0.82408106,1.0
1087,GILGFVFTL,10x,5,0.2758497,0.0
4536,FLYALALLL,positive,5,0.9436516,1.0
4024,GLCTLVAML,swapped_2955,5,0.5717191,0.0
1625,GILGFVFTL,positive,5,0.77628726,1.0
6773,NLVPMVATV,swapped_5871,5,0.00030062094,0.0
92,GILGFVFTL,positive,5,0.9990972,1.0
2035,LLFGYPVYV,10x,5,0.46212786,0.0
2683,FLYALALLL,swapped_1693,5,4.5176363e-05,0.0
1220,NLVPMVATV,swapped_196,5,0.033312846,0.0
671,GILGFVFTL,10x,5,0.32735577,0.0
1846,NLVPMVATV,10x,5,0.5735551,0.0
1169,RTLNAWVKV,swapped_47,5,0.44770896,0.0
2509,GILGFVFTL,swapped_1736,5,0.07403135,0.0
3369,NLVPMVATV,10x,5,0.34997123,0.0
3717,GILGFVFTL,10x,5,0.124247976,0.0
1375,GLCTLVAML,swapped_272,5,0.09136745,0.0
5403,GLCTLVAML,swapped_4277,5,1.4958797e-05,0.0
6708,GLCTLVAML,swapped_5825,5,2.297956e-05,0.0
1737,NLVPMVATV,positive,5,0.7195757,1.0
1242,RTLNAWVKV,swapped_89,5,0.0003840892,0.0
3802,GILGFVFTL,10x,5,0.1489269,0.0
6903,RTLNAWVKV,swapped_5717,5,0.0065775057,0.0
1902,GILGFVFTL,10x,5,0.48017877,0.0
2783,GILGFVFTL,positive,5,0.99908316,1.0
4003,GLCTLVAML,swapped_2884,5,0.008250131,0.0
293,GILGFVFTL,positive,5,0.999977,1.0
1596,GILGFVFTL,positive,5,0.16925226,1.0
5057,GILGFVFTL,10x,5,0.33559918,0.0
6865,GILGFVFTL,swapped_5776,5,0.31908163,0.0
2203,GILGFVFTL,10x,5,0.399235,0.0
3332,GILGFVFTL,10x,5,0.23004092,0.0
331,GILGFVFTL,positive,5,0.998868,1.0
4722,GILGFVFTL,10x,5,0.43894005,0.0
4439,GLCTLVAML,positive,5,0.7586508,1.0
1592,GLCTLVAML,positive,5,0.94242585,1.0
3678,GILGFVFTL,10x,5,0.4578173,0.0
1448,FLYALALLL,swapped_107,5,0.0052819247,0.0
2933,GILGFVFTL,positive,5,0.9242307,1.0
3791,GILGFVFTL,10x,5,0.18773514,0.0
4019,NLVPMVATV,swapped_2830,5,0.3331838,0.0
1739,GLCTLVAML,positive,5,0.96837384,1.0
5439,RMFPNAPYL,swapped_4365,5,0.4443628,0.0
2646,NLVPMVATV,swapped_1625,5,0.56364167,0.0
1843,GILGFVFTL,10x,5,0.11157347,0.0
1126,GILGFVFTL,10x,5,0.08587771,0.0
6222,GILGFVFTL,10x,5,0.2736143,0.0
4273,GILGFVFTL,positive,5,0.99989164,1.0
4512,GLCTLVAML,positive,5,0.87241554,1.0
1702,GILGFVFTL,positive,5,0.99961495,1.0
3970,GILGFVFTL,swapped_2804,5,0.10622806,0.0
41,GILGFVFTL,positive,5,0.9990314,1.0
2792,GILGFVFTL,positive,5,0.99995387,1.0
2699,GLCTLVAML,positive,5,0.9163241,1.0
1145,GLCTLVAML,swapped_336,5,1.317116e-05,0.0
3941,GLCTLVAML,swapped_2789,5,0.006488273,0.0
3409,GILGFVFTL,10x,5,0.04377404,0.0
2590,GILGFVFTL,swapped_1807,5,0.1715926,0.0
3622,GILGFVFTL,10x,5,0.2716558,0.0
2936,GILGFVFTL,positive,5,0.8131573,1.0
1389,GILGFVFTL,swapped_18,5,0.028083254,0.0
3705,FLYALALLL,10x,5,0.08902585,0.0
2851,GILGFVFTL,positive,5,0.99418914,1.0
3361,GLCTLVAML,10x,5,0.4306925,0.0
3983,KVLEYVIKV,swapped_2888,5,0.27776322,0.0
4170,NLVPMVATV,swapped_2900,5,0.37753198,0.0
3603,GILGFVFTL,10x,5,0.1055525,0.0
5680,GLCTLVAML,swapped_4522,5,0.0018918773,0.0
4810,GILGFVFTL,10x,5,0.18181737,0.0
1749,GILGFVFTL,positive,5,0.96986336,1.0
6639,GLCTLVAML,swapped_5732,5,0.00010248244,0.0
190,NLVPMVATV,positive,5,0.34387788,1.0
5430,NLVPMVATV,swapped_4356,5,2.245209e-05,0.0
1465,GLCTLVAML,swapped_35,5,0.04197356,0.0
4627,GILGFVFTL,10x,5,0.244534,0.0
1491,GILGFVFTL,swapped_73,5,0.23882326,0.0
290,GILGFVFTL,positive,5,0.9987471,1.0
2209,NLVPMVATV,10x,5,0.4503408,0.0
6076,RMFPNAPYL,10x,5,0.4349946,0.0
4243,GILGFVFTL,positive,5,0.999987,1.0
3869,NLVPMVATV,swapped_2989,5,3.435956e-05,0.0
5385,GILGFVFTL,swapped_4199,5,0.040719096,0.0
3084,GLCTLVAML,10x,5,0.2695849,0.0
3394,GLCTLVAML,10x,5,0.23919468,0.0
2578,GILGFVFTL,swapped_1675,5,0.041834064,0.0
6281,NLVPMVATV,10x,5,0.32877824,0.0
5946,GILGFVFTL,positive,5,0.9950098,1.0
6696,GLCTLVAML,swapped_5707,5,2.452324e-05,0.0
1279,GLCTLVAML,swapped_34,5,2.2375909e-05,0.0
4367,GLCTLVAML,positive,5,0.38380927,1.0
6398,NLVPMVATV,10x,5,0.30668488,0.0
1590,GILGFVFTL,positive,5,0.98743653,1.0
1446,KVAELVHFL,swapped_318,5,0.00165568,0.0
986,GILGFVFTL,10x,5,0.09475994,0.0
5215,MLDLQPETT,10x,5,0.39133075,0.0
65,NLVPMVATV,positive,5,0.35698155,1.0
6153,GILGFVFTL,10x,5,0.122580625,0.0
4364,GILGFVFTL,positive,5,0.99992156,1.0
132,FLYALALLL,positive,5,0.111561805,1.0
5540,GILGFVFTL,swapped_4512,5,0.066190116,0.0
1820,GILGFVFTL,10x,5,0.2674269,0.0
6166,GILGFVFTL,10x,5,0.3595187,0.0
4584,YLLEMLWRL,10x,5,0.3248506,0.0
1939,GILGFVFTL,10x,5,0.31220976,0.0
5755,GLCTLVAML,positive,5,0.68275803,1.0
5144,GILGFVFTL,10x,5,0.43791285,0.0
3210,GILGFVFTL,10x,5,0.45770678,0.0
480,GILGFVFTL,10x,5,0.22217773,0.0
2512,NLVPMVATV,swapped_1766,5,0.04787797,0.0
21,GILGFVFTL,positive,5,0.9974717,1.0
42,GILGFVFTL,positive,5,0.9999559,1.0
5825,GILGFVFTL,positive,5,0.99997914,1.0
6146,NLVPMVATV,10x,5,0.39608166,0.0
2551,GILGFVFTL,swapped_1777,5,0.1839558,0.0
45,GILGFVFTL,positive,5,0.99997103,1.0
320,GILGFVFTL,positive,5,0.9995413,1.0
1946,GLCTLVAML,10x,5,0.32805845,0.0
5860,GILGFVFTL,positive,5,0.9973598,1.0
5216,GILGFVFTL,10x,5,0.400234,0.0
4129,GLCTLVAML,swapped_2711,5,0.017338408,0.0
3150,GLCTLVAML,10x,5,0.50183713,0.0
5436,IMDQVPFSV,swapped_4374,5,1.9290806e-05,0.0
4471,NLVPMVATV,positive,5,0.4588178,1.0
4882,GILGFVFTL,10x,5,0.26447436,0.0
5666,NLVPMVATV,swapped_4311,5,0.31765333,0.0
6004,GILGFVFTL,positive,5,0.4523729,1.0
2888,GILGFVFTL,positive,5,0.9248062,1.0
5229,GILGFVFTL,10x,5,0.2288899,0.0
4886,GILGFVFTL,10x,5,0.2686243,0.0
6635,GILGFVFTL,swapped_5740,5,0.14501518,0.0
5707,GILGFVFTL,positive,5,0.9999206,1.0
2974,GILGFVFTL,positive,5,0.9813275,1.0
854,GLCTLVAML,10x,5,0.5932129,0.0
4887,GILGFVFTL,10x,5,0.110658534,0.0
1992,GILGFVFTL,10x,5,0.25793928,0.0
4445,GILGFVFTL,positive,5,0.9995548,1.0
2691,NLVPMVATV,swapped_1600,5,0.41659716,0.0
3538,GILGFVFTL,10x,5,0.15847084,0.0
6336,GLCTLVAML,10x,5,0.110303745,0.0
6082,GILGFVFTL,10x,5,0.30797932,0.0
2613,LLFGYPVYV,swapped_1679,5,0.013276741,0.0
4862,GLCTLVAML,10x,5,0.18289085,0.0
3100,GILGFVFTL,10x,5,0.20672815,0.0
247,GILGFVFTL,positive,5,0.9999182,1.0
1429,MLDLQPETT,swapped_45,5,4.844875e-05,0.0
1944,GILGFVFTL,10x,5,0.1389442,0.0
4522,GILGFVFTL,positive,5,0.9997329,1.0
1131,GILGFVFTL,10x,5,0.10892004,0.0
4165,NLVPMVATV,swapped_2823,5,6.9676884e-05,0.0
3419,GILGFVFTL,10x,5,0.17930503,0.0
257,GILGFVFTL,positive,5,0.98642343,1.0
155,GILGFVFTL,positive,5,0.99989164,1.0
5871,GILGFVFTL,positive,5,0.9999639,1.0
89,GILGFVFTL,positive,5,0.99956375,1.0
3055,GILGFVFTL,positive,5,0.99994814,1.0
2273,NLVPMVATV,10x,5,0.31099498,0.0
3642,GILGFVFTL,10x,5,0.05892391,0.0
3240,GILGFVFTL,10x,5,0.12252919,0.0
3345,GLCTLVAML,10x,5,0.101707794,0.0
518,NLVPMVATV,10x,5,0.1403332,0.0
2807,GILGFVFTL,positive,5,0.2771746,1.0
3920,NLVPMVATV,swapped_3056,5,0.04656719,0.0
5544,GLCTLVAML,swapped_4336,5,0.008170603,0.0
3440,GILGFVFTL,10x,5,0.49125135,0.0
4561,GILGFVFTL,10x,5,0.15519062,0.0
4853,GILGFVFTL,10x,5,0.9596485,0.0
4292,GILGFVFTL,positive,5,0.99323505,1.0
1340,GLCTLVAML,swapped_167,5,0.12833504,0.0
1339,GLCTLVAML,swapped_354,5,1.563433e-05,0.0
4056,RMFPNAPYL,swapped_2853,5,0.00022400059,0.0
3988,GILGFVFTL,swapped_3008,5,0.042817302,0.0
2185,NLVPMVATV,10x,5,0.57177013,0.0
4869,GILGFVFTL,10x,5,0.384131,0.0
2670,GLCTLVAML,swapped_1623,5,0.0066701476,0.0
4464,NLVPMVATV,positive,5,0.6836054,1.0
1233,GLCTLVAML,swapped_86,5,0.002099571,0.0
3255,GILGFVFTL,10x,5,0.43234116,0.0
3598,GILGFVFTL,10x,5,0.22790456,0.0
6802,MLDLQPETT,swapped_5979,5,0.0001158863,0.0
6510,GLCTLVAML,10x,5,0.006722728,0.0
5109,NLVPMVATV,10x,5,0.38657656,0.0
4219,GILGFVFTL,positive,5,0.9888293,1.0
5026,GILGFVFTL,10x,5,0.27390215,0.0
6664,NLVPMVATV,swapped_5720,5,0.3928974,0.0
2508,MLDLQPETT,swapped_1596,5,0.38128212,0.0
4381,GILGFVFTL,positive,5,0.9994504,1.0
1510,YLLEMLWRL,swapped_137,5,0.5531472,0.0
4295,GILGFVFTL,positive,5,0.99997425,1.0
1403,GLCTLVAML,swapped_235,5,3.583655e-05,0.0
2943,GILGFVFTL,positive,5,0.99993956,1.0
3965,GILGFVFTL,swapped_2958,5,0.0979798,0.0
2494,GILGFVFTL,swapped_1592,5,0.044476174,0.0
6034,GLCTLVAML,10x,5,0.34186763,0.0
2282,GLCTLVAML,10x,5,0.73907375,0.0
2317,GILGFVFTL,10x,5,0.278963,0.0
3172,FLYALALLL,10x,5,0.578956,0.0
3692,GILGFVFTL,10x,5,0.28161857,0.0
3222,GILGFVFTL,10x,5,0.08710445,0.0
6339,GILGFVFTL,10x,5,0.16058654,0.0
3606,GILGFVFTL,10x,5,0.19720104,0.0
1354,GILGFVFTL,swapped_166,5,0.22414565,0.0
5116,GILGFVFTL,10x,5,0.1784046,0.0
3887,SLFNTVATL,swapped_2860,5,0.00042372133,0.0
5469,NLVPMVATV,swapped_4350,5,0.000114092574,0.0
3241,GILGFVFTL,10x,5,0.30997172,0.0
684,GLCTLVAML,10x,5,0.13931297,0.0
3567,NLVPMVATV,10x,5,0.34193143,0.0
6247,GILGFVFTL,10x,5,0.46816668,0.0
18,GLCTLVAML,positive,5,0.90736437,1.0
4354,GILGFVFTL,positive,5,0.99996626,1.0
801,GILGFVFTL,10x,5,0.13073586,0.0
2459,GLCTLVAML,swapped_1790,5,0.25838977,0.0
3200,GILGFVFTL,10x,5,0.3809887,0.0
3969,GLCTLVAML,swapped_2846,5,0.00031642817,0.0
1864,GILGFVFTL,10x,5,0.25717607,0.0
4214,GILGFVFTL,positive,5,0.99999094,1.0
339,GLCTLVAML,positive,5,0.9492932,1.0
4716,GLCTLVAML,10x,5,0.3204063,0.0
2159,GILGFVFTL,10x,5,0.27795982,0.0
5902,GILGFVFTL,positive,5,0.9998178,1.0
2711,GILGFVFTL,positive,5,0.99915385,1.0
6592,GILGFVFTL,10x,5,0.31264114,0.0
1693,GILGFVFTL,positive,5,0.9999653,1.0
5630,GLCTLVAML,swapped_4215,5,0.0076186173,0.0
2155,GILGFVFTL,10x,5,0.13742024,0.0
5629,GLCTLVAML,swapped_4536,5,0.93525827,0.0
3657,GILGFVFTL,10x,5,0.109353416,0.0
2884,GILGFVFTL,positive,5,0.98958194,1.0
5466,GLCTLVAML,swapped_4435,5,0.1544722,0.0
2860,GILGFVFTL,positive,5,0.99993885,1.0
3386,GLCTLVAML,10x,5,0.16527256,0.0
4240,GILGFVFTL,positive,5,0.9998455,1.0
3140,GLCTLVAML,10x,5,0.22819647,0.0
3155,GILGFVFTL,10x,5,0.29683757,0.0
669,GILGFVFTL,10x,5,0.34015486,0.0
565,GILGFVFTL,10x,5,0.99904126,0.0
5906,GILGFVFTL,positive,5,0.99562484,1.0
6443,GILGFVFTL,10x,5,0.048470464,0.0
1393,KLQCVDLHV,swapped_349,5,0.5789744,0.0
3219,GILGFVFTL,10x,5,0.5504762,0.0
4257,GILGFVFTL,positive,5,0.99088365,1.0
4760,GILGFVFTL,10x,5,0.17728364,0.0
2518,GILGFVFTL,swapped_1809,5,0.2258207,0.0
400,GILGFVFTL,10x,5,0.15075386,0.0
2372,LLFGYPVYV,10x,5,0.4612927,0.0
4661,GILGFVFTL,10x,5,0.30621347,0.0
2309,GILGFVFTL,10x,5,0.72230166,0.0
217,GILGFVFTL,positive,5,0.97496027,1.0
514,GILGFVFTL,10x,5,0.2058385,0.0
825,GILGFVFTL,10x,5,0.1843874,0.0
2296,GLCTLVAML,10x,5,0.10193343,0.0
3192,GILGFVFTL,10x,5,0.1284442,0.0
704,GLCTLVAML,10x,5,0.45916578,0.0
2588,GILGFVFTL,swapped_1739,5,0.03934073,0.0
22,FLYALALLL,positive,5,0.91952163,1.0
1999,GILGFVFTL,10x,5,0.269046,0.0
4186,GILGFVFTL,positive,5,0.26671132,1.0
5367,NLVPMVATV,swapped_4390,5,0.007226966,0.0
3195,GILGFVFTL,10x,5,0.29930115,0.0
2189,GILGFVFTL,10x,5,0.6590892,0.0
2901,GILGFVFTL,positive,5,0.53770596,1.0
5776,GLCTLVAML,positive,5,0.38210538,1.0
5606,GILGFVFTL,swapped_4471,5,0.13140035,0.0
5965,GILGFVFTL,positive,5,0.9999728,1.0
196,GILGFVFTL,positive,5,0.998309,1.0
5424,NLVPMVATV,swapped_4267,5,5.3027525e-05,0.0
1519,FLYALALLL,swapped_203,5,0.4235258,0.0
3932,GILGFVFTL,swapped_2876,5,0.18395668,0.0
1690,GLCTLVAML,positive,5,0.19966227,1.0
4753,GILGFVFTL,10x,5,0.17535941,0.0
6162,GILGFVFTL,10x,5,0.35053095,0.0
119,GILGFVFTL,positive,5,0.99982053,1.0
1370,KVAELVHFL,swapped_323,5,0.44097048,0.0
807,GILGFVFTL,10x,5,0.14355882,0.0
3576,GILGFVFTL,10x,5,0.09537916,0.0
4431,NLVPMVATV,positive,5,0.34140098,1.0
6692,NLVPMVATV,swapped_5903,5,0.005631176,0.0
6131,SLLMWITQV,10x,5,0.44897917,0.0
5314,RTLNAWVKV,10x,5,0.44733194,0.0
6345,GLCTLVAML,10x,5,0.37130335,0.0
1963,GLCTLVAML,10x,5,0.12871389,0.0
3104,RTLNAWVKV,10x,5,0.45106223,0.0
6575,GILGFVFTL,10x,5,0.16416703,0.0
1552,GLCTLVAML,positive,5,0.74355054,1.0
1289,NLVPMVATV,swapped_187,5,0.029837128,0.0
3653,GILGFVFTL,10x,5,0.47542515,0.0
369,GILGFVFTL,positive,5,0.999495,1.0
287,GILGFVFTL,positive,5,0.99988854,1.0
2467,GLCTLVAML,swapped_1742,5,4.313112e-06,0.0
2026,GILGFVFTL,10x,5,0.1876058,0.0
4699,GLCTLVAML,10x,5,0.12510715,0.0
4818,NLVPMVATV,10x,5,0.4606832,0.0
4535,GLCTLVAML,positive,5,0.9570035,1.0
4223,NLVPMVATV,positive,5,0.4322508,1.0
757,GLCTLVAML,10x,5,0.24854976,0.0
6445,GILGFVFTL,10x,5,0.19719341,0.0
241,GILGFVFTL,positive,5,0.9999225,1.0
4891,GILGFVFTL,10x,5,0.6609021,0.0
855,GILGFVFTL,10x,5,0.29560578,0.0
3922,NLVPMVATV,swapped_2938,5,0.0220704,0.0
6305,GILGFVFTL,10x,5,0.063414074,0.0
1118,GILGFVFTL,10x,5,0.18787904,0.0
133,GILGFVFTL,positive,5,0.99825686,1.0
6431,GILGFVFTL,10x,5,0.2269394,0.0
3956,NLVPMVATV,swapped_3028,5,0.11090323,0.0
3347,GILGFVFTL,10x,5,0.15672691,0.0
3674,GILGFVFTL,10x,5,0.22754975,0.0
3665,GILGFVFTL,10x,5,0.39421406,0.0
2790,GILGFVFTL,positive,5,0.99800783,1.0
4911,LLFGYPVYV,10x,5,0.35772568,0.0
1361,NLVPMVATV,swapped_317,5,4.5959794e-05,0.0
933,GILGFVFTL,10x,5,0.12753348,0.0
2866,GILGFVFTL,positive,5,0.26360163,1.0
4754,GLCTLVAML,10x,5,0.0026272659,0.0
3756,GILGFVFTL,10x,5,0.22516726,0.0
1825,GLCTLVAML,10x,5,0.4072767,0.0
4606,GILGFVFTL,10x,5,0.120232195,0.0
4787,GILGFVFTL,10x,5,0.1831274,0.0
4168,GILGFVFTL,swapped_2897,5,0.10984799,0.0
2799,GILGFVFTL,positive,5,0.99678755,1.0
1600,GILGFVFTL,positive,5,0.19813967,1.0
1253,FLYALALLL,swapped_247,5,0.00019636811,0.0
2827,GILGFVFTL,positive,5,0.366579,1.0
1802,GILGFVFTL,positive,5,0.9990689,1.0
1168,GLCTLVAML,swapped_287,5,3.9111066e-05,0.0
4252,GILGFVFTL,positive,5,0.47477955,1.0
6127,GILGFVFTL,10x,5,0.20069343,0.0
556,GILGFVFTL,10x,5,0.25684524,0.0
1274,LLFGYPVYV,swapped_263,5,0.047903705,0.0
6788,LLFGYPVYV,swapped_6004,5,0.4312933,0.0
2999,GILGFVFTL,positive,5,0.9998958,1.0
2876,MLDLQPETT,positive,5,0.34781098,1.0
1514,LLFGYPVYV,swapped_229,5,0.038463786,0.0
6479,GILGFVFTL,10x,5,0.114450194,0.0
6518,GILGFVFTL,10x,5,0.33781004,0.0
1991,GILGFVFTL,10x,5,0.16794744,0.0
1759,FLYALALLL,positive,5,0.6805574,1.0
3910,GLCTLVAML,swapped_2698,5,0.5031333,0.0
4215,GILGFVFTL,positive,5,0.9958704,1.0
1348,NLVPMVATV,swapped_141,5,0.039324593,0.0
578,GLCTLVAML,10x,5,0.4940014,0.0
3410,GLCTLVAML,10x,5,0.06658334,0.0
5641,LLFGYPVYV,swapped_4238,5,0.3939832,0.0
5588,GILGFVFTL,swapped_4427,5,0.055494662,0.0
6905,RMFPNAPYL,swapped_5902,5,0.0053379163,0.0
5722,GILGFVFTL,positive,5,0.99923575,1.0
418,GLCTLVAML,10x,5,0.16106676,0.0
312,GILGFVFTL,positive,5,0.9997774,1.0
1117,GILGFVFTL,10x,5,0.10569859,0.0
491,NLVPMVATV,10x,5,0.35483128,0.0
2832,GILGFVFTL,positive,5,0.9999496,1.0
166,GLCTLVAML,positive,5,0.2902399,1.0
6167,RTLNAWVKV,10x,5,0.4471447,0.0
2831,GILGFVFTL,positive,5,0.99964154,1.0
3031,GILGFVFTL,positive,5,0.9999254,1.0
2239,GILGFVFTL,10x,5,0.116011195,0.0
3292,SLFNTVATL,10x,5,0.404082,0.0
2072,NLVPMVATV,10x,5,0.46991748,0.0
5249,RTLNAWVKV,10x,5,0.449731,0.0
1627,GILGFVFTL,positive,5,0.99985325,1.0
1790,NLVPMVATV,positive,5,0.3734268,1.0
3560,GILGFVFTL,10x,5,0.37642613,0.0
4870,GILGFVFTL,10x,5,0.07257201,0.0
141,GILGFVFTL,positive,5,0.9993457,1.0
4311,GILGFVFTL,positive,5,0.16145447,1.0
38,GILGFVFTL,positive,5,0.14496027,1.0
5369,GLCTLVAML,swapped_4185,5,0.0012913579,0.0
593,FLYALALLL,10x,5,0.4752131,0.0
3098,GILGFVFTL,10x,5,0.23059751,0.0
2094,GLCTLVAML,10x,5,0.19229758,0.0
2511,GLCTLVAML,swapped_1672,5,0.0003974951,0.0
3848,GLCTLVAML,swapped_2973,5,0.00020931651,0.0
151,GILGFVFTL,positive,5,0.99913245,1.0
2088,GILGFVFTL,10x,5,0.24105057,0.0
379,GILGFVFTL,positive,5,0.99908316,1.0
406,GILGFVFTL,10x,5,0.30985,0.0
5979,GILGFVFTL,positive,5,0.99996734,1.0
1921,NLVPMVATV,10x,5,0.40433952,0.0
6391,GILGFVFTL,10x,5,0.21404134,0.0
3390,GILGFVFTL,10x,5,0.37607563,0.0
4962,GILGFVFTL,10x,5,0.6493117,0.0
3542,GILGFVFTL,10x,5,0.38446546,0.0
849,GILGFVFTL,10x,5,0.035515722,0.0
5363,GLCTLVAML,swapped_4312,5,0.0012005983,0.0
6418,GILGFVFTL,10x,5,0.07805895,0.0
5197,GILGFVFTL,10x,5,0.26366878,0.0
156,NLVPMVATV,positive,5,0.21117826,1.0
6265,GLCTLVAML,10x,5,0.1663844,0.0
6068,GLCTLVAML,10x,5,0.38291585,0.0
641,GILGFVFTL,10x,5,0.27622402,0.0
1144,GLCTLVAML,swapped_249,5,7.921966e-05,0.0
5532,GLCTLVAML,swapped_4509,5,0.24037382,0.0
3096,GILGFVFTL,10x,5,0.3929367,0.0
1319,GLCTLVAML,swapped_251,5,0.13423648,0.0
3116,GILGFVFTL,10x,5,0.6363578,0.0
1709,GILGFVFTL,positive,5,0.99801445,1.0
3884,NLVPMVATV,swapped_2992,5,0.004388316,0.0
6120,GLCTLVAML,10x,5,0.17163001,0.0
1041,GLCTLVAML,10x,5,2.4027247e-06,0.0
3648,GILGFVFTL,10x,5,0.32160378,0.0
6437,GILGFVFTL,10x,5,0.564578,0.0
4143,LLFGYPVYV,swapped_2828,5,0.45085576,0.0
4005,NLVPMVATV,swapped_3044,5,0.0006601825,0.0
6252,GILGFVFTL,10x,5,0.08055426,0.0
3870,LLFGYPVYV,swapped_2916,5,0.00068356557,0.0
3751,NLVPMVATV,10x,5,0.41100973,0.0
2247,GILGFVFTL,10x,5,0.33516583,0.0
4451,IMDQVPFSV,positive,5,0.14957908,1.0
1291,KTWGQYWQV,swapped_49,5,0.45106223,0.0
4139,GILGFVFTL,swapped_3041,5,0.07758878,0.0
6274,GILGFVFTL,10x,5,0.265552,0.0
4228,GILGFVFTL,positive,5,0.10129765,1.0
915,GILGFVFTL,10x,5,0.35735127,0.0
6703,GILGFVFTL,swapped_6001,5,0.04528109,0.0
6104,GILGFVFTL,10x,5,0.9983223,0.0
3954,GLCTLVAML,swapped_2851,5,0.08571429,0.0
1629,GILGFVFTL,positive,5,0.9963709,1.0
2979,GILGFVFTL,positive,5,0.9999783,1.0
6338,GILGFVFTL,10x,5,0.26847625,0.0
443,KTWGQYWQV,10x,5,0.45106223,0.0
3287,GILGFVFTL,10x,5,0.3374357,0.0
2789,GILGFVFTL,positive,5,0.97957134,1.0
3181,GILGFVFTL,10x,5,0.25503638,0.0
2444,GILGFVFTL,swapped_1686,5,0.16332102,0.0
627,GLCTLVAML,10x,5,0.13761365,0.0
4634,GILGFVFTL,10x,5,0.081988074,0.0
3351,NLVPMVATV,10x,5,0.31922024,0.0
6534,GILGFVFTL,10x,5,0.2589729,0.0
5870,GILGFVFTL,positive,5,0.9999186,1.0
4991,GILGFVFTL,10x,5,0.06252509,0.0
2024,GILGFVFTL,10x,5,0.20934483,0.0
1379,LLFGYPVYV,swapped_341,5,0.4537001,0.0
2348,GILGFVFTL,10x,5,0.1036353,0.0
344,GLCTLVAML,positive,5,0.9198055,1.0
5294,GILGFVFTL,10x,5,0.21085878,0.0
1926,KTWGQYWQV,10x,5,0.45106223,0.0
3481,GILGFVFTL,10x,5,0.17979819,0.0
2066,GILGFVFTL,10x,5,0.37163296,0.0
4771,GILGFVFTL,10x,5,0.14452307,0.0
5668,GLCTLVAML,swapped_4381,5,3.9847837e-05,0.0
576,GILGFVFTL,10x,5,0.0654219,0.0
1777,NLVPMVATV,positive,5,0.35626283,1.0
3493,GLCTLVAML,10x,5,0.14453593,0.0
5441,FLYALALLL,swapped_4424,5,0.001351982,0.0
4048,KTWGQYWQV,swapped_2788,5,0.009554263,0.0
1672,GILGFVFTL,positive,5,0.9997261,1.0
1521,FLYALALLL,swapped_103,5,7.8405355e-05,0.0
1742,GILGFVFTL,positive,5,0.9999919,1.0
3271,GILGFVFTL,10x,5,0.094315976,0.0
696,GLCTLVAML,10x,5,0.2907938,0.0
883,GILGFVFTL,10x,5,0.72850025,0.0
1006,GILGFVFTL,10x,5,0.078091934,0.0
6827,GLCTLVAML,swapped_5769,5,0.013859267,0.0
3019,GILGFVFTL,positive,5,0.99985456,1.0
6812,GLCTLVAML,swapped_5748,5,0.0070524462,0.0
2944,NLVPMVATV,positive,5,0.35463262,1.0
5932,GILGFVFTL,positive,5,0.93087906,1.0
33,GLCTLVAML,positive,5,0.9647289,1.0
3743,GILGFVFTL,10x,5,0.055928856,0.0
3186,NLVPMVATV,10x,5,0.36929592,0.0
6177,GILGFVFTL,10x,5,0.12032329,0.0
6571,GILGFVFTL,10x,5,0.15871125,0.0
137,NLVPMVATV,positive,5,0.6035893,1.0
918,GILGFVFTL,10x,5,0.13906588,0.0
4163,NLVPMVATV,swapped_2801,5,0.00034992714,0.0
4737,GILGFVFTL,10x,5,0.19830418,0.0
4587,GILGFVFTL,10x,5,0.560149,0.0
1873,MLDLQPETT,10x,5,0.327988,0.0
6303,GILGFVFTL,10x,5,0.3327165,0.0
6016,GILGFVFTL,10x,5,0.25389847,0.0
5664,GLCTLVAML,swapped_4546,5,9.1763295e-06,0.0
5217,GILGFVFTL,10x,5,0.38301733,0.0
273,NLVPMVATV,positive,5,0.69512403,1.0
2533,GILGFVFTL,swapped_1689,5,0.2791524,0.0
4670,GILGFVFTL,10x,5,0.96544445,0.0
2160,FLYALALLL,10x,5,0.108082935,0.0
3626,RMFPNAPYL,10x,5,0.42718667,0.0
2446,GILGFVFTL,swapped_1552,5,0.017446505,0.0
685,GILGFVFTL,10x,5,0.113923594,0.0
4034,NLVPMVATV,swapped_2817,5,7.969231e-05,0.0
4521,GILGFVFTL,positive,5,0.99970883,1.0
3041,GLCTLVAML,positive,5,0.7800855,1.0
5337,FLYALALLL,swapped_4201,5,0.6104839,0.0
6056,GLCTLVAML,10x,5,0.25514525,0.0
6237,GLCTLVAML,10x,5,0.2919074,0.0
1736,NLVPMVATV,positive,5,0.74552643,1.0
3698,GILGFVFTL,10x,5,0.16825145,0.0
5717,GILGFVFTL,positive,5,0.9998902,1.0
3286,NLVPMVATV,10x,5,0.338143,0.0
1990,GILGFVFTL,10x,5,0.11654428,0.0
667,LLFGYPVYV,10x,5,0.4258001,0.0
1337,GILGFVFTL,swapped_156,5,0.83368504,0.0
4118,GLCTLVAML,swapped_2866,5,0.13859305,0.0
4919,GILGFVFTL,10x,5,0.57993716,0.0
1137,GLCTLVAML,10x,5,9.977178e-05,0.0
1298,KVLEYVIKV,swapped_268,5,0.2651445,0.0
1135,GLCTLVAML,10x,5,0.20991324,0.0
3971,GLCTLVAML,swapped_2831,5,5.4734708e-05,0.0
2477,GILGFVFTL,swapped_1704,5,0.088751495,0.0
1727,GILGFVFTL,positive,5,0.99911445,1.0
4830,GLCTLVAML,10x,5,0.5766585,0.0
6124,GILGFVFTL,10x,5,0.29707763,0.0
1387,NLVPMVATV,swapped_96,5,0.33139738,0.0
5539,GLCTLVAML,swapped_4463,5,6.568125e-05,0.0
1310,FLYALALLL,swapped_283,5,0.0016109301,0.0
3225,GILGFVFTL,10x,5,0.12972574,0.0
3770,GILGFVFTL,10x,5,0.5161091,0.0
3115,NLVPMVATV,10x,5,0.25870404,0.0
3383,GILGFVFTL,10x,5,0.8678616,0.0
2009,GILGFVFTL,10x,5,0.26071036,0.0
2505,NLVPMVATV,swapped_1690,5,0.31670865,0.0
6360,GILGFVFTL,10x,5,0.28132424,0.0
2923,GILGFVFTL,positive,5,0.12965107,1.0
3594,GILGFVFTL,10x,5,0.08991432,0.0
5241,GILGFVFTL,10x,5,0.2393562,0.0
3444,GILGFVFTL,10x,5,0.15887843,0.0
2853,GILGFVFTL,positive,5,0.9999013,1.0
19,GILGFVFTL,positive,5,0.99508816,1.0
5816,NLVPMVATV,positive,5,0.7196297,1.0
4599,GLCTLVAML,10x,5,0.40926197,0.0
3486,GILGFVFTL,10x,5,0.28334904,0.0
1788,GILGFVFTL,positive,5,0.99298966,1.0
3973,LLFGYPVYV,swapped_2792,5,0.0035750703,0.0
3911,GLCTLVAML,swapped_2979,5,1.257238e-05,0.0
454,GILGFVFTL,10x,5,0.31879482,0.0
5875,GILGFVFTL,positive,5,0.9994667,1.0
1226,NLVPMVATV,swapped_160,5,0.00025579613,0.0
4509,GILGFVFTL,positive,5,0.15165466,1.0
2701,GILGFVFTL,positive,5,0.99997234,1.0
2852,GLCTLVAML,positive,5,0.9619211,1.0
5878,LLFGYPVYV,positive,5,0.45400688,1.0
308,GILGFVFTL,positive,5,0.58634675,1.0
3824,GLCTLVAML,swapped_2999,5,0.0014472937,0.0
1153,NLVPMVATV,swapped_133,5,0.024479141,0.0
3152,NLVPMVATV,10x,5,0.16887707,0.0
5405,GILGFVFTL,swapped_4505,5,0.08374893,0.0
4555,GILGFVFTL,positive,5,0.67719847,1.0
551,GILGFVFTL,10x,5,0.5147887,0.0
3303,GILGFVFTL,10x,5,0.2615315,0.0
6392,GILGFVFTL,10x,5,0.2453412,0.0
741,GILGFVFTL,10x,5,0.25346693,0.0
365,GILGFVFTL,positive,5,0.9931131,1.0
5401,NLVPMVATV,swapped_4413,5,3.517978e-05,0.0
3368,LLFGYPVYV,10x,5,0.45374742,0.0
601,GILGFVFTL,10x,5,0.22272564,0.0
499,GILGFVFTL,10x,5,0.08806171,0.0
354,GILGFVFTL,positive,5,0.99997437,1.0
3215,GILGFVFTL,10x,5,0.22169244,0.0
4960,RTLNAWVKV,10x,5,0.44411513,0.0
2482,GLCTLVAML,swapped_1624,5,0.36891884,0.0
6244,GILGFVFTL,10x,5,0.25374907,0.0
6790,KTWGQYWQV,swapped_5792,5,0.45106223,0.0
2804,FLYALALLL,positive,5,0.80346435,1.0
3798,GILGFVFTL,10x,5,0.16330567,0.0
3914,GLCTLVAML,swapped_2882,5,0.00017610707,0.0
3826,GLCTLVAML,swapped_2701,5,4.0294854e-05,0.0
539,GILGFVFTL,10x,5,0.3305644,0.0
4795,NLVPMVATV,10x,5,0.4878199,0.0
6904,GILGFVFTL,swapped_5737,5,0.022978488,0.0
6236,NLVPMVATV,10x,5,0.32226118,0.0
1099,GILGFVFTL,10x,5,0.2016992,0.0
1922,GILGFVFTL,10x,5,0.13442966,0.0
227,GILGFVFTL,positive,5,0.325933,1.0
3294,GILGFVFTL,10x,5,0.14818983,0.0
3280,NLVPMVATV,10x,5,0.35792798,0.0
2897,GLCTLVAML,positive,5,0.2463856,1.0
3252,GLCTLVAML,10x,5,0.09787599,0.0
4435,GILGFVFTL,positive,5,0.36845544,1.0
2432,GILGFVFTL,swapped_1714,5,0.24441545,0.0
2255,GILGFVFTL,10x,5,0.06451927,0.0
2070,GILGFVFTL,10x,5,0.30319622,0.0
1148,NLVPMVATV,swapped_293,5,4.924514e-05,0.0
4131,KTWGQYWQV,swapped_2811,5,0.0003696108,0.0
272,GILGFVFTL,positive,5,0.8606499,1.0
6423,NLVPMVATV,10x,5,0.53695667,0.0
3122,GILGFVFTL,10x,5,0.5927714,0.0
1872,GILGFVFTL,10x,5,0.25008395,0.0
1250,GLCTLVAML,swapped_312,5,0.0004335139,0.0
34,GILGFVFTL,positive,5,0.9999678,1.0
736,GILGFVFTL,10x,5,0.10663467,0.0
1689,NLVPMVATV,positive,5,0.32990682,1.0
4236,GLCTLVAML,positive,5,0.17694403,1.0
5935,GILGFVFTL,positive,5,0.99746907,1.0
6796,GILGFVFTL,swapped_5989,5,0.30083442,0.0
6152,GILGFVFTL,10x,5,0.17675497,0.0
5182,GILGFVFTL,10x,5,0.29233074,0.0
121,GILGFVFTL,positive,5,0.8834867,1.0
145,GILGFVFTL,positive,5,0.80930746,1.0
975,GILGFVFTL,10x,5,0.36597264,0.0
1318,GLCTLVAML,swapped_24,5,4.163424e-05,0.0
6844,SLFNTVATL,swapped_5870,5,0.00048620443,0.0
5208,GILGFVFTL,10x,5,0.6420346,0.0
3522,GILGFVFTL,10x,5,0.12784542,0.0
6100,GILGFVFTL,10x,5,0.11889075,0.0
3995,NLVPMVATV,swapped_3055,5,4.9667105e-05,0.0
1297,GILGFVFTL,swapped_330,5,0.29363954,0.0
6036,FLYALALLL,10x,5,0.09001481,0.0
4898,GILGFVFTL,10x,5,0.16179563,0.0
471,GILGFVFTL,10x,5,0.23081416,0.0
949,GILGFVFTL,10x,5,0.16777393,0.0
4515,GILGFVFTL,positive,5,0.9980324,1.0
3775,GILGFVFTL,10x,5,0.2657847,0.0
2107,GILGFVFTL,10x,5,0.15328965,0.0
5398,GILGFVFTL,swapped_4268,5,0.036394212,0.0
3333,FLYALALLL,10x,5,0.22561957,0.0
1554,GILGFVFTL,positive,5,0.9973417,1.0
6889,YLLEMLWRL,swapped_5969,5,0.022545677,0.0
3028,GILGFVFTL,positive,5,0.9350286,1.0
2761,GILGFVFTL,positive,5,0.99989986,1.0
4328,GILGFVFTL,positive,5,0.9569233,1.0
3685,GILGFVFTL,10x,5,0.953695,0.0
564,GILGFVFTL,10x,5,0.3633291,0.0
6594,GLCTLVAML,10x,5,0.427274,0.0
1949,GILGFVFTL,10x,5,0.29741344,0.0
2846,GILGFVFTL,positive,5,0.99952877,1.0
437,GILGFVFTL,10x,5,0.12359797,0.0
317,GILGFVFTL,positive,5,0.9999696,1.0
3624,IMDQVPFSV,10x,5,0.577421,0.0
3118,GLCTLVAML,10x,5,0.1192516,0.0
4749,GILGFVFTL,10x,5,0.1118831,0.0
4137,KTWGQYWQV,swapped_2912,5,0.45106223,0.0
3051,GILGFVFTL,positive,5,0.9998411,1.0
5737,GLCTLVAML,positive,5,0.9027557,1.0
4185,GILGFVFTL,positive,5,0.9996455,1.0
3641,GILGFVFTL,10x,5,0.17673649,0.0
3068,GILGFVFTL,10x,5,0.20077275,0.0
3706,GILGFVFTL,10x,5,0.6508873,0.0
111,GILGFVFTL,positive,5,0.99937636,1.0
5061,NLVPMVATV,10x,5,0.30747876,0.0
2676,GILGFVFTL,swapped_1737,5,0.14640598,0.0
5231,GLCTLVAML,10x,5,0.6766602,0.0
3400,SLLMWITQV,10x,5,0.41703624,0.0
1800,GILGFVFTL,positive,5,0.98880184,1.0
6183,GLCTLVAML,10x,5,0.021951541,0.0
1838,NLVPMVATV,10x,5,0.35947734,0.0
1776,GILGFVFTL,positive,5,0.6542088,1.0
926,GILGFVFTL,10x,5,0.10241036,0.0
3732,GILGFVFTL,10x,5,0.17389798,0.0
256,GILGFVFTL,positive,5,0.9982311,1.0
664,GILGFVFTL,10x,5,0.09202055,0.0
249,GILGFVFTL,positive,5,0.9999629,1.0
6243,GILGFVFTL,10x,5,0.14633231,0.0
645,YLLEMLWRL,10x,5,0.34882942,0.0
5029,NLVPMVATV,10x,5,0.31476456,0.0
2173,GILGFVFTL,10x,5,0.26348865,0.0
4004,IMDQVPFSV,swapped_3031,5,0.0002622046,0.0
5306,GILGFVFTL,10x,5,0.19010887,0.0
4350,GILGFVFTL,positive,5,0.99995553,1.0
4396,NLVPMVATV,positive,5,0.2595088,1.0
1675,FLYALALLL,positive,5,0.9453347,1.0
1349,RTLNAWVKV,swapped_121,5,0.3225422,0.0
3135,GILGFVFTL,10x,5,0.54663056,0.0
5132,GILGFVFTL,10x,5,0.6882268,0.0
6156,GILGFVFTL,10x,5,0.14965992,0.0
3523,GILGFVFTL,10x,5,0.09766758,0.0
675,GILGFVFTL,10x,5,0.23180883,0.0
2693,GILGFVFTL,swapped_1759,5,0.103103325,0.0
6425,GLCTLVAML,10x,5,0.2129087,0.0
6563,NLVPMVATV,10x,5,0.3433559,0.0
2662,YLLEMLWRL,swapped_1554,5,0.0016550645,0.0
6320,GILGFVFTL,10x,5,0.10380333,0.0
86,GILGFVFTL,positive,5,0.999074,1.0
1686,FLYALALLL,positive,5,0.3953811,1.0
3765,GILGFVFTL,10x,5,0.48280692,0.0
5513,GLCTLVAML,swapped_4292,5,0.002906076,0.0
6819,NLVPMVATV,swapped_5937,5,4.7613084e-05,0.0
5347,GILGFVFTL,swapped_4236,5,0.3613487,0.0
1770,NLVPMVATV,positive,5,0.458399,1.0
4121,NLVPMVATV,swapped_2763,5,0.0001873351,0.0
1970,GILGFVFTL,10x,5,0.2533592,0.0
6481,LLFGYPVYV,10x,5,0.5485189,0.0
4160,GILGFVFTL,swapped_2948,5,0.20800762,0.0
1564,NLVPMVATV,positive,5,0.73259413,1.0
167,GILGFVFTL,positive,5,0.6844645,1.0
4312,GILGFVFTL,positive,5,0.99983275,1.0
469,RMFPNAPYL,10x,5,0.39281094,0.0
5974,GILGFVFTL,positive,5,0.9718248,1.0
6762,KTWGQYWQV,swapped_5868,5,0.41378602,0.0
5032,GILGFVFTL,10x,5,0.18478216,0.0
1010,GILGFVFTL,10x,5,0.057178896,0.0
4976,GILGFVFTL,10x,5,0.20784946,0.0
6079,GILGFVFTL,10x,5,0.2953714,0.0
2788,GILGFVFTL,positive,5,0.99958533,1.0
6687,GILGFVFTL,swapped_5930,5,0.054228973,0.0
5278,GILGFVFTL,10x,5,0.04097059,0.0
887,GLCTLVAML,10x,5,0.2020452,0.0
3151,GILGFVFTL,10x,5,0.24942198,0.0
869,GILGFVFTL,10x,5,0.15230474,0.0
2395,GILGFVFTL,10x,5,0.3479829,0.0
3326,GILGFVFTL,10x,5,0.36409536,0.0
2393,GILGFVFTL,10x,5,0.24813938,0.0
5598,SLLMWITQV,swapped_4214,5,8.647244e-06,0.0
3725,GILGFVFTL,10x,5,0.1336977,0.0
3921,NLVPMVATV,swapped_2977,5,3.1749703e-05,0.0
1867,GILGFVFTL,10x,5,0.138068,0.0
4721,GILGFVFTL,10x,5,0.24333812,0.0
5013,GILGFVFTL,10x,5,0.14326735,0.0
6178,NLVPMVATV,10x,5,0.565995,0.0
6668,GLCTLVAML,swapped_5862,5,0.3055407,0.0
4083,GLCTLVAML,swapped_2859,5,0.005582537,0.0
6719,GILGFVFTL,swapped_5878,5,0.035267554,0.0
5071,NLVPMVATV,10x,5,0.27178425,0.0
4705,GILGFVFTL,10x,5,0.09730429,0.0
2674,NLVPMVATV,swapped_1788,5,0.011557703,0.0
4427,NLVPMVATV,positive,5,0.581532,1.0
5862,GILGFVFTL,positive,5,0.13177985,1.0
6387,NLVPMVATV,10x,5,0.23375389,0.0
4031,FLYALALLL,swapped_2943,5,9.839736e-06,0.0
3893,NLVPMVATV,swapped_2933,5,0.09938759,0.0
3378,GILGFVFTL,10x,5,0.4844642,0.0
6429,SLFNTVATL,10x,5,0.36703202,0.0
1624,GILGFVFTL,positive,5,0.8332153,1.0
5312,GLCTLVAML,10x,5,0.27939108,0.0
4645,GLCTLVAML,10x,5,0.2887103,0.0
5809,GILGFVFTL,positive,5,0.9100519,1.0
5660,GILGFVFTL,swapped_4535,5,0.03870715,0.0
5186,LLFGYPVYV,10x,5,0.47653833,0.0
2110,LLFGYPVYV,10x,5,0.45106223,0.0
785,GLCTLVAML,10x,5,0.13315926,0.0
6709,GILGFVFTL,swapped_5755,5,0.040255237,0.0
4849,GILGFVFTL,10x,5,0.44539553,0.0
5176,GILGFVFTL,10x,5,0.24114148,0.0
5656,FLYALALLL,swapped_4360,5,0.0027622052,0.0
4824,GILGFVFTL,10x,5,0.024633233,0.0
5146,GILGFVFTL,10x,5,0.04977921,0.0
5479,GILGFVFTL,swapped_4342,5,0.058722883,0.0
1399,GLCTLVAML,swapped_151,5,0.005738294,0.0
1911,GILGFVFTL,10x,5,0.54938036,0.0
5732,GILGFVFTL,positive,5,0.9999368,1.0
4908,GLCTLVAML,10x,5,0.21566643,0.0
6201,GILGFVFTL,10x,5,0.21007334,0.0
6021,LLFGYPVYV,10x,5,0.4735119,0.0
1919,GILGFVFTL,10x,5,0.12135439,0.0
2962,GILGFVFTL,positive,5,0.99704796,1.0
362,GILGFVFTL,positive,5,0.15423752,1.0
309,GILGFVFTL,positive,5,0.9999844,1.0
6233,GILGFVFTL,10x,5,0.12146072,0.0
229,GILGFVFTL,positive,5,0.99674314,1.0
5004,GILGFVFTL,10x,5,0.3763647,0.0
1115,GILGFVFTL,10x,5,0.26107416,0.0
3856,NLVPMVATV,swapped_2725,5,0.0060064592,0.0
2468,NLVPMVATV,swapped_1627,5,0.00011785344,0.0
2801,GILGFVFTL,positive,5,0.99991167,1.0
2577,NLVPMVATV,swapped_1802,5,0.0071826633,0.0
1069,GILGFVFTL,10x,5,0.26287013,0.0
3783,GILGFVFTL,10x,5,0.09682743,0.0
2443,SLLMWITQV,swapped_1700,5,0.009558451,0.0
1014,GILGFVFTL,10x,5,0.29501,0.0
4205,GILGFVFTL,positive,5,0.9674562,1.0
3339,GILGFVFTL,10x,5,0.37756222,0.0
5108,GILGFVFTL,10x,5,0.18687148,0.0
1979,GILGFVFTL,10x,5,0.20410517,0.0
5223,GILGFVFTL,10x,5,0.38633353,0.0
2486,GLCTLVAML,swapped_1702,5,0.00016804501,0.0
2167,GILGFVFTL,10x,5,0.15283673,0.0
1522,LLFGYPVYV,swapped_186,5,0.49564564,0.0
1215,NLVPMVATV,swapped_257,5,0.010487814,0.0
934,GILGFVFTL,10x,5,0.34636313,0.0
6037,GILGFVFTL,10x,5,0.9301664,0.0
6660,GILGFVFTL,swapped_5790,5,0.037057504,0.0
5525,GLCTLVAML,swapped_4316,5,0.29549447,0.0
5080,GILGFVFTL,10x,5,0.07577101,0.0
1210,GILGFVFTL,swapped_339,5,0.03038163,0.0
2731,GILGFVFTL,positive,5,0.99974614,1.0
