2598,NLVPMVATV,swapped_1676,4,0.00013472993,0.0
1517,GLCTLVAML,swapped_345,4,0.7730652,0.0
4741,GLCTLVAML,10x,4,0.7484215,0.0
1464,GLCTLVAML,swapped_83,4,0.33299038,0.0
5801,GLCTLVAML,positive,4,0.70944387,1.0
76,GLCTLVAML,positive,4,0.7861982,1.0
5044,GLCTLVAML,10x,4,0.7469515,0.0
1881,GLCTLVAML,10x,4,0.57130903,0.0
6726,GLCTLVAML,swapped_5890,4,1.6475802e-05,0.0
5328,GLCTLVAML,swapped_4203,4,0.71983814,0.0
1562,NLVPMVATV,positive,4,0.72963554,1.0
2596,GLCTLVAML,swapped_1550,4,6.622704e-05,0.0
1054,NLVPMVATV,10x,4,0.7245474,0.0
6596,NLVPMVATV,10x,4,0.7137693,0.0
1018,GLCTLVAML,10x,4,0.0075546093,0.0
6859,LLFGYPVYV,swapped_5819,4,0.0013319834,0.0
4655,NLVPMVATV,10x,4,0.71055275,0.0
2815,GLCTLVAML,positive,4,0.00070123456,1.0
2659,GLCTLVAML,swapped_1715,4,0.0050390484,0.0
4134,GLCTLVAML,swapped_2985,4,0.7769554,0.0
6447,GLCTLVAML,10x,4,0.4933716,0.0
6672,GLCTLVAML,swapped_5961,4,0.0018353043,0.0
2340,GLCTLVAML,10x,4,0.06688148,0.0
6049,SLLMWITQV,10x,4,0.65184176,0.0
1366,GLCTLVAML,swapped_358,4,0.7610483,0.0
5047,NLVPMVATV,10x,4,0.0010038434,0.0
5254,NLVPMVATV,10x,4,0.49048048,0.0
5449,GLCTLVAML,swapped_4175,4,0.22487588,0.0
465,GLCTLVAML,10x,4,0.77326816,0.0
5601,GLCTLVAML,swapped_4254,4,0.0012643762,0.0
5400,GLCTLVAML,swapped_4537,4,0.00039762643,0.0
5283,NLVPMVATV,10x,4,0.71902215,0.0
1622,NLVPMVATV,positive,4,0.7009239,1.0
1259,LLFGYPVYV,swapped_327,4,0.6894905,0.0
511,GLCTLVAML,10x,4,0.0026618377,0.0
1140,SLLMWITQV,10x,4,0.72307366,0.0
5426,GLCTLVAML,swapped_4202,4,1.7542397e-05,0.0
571,GLCTLVAML,10x,4,0.72908646,0.0
1114,NLVPMVATV,10x,4,0.7585786,0.0
2772,NLVPMVATV,positive,4,0.6479622,1.0
1350,FLYALALLL,swapped_7,4,0.76283574,0.0
69,GLCTLVAML,positive,4,0.7954774,1.0
1880,NLVPMVATV,10x,4,0.08222875,0.0
1008,GLCTLVAML,10x,4,0.79246056,0.0
1158,GLCTLVAML,swapped_306,4,0.0003390974,0.0
2115,GLCTLVAML,10x,4,0.75351036,0.0
2545,KVLEYVIKV,swapped_1575,4,0.5477943,0.0
5106,NLVPMVATV,10x,4,0.63358194,0.0
4897,NLVPMVATV,10x,4,0.0010277745,0.0
1470,GLCTLVAML,swapped_165,4,0.15598963,0.0
1706,GLCTLVAML,positive,4,0.7884897,1.0
2190,FLYALALLL,10x,4,0.39417982,0.0
1335,NLVPMVATV,swapped_125,4,0.0024070493,0.0
5327,IMDQVPFSV,swapped_4330,4,4.7470676e-05,0.0
2352,NLVPMVATV,10x,4,0.36687776,0.0
4943,NLVPMVATV,10x,4,0.7130238,0.0
3866,NLVPMVATV,swapped_2734,4,2.9082637e-05,0.0
3851,GLCTLVAML,swapped_2966,4,4.1539693e-05,0.0
2476,GLCTLVAML,swapped_1721,4,0.0005075321,0.0
910,GLCTLVAML,10x,4,0.020599226,0.0
5024,FLYALALLL,10x,4,0.7241407,0.0
1321,KLQCVDLHV,swapped_4,4,0.0012766838,0.0
5386,FLYALALLL,swapped_4266,4,0.72937936,0.0
1367,GLCTLVAML,swapped_237,4,0.0014672043,0.0
6850,GLCTLVAML,swapped_5716,4,0.7401961,0.0
747,GLCTLVAML,10x,4,0.75364196,0.0
6803,KTWGQYWQV,swapped_6000,4,0.0056671184,0.0
2450,NLVPMVATV,swapped_1655,4,0.00078201934,0.0
5152,NLVPMVATV,10x,4,0.6511276,0.0
715,NLVPMVATV,10x,4,0.51639664,0.0
5960,GLCTLVAML,positive,4,0.7929905,1.0
3608,GLCTLVAML,10x,4,0.75073713,0.0
4547,FLYALALLL,positive,4,0.55634093,1.0
1475,GLCTLVAML,swapped_275,4,0.4038606,0.0
2172,RTLNAWVKV,10x,4,0.67210144,0.0
3904,GLCTLVAML,swapped_2920,4,0.71083456,0.0
126,NLVPMVATV,positive,4,0.6687367,1.0
2448,NLVPMVATV,swapped_1805,4,0.6138756,0.0
6638,FLYALALLL,swapped_5901,4,1.3467104e-05,0.0
5267,RTLNAWVKV,10x,4,0.6739865,0.0
3565,IMDQVPFSV,10x,4,0.46503714,0.0
6198,GLCTLVAML,10x,4,0.76233643,0.0
1969,NLVPMVATV,10x,4,0.7316886,0.0
2480,NLVPMVATV,swapped_1708,4,0.00041755472,0.0
744,GLCTLVAML,10x,4,0.48082337,0.0
1415,NLVPMVATV,swapped_149,4,0.002087561,0.0
292,NLVPMVATV,positive,4,0.7296865,1.0
6881,NLVPMVATV,swapped_5799,4,0.6806515,0.0
4025,NLVPMVATV,swapped_2939,4,0.3498509,0.0
6673,GLCTLVAML,swapped_5897,4,0.5278223,0.0
6912,FLYALALLL,swapped_5803,4,0.043187935,0.0
2447,NLVPMVATV,swapped_1796,4,0.0038314643,0.0
5716,NLVPMVATV,positive,4,0.6998548,1.0
5246,RTLNAWVKV,10x,4,0.36112118,0.0
1574,NLVPMVATV,positive,4,0.73765546,1.0
9,RTLNAWVKV,positive,4,0.35849324,1.0
2389,NLVPMVATV,10x,4,0.4718405,0.0
3721,MLDLQPETT,10x,4,0.6643542,0.0
5331,GLCTLVAML,swapped_4553,4,0.6574862,0.0
174,NLVPMVATV,positive,4,0.70778257,1.0
6689,NLVPMVATV,swapped_5729,4,0.00016376347,0.0
3876,NLVPMVATV,swapped_2854,4,0.0057565337,0.0
6753,SLLMWITQV,swapped_5757,4,0.690762,0.0
5725,RTLNAWVKV,positive,4,0.62910837,1.0
5746,GLCTLVAML,positive,4,0.7917356,1.0
4001,YLLEMLWRL,swapped_2868,4,0.00013281466,0.0
1396,LLFGYPVYV,swapped_36,4,0.056150176,0.0
1437,IMDQVPFSV,swapped_356,4,0.647826,0.0
4866,NLVPMVATV,10x,4,0.28223616,0.0
3080,NLVPMVATV,10x,4,0.6006581,0.0
1836,GLCTLVAML,10x,4,0.69082725,0.0
2135,LLFGYPVYV,10x,4,0.69100416,0.0
1391,FLYALALLL,swapped_361,4,4.2997395e-05,0.0
5599,GLCTLVAML,swapped_4450,4,0.0023017917,0.0
6540,NLVPMVATV,10x,4,0.6514375,0.0
1871,RTLNAWVKV,10x,4,0.6265303,0.0
4764,FLYALALLL,10x,4,0.78108925,0.0
1374,MLDLQPETT,swapped_88,4,0.0002912251,0.0
5619,IMDQVPFSV,swapped_4225,4,0.055068675,0.0
2288,LLFGYPVYV,10x,4,0.68795663,0.0
4421,GLCTLVAML,positive,4,0.77813905,1.0
1238,GLCTLVAML,swapped_30,4,0.00046321892,0.0
5756,KTWGQYWQV,positive,4,0.305363,1.0
4195,NLVPMVATV,positive,4,0.7097288,1.0
1183,GLCTLVAML,swapped_198,4,0.002881825,0.0
5789,FLYALALLL,positive,4,0.76163113,1.0
3662,GLCTLVAML,10x,4,0.7347806,0.0
774,GLCTLVAML,10x,4,0.16561374,0.0
5490,GLCTLVAML,swapped_4498,4,0.0022186802,0.0
6396,NLVPMVATV,10x,4,0.70716286,0.0
2077,SLFNTVATL,10x,4,0.6990221,0.0
1505,KVLEYVIKV,swapped_14,4,0.24249259,0.0
3062,NLVPMVATV,positive,4,0.6240863,1.0
4864,GLCTLVAML,10x,4,0.7954121,0.0
1439,GLCTLVAML,swapped_288,4,1.1568156e-05,0.0
2609,FLYALALLL,swapped_1628,4,0.005793217,0.0
5950,GLCTLVAML,positive,4,0.78295296,1.0
2760,GLCTLVAML,positive,4,0.14066054,1.0
2327,NLVPMVATV,10x,4,0.06741601,0.0
6428,NLVPMVATV,10x,4,0.6653853,0.0
6704,LLFGYPVYV,swapped_5767,4,0.05690844,0.0
5089,GLCTLVAML,10x,4,0.6929544,0.0
6565,NLVPMVATV,10x,4,0.6336509,0.0
3507,NLVPMVATV,10x,4,0.719778,0.0
2750,GLCTLVAML,positive,4,0.771299,1.0
1896,NLVPMVATV,10x,4,0.71339804,0.0
1435,GLCTLVAML,swapped_59,4,0.00020626627,0.0
2405,RTLNAWVKV,swapped_1530,4,0.00013811454,0.0
1161,MLDLQPETT,swapped_157,4,0.18117434,0.0
4333,GLCTLVAML,positive,4,0.7659759,1.0
1206,FLYALALLL,10x,4,1.1898872e-05,0.0
1413,GLCTLVAML,swapped_139,4,0.0032202841,0.0
5583,GLCTLVAML,swapped_4492,4,0.051624756,0.0
2665,NLVPMVATV,swapped_1598,4,0.6685882,0.0
3456,NLVPMVATV,10x,4,0.68285185,0.0
5339,GLCTLVAML,swapped_4453,4,0.39731425,0.0
1649,GLCTLVAML,positive,4,0.76532406,1.0
1460,NLVPMVATV,swapped_296,4,5.535452e-05,0.0
1589,NLVPMVATV,positive,4,0.65392333,1.0
2410,NLVPMVATV,swapped_1619,4,0.1903106,0.0
5417,SLFNTVATL,swapped_4519,4,0.0040351464,0.0
6893,LLFGYPVYV,swapped_5982,4,0.0009030109,0.0
1222,NLVPMVATV,swapped_199,4,4.09382e-05,0.0
6897,GLCTLVAML,swapped_5866,4,0.75932854,0.0
4184,GLCTLVAML,positive,4,0.67185295,1.0
6103,GLCTLVAML,10x,4,0.7554085,0.0
1122,GLCTLVAML,10x,4,0.7093552,0.0
6373,NLVPMVATV,10x,4,0.498339,0.0
6600,NLVPMVATV,10x,4,0.69712114,0.0
3886,GLCTLVAML,swapped_2743,4,0.018211087,0.0
614,GLCTLVAML,10x,4,0.7711074,0.0
6829,NLVPMVATV,swapped_5770,4,0.0025562698,0.0
3655,RTLNAWVKV,10x,4,0.6947798,0.0
3054,KTWGQYWQV,positive,4,0.5384685,1.0
439,GLCTLVAML,10x,4,0.18970613,0.0
5703,GLCTLVAML,swapped_4251,4,6.0489034e-05,0.0
816,FLYALALLL,10x,4,0.00797575,0.0
748,GLCTLVAML,10x,4,0.08626946,0.0
409,KVLEYVIKV,10x,4,0.21552236,0.0
2414,NLVPMVATV,swapped_1558,4,0.2439043,0.0
1687,MLDLQPETT,positive,4,0.67831844,1.0
6620,NLVPMVATV,swapped_5763,4,0.0009928638,0.0
4947,NLVPMVATV,10x,4,0.713801,0.0
2097,NLVPMVATV,10x,4,0.73209333,0.0
1306,LLFGYPVYV,swapped_351,4,7.699324e-05,0.0
4109,FLYALALLL,swapped_2986,4,0.071552955,0.0
4021,NLVPMVATV,swapped_2921,4,0.08625258,0.0
2433,NLVPMVATV,swapped_1746,4,0.7012102,0.0
5633,GLCTLVAML,swapped_4331,4,0.0006543133,0.0
2946,GLCTLVAML,positive,4,0.7629126,1.0
407,GLCTLVAML,10x,4,0.7713795,0.0
6723,GLCTLVAML,swapped_5869,4,0.6042943,0.0
5704,GLCTLVAML,swapped_4500,4,2.6170368e-05,0.0
6284,NLVPMVATV,10x,4,0.71392554,0.0
5603,GLCTLVAML,swapped_4426,4,0.00046465997,0.0
1870,GLCTLVAML,10x,4,0.76371074,0.0
4097,GLCTLVAML,swapped_2834,4,0.7344876,0.0
5670,NLVPMVATV,swapped_4247,4,2.1421178e-05,0.0
3187,NLVPMVATV,10x,4,0.49073187,0.0
1239,GLCTLVAML,swapped_269,4,0.00040028183,0.0
2096,NLVPMVATV,10x,4,0.6596352,0.0
2484,GLCTLVAML,swapped_1557,4,0.00026321673,0.0
5723,IMDQVPFSV,positive,4,0.30588198,1.0
1421,LLFGYPVYV,swapped_231,4,0.65328,0.0
5053,GLCTLVAML,10x,4,0.7685583,0.0
5654,NLVPMVATV,swapped_4530,4,0.034600645,0.0
1959,NLVPMVATV,10x,4,0.68898344,0.0
3818,GLCTLVAML,swapped_2751,4,8.503599e-06,0.0
829,NLVPMVATV,10x,4,0.7347775,0.0
1223,GLCTLVAML,swapped_291,4,0.76395696,0.0
1181,MLDLQPETT,swapped_240,4,0.3805787,0.0
5545,GLCTLVAML,swapped_4399,4,2.0821517e-05,0.0
5133,GLCTLVAML,10x,4,0.783068,0.0
5332,NLVPMVATV,swapped_4179,4,6.965701e-05,0.0
4480,NLVPMVATV,positive,4,0.6806016,1.0
2401,GLCTLVAML,10x,4,0.72356665,0.0
2656,RTLNAWVKV,swapped_1622,4,0.66342527,0.0
4148,NLVPMVATV,swapped_2877,4,0.5074126,0.0
3816,GLCTLVAML,swapped_2741,4,1.2142848e-05,0.0
2007,GLCTLVAML,10x,4,0.76335424,0.0
5394,NLVPMVATV,swapped_4403,4,0.008120202,0.0
2438,NLVPMVATV,swapped_1561,4,0.6561898,0.0
5635,SLFNTVATL,swapped_4496,4,6.562596e-05,0.0
3981,GLCTLVAML,swapped_2849,4,0.10411686,0.0
2370,NLVPMVATV,10x,4,0.584956,0.0
5014,NLVPMVATV,10x,4,0.64138216,0.0
1933,GLCTLVAML,10x,4,0.2967634,0.0
3584,LLFGYPVYV,10x,4,0.6258171,0.0
4647,MLDLQPETT,10x,4,0.65765893,0.0
4668,RTLNAWVKV,10x,4,0.664654,0.0
2560,NLVPMVATV,swapped_1601,4,1.6946931e-05,0.0
3955,GLCTLVAML,swapped_3011,4,0.0006160825,0.0
5657,GLCTLVAML,swapped_4329,4,0.031189796,0.0
600,NLVPMVATV,10x,4,0.72257334,0.0
4196,RMFPNAPYL,positive,4,0.008987362,1.0
6823,RMFPNAPYL,swapped_5744,4,0.11034657,0.0
718,NLVPMVATV,10x,4,0.11358987,0.0
5889,GLCTLVAML,positive,4,0.75632817,1.0
6439,GLCTLVAML,10x,4,0.7495255,0.0
4300,GLCTLVAML,positive,4,0.75516105,1.0
1293,NLVPMVATV,swapped_245,4,0.005342245,0.0
4095,FLYALALLL,swapped_2835,4,2.4697927e-05,0.0
5458,NLVPMVATV,swapped_4298,4,0.03866486,0.0
2503,FLYALALLL,swapped_1699,4,5.2741772e-05,0.0
2342,FLYALALLL,10x,4,0.20449431,0.0
3694,GLCTLVAML,10x,4,0.13914832,0.0
4545,MLDLQPETT,positive,4,0.6628177,1.0
4755,MLDLQPETT,10x,4,0.5188098,0.0
4774,RTLNAWVKV,10x,4,0.0025807654,0.0
1553,GLCTLVAML,positive,4,0.7673272,1.0
2660,GLCTLVAML,swapped_1532,4,6.298853e-05,0.0
2204,RTLNAWVKV,10x,4,0.549589,0.0
942,GLCTLVAML,10x,4,0.77571297,0.0
2595,GLCTLVAML,swapped_1707,4,7.375778e-05,0.0
5428,NLVPMVATV,swapped_4320,4,2.5653655e-05,0.0
2397,GLCTLVAML,10x,4,0.74802154,0.0
5410,NLVPMVATV,swapped_4208,4,0.029627228,0.0
5549,NLVPMVATV,swapped_4308,4,0.66415656,0.0
1924,FLYALALLL,10x,4,0.7591698,0.0
6549,LLFGYPVYV,10x,4,0.6175806,0.0
246,NLVPMVATV,positive,4,0.5961278,1.0
1356,NLVPMVATV,swapped_152,4,2.7733819e-05,0.0
4012,GLCTLVAML,swapped_2742,4,0.009453835,0.0
5764,NLVPMVATV,positive,4,0.74564475,1.0
1278,NLVPMVATV,swapped_94,4,0.75248003,0.0
5021,GLCTLVAML,10x,4,0.5352401,0.0
5350,GLCTLVAML,swapped_4363,4,5.9332662e-05,0.0
6380,RTLNAWVKV,10x,4,0.047890037,0.0
4697,SLFNTVATL,10x,4,0.46204117,0.0
5087,GLCTLVAML,10x,4,0.7283687,0.0
4698,NLVPMVATV,10x,4,0.010867597,0.0
6843,GLCTLVAML,swapped_5996,4,0.62853605,0.0
3578,NLVPMVATV,10x,4,0.6330517,0.0
3860,MLDLQPETT,swapped_2721,4,1.3397367e-05,0.0
5478,FLYALALLL,swapped_4415,4,1.4312573e-05,0.0
5495,GLCTLVAML,swapped_4541,4,0.4070361,0.0
4388,GLCTLVAML,positive,4,0.19063182,1.0
6867,KTWGQYWQV,swapped_5818,4,0.22392619,0.0
2025,GLCTLVAML,10x,4,0.6709902,0.0
1351,NLVPMVATV,swapped_284,4,0.59162354,0.0
5810,NLVPMVATV,positive,4,0.7446695,1.0
2584,NLVPMVATV,swapped_1663,4,2.2463182e-05,0.0
6873,FLYALALLL,swapped_5899,4,0.2858008,0.0
2538,LLFGYPVYV,swapped_1772,4,0.00051605067,0.0
1534,FLYALALLL,positive,4,0.7589268,1.0
789,NLVPMVATV,10x,4,0.5999887,0.0
6661,GLCTLVAML,swapped_5962,4,5.949624e-05,0.0
3960,GLCTLVAML,swapped_3025,4,1.2283125e-05,0.0
5850,GLCTLVAML,positive,4,0.71153337,1.0
6789,GLCTLVAML,swapped_5779,4,0.0034716076,0.0
666,GLCTLVAML,10x,4,0.78001064,0.0
6678,FLYALALLL,swapped_5983,4,0.39453587,0.0
5130,GLCTLVAML,10x,4,0.7668675,0.0
4011,GLCTLVAML,swapped_3043,4,1.2987248e-05,0.0
5459,SLLMWITQV,swapped_4554,4,0.31248292,0.0
2637,GLCTLVAML,swapped_1534,4,0.76908594,0.0
5477,LLFGYPVYV,swapped_4475,4,0.0002755472,0.0
2855,NLVPMVATV,positive,4,0.50066996,1.0
3599,NLVPMVATV,10x,4,0.4225351,0.0
5407,GLCTLVAML,swapped_4188,4,5.6494053e-05,0.0
2769,GLCTLVAML,positive,4,0.7694096,1.0
359,GLCTLVAML,positive,4,0.7860728,1.0
6737,GLCTLVAML,swapped_5724,4,0.0015183946,0.0
3588,RMFPNAPYL,10x,4,0.5872929,0.0
2221,GLCTLVAML,10x,4,0.2480301,0.0
5628,GLCTLVAML,swapped_4196,4,0.001295652,0.0
6744,GLCTLVAML,swapped_5796,4,0.72846115,0.0
4916,NLVPMVATV,10x,4,0.15425174,0.0
3987,GLCTLVAML,swapped_3058,4,5.140906e-05,0.0
5419,GLCTLVAML,swapped_4235,4,0.031978007,0.0
4996,GLCTLVAML,10x,4,0.22115354,0.0
5330,RMFPNAPYL,swapped_4449,4,0.00043403945,0.0
5413,LLFGYPVYV,swapped_4506,4,0.40628043,0.0
1177,GLCTLVAML,swapped_135,4,1.5499829e-05,0.0
4010,GLCTLVAML,swapped_2970,4,0.00083732285,0.0
6869,NLVPMVATV,swapped_5943,4,0.0005108903,0.0
5607,GLCTLVAML,swapped_4547,4,0.56133074,0.0
3244,LLFGYPVYV,10x,4,0.6807577,0.0
1207,GLCTLVAML,swapped_214,4,1.2047181e-05,0.0
3976,GLCTLVAML,swapped_2704,4,0.031187674,0.0
5036,NLVPMVATV,10x,4,0.7236476,0.0
3776,GLCTLVAML,10x,4,0.7417808,0.0
6890,GLCTLVAML,swapped_5978,4,0.33615285,0.0
5070,RMFPNAPYL,10x,4,0.5904525,0.0
5872,GLCTLVAML,positive,4,0.7890159,1.0
3736,GLCTLVAML,10x,4,0.020847552,0.0
5325,MLDLQPETT,swapped_4293,4,0.00017404825,0.0
2654,NLVPMVATV,swapped_1588,4,0.6847997,0.0
509,KTWGQYWQV,10x,4,0.19748144,0.0
1998,GLCTLVAML,10x,4,0.76555747,0.0
1818,GLCTLVAML,10x,4,0.76322687,0.0
2132,GLCTLVAML,10x,4,0.72629035,0.0
5634,GLCTLVAML,swapped_4394,4,1.9391866e-05,0.0
3525,GLCTLVAML,10x,4,0.44599274,0.0
5420,NLVPMVATV,swapped_4501,4,2.1586937e-05,0.0
4550,GLCTLVAML,positive,4,0.77606,1.0
2298,GLCTLVAML,10x,4,0.505324,0.0
6731,GLCTLVAML,swapped_5822,4,0.30686232,0.0
6902,FLYALALLL,swapped_5917,4,0.0011946838,0.0
4895,GLCTLVAML,10x,4,0.01654901,0.0
5954,GLCTLVAML,positive,4,0.7342633,1.0
2472,GLCTLVAML,swapped_1586,4,0.73969114,0.0
5881,GLCTLVAML,positive,4,0.7484095,1.0
1628,GLCTLVAML,positive,4,0.0052983654,1.0
995,NLVPMVATV,10x,4,0.6833132,0.0
4872,NLVPMVATV,10x,4,0.6794291,0.0
291,LLFGYPVYV,positive,4,0.6823639,1.0
4027,KTWGQYWQV,swapped_3002,4,0.12850405,0.0
1064,NLVPMVATV,10x,4,0.58526576,0.0
5613,GLCTLVAML,swapped_4514,4,5.389316e-05,0.0
4998,NLVPMVATV,10x,4,0.027931137,0.0
1456,RTLNAWVKV,swapped_91,4,5.766204e-05,0.0
4006,IMDQVPFSV,swapped_2766,4,0.039803933,0.0
4989,LLFGYPVYV,10x,4,0.6613125,0.0
1304,RTLNAWVKV,swapped_192,4,0.00011161455,0.0
5488,IMDQVPFSV,swapped_4265,4,0.570135,0.0
6756,NLVPMVATV,swapped_5905,4,0.6511115,0.0
3148,GLCTLVAML,10x,4,0.09877106,0.0
4002,GLCTLVAML,swapped_2758,4,0.72271204,0.0
5076,NLVPMVATV,10x,4,0.71129394,0.0
5498,NLVPMVATV,swapped_4302,4,0.33216122,0.0
2722,LLFGYPVYV,positive,4,0.54112595,1.0
4298,SLFNTVATL,positive,4,0.045554213,1.0
5576,NLVPMVATV,swapped_4183,4,0.00021478285,0.0
3175,RTLNAWVKV,10x,4,0.6876972,0.0
5408,NLVPMVATV,swapped_4457,4,0.7081309,0.0
1422,NLVPMVATV,swapped_9,4,0.38931942,0.0
1190,RTLNAWVKV,swapped_52,4,0.0010432497,0.0
5005,GLCTLVAML,10x,4,0.7490433,0.0
5395,GLCTLVAML,swapped_4476,4,3.05537e-05,0.0
5348,SLLMWITQV,swapped_4410,4,0.6882889,0.0
6787,NLVPMVATV,swapped_5754,4,0.59970707,0.0
3669,GLCTLVAML,10x,4,0.016482137,0.0
4103,GLCTLVAML,swapped_2771,4,1.3963146e-05,0.0
2849,NLVPMVATV,positive,4,0.14241421,1.0
6573,NLVPMVATV,10x,4,0.05480978,0.0
1738,LLFGYPVYV,positive,4,0.41506922,1.0
3878,NLVPMVATV,swapped_2819,4,0.0029138736,0.0
668,RTLNAWVKV,10x,4,0.11018017,0.0
1175,GLCTLVAML,swapped_224,4,8.702631e-06,0.0
6294,GLCTLVAML,10x,4,0.60619974,0.0
4778,NLVPMVATV,10x,4,0.70728505,0.0
2478,GLCTLVAML,swapped_1814,4,7.332438e-05,0.0
1334,GLCTLVAML,swapped_225,4,0.004029974,0.0
6048,RTLNAWVKV,10x,4,0.6865145,0.0
2138,SLFNTVATL,10x,4,0.37695706,0.0
4950,GLCTLVAML,10x,4,0.72580016,0.0
6551,GLCTLVAML,10x,4,0.753601,0.0
5700,GLCTLVAML,swapped_4551,4,0.0020462468,0.0
1457,FLYALALLL,swapped_239,4,0.49377227,0.0
4086,NLVPMVATV,swapped_2755,4,0.74245036,0.0
3612,GLCTLVAML,10x,4,0.7176389,0.0
4844,GLCTLVAML,10x,4,0.019300885,0.0
5753,GLCTLVAML,positive,4,0.7838391,1.0
1216,NLVPMVATV,swapped_261,4,0.61504674,0.0
1094,YLLEMLWRL,10x,4,0.75799876,0.0
94,GLCTLVAML,positive,4,0.7904426,1.0
2631,FLYALALLL,swapped_1545,4,1.647365e-05,0.0
5471,NLVPMVATV,swapped_4469,4,0.04205049,0.0
3650,NLVPMVATV,10x,4,0.71030945,0.0
4377,GLCTLVAML,positive,4,0.59092134,1.0
3810,GLCTLVAML,swapped_2896,4,0.014049862,0.0
3768,GLCTLVAML,10x,4,0.025568409,0.0
778,GLCTLVAML,10x,4,0.3455204,0.0
6842,GLCTLVAML,swapped_5992,4,5.0181417e-05,0.0
5450,GLCTLVAML,swapped_4325,4,0.7743793,0.0
4917,GLCTLVAML,10x,4,0.71159744,0.0
1793,NLVPMVATV,positive,4,0.7102335,1.0
5971,NLVPMVATV,positive,4,0.31584463,1.0
1048,NLVPMVATV,10x,4,0.052453328,0.0
3496,GLCTLVAML,10x,4,0.45677903,0.0
415,GLCTLVAML,10x,4,0.7406478,0.0
404,RTLNAWVKV,10x,4,0.7168152,0.0
488,GLCTLVAML,10x,4,0.21122673,0.0
4265,NLVPMVATV,positive,4,0.6272174,1.0
1823,NLVPMVATV,10x,4,0.5082598,0.0
3846,KTWGQYWQV,swapped_2975,4,9.398418e-06,0.0
3085,FLYALALLL,10x,4,0.50183773,0.0
4016,NLVPMVATV,swapped_2907,4,2.6972439e-05,0.0
4055,RTLNAWVKV,swapped_2818,4,0.28350192,0.0
6134,RTLNAWVKV,10x,4,0.4098014,0.0
6601,NLVPMVATV,10x,4,0.70163226,0.0
5064,GLCTLVAML,10x,4,0.48804379,0.0
4744,GLCTLVAML,10x,4,0.38200116,0.0
5296,GLCTLVAML,10x,4,0.66269344,0.0
1346,LLFGYPVYV,swapped_174,4,0.6667155,0.0
5329,NLVPMVATV,swapped_4489,4,3.8860744e-05,0.0
5429,GLCTLVAML,swapped_4204,4,4.2395288e-05,0.0
939,YLLEMLWRL,10x,4,0.22414172,0.0
5035,RTLNAWVKV,10x,4,0.6451473,0.0
1323,GLCTLVAML,swapped_201,4,3.2778324e-05,0.0
3571,GLCTLVAML,10x,4,0.7619851,0.0
6761,NLVPMVATV,swapped_5960,4,0.7553467,0.0
4075,NLVPMVATV,swapped_2976,4,0.0015949263,0.0
6044,NLVPMVATV,10x,4,0.09955661,0.0
5103,KTWGQYWQV,10x,4,0.6438965,0.0
2608,LLFGYPVYV,swapped_1562,4,0.69029576,0.0
5285,GLCTLVAML,10x,4,0.73287183,0.0
2528,RMFPNAPYL,swapped_1654,4,0.570857,0.0
3276,GLCTLVAML,10x,4,0.7664705,0.0
5493,GLCTLVAML,swapped_4529,4,0.7426473,0.0
2008,YLLEMLWRL,10x,4,0.7237665,0.0
2564,GLCTLVAML,swapped_1620,4,0.066491835,0.0
48,GLCTLVAML,positive,4,0.77940685,1.0
6662,NLVPMVATV,swapped_5840,4,0.2536528,0.0
2466,KTWGQYWQV,swapped_1642,4,2.399514e-05,0.0
4142,NLVPMVATV,swapped_2810,4,0.3979993,0.0
1029,GLCTLVAML,10x,4,0.734948,0.0
2242,NLVPMVATV,10x,4,0.7176429,0.0
1975,NLVPMVATV,10x,4,0.5350473,0.0
3036,KVLEYVIKV,positive,4,0.06997552,1.0
5201,RTLNAWVKV,10x,4,0.5972608,0.0
2713,GLCTLVAML,positive,4,0.736689,1.0
20,GLCTLVAML,positive,4,0.75858086,1.0
2449,KTWGQYWQV,swapped_1811,4,0.0052970233,0.0
1938,MLDLQPETT,10x,4,0.26689845,0.0
1494,FLYALALLL,swapped_26,4,0.0009587786,0.0
1231,FLYALALLL,swapped_138,4,9.485572e-06,0.0
6410,NLVPMVATV,10x,4,0.7558883,0.0
2333,GLCTLVAML,10x,4,0.7559778,0.0
2649,KTWGQYWQV,swapped_1560,4,0.6116381,0.0
5161,RTLNAWVKV,10x,4,0.14064747,0.0
3110,NLVPMVATV,10x,4,0.5786705,0.0
1360,GLCTLVAML,swapped_310,4,1.4098879e-05,0.0
2720,GLCTLVAML,positive,4,0.7177663,1.0
5227,YLLEMLWRL,10x,4,0.685309,0.0
6230,GLCTLVAML,10x,4,0.07965591,0.0
6086,LLFGYPVYV,10x,4,0.6710702,0.0
3761,ILKEPVHGV,10x,4,0.3273147,0.0
4533,NLVPMVATV,positive,4,0.65976965,1.0
3664,NLVPMVATV,10x,4,0.69591945,0.0
1336,NLVPMVATV,swapped_326,4,0.0018081848,0.0
1733,GLCTLVAML,positive,4,0.78896976,1.0
4136,GLCTLVAML,swapped_3057,4,0.7337008,0.0
2638,GLCTLVAML,swapped_1685,4,4.0185296e-05,0.0
818,GLCTLVAML,10x,4,0.61287975,0.0
1255,NLVPMVATV,swapped_260,4,2.6578196e-05,0.0
800,GLCTLVAML,10x,4,0.70277923,0.0
1442,GLCTLVAML,swapped_17,4,0.1773332,0.0
6485,NLVPMVATV,10x,4,0.0936527,0.0
3537,LLFGYPVYV,10x,4,0.5680433,0.0
5343,IMDQVPFSV,swapped_4194,4,0.00070049113,0.0
3902,NLVPMVATV,swapped_2733,4,0.7248187,0.0
1459,NLVPMVATV,swapped_264,4,3.6308997e-05,0.0
3500,GLCTLVAML,10x,4,0.6709936,0.0
3982,NLVPMVATV,swapped_2950,4,0.0967371,0.0
1021,NLVPMVATV,10x,4,0.7457609,0.0
3794,GLCTLVAML,10x,4,0.79220676,0.0
5888,NLVPMVATV,positive,4,0.0034543688,1.0
6460,LLFGYPVYV,10x,4,0.5889223,0.0
5859,NLVPMVATV,positive,4,0.5792873,1.0
1074,GLCTLVAML,10x,4,0.099860266,0.0
6781,GLCTLVAML,swapped_5888,4,0.001833367,0.0
1027,YLLEMLWRL,10x,4,0.65163326,0.0
4337,GLCTLVAML,positive,4,0.7685391,1.0
5602,NLVPMVATV,swapped_4523,4,0.00031108526,0.0
5621,GLCTLVAML,swapped_4227,4,0.6379144,0.0
3540,NLVPMVATV,10x,4,0.6016085,0.0
6765,GLCTLVAML,swapped_5922,4,0.056780502,0.0
176,LLFGYPVYV,positive,4,0.64932805,1.0
3738,NLVPMVATV,10x,4,0.005174803,0.0
4678,LLFGYPVYV,10x,4,0.5760092,0.0
5591,NLVPMVATV,swapped_4192,4,0.0007312061,0.0
1615,SLFNTVATL,positive,4,0.39384663,1.0
6266,YLLEMLWRL,10x,4,0.35167712,0.0
3331,GLCTLVAML,10x,4,0.7747103,0.0
6074,GLCTLVAML,10x,4,0.7189655,0.0
4101,NLVPMVATV,swapped_2787,4,0.0004727528,0.0
3854,NLVPMVATV,swapped_2812,4,1.7781333e-05,0.0
5557,NLVPMVATV,swapped_4407,4,0.15323538,0.0
955,RTLNAWVKV,10x,4,0.69692177,0.0
5464,GLCTLVAML,swapped_4259,4,1.5540147e-05,0.0
6868,GLCTLVAML,swapped_5833,4,0.00054771255,0.0
2677,GLCTLVAML,swapped_1533,4,0.026368376,0.0
5221,NLVPMVATV,10x,4,0.6812155,0.0
3772,NLVPMVATV,10x,4,0.66803116,0.0
6734,GLCTLVAML,swapped_5856,4,0.3252393,0.0
105,LLFGYPVYV,positive,4,0.655888,1.0
3069,NLVPMVATV,10x,4,0.69091886,0.0
3611,NLVPMVATV,10x,4,0.74465233,0.0
3299,IMDQVPFSV,10x,4,0.7043705,0.0
3964,GLCTLVAML,swapped_2839,4,2.0187828e-05,0.0
3566,NLVPMVATV,10x,4,0.7123661,0.0
2373,GLCTLVAML,10x,4,0.7631819,0.0
4658,RMFPNAPYL,10x,4,0.38019937,0.0
5438,NLVPMVATV,swapped_4218,4,0.13602798,0.0
4761,GLCTLVAML,10x,4,0.735493,0.0
6467,GLCTLVAML,10x,4,0.00041008063,0.0
2496,NLVPMVATV,swapped_1808,4,0.7486584,0.0
6644,NLVPMVATV,swapped_5756,4,0.46934512,0.0
6206,LLFGYPVYV,10x,4,0.7042647,0.0
2539,FLYALALLL,swapped_1803,4,0.4481342,0.0
3841,NLVPMVATV,swapped_3005,4,0.000120914774,0.0
6699,GLCTLVAML,swapped_5793,4,0.4485725,0.0
5324,GLCTLVAML,swapped_4233,4,0.64355725,0.0
124,MLDLQPETT,positive,4,0.6968478,1.0
1299,NLVPMVATV,swapped_228,4,0.00031844855,0.0
6026,NLVPMVATV,10x,4,0.67610776,0.0
5060,RTLNAWVKV,10x,4,0.6621079,0.0
3087,RTLNAWVKV,10x,4,0.06684408,0.0
5995,LLFGYPVYV,positive,4,0.4720889,1.0
4135,GLCTLVAML,swapped_2997,4,6.5862105e-06,0.0
4341,GLCTLVAML,positive,4,0.6468804,1.0
536,NLVPMVATV,10x,4,0.640707,0.0
5373,RTLNAWVKV,swapped_4480,4,0.64185685,0.0
5483,NLVPMVATV,swapped_4419,4,0.43840882,0.0
5437,GLCTLVAML,swapped_4260,4,2.623261e-05,0.0
6138,GLCTLVAML,10x,4,0.74623924,0.0
2402,NLVPMVATV,swapped_1664,4,0.00029871505,0.0
5045,NLVPMVATV,10x,4,0.65540475,0.0
358,NLVPMVATV,positive,4,0.7196495,1.0
4884,RTLNAWVKV,10x,4,0.69650584,0.0
2514,NLVPMVATV,swapped_1729,4,0.00080051675,0.0
1246,NLVPMVATV,swapped_208,4,0.68223214,0.0
652,GLCTLVAML,10x,4,0.44915184,0.0
5824,NLVPMVATV,positive,4,0.73690784,1.0
5858,NLVPMVATV,positive,4,0.6822321,1.0
1212,GLCTLVAML,swapped_39,4,0.002768383,0.0
5333,GLCTLVAML,swapped_4432,4,0.0012862612,0.0
5371,NLVPMVATV,swapped_4193,4,2.8941175e-05,0.0
1746,KVLEYVIKV,positive,4,0.69322765,1.0
3977,MLDLQPETT,swapped_2890,4,4.5806388e-05,0.0
2223,KTWGQYWQV,10x,4,0.40949294,0.0
2195,FLYALALLL,10x,4,0.6986344,0.0
4132,NLVPMVATV,swapped_2987,4,2.5759535e-05,0.0
2585,NLVPMVATV,swapped_1615,4,0.35520023,0.0
2191,NLVPMVATV,10x,4,0.6756986,0.0
3994,LLFGYPVYV,swapped_3037,4,4.1650368e-05,0.0
433,RTLNAWVKV,10x,4,0.07515032,0.0
4776,NLVPMVATV,10x,4,0.124786295,0.0
1424,GLCTLVAML,swapped_67,4,0.0014323872,0.0
5263,CLGGLLTMV,10x,4,0.7225696,0.0
3879,GLCTLVAML,swapped_2785,4,0.74898714,0.0
5396,IMDQVPFSV,swapped_4299,4,0.5609853,0.0
4057,GLCTLVAML,swapped_2926,4,7.3069364e-06,0.0
4988,GLCTLVAML,10x,4,0.29241124,0.0
6061,GLCTLVAML,10x,4,0.047049284,0.0
5503,NLVPMVATV,swapped_4333,4,0.7251225,0.0
1012,GLCTLVAML,10x,4,0.7036737,0.0
3897,RMFPNAPYL,swapped_2956,4,0.0002333747,0.0
5334,KTWGQYWQV,swapped_4520,4,0.0021213838,0.0
5072,GLCTLVAML,10x,4,0.6298669,0.0
1760,GLCTLVAML,positive,4,0.7463576,1.0
6463,IMDQVPFSV,10x,4,0.602941,0.0
4059,SLFNTVATL,swapped_3021,4,2.9216457e-05,0.0
3168,GLCTLVAML,10x,4,0.10045078,0.0
781,GLCTLVAML,10x,4,0.008003717,0.0
2074,KVLEYVIKV,10x,4,0.32785362,0.0
6258,GLCTLVAML,10x,4,0.17697348,0.0
4345,NLVPMVATV,positive,4,0.44675073,1.0
6187,SLLMWITQV,10x,4,0.7275496,0.0
4203,NLVPMVATV,positive,4,0.6743547,1.0
2569,GLCTLVAML,swapped_1567,4,1.1876414e-05,0.0
2270,SLFNTVATL,10x,4,0.75925845,0.0
6515,GLCTLVAML,10x,4,0.14531773,0.0
1701,KVLEYVIKV,positive,4,0.2921173,1.0
4039,GLCTLVAML,swapped_2795,4,0.003915476,0.0
2513,GLCTLVAML,swapped_1577,4,0.44598702,0.0
3218,GLCTLVAML,10x,4,0.7402298,0.0
1849,LLFGYPVYV,10x,4,0.12191139,0.0
6406,GLCTLVAML,10x,4,0.67930984,0.0
5362,GLCTLVAML,swapped_4224,4,5.0631774e-05,0.0
5078,LLFGYPVYV,10x,4,0.66029906,0.0
1496,NLVPMVATV,swapped_334,4,0.6650057,0.0
6042,GLCTLVAML,10x,4,0.7579761,0.0
6760,GLCTLVAML,swapped_5785,4,0.014383222,0.0
6631,LLFGYPVYV,swapped_5986,4,0.63698447,0.0
943,NLVPMVATV,10x,4,0.65746677,0.0
1019,GLCTLVAML,10x,4,0.7718732,0.0
3984,NLVPMVATV,swapped_2709,4,0.0006388093,0.0
2601,SLLMWITQV,swapped_1798,4,0.0004313691,0.0
4036,GLCTLVAML,swapped_2727,4,7.758172e-06,0.0
2598,NLVPMVATV,swapped_1676,4,0.4931144,0.0
1517,GLCTLVAML,swapped_345,4,0.51305085,0.0
4741,GLCTLVAML,10x,4,0.5179728,0.0
1464,GLCTLVAML,swapped_83,4,0.5176055,0.0
5801,GLCTLVAML,positive,4,0.5087622,1.0
76,GLCTLVAML,positive,4,0.52427137,1.0
5044,GLCTLVAML,10x,4,0.5067365,0.0
1881,GLCTLVAML,10x,4,0.5250908,0.0
6726,GLCTLVAML,swapped_5890,4,0.48621854,0.0
5328,GLCTLVAML,swapped_4203,4,0.49670815,0.0
1562,NLVPMVATV,positive,4,0.51229966,1.0
2596,GLCTLVAML,swapped_1550,4,0.4942799,0.0
1054,NLVPMVATV,10x,4,0.5208384,0.0
6596,NLVPMVATV,10x,4,0.50946057,0.0
1018,GLCTLVAML,10x,4,0.50086254,0.0
6859,LLFGYPVYV,swapped_5819,4,0.504612,0.0
4655,NLVPMVATV,10x,4,0.514875,0.0
2815,GLCTLVAML,positive,4,0.49862644,1.0
2659,GLCTLVAML,swapped_1715,4,0.50120956,0.0
4134,GLCTLVAML,swapped_2985,4,0.5214845,0.0
6447,GLCTLVAML,10x,4,0.51764613,0.0
6672,GLCTLVAML,swapped_5961,4,0.50443,0.0
2340,GLCTLVAML,10x,4,0.5198024,0.0
6049,SLLMWITQV,10x,4,0.51616913,0.0
1366,GLCTLVAML,swapped_358,4,0.515958,0.0
5047,NLVPMVATV,10x,4,0.50201666,0.0
5254,NLVPMVATV,10x,4,0.5303031,0.0
5449,GLCTLVAML,swapped_4175,4,0.5048573,0.0
465,GLCTLVAML,10x,4,0.51792115,0.0
5601,GLCTLVAML,swapped_4254,4,0.49736372,0.0
5400,GLCTLVAML,swapped_4537,4,0.49485338,0.0
5283,NLVPMVATV,10x,4,0.5184377,0.0
1622,NLVPMVATV,positive,4,0.51554626,1.0
1259,LLFGYPVYV,swapped_327,4,0.53117293,0.0
511,GLCTLVAML,10x,4,0.5048599,0.0
1140,SLLMWITQV,10x,4,0.50642776,0.0
5426,GLCTLVAML,swapped_4202,4,0.4854276,0.0
571,GLCTLVAML,10x,4,0.4866032,0.0
1114,NLVPMVATV,10x,4,0.53302234,0.0
2772,NLVPMVATV,positive,4,0.49535856,1.0
1350,FLYALALLL,swapped_7,4,0.52974415,0.0
69,GLCTLVAML,positive,4,0.52333814,1.0
1880,NLVPMVATV,10x,4,0.50714916,0.0
1008,GLCTLVAML,10x,4,0.52575773,0.0
1158,GLCTLVAML,swapped_306,4,0.49728158,0.0
2115,GLCTLVAML,10x,4,0.50568527,0.0
2545,KVLEYVIKV,swapped_1575,4,0.50692296,0.0
5106,NLVPMVATV,10x,4,0.49226412,0.0
4897,NLVPMVATV,10x,4,0.50744176,0.0
1470,GLCTLVAML,swapped_165,4,0.5206386,0.0
1706,GLCTLVAML,positive,4,0.5198443,1.0
2190,FLYALALLL,10x,4,0.5151068,0.0
1335,NLVPMVATV,swapped_125,4,0.5005356,0.0
5327,IMDQVPFSV,swapped_4330,4,0.4829907,0.0
2352,NLVPMVATV,10x,4,0.51616395,0.0
4943,NLVPMVATV,10x,4,0.50732213,0.0
3866,NLVPMVATV,swapped_2734,4,0.48937348,0.0
3851,GLCTLVAML,swapped_2966,4,0.49108893,0.0
2476,GLCTLVAML,swapped_1721,4,0.50173897,0.0
910,GLCTLVAML,10x,4,0.50625306,0.0
5024,FLYALALLL,10x,4,0.51198,0.0
1321,KLQCVDLHV,swapped_4,4,0.49452466,0.0
5386,FLYALALLL,swapped_4266,4,0.51201886,0.0
1367,GLCTLVAML,swapped_237,4,0.5013868,0.0
6850,GLCTLVAML,swapped_5716,4,0.51355547,0.0
747,GLCTLVAML,10x,4,0.49599913,0.0
6803,KTWGQYWQV,swapped_6000,4,0.4827757,0.0
2450,NLVPMVATV,swapped_1655,4,0.49114177,0.0
5152,NLVPMVATV,10x,4,0.5038754,0.0
715,NLVPMVATV,10x,4,0.5251351,0.0
5960,GLCTLVAML,positive,4,0.52142155,1.0
3608,GLCTLVAML,10x,4,0.49181896,0.0
4547,FLYALALLL,positive,4,0.52490765,1.0
1475,GLCTLVAML,swapped_275,4,0.51523906,0.0
2172,RTLNAWVKV,10x,4,0.50156474,0.0
3904,GLCTLVAML,swapped_2920,4,0.5051591,0.0
126,NLVPMVATV,positive,4,0.5086981,1.0
2448,NLVPMVATV,swapped_1805,4,0.51483566,0.0
6638,FLYALALLL,swapped_5901,4,0.4925534,0.0
5267,RTLNAWVKV,10x,4,0.51713765,0.0
3565,IMDQVPFSV,10x,4,0.517943,0.0
6198,GLCTLVAML,10x,4,0.5007714,0.0
1969,NLVPMVATV,10x,4,0.52303475,0.0
2480,NLVPMVATV,swapped_1708,4,0.48855826,0.0
744,GLCTLVAML,10x,4,0.4965864,0.0
1415,NLVPMVATV,swapped_149,4,0.49978575,0.0
292,NLVPMVATV,positive,4,0.5282983,1.0
6881,NLVPMVATV,swapped_5799,4,0.50423145,0.0
4025,NLVPMVATV,swapped_2939,4,0.51476485,0.0
6673,GLCTLVAML,swapped_5897,4,0.51485574,0.0
6912,FLYALALLL,swapped_5803,4,0.49331707,0.0
2447,NLVPMVATV,swapped_1796,4,0.5028469,0.0
5716,NLVPMVATV,positive,4,0.51193273,1.0
5246,RTLNAWVKV,10x,4,0.513775,0.0
1574,NLVPMVATV,positive,4,0.5343692,1.0
9,RTLNAWVKV,positive,4,0.5041754,1.0
2389,NLVPMVATV,10x,4,0.50861526,0.0
3721,MLDLQPETT,10x,4,0.5236679,0.0
5331,GLCTLVAML,swapped_4553,4,0.4953835,0.0
174,NLVPMVATV,positive,4,0.50643146,1.0
6689,NLVPMVATV,swapped_5729,4,0.4927868,0.0
3876,NLVPMVATV,swapped_2854,4,0.5165674,0.0
6753,SLLMWITQV,swapped_5757,4,0.5049879,0.0
5725,RTLNAWVKV,positive,4,0.521527,1.0
5746,GLCTLVAML,positive,4,0.5259435,1.0
4001,YLLEMLWRL,swapped_2868,4,0.4980352,0.0
1396,LLFGYPVYV,swapped_36,4,0.5232175,0.0
1437,IMDQVPFSV,swapped_356,4,0.50019014,0.0
4866,NLVPMVATV,10x,4,0.5064363,0.0
3080,NLVPMVATV,10x,4,0.5234626,0.0
1836,GLCTLVAML,10x,4,0.51466995,0.0
2135,LLFGYPVYV,10x,4,0.5272514,0.0
1391,FLYALALLL,swapped_361,4,0.4916873,0.0
5599,GLCTLVAML,swapped_4450,4,0.5111914,0.0
6540,NLVPMVATV,10x,4,0.5230283,0.0
1871,RTLNAWVKV,10x,4,0.5118426,0.0
4764,FLYALALLL,10x,4,0.51991475,0.0
1374,MLDLQPETT,swapped_88,4,0.48742348,0.0
5619,IMDQVPFSV,swapped_4225,4,0.49713746,0.0
2288,LLFGYPVYV,10x,4,0.5216164,0.0
4421,GLCTLVAML,positive,4,0.5275289,1.0
1238,GLCTLVAML,swapped_30,4,0.5092012,0.0
5756,KTWGQYWQV,positive,4,0.52615047,1.0
4195,NLVPMVATV,positive,4,0.5297915,1.0
1183,GLCTLVAML,swapped_198,4,0.51617265,0.0
5789,FLYALALLL,positive,4,0.5203933,1.0
3662,GLCTLVAML,10x,4,0.5017465,0.0
774,GLCTLVAML,10x,4,0.5107273,0.0
5490,GLCTLVAML,swapped_4498,4,0.505629,0.0
6396,NLVPMVATV,10x,4,0.51837635,0.0
2077,SLFNTVATL,10x,4,0.504985,0.0
1505,KVLEYVIKV,swapped_14,4,0.52175075,0.0
3062,NLVPMVATV,positive,4,0.51849174,1.0
4864,GLCTLVAML,10x,4,0.5227762,0.0
1439,GLCTLVAML,swapped_288,4,0.48640507,0.0
2609,FLYALALLL,swapped_1628,4,0.51292324,0.0
5950,GLCTLVAML,positive,4,0.521501,1.0
2760,GLCTLVAML,positive,4,0.48814383,1.0
2327,NLVPMVATV,10x,4,0.5147109,0.0
6428,NLVPMVATV,10x,4,0.50942755,0.0
6704,LLFGYPVYV,swapped_5767,4,0.51062477,0.0
5089,GLCTLVAML,10x,4,0.5054625,0.0
6565,NLVPMVATV,10x,4,0.49117982,0.0
3507,NLVPMVATV,10x,4,0.51702803,0.0
2750,GLCTLVAML,positive,4,0.51238114,1.0
1896,NLVPMVATV,10x,4,0.5173302,0.0
1435,GLCTLVAML,swapped_59,4,0.5088998,0.0
2405,RTLNAWVKV,swapped_1530,4,0.4902707,0.0
1161,MLDLQPETT,swapped_157,4,0.48216918,0.0
4333,GLCTLVAML,positive,4,0.52438706,1.0
1206,FLYALALLL,10x,4,0.4898591,0.0
1413,GLCTLVAML,swapped_139,4,0.5148466,0.0
5583,GLCTLVAML,swapped_4492,4,0.48045176,0.0
2665,NLVPMVATV,swapped_1598,4,0.51005346,0.0
3456,NLVPMVATV,10x,4,0.5168978,0.0
5339,GLCTLVAML,swapped_4453,4,0.52336496,0.0
1649,GLCTLVAML,positive,4,0.5094156,1.0
1460,NLVPMVATV,swapped_296,4,0.49266738,0.0
1589,NLVPMVATV,positive,4,0.501541,1.0
2410,NLVPMVATV,swapped_1619,4,0.49574843,0.0
5417,SLFNTVATL,swapped_4519,4,0.49378598,0.0
6893,LLFGYPVYV,swapped_5982,4,0.5052037,0.0
1222,NLVPMVATV,swapped_199,4,0.48997858,0.0
6897,GLCTLVAML,swapped_5866,4,0.51038903,0.0
4184,GLCTLVAML,positive,4,0.48989138,1.0
6103,GLCTLVAML,10x,4,0.4993244,0.0
1122,GLCTLVAML,10x,4,0.5161692,0.0
6373,NLVPMVATV,10x,4,0.5107397,0.0
6600,NLVPMVATV,10x,4,0.5229015,0.0
3886,GLCTLVAML,swapped_2743,4,0.50842875,0.0
614,GLCTLVAML,10x,4,0.5157857,0.0
6829,NLVPMVATV,swapped_5770,4,0.49879768,0.0
3655,RTLNAWVKV,10x,4,0.52379316,0.0
3054,KTWGQYWQV,positive,4,0.52616173,1.0
439,GLCTLVAML,10x,4,0.51502377,0.0
5703,GLCTLVAML,swapped_4251,4,0.49243486,0.0
816,FLYALALLL,10x,4,0.5157374,0.0
748,GLCTLVAML,10x,4,0.5090409,0.0
409,KVLEYVIKV,10x,4,0.50498456,0.0
2414,NLVPMVATV,swapped_1558,4,0.51014054,0.0
1687,MLDLQPETT,positive,4,0.51263565,1.0
6620,NLVPMVATV,swapped_5763,4,0.49374428,0.0
4947,NLVPMVATV,10x,4,0.50361073,0.0
2097,NLVPMVATV,10x,4,0.5176124,0.0
1306,LLFGYPVYV,swapped_351,4,0.48856407,0.0
4109,FLYALALLL,swapped_2986,4,0.50675905,0.0
4021,NLVPMVATV,swapped_2921,4,0.5095125,0.0
2433,NLVPMVATV,swapped_1746,4,0.46686417,0.0
5633,GLCTLVAML,swapped_4331,4,0.5073768,0.0
2946,GLCTLVAML,positive,4,0.5064847,1.0
407,GLCTLVAML,10x,4,0.5241838,0.0
6723,GLCTLVAML,swapped_5869,4,0.5046162,0.0
5704,GLCTLVAML,swapped_4500,4,0.4960522,0.0
6284,NLVPMVATV,10x,4,0.5234648,0.0
5603,GLCTLVAML,swapped_4426,4,0.4978065,0.0
1870,GLCTLVAML,10x,4,0.5222832,0.0
4097,GLCTLVAML,swapped_2834,4,0.5109793,0.0
5670,NLVPMVATV,swapped_4247,4,0.481938,0.0
3187,NLVPMVATV,10x,4,0.5044127,0.0
1239,GLCTLVAML,swapped_269,4,0.5004618,0.0
2096,NLVPMVATV,10x,4,0.50928897,0.0
2484,GLCTLVAML,swapped_1557,4,0.49997097,0.0
5723,IMDQVPFSV,positive,4,0.51163185,1.0
1421,LLFGYPVYV,swapped_231,4,0.5240715,0.0
5053,GLCTLVAML,10x,4,0.5165136,0.0
5654,NLVPMVATV,swapped_4530,4,0.5116105,0.0
1959,NLVPMVATV,10x,4,0.4988035,0.0
3818,GLCTLVAML,swapped_2751,4,0.4959183,0.0
829,NLVPMVATV,10x,4,0.5223093,0.0
1223,GLCTLVAML,swapped_291,4,0.50230247,0.0
1181,MLDLQPETT,swapped_240,4,0.5096829,0.0
5545,GLCTLVAML,swapped_4399,4,0.4917572,0.0
5133,GLCTLVAML,10x,4,0.51685506,0.0
5332,NLVPMVATV,swapped_4179,4,0.48939106,0.0
4480,NLVPMVATV,positive,4,0.50778115,1.0
2401,GLCTLVAML,10x,4,0.5215651,0.0
2656,RTLNAWVKV,swapped_1622,4,0.517008,0.0
4148,NLVPMVATV,swapped_2877,4,0.5001798,0.0
3816,GLCTLVAML,swapped_2741,4,0.5024852,0.0
2007,GLCTLVAML,10x,4,0.5071733,0.0
5394,NLVPMVATV,swapped_4403,4,0.49760115,0.0
2438,NLVPMVATV,swapped_1561,4,0.51161176,0.0
5635,SLFNTVATL,swapped_4496,4,0.49236885,0.0
3981,GLCTLVAML,swapped_2849,4,0.5016015,0.0
2370,NLVPMVATV,10x,4,0.51095116,0.0
5014,NLVPMVATV,10x,4,0.51244193,0.0
1933,GLCTLVAML,10x,4,0.50658345,0.0
3584,LLFGYPVYV,10x,4,0.5289443,0.0
4647,MLDLQPETT,10x,4,0.49812517,0.0
4668,RTLNAWVKV,10x,4,0.50326765,0.0
2560,NLVPMVATV,swapped_1601,4,0.4873929,0.0
3955,GLCTLVAML,swapped_3011,4,0.4998352,0.0
5657,GLCTLVAML,swapped_4329,4,0.49340504,0.0
600,NLVPMVATV,10x,4,0.526576,0.0
4196,RMFPNAPYL,positive,4,0.5046456,1.0
6823,RMFPNAPYL,swapped_5744,4,0.51472557,0.0
718,NLVPMVATV,10x,4,0.49138084,0.0
5889,GLCTLVAML,positive,4,0.5087088,1.0
6439,GLCTLVAML,10x,4,0.48925832,0.0
4300,GLCTLVAML,positive,4,0.5176461,1.0
1293,NLVPMVATV,swapped_245,4,0.5108901,0.0
4095,FLYALALLL,swapped_2835,4,0.5016583,0.0
5458,NLVPMVATV,swapped_4298,4,0.5137488,0.0
2503,FLYALALLL,swapped_1699,4,0.49426994,0.0
2342,FLYALALLL,10x,4,0.50653666,0.0
3694,GLCTLVAML,10x,4,0.50057983,0.0
4545,MLDLQPETT,positive,4,0.49308214,1.0
4755,MLDLQPETT,10x,4,0.5158049,0.0
4774,RTLNAWVKV,10x,4,0.48387712,0.0
1553,GLCTLVAML,positive,4,0.5173703,1.0
2660,GLCTLVAML,swapped_1532,4,0.49395218,0.0
2204,RTLNAWVKV,10x,4,0.50192297,0.0
942,GLCTLVAML,10x,4,0.5171793,0.0
2595,GLCTLVAML,swapped_1707,4,0.47742003,0.0
5428,NLVPMVATV,swapped_4320,4,0.48321274,0.0
2397,GLCTLVAML,10x,4,0.49404377,0.0
5410,NLVPMVATV,swapped_4208,4,0.5094434,0.0
5549,NLVPMVATV,swapped_4308,4,0.5192265,0.0
1924,FLYALALLL,10x,4,0.52098095,0.0
6549,LLFGYPVYV,10x,4,0.51146126,0.0
246,NLVPMVATV,positive,4,0.49955526,1.0
1356,NLVPMVATV,swapped_152,4,0.49182796,0.0
4012,GLCTLVAML,swapped_2742,4,0.50010455,0.0
5764,NLVPMVATV,positive,4,0.5256051,1.0
1278,NLVPMVATV,swapped_94,4,0.523023,0.0
5021,GLCTLVAML,10x,4,0.50195396,0.0
5350,GLCTLVAML,swapped_4363,4,0.48780936,0.0
6380,RTLNAWVKV,10x,4,0.49734697,0.0
4697,SLFNTVATL,10x,4,0.51783866,0.0
5087,GLCTLVAML,10x,4,0.5081771,0.0
4698,NLVPMVATV,10x,4,0.5069282,0.0
6843,GLCTLVAML,swapped_5996,4,0.520755,0.0
3578,NLVPMVATV,10x,4,0.51704013,0.0
3860,MLDLQPETT,swapped_2721,4,0.49512815,0.0
5478,FLYALALLL,swapped_4415,4,0.4845681,0.0
5495,GLCTLVAML,swapped_4541,4,0.51987463,0.0
4388,GLCTLVAML,positive,4,0.5135702,1.0
6867,KTWGQYWQV,swapped_5818,4,0.51210064,0.0
2025,GLCTLVAML,10x,4,0.49466673,0.0
1351,NLVPMVATV,swapped_284,4,0.48870412,0.0
5810,NLVPMVATV,positive,4,0.51935214,1.0
2584,NLVPMVATV,swapped_1663,4,0.4857221,0.0
6873,FLYALALLL,swapped_5899,4,0.4992509,0.0
2538,LLFGYPVYV,swapped_1772,4,0.4957383,0.0
1534,FLYALALLL,positive,4,0.5131102,1.0
789,NLVPMVATV,10x,4,0.5099019,0.0
6661,GLCTLVAML,swapped_5962,4,0.49526972,0.0
3960,GLCTLVAML,swapped_3025,4,0.5020463,0.0
5850,GLCTLVAML,positive,4,0.5212008,1.0
6789,GLCTLVAML,swapped_5779,4,0.51337224,0.0
666,GLCTLVAML,10x,4,0.51864403,0.0
6678,FLYALALLL,swapped_5983,4,0.5070666,0.0
5130,GLCTLVAML,10x,4,0.51334685,0.0
4011,GLCTLVAML,swapped_3043,4,0.4953052,0.0
5459,SLLMWITQV,swapped_4554,4,0.5110367,0.0
2637,GLCTLVAML,swapped_1534,4,0.5132525,0.0
5477,LLFGYPVYV,swapped_4475,4,0.49470663,0.0
2855,NLVPMVATV,positive,4,0.52779806,1.0
3599,NLVPMVATV,10x,4,0.51768255,0.0
5407,GLCTLVAML,swapped_4188,4,0.48026615,0.0
2769,GLCTLVAML,positive,4,0.52411973,1.0
359,GLCTLVAML,positive,4,0.52079976,1.0
6737,GLCTLVAML,swapped_5724,4,0.499139,0.0
3588,RMFPNAPYL,10x,4,0.51591676,0.0
2221,GLCTLVAML,10x,4,0.501943,0.0
5628,GLCTLVAML,swapped_4196,4,0.5061731,0.0
6744,GLCTLVAML,swapped_5796,4,0.50366443,0.0
4916,NLVPMVATV,10x,4,0.51309663,0.0
3987,GLCTLVAML,swapped_3058,4,0.49691376,0.0
5419,GLCTLVAML,swapped_4235,4,0.51909035,0.0
4996,GLCTLVAML,10x,4,0.5203482,0.0
5330,RMFPNAPYL,swapped_4449,4,0.48511642,0.0
5413,LLFGYPVYV,swapped_4506,4,0.51640385,0.0
1177,GLCTLVAML,swapped_135,4,0.49887827,0.0
4010,GLCTLVAML,swapped_2970,4,0.5025857,0.0
6869,NLVPMVATV,swapped_5943,4,0.49462894,0.0
5607,GLCTLVAML,swapped_4547,4,0.52403045,0.0
3244,LLFGYPVYV,10x,4,0.52190536,0.0
1207,GLCTLVAML,swapped_214,4,0.49589798,0.0
3976,GLCTLVAML,swapped_2704,4,0.5059903,0.0
5036,NLVPMVATV,10x,4,0.5241199,0.0
3776,GLCTLVAML,10x,4,0.51503944,0.0
6890,GLCTLVAML,swapped_5978,4,0.5016818,0.0
5070,RMFPNAPYL,10x,4,0.5073586,0.0
5872,GLCTLVAML,positive,4,0.5228385,1.0
3736,GLCTLVAML,10x,4,0.50073564,0.0
5325,MLDLQPETT,swapped_4293,4,0.49882883,0.0
2654,NLVPMVATV,swapped_1588,4,0.5143573,0.0
509,KTWGQYWQV,10x,4,0.5282544,0.0
1998,GLCTLVAML,10x,4,0.5185399,0.0
1818,GLCTLVAML,10x,4,0.5278048,0.0
2132,GLCTLVAML,10x,4,0.4906731,0.0
5634,GLCTLVAML,swapped_4394,4,0.49416795,0.0
3525,GLCTLVAML,10x,4,0.48930877,0.0
5420,NLVPMVATV,swapped_4501,4,0.4846696,0.0
4550,GLCTLVAML,positive,4,0.52290905,1.0
2298,GLCTLVAML,10x,4,0.4983082,0.0
6731,GLCTLVAML,swapped_5822,4,0.5255598,0.0
6902,FLYALALLL,swapped_5917,4,0.5010372,0.0
4895,GLCTLVAML,10x,4,0.5034049,0.0
5954,GLCTLVAML,positive,4,0.52646524,1.0
2472,GLCTLVAML,swapped_1586,4,0.50547117,0.0
5881,GLCTLVAML,positive,4,0.49759313,1.0
1628,GLCTLVAML,positive,4,0.5132646,1.0
995,NLVPMVATV,10x,4,0.5166702,0.0
4872,NLVPMVATV,10x,4,0.5209113,0.0
291,LLFGYPVYV,positive,4,0.5039087,1.0
4027,KTWGQYWQV,swapped_3002,4,0.51467574,0.0
1064,NLVPMVATV,10x,4,0.5237826,0.0
5613,GLCTLVAML,swapped_4514,4,0.4992273,0.0
4998,NLVPMVATV,10x,4,0.5254162,0.0
1456,RTLNAWVKV,swapped_91,4,0.4959246,0.0
4006,IMDQVPFSV,swapped_2766,4,0.50105405,0.0
4989,LLFGYPVYV,10x,4,0.5256651,0.0
1304,RTLNAWVKV,swapped_192,4,0.5074414,0.0
5488,IMDQVPFSV,swapped_4265,4,0.5214466,0.0
6756,NLVPMVATV,swapped_5905,4,0.5128871,0.0
3148,GLCTLVAML,10x,4,0.50739735,0.0
4002,GLCTLVAML,swapped_2758,4,0.5230313,0.0
5076,NLVPMVATV,10x,4,0.52194834,0.0
5498,NLVPMVATV,swapped_4302,4,0.5238179,0.0
2722,LLFGYPVYV,positive,4,0.5094149,1.0
4298,SLFNTVATL,positive,4,0.5154592,1.0
5576,NLVPMVATV,swapped_4183,4,0.50372905,0.0
3175,RTLNAWVKV,10x,4,0.522264,0.0
5408,NLVPMVATV,swapped_4457,4,0.5112914,0.0
1422,NLVPMVATV,swapped_9,4,0.5027122,0.0
1190,RTLNAWVKV,swapped_52,4,0.49620056,0.0
5005,GLCTLVAML,10x,4,0.51373124,0.0
5395,GLCTLVAML,swapped_4476,4,0.49831092,0.0
5348,SLLMWITQV,swapped_4410,4,0.50954854,0.0
6787,NLVPMVATV,swapped_5754,4,0.502252,0.0
3669,GLCTLVAML,10x,4,0.4821043,0.0
4103,GLCTLVAML,swapped_2771,4,0.49577078,0.0
2849,NLVPMVATV,positive,4,0.49974394,1.0
6573,NLVPMVATV,10x,4,0.5106167,0.0
1738,LLFGYPVYV,positive,4,0.51425415,1.0
3878,NLVPMVATV,swapped_2819,4,0.48158556,0.0
668,RTLNAWVKV,10x,4,0.5105228,0.0
1175,GLCTLVAML,swapped_224,4,0.4965352,0.0
6294,GLCTLVAML,10x,4,0.5129271,0.0
4778,NLVPMVATV,10x,4,0.5286283,0.0
2478,GLCTLVAML,swapped_1814,4,0.49657148,0.0
1334,GLCTLVAML,swapped_225,4,0.5101666,0.0
6048,RTLNAWVKV,10x,4,0.5174298,0.0
2138,SLFNTVATL,10x,4,0.52248865,0.0
4950,GLCTLVAML,10x,4,0.5098192,0.0
6551,GLCTLVAML,10x,4,0.52188236,0.0
5700,GLCTLVAML,swapped_4551,4,0.506688,0.0
1457,FLYALALLL,swapped_239,4,0.51787126,0.0
4086,NLVPMVATV,swapped_2755,4,0.52119124,0.0
3612,GLCTLVAML,10x,4,0.52019215,0.0
4844,GLCTLVAML,10x,4,0.51053137,0.0
5753,GLCTLVAML,positive,4,0.52243835,1.0
1216,NLVPMVATV,swapped_261,4,0.5208669,0.0
1094,YLLEMLWRL,10x,4,0.5234506,0.0
94,GLCTLVAML,positive,4,0.5228115,1.0
2631,FLYALALLL,swapped_1545,4,0.4883909,0.0
5471,NLVPMVATV,swapped_4469,4,0.509349,0.0
3650,NLVPMVATV,10x,4,0.5244307,0.0
4377,GLCTLVAML,positive,4,0.524595,1.0
3810,GLCTLVAML,swapped_2896,4,0.5001329,0.0
3768,GLCTLVAML,10x,4,0.49129313,0.0
778,GLCTLVAML,10x,4,0.51029843,0.0
6842,GLCTLVAML,swapped_5992,4,0.49223074,0.0
5450,GLCTLVAML,swapped_4325,4,0.52742857,0.0
4917,GLCTLVAML,10x,4,0.49752337,0.0
1793,NLVPMVATV,positive,4,0.5166204,1.0
5971,NLVPMVATV,positive,4,0.49960014,1.0
1048,NLVPMVATV,10x,4,0.4871637,0.0
3496,GLCTLVAML,10x,4,0.5076986,0.0
415,GLCTLVAML,10x,4,0.5234179,0.0
404,RTLNAWVKV,10x,4,0.52218294,0.0
488,GLCTLVAML,10x,4,0.517095,0.0
4265,NLVPMVATV,positive,4,0.522197,1.0
1823,NLVPMVATV,10x,4,0.5139968,0.0
3846,KTWGQYWQV,swapped_2975,4,0.5041655,0.0
3085,FLYALALLL,10x,4,0.52709997,0.0
4016,NLVPMVATV,swapped_2907,4,0.4998085,0.0
4055,RTLNAWVKV,swapped_2818,4,0.49790418,0.0
6134,RTLNAWVKV,10x,4,0.49982113,0.0
6601,NLVPMVATV,10x,4,0.50954884,0.0
5064,GLCTLVAML,10x,4,0.5261501,0.0
4744,GLCTLVAML,10x,4,0.5166768,0.0
5296,GLCTLVAML,10x,4,0.5174048,0.0
1346,LLFGYPVYV,swapped_174,4,0.50938123,0.0
5329,NLVPMVATV,swapped_4489,4,0.49152216,0.0
5429,GLCTLVAML,swapped_4204,4,0.4981242,0.0
939,YLLEMLWRL,10x,4,0.47881472,0.0
5035,RTLNAWVKV,10x,4,0.5016457,0.0
1323,GLCTLVAML,swapped_201,4,0.5008266,0.0
3571,GLCTLVAML,10x,4,0.5202569,0.0
6761,NLVPMVATV,swapped_5960,4,0.52163315,0.0
4075,NLVPMVATV,swapped_2976,4,0.49454817,0.0
6044,NLVPMVATV,10x,4,0.49777538,0.0
5103,KTWGQYWQV,10x,4,0.51135147,0.0
2608,LLFGYPVYV,swapped_1562,4,0.51556855,0.0
5285,GLCTLVAML,10x,4,0.5089037,0.0
2528,RMFPNAPYL,swapped_1654,4,0.50659037,0.0
3276,GLCTLVAML,10x,4,0.5226471,0.0
5493,GLCTLVAML,swapped_4529,4,0.5186937,0.0
2008,YLLEMLWRL,10x,4,0.5268267,0.0
2564,GLCTLVAML,swapped_1620,4,0.51421946,0.0
48,GLCTLVAML,positive,4,0.51658565,1.0
6662,NLVPMVATV,swapped_5840,4,0.5161785,0.0
2466,KTWGQYWQV,swapped_1642,4,0.49334288,0.0
4142,NLVPMVATV,swapped_2810,4,0.5047302,0.0
1029,GLCTLVAML,10x,4,0.5175299,0.0
2242,NLVPMVATV,10x,4,0.50727284,0.0
1975,NLVPMVATV,10x,4,0.5124269,0.0
3036,KVLEYVIKV,positive,4,0.5162037,1.0
5201,RTLNAWVKV,10x,4,0.5149964,0.0
2713,GLCTLVAML,positive,4,0.52210635,1.0
20,GLCTLVAML,positive,4,0.49812633,1.0
2449,KTWGQYWQV,swapped_1811,4,0.5229033,0.0
1938,MLDLQPETT,10x,4,0.52207595,0.0
1494,FLYALALLL,swapped_26,4,0.49501574,0.0
1231,FLYALALLL,swapped_138,4,0.49606863,0.0
6410,NLVPMVATV,10x,4,0.5262148,0.0
2333,GLCTLVAML,10x,4,0.5179852,0.0
2649,KTWGQYWQV,swapped_1560,4,0.49723092,0.0
5161,RTLNAWVKV,10x,4,0.4960021,0.0
3110,NLVPMVATV,10x,4,0.50805235,0.0
1360,GLCTLVAML,swapped_310,4,0.49599507,0.0
2720,GLCTLVAML,positive,4,0.523349,1.0
5227,YLLEMLWRL,10x,4,0.5188516,0.0
6230,GLCTLVAML,10x,4,0.5159172,0.0
6086,LLFGYPVYV,10x,4,0.51930755,0.0
3761,ILKEPVHGV,10x,4,0.5264237,0.0
4533,NLVPMVATV,positive,4,0.504889,1.0
3664,NLVPMVATV,10x,4,0.5266046,0.0
1336,NLVPMVATV,swapped_326,4,0.50144684,0.0
1733,GLCTLVAML,positive,4,0.523448,1.0
4136,GLCTLVAML,swapped_3057,4,0.5118251,0.0
2638,GLCTLVAML,swapped_1685,4,0.4939596,0.0
818,GLCTLVAML,10x,4,0.5104635,0.0
1255,NLVPMVATV,swapped_260,4,0.49381325,0.0
800,GLCTLVAML,10x,4,0.48898008,0.0
1442,GLCTLVAML,swapped_17,4,0.5087383,0.0
6485,NLVPMVATV,10x,4,0.48254436,0.0
3537,LLFGYPVYV,10x,4,0.5221077,0.0
5343,IMDQVPFSV,swapped_4194,4,0.49472064,0.0
3902,NLVPMVATV,swapped_2733,4,0.5310951,0.0
1459,NLVPMVATV,swapped_264,4,0.48226112,0.0
3500,GLCTLVAML,10x,4,0.49759972,0.0
3982,NLVPMVATV,swapped_2950,4,0.48912466,0.0
1021,NLVPMVATV,10x,4,0.5254005,0.0
3794,GLCTLVAML,10x,4,0.521922,0.0
5888,NLVPMVATV,positive,4,0.5085365,1.0
6460,LLFGYPVYV,10x,4,0.49255502,0.0
5859,NLVPMVATV,positive,4,0.51238704,1.0
1074,GLCTLVAML,10x,4,0.49774158,0.0
6781,GLCTLVAML,swapped_5888,4,0.5102909,0.0
1027,YLLEMLWRL,10x,4,0.5178562,0.0
4337,GLCTLVAML,positive,4,0.52725124,1.0
5602,NLVPMVATV,swapped_4523,4,0.49667367,0.0
5621,GLCTLVAML,swapped_4227,4,0.52191246,0.0
3540,NLVPMVATV,10x,4,0.51308095,0.0
6765,GLCTLVAML,swapped_5922,4,0.49903503,0.0
176,LLFGYPVYV,positive,4,0.49420792,1.0
3738,NLVPMVATV,10x,4,0.513036,0.0
4678,LLFGYPVYV,10x,4,0.48929873,0.0
5591,NLVPMVATV,swapped_4192,4,0.4915762,0.0
1615,SLFNTVATL,positive,4,0.5114881,1.0
6266,YLLEMLWRL,10x,4,0.5187098,0.0
3331,GLCTLVAML,10x,4,0.5117205,0.0
6074,GLCTLVAML,10x,4,0.5224964,0.0
4101,NLVPMVATV,swapped_2787,4,0.49348655,0.0
3854,NLVPMVATV,swapped_2812,4,0.48475787,0.0
5557,NLVPMVATV,swapped_4407,4,0.50611156,0.0
955,RTLNAWVKV,10x,4,0.50992113,0.0
5464,GLCTLVAML,swapped_4259,4,0.49414957,0.0
6868,GLCTLVAML,swapped_5833,4,0.4999826,0.0
2677,GLCTLVAML,swapped_1533,4,0.51584804,0.0
5221,NLVPMVATV,10x,4,0.5010724,0.0
3772,NLVPMVATV,10x,4,0.51603127,0.0
6734,GLCTLVAML,swapped_5856,4,0.51312447,0.0
105,LLFGYPVYV,positive,4,0.49491388,1.0
3069,NLVPMVATV,10x,4,0.5250373,0.0
3611,NLVPMVATV,10x,4,0.51946,0.0
3299,IMDQVPFSV,10x,4,0.51546377,0.0
3964,GLCTLVAML,swapped_2839,4,0.48657674,0.0
3566,NLVPMVATV,10x,4,0.5043595,0.0
2373,GLCTLVAML,10x,4,0.5195557,0.0
4658,RMFPNAPYL,10x,4,0.5106087,0.0
5438,NLVPMVATV,swapped_4218,4,0.48588297,0.0
4761,GLCTLVAML,10x,4,0.50325525,0.0
6467,GLCTLVAML,10x,4,0.49226552,0.0
2496,NLVPMVATV,swapped_1808,4,0.5238612,0.0
6644,NLVPMVATV,swapped_5756,4,0.52298474,0.0
6206,LLFGYPVYV,10x,4,0.5353813,0.0
2539,FLYALALLL,swapped_1803,4,0.5106981,0.0
3841,NLVPMVATV,swapped_3005,4,0.49517757,0.0
6699,GLCTLVAML,swapped_5793,4,0.51040095,0.0
5324,GLCTLVAML,swapped_4233,4,0.505873,0.0
124,MLDLQPETT,positive,4,0.5162153,1.0
1299,NLVPMVATV,swapped_228,4,0.49511275,0.0
6026,NLVPMVATV,10x,4,0.49081594,0.0
5060,RTLNAWVKV,10x,4,0.50776905,0.0
3087,RTLNAWVKV,10x,4,0.52309597,0.0
5995,LLFGYPVYV,positive,4,0.5232073,1.0
4135,GLCTLVAML,swapped_2997,4,0.4819168,0.0
4341,GLCTLVAML,positive,4,0.51882267,1.0
536,NLVPMVATV,10x,4,0.5146557,0.0
5373,RTLNAWVKV,swapped_4480,4,0.5094369,0.0
5483,NLVPMVATV,swapped_4419,4,0.48001772,0.0
5437,GLCTLVAML,swapped_4260,4,0.49942732,0.0
6138,GLCTLVAML,10x,4,0.5067229,0.0
2402,NLVPMVATV,swapped_1664,4,0.48306316,0.0
5045,NLVPMVATV,10x,4,0.4833427,0.0
358,NLVPMVATV,positive,4,0.5141221,1.0
4884,RTLNAWVKV,10x,4,0.5152693,0.0
2514,NLVPMVATV,swapped_1729,4,0.49343824,0.0
1246,NLVPMVATV,swapped_208,4,0.49564692,0.0
652,GLCTLVAML,10x,4,0.51099175,0.0
5824,NLVPMVATV,positive,4,0.53460795,1.0
5858,NLVPMVATV,positive,4,0.50565517,1.0
1212,GLCTLVAML,swapped_39,4,0.5036076,0.0
5333,GLCTLVAML,swapped_4432,4,0.5009227,0.0
5371,NLVPMVATV,swapped_4193,4,0.4923522,0.0
1746,KVLEYVIKV,positive,4,0.46894205,1.0
3977,MLDLQPETT,swapped_2890,4,0.48908877,0.0
2223,KTWGQYWQV,10x,4,0.5028319,0.0
2195,FLYALALLL,10x,4,0.5157833,0.0
4132,NLVPMVATV,swapped_2987,4,0.4982773,0.0
2585,NLVPMVATV,swapped_1615,4,0.50977707,0.0
2191,NLVPMVATV,10x,4,0.5067752,0.0
3994,LLFGYPVYV,swapped_3037,4,0.49304637,0.0
433,RTLNAWVKV,10x,4,0.5086956,0.0
4776,NLVPMVATV,10x,4,0.50827277,0.0
1424,GLCTLVAML,swapped_67,4,0.49983412,0.0
5263,CLGGLLTMV,10x,4,0.5153114,0.0
3879,GLCTLVAML,swapped_2785,4,0.52399904,0.0
5396,IMDQVPFSV,swapped_4299,4,0.52399755,0.0
4057,GLCTLVAML,swapped_2926,4,0.48556688,0.0
4988,GLCTLVAML,10x,4,0.51495653,0.0
6061,GLCTLVAML,10x,4,0.50276333,0.0
5503,NLVPMVATV,swapped_4333,4,0.52459854,0.0
1012,GLCTLVAML,10x,4,0.5071472,0.0
3897,RMFPNAPYL,swapped_2956,4,0.4931536,0.0
5334,KTWGQYWQV,swapped_4520,4,0.5038514,0.0
5072,GLCTLVAML,10x,4,0.4918646,0.0
1760,GLCTLVAML,positive,4,0.51768184,1.0
6463,IMDQVPFSV,10x,4,0.5179954,0.0
4059,SLFNTVATL,swapped_3021,4,0.49411964,0.0
3168,GLCTLVAML,10x,4,0.5277443,0.0
781,GLCTLVAML,10x,4,0.50152254,0.0
2074,KVLEYVIKV,10x,4,0.4990846,0.0
6258,GLCTLVAML,10x,4,0.5231592,0.0
4345,NLVPMVATV,positive,4,0.5292202,1.0
6187,SLLMWITQV,10x,4,0.5092405,0.0
4203,NLVPMVATV,positive,4,0.4944224,1.0
2569,GLCTLVAML,swapped_1567,4,0.49095142,0.0
2270,SLFNTVATL,10x,4,0.52206886,0.0
6515,GLCTLVAML,10x,4,0.48921308,0.0
1701,KVLEYVIKV,positive,4,0.5041369,1.0
4039,GLCTLVAML,swapped_2795,4,0.5006536,0.0
2513,GLCTLVAML,swapped_1577,4,0.5176239,0.0
3218,GLCTLVAML,10x,4,0.5009783,0.0
1849,LLFGYPVYV,10x,4,0.5055446,0.0
6406,GLCTLVAML,10x,4,0.5109188,0.0
5362,GLCTLVAML,swapped_4224,4,0.49447545,0.0
5078,LLFGYPVYV,10x,4,0.5206691,0.0
1496,NLVPMVATV,swapped_334,4,0.5065167,0.0
6042,GLCTLVAML,10x,4,0.52046216,0.0
6760,GLCTLVAML,swapped_5785,4,0.5001662,0.0
6631,LLFGYPVYV,swapped_5986,4,0.5190462,0.0
943,NLVPMVATV,10x,4,0.50661546,0.0
1019,GLCTLVAML,10x,4,0.5230364,0.0
3984,NLVPMVATV,swapped_2709,4,0.49570662,0.0
2601,SLLMWITQV,swapped_1798,4,0.49683642,0.0
4036,GLCTLVAML,swapped_2727,4,0.4921246,0.0
