4906,GILGFVFTL,10x,5,0.7038292,0.0
2239,GILGFVFTL,10x,5,0.08428497,0.0
5363,GLCTLVAML,swapped_4312,5,0.00021236327,0.0
3192,GILGFVFTL,10x,5,0.119468965,0.0
4538,GILGFVFTL,positive,5,0.19381863,1.0
6703,GILGFVFTL,swapped_6001,5,0.1537839,0.0
3261,GILGFVFTL,10x,5,0.15564406,0.0
3135,GILGFVFTL,10x,5,0.62738395,0.0
1291,KTWGQYWQV,swapped_49,5,0.4942965,0.0
3642,GILGFVFTL,10x,5,0.13878123,0.0
6221,FLYALALLL,10x,5,0.25312847,0.0
6101,GILGFVFTL,10x,5,0.31618804,0.0
1981,GLCTLVAML,10x,5,0.12110947,0.0
4115,NLVPMVATV,swapped_2827,5,0.41039813,0.0
3813,GILGFVFTL,swapped_2730,5,0.13559464,0.0
1137,GLCTLVAML,10x,5,4.346739e-05,0.0
2790,GILGFVFTL,positive,5,0.95347357,1.0
21,GILGFVFTL,positive,5,0.99882525,1.0
4641,GILGFVFTL,10x,5,0.98161995,0.0
2001,NLVPMVATV,10x,5,0.45814663,0.0
4670,GILGFVFTL,10x,5,0.5389714,0.0
936,GILGFVFTL,10x,5,0.09423649,0.0
4041,NLVPMVATV,swapped_2799,5,0.194269,0.0
6827,GLCTLVAML,swapped_5769,5,0.0008405749,0.0
1864,GILGFVFTL,10x,5,0.27563146,0.0
4908,GLCTLVAML,10x,5,0.27942222,0.0
2477,GILGFVFTL,swapped_1704,5,0.10397344,0.0
6302,NLVPMVATV,10x,5,0.5325479,0.0
825,GILGFVFTL,10x,5,0.23351295,0.0
1713,GILGFVFTL,positive,5,0.82543826,1.0
2349,GILGFVFTL,10x,5,0.30788726,0.0
1204,GILGFVFTL,swapped_190,5,0.19515815,0.0
6819,NLVPMVATV,swapped_5937,5,6.332254e-05,0.0
6611,FLYALALLL,swapped_5974,5,0.12785022,0.0
1465,GLCTLVAML,swapped_35,5,0.23037516,0.0
6400,GILGFVFTL,10x,5,0.385474,0.0
4535,GLCTLVAML,positive,5,0.9840679,1.0
2781,GILGFVFTL,positive,5,0.9998149,1.0
3524,GILGFVFTL,10x,5,0.30782527,0.0
2897,GLCTLVAML,positive,5,0.5049848,1.0
4290,LLFGYPVYV,positive,5,0.4942965,1.0
4898,GILGFVFTL,10x,5,0.40726632,0.0
6392,GILGFVFTL,10x,5,0.25845328,0.0
3039,GILGFVFTL,positive,5,0.99956423,1.0
2798,GILGFVFTL,positive,5,0.999938,1.0
2999,GILGFVFTL,positive,5,0.9998915,1.0
3116,GILGFVFTL,10x,5,0.48560277,0.0
4721,GILGFVFTL,10x,5,0.40968335,0.0
5544,GLCTLVAML,swapped_4336,5,0.0019268245,0.0
5026,GILGFVFTL,10x,5,0.23853669,0.0
2591,LLFGYPVYV,swapped_1564,5,0.50601023,0.0
1145,GLCTLVAML,swapped_336,5,0.00030005083,0.0
6124,GILGFVFTL,10x,5,0.67859185,0.0
4024,GLCTLVAML,swapped_2955,5,0.4238481,0.0
531,NLVPMVATV,10x,5,0.46413243,0.0
849,GILGFVFTL,10x,5,0.20037414,0.0
883,GILGFVFTL,10x,5,0.37182418,0.0
4295,GILGFVFTL,positive,5,0.99994636,1.0
4561,GILGFVFTL,10x,5,0.6281257,0.0
564,GILGFVFTL,10x,5,0.37119934,0.0
1171,GLCTLVAML,swapped_348,5,0.6492178,0.0
5513,GLCTLVAML,swapped_4292,5,0.00361839,0.0
2693,GILGFVFTL,swapped_1759,5,0.29010996,0.0
6152,GILGFVFTL,10x,5,0.3411471,0.0
3802,GILGFVFTL,10x,5,0.1394197,0.0
2309,GILGFVFTL,10x,5,0.864525,0.0
1679,GILGFVFTL,positive,5,0.9952395,1.0
5989,GLCTLVAML,positive,5,0.17659254,1.0
2236,YLLEMLWRL,10x,5,0.39244458,0.0
3953,NLVPMVATV,swapped_2746,5,0.36420763,0.0
3948,GILGFVFTL,swapped_2699,5,0.11226726,0.0
257,GILGFVFTL,positive,5,0.8785507,1.0
5398,GILGFVFTL,swapped_4268,5,0.11207771,0.0
3308,GILGFVFTL,10x,5,0.731449,0.0
925,NLVPMVATV,10x,5,0.21131417,0.0
3522,GILGFVFTL,10x,5,0.19354975,0.0
5061,NLVPMVATV,10x,5,0.26348197,0.0
4342,GLCTLVAML,positive,5,0.91031164,1.0
3430,GLCTLVAML,10x,5,0.24153341,0.0
646,GILGFVFTL,10x,5,0.06863875,0.0
3523,GILGFVFTL,10x,5,0.0358731,0.0
6004,GILGFVFTL,positive,5,0.7470133,1.0
5639,NLVPMVATV,swapped_4281,5,0.074878015,0.0
3911,GLCTLVAML,swapped_2979,5,3.803014e-05,0.0
6639,GLCTLVAML,swapped_5732,5,0.0017179069,0.0
3946,NLVPMVATV,swapped_2798,5,4.8774873e-05,0.0
3051,GILGFVFTL,positive,5,0.999944,1.0
2170,GILGFVFTL,10x,5,0.22663684,0.0
6441,GLCTLVAML,10x,5,0.22175616,0.0
1347,LLFGYPVYV,swapped_256,5,0.0015166353,0.0
1689,NLVPMVATV,positive,5,0.37999773,1.0
5937,GILGFVFTL,positive,5,0.9998796,1.0
24,GILGFVFTL,positive,5,0.99472165,1.0
4887,GILGFVFTL,10x,5,0.12097478,0.0
1926,KTWGQYWQV,10x,5,0.4942965,0.0
155,GILGFVFTL,positive,5,0.99992096,1.0
3796,GILGFVFTL,10x,5,0.16151218,0.0
18,GLCTLVAML,positive,5,0.9689295,1.0
2464,GLCTLVAML,swapped_1778,5,0.0011365305,0.0
2884,GILGFVFTL,positive,5,0.9265276,1.0
5902,GILGFVFTL,positive,5,0.9997923,1.0
5040,GLCTLVAML,10x,5,0.27787212,0.0
3798,GILGFVFTL,10x,5,0.33439684,0.0
5543,RTLNAWVKV,swapped_4257,5,0.13561256,0.0
795,GLCTLVAML,10x,5,0.26594502,0.0
1992,GILGFVFTL,10x,5,0.33781448,0.0
6770,NLVPMVATV,swapped_5932,5,0.4722894,0.0
4862,GLCTLVAML,10x,5,0.13242391,0.0
5452,NLVPMVATV,swapped_4219,5,0.026978165,0.0
5683,RMFPNAPYL,swapped_4364,5,0.11054518,0.0
330,LLFGYPVYV,positive,5,0.4942965,1.0
1960,GILGFVFTL,10x,5,0.2591997,0.0
5624,GLCTLVAML,swapped_4290,5,0.100298464,0.0
1225,LLFGYPVYV,swapped_41,5,0.012208064,0.0
4599,GLCTLVAML,10x,5,0.8386109,0.0
2494,GILGFVFTL,swapped_1592,5,0.15294965,0.0
3075,GILGFVFTL,10x,5,0.067537,0.0
6236,NLVPMVATV,10x,5,0.43104693,0.0
2009,GILGFVFTL,10x,5,0.13667916,0.0
6036,FLYALALLL,10x,5,0.5173532,0.0
2852,GLCTLVAML,positive,5,0.9849219,1.0
3845,GLCTLVAML,swapped_2936,5,0.50245064,0.0
2446,GILGFVFTL,swapped_1552,5,0.111177295,0.0
318,GILGFVFTL,positive,5,0.9929491,1.0
1170,GLCTLVAML,swapped_193,5,0.0079616485,0.0
6305,GILGFVFTL,10x,5,0.18696058,0.0
2107,GILGFVFTL,10x,5,0.1144445,0.0
5539,GLCTLVAML,swapped_4463,5,0.00034511072,0.0
2955,GILGFVFTL,positive,5,0.50426334,1.0
6889,YLLEMLWRL,swapped_5969,5,0.20630522,0.0
3486,GILGFVFTL,10x,5,0.1482432,0.0
5241,GILGFVFTL,10x,5,0.3190399,0.0
6387,NLVPMVATV,10x,5,0.42200726,0.0
3606,GILGFVFTL,10x,5,0.2965294,0.0
3575,GLCTLVAML,10x,5,0.15087156,0.0
963,RTLNAWVKV,10x,5,0.4942965,0.0
3369,NLVPMVATV,10x,5,0.43827203,0.0
1448,FLYALALLL,swapped_107,5,0.0017579282,0.0
2876,MLDLQPETT,positive,5,0.44389847,1.0
1852,GILGFVFTL,10x,5,0.24021539,0.0
287,GILGFVFTL,positive,5,0.9999621,1.0
1168,GLCTLVAML,swapped_287,5,9.127422e-05,0.0
6257,GILGFVFTL,10x,5,0.21800053,0.0
166,GLCTLVAML,positive,5,0.24617913,1.0
6436,GILGFVFTL,10x,5,0.180446,0.0
664,GILGFVFTL,10x,5,0.08286184,0.0
505,NLVPMVATV,10x,5,0.547614,0.0
5181,GILGFVFTL,10x,5,0.27366784,0.0
5825,GILGFVFTL,positive,5,0.9999832,1.0
1245,RTLNAWVKV,swapped_234,5,0.4942965,0.0
5292,GILGFVFTL,10x,5,0.14273113,0.0
251,RMFPNAPYL,positive,5,0.49428,1.0
876,GLCTLVAML,10x,5,0.34942943,0.0
3044,GILGFVFTL,positive,5,0.9998971,1.0
3151,GILGFVFTL,10x,5,0.24614865,0.0
3626,RMFPNAPYL,10x,5,0.4942965,0.0
3837,NLVPMVATV,swapped_2974,5,0.25936925,0.0
3884,NLVPMVATV,swapped_2992,5,0.01299944,0.0
331,GILGFVFTL,positive,5,0.9991473,1.0
5186,LLFGYPVYV,10x,5,0.39892054,0.0
5108,GILGFVFTL,10x,5,0.39688084,0.0
2600,NLVPMVATV,swapped_1629,5,0.0063167945,0.0
312,GILGFVFTL,positive,5,0.9999753,1.0
709,GILGFVFTL,10x,5,0.3090605,0.0
6160,GILGFVFTL,10x,5,0.47429204,0.0
4168,GILGFVFTL,swapped_2897,5,0.0860417,0.0
2053,GILGFVFTL,10x,5,0.30187607,0.0
4274,KTWGQYWQV,positive,5,0.4942965,1.0
348,GILGFVFTL,positive,5,0.14788789,1.0
1629,GILGFVFTL,positive,5,0.9985599,1.0
2515,NLVPMVATV,swapped_1727,5,0.0009571225,0.0
4921,GILGFVFTL,10x,5,0.15011805,0.0
4645,GLCTLVAML,10x,5,0.2556177,0.0
5192,GILGFVFTL,10x,5,0.14117317,0.0
1790,NLVPMVATV,positive,5,0.5482908,1.0
6339,GILGFVFTL,10x,5,0.06210951,0.0
2731,GILGFVFTL,positive,5,0.9999454,1.0
4019,NLVPMVATV,swapped_2830,5,0.3331634,0.0
1939,GILGFVFTL,10x,5,0.2314327,0.0
2377,SLFNTVATL,10x,5,0.40804523,0.0
2933,GILGFVFTL,positive,5,0.8833152,1.0
3481,GILGFVFTL,10x,5,0.05026346,0.0
4427,NLVPMVATV,positive,5,0.71718496,1.0
6222,GILGFVFTL,10x,5,0.26381457,0.0
6635,GILGFVFTL,swapped_5740,5,0.51691383,0.0
613,GILGFVFTL,10x,5,0.09599424,0.0
2613,LLFGYPVYV,swapped_1679,5,0.03174212,0.0
6455,GILGFVFTL,10x,5,0.11133683,0.0
4666,GILGFVFTL,10x,5,0.3852787,0.0
6162,GILGFVFTL,10x,5,0.46986827,0.0
4174,GLCTLVAML,positive,5,0.44417852,1.0
1099,GILGFVFTL,10x,5,0.26992276,0.0
5707,GILGFVFTL,positive,5,0.999967,1.0
2468,NLVPMVATV,swapped_1627,5,5.772432e-05,0.0
234,FLYALALLL,positive,5,0.8006781,1.0
422,GILGFVFTL,10x,5,0.42427722,0.0
1474,NLVPMVATV,swapped_21,5,0.0022200106,0.0
3783,GILGFVFTL,10x,5,0.40010104,0.0
471,GILGFVFTL,10x,5,0.14302306,0.0
2094,GLCTLVAML,10x,5,0.18988982,0.0
1371,LLFGYPVYV,swapped_38,5,0.4942965,0.0
622,KTWGQYWQV,10x,5,0.4942965,0.0
3345,GLCTLVAML,10x,5,0.38993523,0.0
6534,GILGFVFTL,10x,5,0.26946524,0.0
6790,KTWGQYWQV,swapped_5792,5,0.4942965,0.0
308,GILGFVFTL,positive,5,0.9448597,1.0
4199,NLVPMVATV,positive,5,0.70354325,1.0
4170,NLVPMVATV,swapped_2900,5,0.39339468,0.0
1891,GILGFVFTL,10x,5,0.2543601,0.0
6368,NLVPMVATV,10x,5,0.31669664,0.0
4043,GLCTLVAML,swapped_2892,5,0.64934766,0.0
5965,GILGFVFTL,positive,5,0.9999621,1.0
4219,GILGFVFTL,positive,5,0.94207925,1.0
273,NLVPMVATV,positive,5,0.55147296,1.0
2273,NLVPMVATV,10x,5,0.45283407,0.0
86,GILGFVFTL,positive,5,0.9999826,1.0
991,GLCTLVAML,swapped_73,5,0.10629158,0.0
3624,IMDQVPFSV,10x,5,0.4942965,0.0
934,GILGFVFTL,10x,5,0.14191668,0.0
1393,KLQCVDLHV,swapped_349,5,0.5862756,0.0
1873,MLDLQPETT,10x,5,0.4910367,0.0
4932,GILGFVFTL,10x,5,0.4288606,0.0
1884,GILGFVFTL,10x,5,0.08177729,0.0
3376,GILGFVFTL,10x,5,0.2893345,0.0
41,GILGFVFTL,positive,5,0.9992386,1.0
121,GILGFVFTL,positive,5,0.73094165,1.0
1210,GILGFVFTL,swapped_339,5,0.110006854,0.0
3791,GILGFVFTL,10x,5,0.104372256,0.0
5102,GILGFVFTL,10x,5,0.08008958,0.0
469,RMFPNAPYL,10x,5,0.46655652,0.0
178,GILGFVFTL,positive,5,0.99993765,1.0
3106,NLVPMVATV,10x,5,0.033118173,0.0
3355,GILGFVFTL,10x,5,0.42924806,0.0
89,GILGFVFTL,positive,5,0.87935686,1.0
641,GILGFVFTL,10x,5,0.48240432,0.0
4706,GILGFVFTL,10x,5,0.17909749,0.0
4119,GLCTLVAML,swapped_2781,5,0.00014562285,0.0
1510,YLLEMLWRL,swapped_137,5,0.4942965,0.0
3927,FLYALALLL,swapped_2923,5,0.6818521,0.0
241,GILGFVFTL,positive,5,0.96306497,1.0
5004,GILGFVFTL,10x,5,0.6430802,0.0
2590,GILGFVFTL,swapped_1807,5,0.44990286,0.0
4257,GILGFVFTL,positive,5,0.937236,1.0
5401,NLVPMVATV,swapped_4413,5,3.197452e-05,0.0
454,GILGFVFTL,10x,5,0.9784596,0.0
6021,LLFGYPVYV,10x,5,0.4942965,0.0
6037,GILGFVFTL,10x,5,0.7159532,0.0
6592,GILGFVFTL,10x,5,0.22207604,0.0
229,GILGFVFTL,positive,5,0.9995652,1.0
272,GILGFVFTL,positive,5,0.57286966,1.0
2060,GLCTLVAML,10x,5,0.37081048,0.0
4356,GILGFVFTL,positive,5,0.9999858,1.0
6244,GILGFVFTL,10x,5,0.3765334,0.0
2497,FLYALALLL,swapped_1590,5,0.05680201,0.0
2739,GILGFVFTL,positive,5,0.9999305,1.0
4223,NLVPMVATV,positive,5,0.51686484,1.0
1519,FLYALALLL,swapped_203,5,0.3644623,0.0
1686,FLYALALLL,positive,5,0.30316517,1.0
443,KTWGQYWQV,10x,5,0.4942965,0.0
4090,GLCTLVAML,swapped_3019,5,1.9815123e-05,0.0
1144,GLCTLVAML,swapped_249,5,6.6639965e-05,0.0
5112,GILGFVFTL,10x,5,0.4088401,0.0
3122,GILGFVFTL,10x,5,0.5047644,0.0
5441,FLYALALLL,swapped_4424,5,0.0039247507,0.0
6670,NLVPMVATV,swapped_5946,5,0.14943948,0.0
1838,NLVPMVATV,10x,5,0.5995442,0.0
6146,NLVPMVATV,10x,5,0.4679231,0.0
1623,GILGFVFTL,positive,5,0.99942124,1.0
5278,GILGFVFTL,10x,5,0.32569548,0.0
2317,GILGFVFTL,10x,5,0.10639757,0.0
5347,GILGFVFTL,swapped_4236,5,0.31806728,0.0
2701,GILGFVFTL,positive,5,0.9999784,1.0
320,GILGFVFTL,positive,5,0.99995255,1.0
483,GILGFVFTL,10x,5,0.42923814,0.0
2066,GILGFVFTL,10x,5,0.498691,0.0
1554,GILGFVFTL,positive,5,0.8349748,1.0
1564,NLVPMVATV,positive,5,0.838713,1.0
1147,GILGFVFTL,swapped_22,5,0.25760302,0.0
5448,GLCTLVAML,swapped_4240,5,0.019748382,0.0
4587,GILGFVFTL,10x,5,0.32274044,0.0
5981,GILGFVFTL,positive,5,0.33811975,1.0
1800,GILGFVFTL,positive,5,0.9093819,1.0
4841,GILGFVFTL,10x,5,0.2513093,0.0
5732,GILGFVFTL,positive,5,0.95862347,1.0
2319,NLVPMVATV,10x,5,0.3443873,0.0
6771,GILGFVFTL,swapped_5876,5,0.17478094,0.0
119,GILGFVFTL,positive,5,0.99993587,1.0
2943,GILGFVFTL,positive,5,0.9999887,1.0
886,GILGFVFTL,10x,5,0.26768818,0.0
1979,GILGFVFTL,10x,5,0.36481974,0.0
3678,GILGFVFTL,10x,5,0.64155024,0.0
3112,NLVPMVATV,10x,5,0.247094,0.0
4396,NLVPMVATV,positive,5,0.2827979,1.0
3647,NLVPMVATV,10x,5,0.5700557,0.0
4760,GILGFVFTL,10x,5,0.38859987,0.0
6320,GILGFVFTL,10x,5,0.1197594,0.0
3115,NLVPMVATV,10x,5,0.0036492136,0.0
1039,NLVPMVATV,10x,5,0.0036444454,0.0
4731,GLCTLVAML,10x,5,0.36020184,0.0
3930,GLCTLVAML,swapped_2807,5,0.42153022,0.0
4699,GLCTLVAML,10x,5,0.14396277,0.0
3901,MLDLQPETT,swapped_2832,5,1.773735e-05,0.0
2228,GILGFVFTL,10x,5,0.17909987,0.0
3992,NLVPMVATV,swapped_2739,5,6.172855e-05,0.0
2846,GILGFVFTL,positive,5,0.9999374,1.0
4499,GILGFVFTL,positive,5,0.9998648,1.0
1624,GILGFVFTL,positive,5,0.15449637,1.0
3719,GILGFVFTL,10x,5,0.14718322,0.0
6233,GILGFVFTL,10x,5,0.27012426,0.0
3210,GILGFVFTL,10x,5,0.23077342,0.0
4610,GILGFVFTL,10x,5,0.14778173,0.0
6398,NLVPMVATV,10x,5,0.27111596,0.0
435,YLLEMLWRL,10x,5,0.4942965,0.0
5594,GILGFVFTL,swapped_4223,5,0.24680912,0.0
5792,NLVPMVATV,positive,5,0.41126558,1.0
4316,GILGFVFTL,positive,5,0.16122355,1.0
4753,GILGFVFTL,10x,5,0.29492667,0.0
5656,FLYALALLL,swapped_4360,5,0.12088168,0.0
845,GILGFVFTL,10x,5,0.030831026,0.0
103,GILGFVFTL,positive,5,0.9999609,1.0
628,GILGFVFTL,10x,5,0.1748342,0.0
5295,GILGFVFTL,10x,5,0.058424395,0.0
1375,GLCTLVAML,swapped_272,5,0.106558755,0.0
986,GILGFVFTL,10x,5,0.10721026,0.0
1944,GILGFVFTL,10x,5,0.14062889,0.0
6700,GLCTLVAML,swapped_5965,5,0.00025873262,0.0
1311,NLVPMVATV,swapped_119,5,0.00023917735,0.0
2730,KTWGQYWQV,positive,5,0.5220183,1.0
1276,GLCTLVAML,swapped_155,5,4.7857902e-05,0.0
4703,NLVPMVATV,10x,5,0.45181778,0.0
4754,GLCTLVAML,10x,5,0.13937117,0.0
947,GILGFVFTL,10x,5,0.4945541,0.0
1060,GILGFVFTL,10x,5,0.15225343,0.0
593,FLYALALLL,10x,5,0.3075919,0.0
6280,GILGFVFTL,10x,5,0.6355294,0.0
3824,GLCTLVAML,swapped_2999,5,0.00017298557,0.0
5536,GILGFVFTL,swapped_4367,5,0.3195226,0.0
6402,GILGFVFTL,10x,5,0.37158543,0.0
3812,GLCTLVAML,swapped_3039,5,0.00067242683,0.0
1458,NLVPMVATV,swapped_178,5,0.00018117212,0.0
1226,NLVPMVATV,swapped_160,5,4.139461e-05,0.0
2501,GLCTLVAML,swapped_1671,5,0.21832262,0.0
4185,GILGFVFTL,positive,5,0.9991449,1.0
34,GILGFVFTL,positive,5,0.99999034,1.0
3152,NLVPMVATV,10x,5,0.30446875,0.0
3869,NLVPMVATV,swapped_2989,5,2.2402084e-05,0.0
463,GILGFVFTL,10x,5,0.20109595,0.0
4214,GILGFVFTL,positive,5,0.9999865,1.0
289,GILGFVFTL,positive,5,0.99998224,1.0
4810,GILGFVFTL,10x,5,0.24894334,0.0
3533,GILGFVFTL,10x,5,0.23587103,0.0
2282,GLCTLVAML,10x,5,0.49124467,0.0
2936,GILGFVFTL,positive,5,0.27229008,1.0
5469,NLVPMVATV,swapped_4350,5,5.849357e-05,0.0
5862,GILGFVFTL,positive,5,0.11941267,1.0
662,GILGFVFTL,10x,5,0.2657476,0.0
2511,GLCTLVAML,swapped_1672,5,0.13797109,0.0
864,GILGFVFTL,10x,5,0.39147055,0.0
1963,GLCTLVAML,10x,5,0.26955718,0.0
1220,NLVPMVATV,swapped_196,5,0.034687933,0.0
4858,GILGFVFTL,10x,5,0.38064456,0.0
1843,GILGFVFTL,10x,5,0.12085913,0.0
4606,GILGFVFTL,10x,5,0.13055968,0.0
1522,LLFGYPVYV,swapped_186,5,0.4942965,0.0
5795,GILGFVFTL,positive,5,0.99999154,1.0
2944,NLVPMVATV,positive,5,0.43715334,1.0
2024,GILGFVFTL,10x,5,0.21311899,0.0
5666,NLVPMVATV,swapped_4311,5,0.37998125,0.0
1354,GILGFVFTL,swapped_166,5,0.33716524,0.0
1911,GILGFVFTL,10x,5,0.26472768,0.0
2162,GILGFVFTL,10x,5,0.9929426,0.0
3440,GILGFVFTL,10x,5,0.39737973,0.0
1205,GLCTLVAML,swapped_369,5,0.0003037937,0.0
156,NLVPMVATV,positive,5,0.45531258,1.0
1759,FLYALALLL,positive,5,0.8022232,1.0
400,GILGFVFTL,10x,5,0.44374356,0.0
601,GILGFVFTL,10x,5,0.26122582,0.0
5231,GLCTLVAML,10x,5,0.8179612,0.0
915,GILGFVFTL,10x,5,0.42403185,0.0
2512,NLVPMVATV,swapped_1766,5,0.030234586,0.0
2938,GILGFVFTL,positive,5,0.997617,1.0
5868,GILGFVFTL,positive,5,0.29175884,1.0
2518,GILGFVFTL,swapped_1809,5,0.24331751,0.0
2689,GLCTLVAML,swapped_1749,5,0.0114591075,0.0
132,FLYALALLL,positive,5,0.0072086174,1.0
1914,GILGFVFTL,10x,5,0.26363218,0.0
5614,GILGFVFTL,swapped_4439,5,0.35860205,0.0
4228,GILGFVFTL,positive,5,0.15108775,1.0
3390,GILGFVFTL,10x,5,0.1691,0.0
2674,NLVPMVATV,swapped_1788,5,0.04672172,0.0
3294,GILGFVFTL,10x,5,0.12616307,0.0
2232,NLVPMVATV,10x,5,0.32375592,0.0
3195,GILGFVFTL,10x,5,0.47427607,0.0
2746,GILGFVFTL,positive,5,0.5211353,1.0
4960,RTLNAWVKV,10x,5,0.4942965,0.0
3157,GILGFVFTL,10x,5,0.17881027,0.0
186,FLYALALLL,positive,5,0.89589626,1.0
634,GILGFVFTL,10x,5,0.10112691,0.0
3253,GILGFVFTL,10x,5,0.40253615,0.0
801,GILGFVFTL,10x,5,0.30497792,0.0
2257,GILGFVFTL,10x,5,0.30903682,0.0
256,GILGFVFTL,positive,5,0.999655,1.0
58,GILGFVFTL,positive,5,0.2777464,1.0
1834,GILGFVFTL,10x,5,0.25390416,0.0
3394,GLCTLVAML,10x,5,0.20976567,0.0
2393,GILGFVFTL,10x,5,0.108325295,0.0
2866,GILGFVFTL,positive,5,0.6466125,1.0
3287,GILGFVFTL,10x,5,0.29516685,0.0
2045,GILGFVFTL,10x,5,0.40142444,0.0
855,GILGFVFTL,10x,5,0.88123107,0.0
5032,GILGFVFTL,10x,5,0.41582057,0.0
6169,GILGFVFTL,10x,5,0.46923485,0.0
365,GILGFVFTL,positive,5,0.9466025,1.0
6481,LLFGYPVYV,10x,5,0.4942965,0.0
2811,GILGFVFTL,positive,5,0.999858,1.0
3386,GLCTLVAML,10x,5,0.22264786,0.0
49,GLCTLVAML,positive,5,0.61831325,1.0
1361,NLVPMVATV,swapped_317,5,2.7019089e-05,0.0
5755,GLCTLVAML,positive,5,0.73213243,1.0
3760,NLVPMVATV,10x,5,0.8934296,0.0
2788,GILGFVFTL,positive,5,0.99998474,1.0
2395,GILGFVFTL,10x,5,0.10495814,0.0
3186,NLVPMVATV,10x,5,0.3742265,0.0
3047,GILGFVFTL,positive,5,0.643327,1.0
4536,FLYALALLL,positive,5,0.91142184,1.0
1704,GLCTLVAML,positive,5,0.76177025,1.0
1118,GILGFVFTL,10x,5,0.1525304,0.0
6423,NLVPMVATV,10x,5,0.49292502,0.0
6741,NLVPMVATV,swapped_5760,5,0.0025106298,0.0
3233,FLYALALLL,10x,5,0.605962,0.0
3383,GILGFVFTL,10x,5,0.39572528,0.0
645,YLLEMLWRL,10x,5,0.4942965,0.0
4029,FLYALALLL,swapped_3022,5,0.27146783,0.0
4141,NLVPMVATV,swapped_2962,5,0.00023650534,0.0
1777,NLVPMVATV,positive,5,0.2841848,1.0
5080,GILGFVFTL,10x,5,0.46957436,0.0
3826,GLCTLVAML,swapped_2701,5,3.4152185e-05,0.0
3346,GLCTLVAML,10x,5,0.4109206,0.0
1420,GILGFVFTL,swapped_171,5,0.19212106,0.0
1399,GLCTLVAML,swapped_151,5,0.00026546,0.0
1807,FLYALALLL,positive,5,0.85182375,1.0
6366,GILGFVFTL,10x,5,0.4786182,0.0
1922,GILGFVFTL,10x,5,0.3016562,0.0
2945,GILGFVFTL,positive,5,0.5577468,1.0
1727,GILGFVFTL,positive,5,0.9898357,1.0
968,GILGFVFTL,10x,5,0.3940893,0.0
1900,NLVPMVATV,10x,5,0.42126533,0.0
4919,GILGFVFTL,10x,5,0.16952492,0.0
2161,GILGFVFTL,10x,5,0.25557268,0.0
4624,GILGFVFTL,10x,5,0.23856115,0.0
3169,GILGFVFTL,10x,5,0.11548845,0.0
5882,SLLMWITQV,positive,5,0.40306476,1.0
5658,GLCTLVAML,swapped_4252,5,0.05615959,0.0
5217,GILGFVFTL,10x,5,0.6576079,0.0
5668,GLCTLVAML,swapped_4381,5,0.00019290116,0.0
3118,GLCTLVAML,10x,5,0.21384685,0.0
1349,RTLNAWVKV,swapped_121,5,0.4621629,0.0
5769,GILGFVFTL,positive,5,0.9858563,1.0
3705,FLYALALLL,10x,5,0.20140532,0.0
1014,GILGFVFTL,10x,5,0.17712812,0.0
2683,FLYALALLL,swapped_1693,5,0.0002350381,0.0
5674,GILGFVFTL,swapped_4451,5,0.34423378,0.0
5176,GILGFVFTL,10x,5,0.06746397,0.0
1283,GLCTLVAML,swapped_145,5,0.022706846,0.0
1700,GILGFVFTL,positive,5,0.997615,1.0
2827,GILGFVFTL,positive,5,0.20564507,1.0
1625,GILGFVFTL,positive,5,0.43428394,1.0
3286,NLVPMVATV,10x,5,0.39425665,0.0
1345,GLCTLVAML,swapped_365,5,0.016008193,0.0
133,GILGFVFTL,positive,5,0.9970193,1.0
4160,GILGFVFTL,swapped_2948,5,0.2245832,0.0
1001,GILGFVFTL,10x,5,0.12761274,0.0
2407,RTLNAWVKV,swapped_1677,5,0.00957553,0.0
235,GILGFVFTL,positive,5,0.9961093,1.0
5737,GLCTLVAML,positive,5,0.95889753,1.0
4397,GILGFVFTL,positive,5,0.8997735,1.0
6882,NLVPMVATV,swapped_5722,5,0.00014468057,0.0
4509,GILGFVFTL,positive,5,0.3508493,1.0
2549,GILGFVFTL,swapped_1770,5,0.13271534,0.0
499,GILGFVFTL,10x,5,0.43072715,0.0
33,GLCTLVAML,positive,5,0.98441494,1.0
6847,GILGFVFTL,swapped_5816,5,0.14707379,0.0
2167,GILGFVFTL,10x,5,0.3194521,0.0
2159,GILGFVFTL,10x,5,0.260533,0.0
5790,FLYALALLL,positive,5,0.9112627,1.0
3055,GILGFVFTL,positive,5,0.9999721,1.0
1677,GILGFVFTL,positive,5,0.9994659,1.0
3893,NLVPMVATV,swapped_2933,5,0.074706085,0.0
3189,GILGFVFTL,10x,5,0.213158,0.0
1802,GILGFVFTL,positive,5,0.9981908,1.0
4143,LLFGYPVYV,swapped_2828,5,0.48759824,0.0
2189,GILGFVFTL,10x,5,0.3992673,0.0
2533,GILGFVFTL,swapped_1689,5,0.2641475,0.0
5969,GILGFVFTL,positive,5,0.85946184,1.0
667,LLFGYPVYV,10x,5,0.49000797,0.0
2525,RMFPNAPYL,swapped_1595,5,0.4942965,0.0
1041,GLCTLVAML,10x,5,1.6940694e-05,0.0
861,GILGFVFTL,10x,5,0.53474617,0.0
3702,GLCTLVAML,10x,5,0.30872753,0.0
1135,GLCTLVAML,10x,5,0.23094048,0.0
3773,GILGFVFTL,10x,5,0.60481304,0.0
6083,GILGFVFTL,10x,5,0.20917262,0.0
3639,GILGFVFTL,10x,5,0.5843514,0.0
3594,GILGFVFTL,10x,5,0.19611114,0.0
1115,GILGFVFTL,10x,5,0.24875353,0.0
1370,KVAELVHFL,swapped_323,5,0.4942965,0.0
2670,GLCTLVAML,swapped_1623,5,0.0005157767,0.0
1138,NLVPMVATV,10x,5,0.51494336,0.0
3255,GILGFVFTL,10x,5,0.66487837,0.0
5293,GILGFVFTL,10x,5,0.8789414,0.0
3067,GILGFVFTL,10x,5,0.1217092,0.0
4186,GILGFVFTL,positive,5,0.18375467,1.0
6079,GILGFVFTL,10x,5,0.31646773,0.0
3419,GILGFVFTL,10x,5,0.049800575,0.0
669,GILGFVFTL,10x,5,0.3206991,0.0
3347,GILGFVFTL,10x,5,0.19390376,0.0
5525,GLCTLVAML,swapped_4316,5,0.176092,0.0
1242,RTLNAWVKV,swapped_89,5,0.40441805,0.0
1720,GILGFVFTL,positive,5,0.7288869,1.0
5527,GLCTLVAML,swapped_4186,5,0.849304,0.0
3956,NLVPMVATV,swapped_3028,5,0.2301325,0.0
5276,GILGFVFTL,10x,5,0.3076338,0.0
4130,NLVPMVATV,swapped_2761,5,0.009626249,0.0
2253,GILGFVFTL,10x,5,0.17398293,0.0
2524,GILGFVFTL,swapped_1723,5,0.5487011,0.0
4267,GILGFVFTL,positive,5,0.99979824,1.0
1084,IMDQVPFSV,10x,5,0.4942965,0.0
4431,NLVPMVATV,positive,5,0.320949,1.0
2801,GILGFVFTL,positive,5,0.9568574,1.0
5456,NLVPMVATV,swapped_4180,5,1.6085769e-05,0.0
3892,GLCTLVAML,swapped_2793,5,3.179306e-05,0.0
3856,NLVPMVATV,swapped_2725,5,0.00032055,0.0
4824,GILGFVFTL,10x,5,0.28527826,0.0
6575,GILGFVFTL,10x,5,0.26908022,0.0
2901,GILGFVFTL,positive,5,0.4001497,1.0
47,GILGFVFTL,positive,5,0.3169233,1.0
2898,SLFNTVATL,positive,5,0.58379304,1.0
1121,NLVPMVATV,10x,5,0.40134192,0.0
5970,NLVPMVATV,positive,5,0.36966056,1.0
2662,YLLEMLWRL,swapped_1554,5,0.09149044,0.0
5288,GILGFVFTL,10x,5,0.14873965,0.0
2509,GILGFVFTL,swapped_1736,5,0.16595165,0.0
392,GILGFVFTL,10x,5,0.084897414,0.0
2860,GILGFVFTL,positive,5,0.99992585,1.0
6418,GILGFVFTL,10x,5,0.15109904,0.0
627,GLCTLVAML,10x,5,0.1476251,0.0
2199,GLCTLVAML,10x,5,0.09675014,0.0
5211,GILGFVFTL,10x,5,0.10242394,0.0
4869,GILGFVFTL,10x,5,0.37598637,0.0
249,GILGFVFTL,positive,5,0.9999893,1.0
6721,GLCTLVAML,swapped_5809,5,0.12221285,0.0
1514,LLFGYPVYV,swapped_229,5,0.002817812,0.0
2328,GILGFVFTL,10x,5,0.45777172,0.0
1990,GILGFVFTL,10x,5,0.13952044,0.0
4976,GILGFVFTL,10x,5,0.15251793,0.0
4083,GLCTLVAML,swapped_2859,5,0.015427261,0.0
526,GILGFVFTL,10x,5,0.28399596,0.0
6687,GILGFVFTL,swapped_5930,5,0.07691531,0.0
1243,RTLNAWVKV,swapped_320,5,0.00011113313,0.0
1590,GILGFVFTL,positive,5,0.86611706,1.0
2958,GLCTLVAML,positive,5,0.26228544,1.0
4131,KTWGQYWQV,swapped_2811,5,0.00024001343,0.0
4853,GILGFVFTL,10x,5,0.99522346,0.0
4627,GILGFVFTL,10x,5,0.34229615,0.0
6518,GILGFVFTL,10x,5,0.21448909,0.0
5871,GILGFVFTL,positive,5,0.9998394,1.0
2804,FLYALALLL,positive,5,0.84573126,1.0
2051,NLVPMVATV,10x,5,0.51249254,0.0
2799,GILGFVFTL,positive,5,0.54799247,1.0
1490,GILGFVFTL,swapped_169,5,0.31781867,0.0
6068,GLCTLVAML,10x,5,0.30682066,0.0
60,GILGFVFTL,positive,5,0.99626285,1.0
6719,GILGFVFTL,swapped_5878,5,0.072960235,0.0
933,GILGFVFTL,10x,5,0.09801436,0.0
3636,IMDQVPFSV,10x,5,0.46908104,0.0
6013,NLVPMVATV,10x,5,0.49917603,0.0
4238,SLLMWITQV,positive,5,0.5319894,1.0
6345,GLCTLVAML,10x,5,0.26063788,0.0
2783,GILGFVFTL,positive,5,0.84935576,1.0
1737,NLVPMVATV,positive,5,0.8154664,1.0
4364,GILGFVFTL,positive,5,0.8731002,1.0
1302,LLFGYPVYV,swapped_227,5,0.4942965,0.0
3031,GILGFVFTL,positive,5,0.9999634,1.0
3332,GILGFVFTL,10x,5,0.21571927,0.0
6237,GLCTLVAML,10x,5,0.3014604,0.0
4163,NLVPMVATV,swapped_2801,5,0.028392702,0.0
6363,GILGFVFTL,10x,5,0.10568232,0.0
6177,GILGFVFTL,10x,5,0.45595416,0.0
1179,GILGFVFTL,swapped_132,5,0.9399125,0.0
5385,GILGFVFTL,swapped_4199,5,0.08438349,0.0
966,IMDQVPFSV,10x,5,0.4942965,0.0
1503,FLYALALLL,swapped_33,5,0.9811686,0.0
3444,GILGFVFTL,10x,5,0.11965929,0.0
1820,GILGFVFTL,10x,5,0.17535557,0.0
5367,NLVPMVATV,swapped_4390,5,0.22554944,0.0
504,GILGFVFTL,10x,5,0.24069376,0.0
1157,GILGFVFTL,swapped_210,5,0.31065392,0.0
1966,GILGFVFTL,10x,5,0.68908185,0.0
6127,GILGFVFTL,10x,5,0.43986762,0.0
1416,LLFGYPVYV,swapped_19,5,0.2668809,0.0
2695,GILGFVFTL,positive,5,0.9852562,1.0
4311,GILGFVFTL,positive,5,0.29220235,1.0
5216,GILGFVFTL,10x,5,0.12971129,0.0
1846,NLVPMVATV,10x,5,0.41756323,0.0
3918,GLCTLVAML,swapped_2790,5,0.011289043,0.0
1876,GILGFVFTL,10x,5,0.45617422,0.0
4687,RTLNAWVKV,10x,5,0.4942965,0.0
3231,RTLNAWVKV,10x,5,0.4942965,0.0
22,FLYALALLL,positive,5,0.93533915,1.0
437,GILGFVFTL,10x,5,0.35299838,0.0
5159,GILGFVFTL,10x,5,0.12713052,0.0
2482,GLCTLVAML,swapped_1624,5,0.5575668,0.0
5208,GILGFVFTL,10x,5,0.4700332,0.0
4424,GILGFVFTL,positive,5,0.99940646,1.0
4619,GILGFVFTL,10x,5,0.13152257,0.0
1491,GILGFVFTL,swapped_73,5,0.44022903,0.0
4783,GILGFVFTL,10x,5,0.15542348,0.0
190,NLVPMVATV,positive,5,0.30261815,1.0
1919,GILGFVFTL,10x,5,0.081130944,0.0
3405,GILGFVFTL,10x,5,0.32275382,0.0
1991,GILGFVFTL,10x,5,0.1845141,0.0
349,GILGFVFTL,positive,5,0.22146627,1.0
5662,FLYALALLL,swapped_4431,5,0.12888956,0.0
169,NLVPMVATV,positive,5,0.4170712,1.0
1453,GLCTLVAML,swapped_100,5,0.00065015565,0.0
2916,GILGFVFTL,positive,5,0.9999888,1.0
6303,GILGFVFTL,10x,5,0.16239214,0.0
6762,KTWGQYWQV,swapped_5868,5,0.4942965,0.0
4365,GILGFVFTL,positive,5,0.393227,1.0
4646,GILGFVFTL,10x,5,0.11258726,0.0
2763,GILGFVFTL,positive,5,0.99993587,1.0
4662,GILGFVFTL,10x,5,0.39163175,0.0
2032,GILGFVFTL,10x,5,0.69321465,0.0
6773,NLVPMVATV,swapped_5871,5,0.00029371315,0.0
2430,GILGFVFTL,swapped_1547,5,0.12940048,0.0
5530,GLCTLVAML,swapped_4445,5,0.073085524,0.0
1455,GLCTLVAML,swapped_58,5,0.31282836,0.0
1773,GILGFVFTL,positive,5,0.12746082,1.0
6306,GILGFVFTL,10x,5,0.4181277,0.0
3140,GLCTLVAML,10x,5,0.22011153,0.0
5294,GILGFVFTL,10x,5,0.50566584,0.0
4243,GILGFVFTL,positive,5,0.99999046,1.0
890,GILGFVFTL,10x,5,0.40779963,0.0
6031,GILGFVFTL,10x,5,0.14966333,0.0
3954,GLCTLVAML,swapped_2851,5,0.20744373,0.0
3914,GLCTLVAML,swapped_2882,5,0.021349084,0.0
2691,NLVPMVATV,swapped_1600,5,0.37504086,0.0
6708,GLCTLVAML,swapped_5825,5,3.946535e-05,0.0
2114,GILGFVFTL,10x,5,0.50568515,0.0
4571,GILGFVFTL,10x,5,0.4390269,0.0
5013,GILGFVFTL,10x,5,0.20401017,0.0
734,SLLMWITQV,10x,5,0.3823821,0.0
96,GILGFVFTL,positive,5,0.26195726,1.0
2185,NLVPMVATV,10x,5,0.5304556,0.0
491,NLVPMVATV,10x,5,0.5004851,0.0
4375,GILGFVFTL,positive,5,0.99989605,1.0
4178,GILGFVFTL,positive,5,0.13483843,1.0
5062,GILGFVFTL,10x,5,0.46479988,0.0
1169,RTLNAWVKV,swapped_47,5,0.48084763,0.0
872,GILGFVFTL,10x,5,0.32342473,0.0
5086,GILGFVFTL,10x,5,0.2832954,0.0
2588,GILGFVFTL,swapped_1739,5,0.095391855,0.0
5731,GILGFVFTL,positive,5,0.9867225,1.0
3741,GLCTLVAML,10x,5,0.065568455,0.0
2381,NLVPMVATV,10x,5,0.5366587,0.0
3041,GLCTLVAML,positive,5,0.93166363,1.0
6151,GILGFVFTL,10x,5,0.0651303,0.0
4795,NLVPMVATV,10x,5,0.4202317,0.0
3326,GILGFVFTL,10x,5,0.15998614,0.0
2851,GILGFVFTL,positive,5,0.48043773,1.0
323,GILGFVFTL,positive,5,0.24960268,1.0
5151,GILGFVFTL,10x,5,0.49825737,0.0
6001,GLCTLVAML,positive,5,0.71456957,1.0
5990,GILGFVFTL,positive,5,0.9991627,1.0
3969,GLCTLVAML,swapped_2846,5,7.8765144e-05,0.0
4580,GILGFVFTL,10x,5,0.36369923,0.0
2789,GILGFVFTL,positive,5,0.993364,1.0
4891,GILGFVFTL,10x,5,0.40675604,0.0
5195,GILGFVFTL,10x,5,0.1976635,0.0
1723,NLVPMVATV,positive,5,0.22261895,1.0
5481,GLCTLVAML,swapped_4485,5,0.8496519,0.0
4336,GILGFVFTL,positive,5,0.9974716,1.0
3278,GLCTLVAML,10x,5,0.07799967,0.0
5728,KTWGQYWQV,positive,5,0.4942965,1.0
5930,NLVPMVATV,positive,5,0.67313915,1.0
4118,GLCTLVAML,swapped_2866,5,0.057422094,0.0
3779,GILGFVFTL,10x,5,0.6691552,0.0
1324,MLDLQPETT,swapped_379,5,0.00224695,0.0
5974,GILGFVFTL,positive,5,0.53880334,1.0
5286,GILGFVFTL,10x,5,0.19705822,0.0
6594,GLCTLVAML,10x,5,0.20377444,0.0
6664,NLVPMVATV,swapped_5720,5,0.41024274,0.0
1020,GILGFVFTL,10x,5,0.18569787,0.0
3160,RMFPNAPYL,10x,5,0.40898776,0.0
2725,GILGFVFTL,positive,5,0.9998252,1.0
4512,GLCTLVAML,positive,5,0.81576437,1.0
111,GILGFVFTL,positive,5,0.9994611,1.0
1340,GLCTLVAML,swapped_167,5,0.14742845,0.0
4034,NLVPMVATV,swapped_2817,5,4.90309e-05,0.0
2832,GILGFVFTL,positive,5,0.99988747,1.0
6335,GILGFVFTL,10x,5,0.17403352,0.0
6657,NLVPMVATV,swapped_5981,5,0.45410475,0.0
3126,GILGFVFTL,10x,5,0.091399506,0.0
6865,GILGFVFTL,swapped_5776,5,0.1469624,0.0
217,GILGFVFTL,positive,5,0.81450516,1.0
3215,GILGFVFTL,10x,5,0.52104276,0.0
451,GILGFVFTL,10x,5,0.7344939,0.0
4321,GILGFVFTL,positive,5,0.99990785,1.0
6166,GILGFVFTL,10x,5,0.49110767,0.0
3910,GLCTLVAML,swapped_2698,5,0.63843244,0.0
5697,GLCTLVAML,swapped_4538,5,0.33834833,0.0
1310,FLYALALLL,swapped_283,5,0.0004667017,0.0
2110,LLFGYPVYV,10x,5,0.4942965,0.0
4374,GILGFVFTL,positive,5,0.99976367,1.0
6725,NLVPMVATV,swapped_5728,5,0.46206883,0.0
4040,GLCTLVAML,swapped_2794,5,0.022014707,0.0
4180,GILGFVFTL,positive,5,0.9999888,1.0
6668,GLCTLVAML,swapped_5862,5,0.17269495,0.0
2973,GILGFVFTL,positive,5,0.99990404,1.0
5314,RTLNAWVKV,10x,5,0.4942965,0.0
4390,GILGFVFTL,positive,5,0.6241803,1.0
5722,GILGFVFTL,positive,5,0.9999144,1.0
6510,GLCTLVAML,10x,5,0.006408085,0.0
4502,GILGFVFTL,positive,5,0.9998735,1.0
6696,GLCTLVAML,swapped_5707,5,6.884935e-05,0.0
980,NLVPMVATV,10x,5,0.4443323,0.0
4067,NLVPMVATV,swapped_2808,5,0.20819314,0.0
3339,GILGFVFTL,10x,5,0.18252404,0.0
2467,GLCTLVAML,swapped_1742,5,2.1018184e-05,0.0
406,GILGFVFTL,10x,5,0.14259425,0.0
6874,GILGFVFTL,swapped_5970,5,0.036672,0.0
1339,GLCTLVAML,swapped_354,5,0.00014474074,0.0
3763,GILGFVFTL,10x,5,0.4531439,0.0
421,LLFGYPVYV,10x,5,0.4942965,0.0
5629,GLCTLVAML,swapped_4536,5,0.9067951,0.0
4137,KTWGQYWQV,swapped_2912,5,0.4942965,0.0
4281,GILGFVFTL,positive,5,0.9349629,1.0
3056,GILGFVFTL,positive,5,0.9939511,1.0
1233,GLCTLVAML,swapped_86,5,0.00014065436,0.0
5588,GILGFVFTL,swapped_4427,5,0.09124886,0.0
1872,GILGFVFTL,10x,5,0.1465673,0.0
2698,GILGFVFTL,positive,5,0.16129117,1.0
2823,GILGFVFTL,positive,5,0.99897003,1.0
1313,GLCTLVAML,swapped_352,5,0.0012186378,0.0
4613,GILGFVFTL,10x,5,0.32042822,0.0
3542,GILGFVFTL,10x,5,0.28563437,0.0
1825,GLCTLVAML,10x,5,0.33584073,0.0
6243,GILGFVFTL,10x,5,0.38772973,0.0
1714,NLVPMVATV,positive,5,0.5047242,1.0
3420,GLCTLVAML,10x,5,0.19891118,0.0
3241,GILGFVFTL,10x,5,0.3831739,0.0
2147,GILGFVFTL,10x,5,0.37827066,0.0
1736,NLVPMVATV,positive,5,0.9233198,1.0
3019,GILGFVFTL,positive,5,0.9999573,1.0
3665,GILGFVFTL,10x,5,0.3695006,0.0
6576,FLYALALLL,10x,5,0.23588395,0.0
2329,NLVPMVATV,10x,5,0.4036048,0.0
1946,GLCTLVAML,10x,5,0.75325423,0.0
6612,GLCTLVAML,swapped_5875,5,0.00058307726,0.0
2853,GILGFVFTL,positive,5,0.9999572,1.0
4139,GILGFVFTL,swapped_3041,5,0.1655211,0.0
4354,GILGFVFTL,positive,5,0.99994445,1.0
6039,GILGFVFTL,10x,5,0.05812769,0.0
3717,GILGFVFTL,10x,5,0.413927,0.0
1469,GLCTLVAML,swapped_290,5,0.00249735,0.0
2808,GILGFVFTL,positive,5,0.48513123,1.0
4505,GLCTLVAML,positive,5,0.93016475,1.0
1188,RTLNAWVKV,swapped_308,5,0.3009204,0.0
551,GILGFVFTL,10x,5,0.39412507,0.0
2213,GILGFVFTL,10x,5,0.30437985,0.0
2831,GILGFVFTL,positive,5,0.9999633,1.0
344,GLCTLVAML,positive,5,0.96816236,1.0
5946,GILGFVFTL,positive,5,0.81066054,1.0
3988,GILGFVFTL,swapped_3008,5,0.06717544,0.0
684,GLCTLVAML,10x,5,0.15714823,0.0
2361,GILGFVFTL,10x,5,0.26439923,0.0
6247,GILGFVFTL,10x,5,0.7754262,0.0
2070,GILGFVFTL,10x,5,0.17313653,0.0
4031,FLYALALLL,swapped_2943,5,6.482237e-05,0.0
1148,NLVPMVATV,swapped_293,5,0.00011050628,0.0
5197,GILGFVFTL,10x,5,0.12961416,0.0
4056,RMFPNAPYL,swapped_2853,5,7.055801e-05,0.0
1208,GLCTLVAML,swapped_217,5,0.054040175,0.0
926,GILGFVFTL,10x,5,0.1509609,0.0
3970,GILGFVFTL,swapped_2804,5,0.245536,0.0
1547,GLCTLVAML,positive,5,0.9721773,1.0
6040,GILGFVFTL,10x,5,0.08215535,0.0
150,GILGFVFTL,positive,5,0.9999596,1.0
5606,GILGFVFTL,swapped_4471,5,0.16729096,0.0
6904,GILGFVFTL,swapped_5737,5,0.0940379,0.0
1693,GILGFVFTL,positive,5,0.9999869,1.0
3983,KVLEYVIKV,swapped_2888,5,0.43245837,0.0
2209,NLVPMVATV,10x,5,0.5574956,0.0
4277,GILGFVFTL,positive,5,0.9997838,1.0
19,GILGFVFTL,positive,5,0.92960316,1.0
3706,GILGFVFTL,10x,5,0.29539865,0.0
1930,NLVPMVATV,10x,5,0.3641822,0.0
1389,GILGFVFTL,swapped_18,5,0.091194905,0.0
4381,GILGFVFTL,positive,5,0.9904828,1.0
2828,FLYALALLL,positive,5,0.35408857,1.0
317,GILGFVFTL,positive,5,0.99997675,1.0
137,NLVPMVATV,positive,5,0.49597654,1.0
514,GILGFVFTL,10x,5,0.41570997,0.0
397,RMFPNAPYL,10x,5,0.4942965,0.0
6353,GILGFVFTL,10x,5,0.53206223,0.0
45,GILGFVFTL,positive,5,0.99998665,1.0
3292,SLFNTVATL,10x,5,0.51036936,0.0
2160,FLYALALLL,10x,5,0.17509875,0.0
6429,SLFNTVATL,10x,5,0.3999462,0.0
1431,FLYALALLL,swapped_362,5,0.38446268,0.0
4915,GILGFVFTL,10x,5,0.91916627,0.0
141,GILGFVFTL,positive,5,0.9890164,1.0
1381,NLVPMVATV,swapped_289,5,4.2827363e-05,0.0
6563,NLVPMVATV,10x,5,0.37201834,0.0
2012,GILGFVFTL,10x,5,0.63949966,0.0
227,GILGFVFTL,positive,5,0.13480164,1.0
542,GILGFVFTL,10x,5,0.3118749,0.0
3351,NLVPMVATV,10x,5,0.54133123,0.0
6100,GILGFVFTL,10x,5,0.3349825,0.0
3829,LLFGYPVYV,swapped_3051,5,0.00018242921,0.0
2989,GILGFVFTL,positive,5,0.9999875,1.0
704,GLCTLVAML,10x,5,0.27335492,0.0
242,GILGFVFTL,positive,5,0.9993333,1.0
1862,GILGFVFTL,10x,5,0.18986113,0.0
5306,GILGFVFTL,10x,5,0.3852133,0.0
6274,GILGFVFTL,10x,5,0.22498213,0.0
1837,RMFPNAPYL,10x,5,0.4942965,0.0
3266,GILGFVFTL,10x,5,0.40513787,0.0
4849,GILGFVFTL,10x,5,0.493957,0.0
5717,GILGFVFTL,positive,5,0.99988174,1.0
191,GILGFVFTL,positive,5,0.99910223,1.0
1850,GILGFVFTL,10x,5,0.08566092,0.0
5870,GILGFVFTL,positive,5,0.99998677,1.0
1854,NLVPMVATV,10x,5,0.42448395,0.0
107,GILGFVFTL,positive,5,0.9999007,1.0
685,GILGFVFTL,10x,5,0.27016297,0.0
4350,GILGFVFTL,positive,5,0.9999299,1.0
4771,GILGFVFTL,10x,5,0.33702883,0.0
3671,GILGFVFTL,10x,5,0.27324197,0.0
6327,NLVPMVATV,10x,5,0.47117144,0.0
352,GILGFVFTL,positive,5,0.98738897,1.0
2072,NLVPMVATV,10x,5,0.448683,0.0
5146,GILGFVFTL,10x,5,0.17465165,0.0
6709,GILGFVFTL,swapped_5755,5,0.19931123,0.0
6336,GLCTLVAML,10x,5,0.21250707,0.0
2255,GILGFVFTL,10x,5,0.048752487,0.0
6796,GILGFVFTL,swapped_5989,5,0.23706126,0.0
1176,RTLNAWVKV,swapped_242,5,0.0039729737,0.0
5979,GILGFVFTL,positive,5,0.9999671,1.0
5903,GILGFVFTL,positive,5,0.99965346,1.0
2830,GILGFVFTL,positive,5,0.314205,1.0
1329,NLVPMVATV,swapped_55,5,0.7089065,0.0
92,GILGFVFTL,positive,5,0.9991997,1.0
293,GILGFVFTL,positive,5,0.9999914,1.0
6128,GILGFVFTL,10x,5,0.22183403,0.0
3569,GILGFVFTL,10x,5,0.1837472,0.0
3447,GILGFVFTL,10x,5,0.14430533,0.0
379,GILGFVFTL,positive,5,0.9946273,1.0
5229,GILGFVFTL,10x,5,0.08063995,0.0
100,GILGFVFTL,positive,5,0.99308044,1.0
1552,GLCTLVAML,positive,5,0.75344115,1.0
3999,GILGFVFTL,swapped_2869,5,0.09793002,0.0
4546,GILGFVFTL,positive,5,0.99998784,1.0
1131,GILGFVFTL,10x,5,0.4873695,0.0
5233,GILGFVFTL,10x,5,0.11202352,0.0
1429,MLDLQPETT,swapped_45,5,2.0367024e-06,0.0
2173,GILGFVFTL,10x,5,0.13901098,0.0
1921,NLVPMVATV,10x,5,0.37058857,0.0
6844,SLFNTVATL,swapped_5870,5,4.488549e-07,0.0
675,GILGFVFTL,10x,5,0.50056326,0.0
5693,GLCTLVAML,swapped_4205,5,0.12709437,0.0
3495,GLCTLVAML,10x,5,0.2221284,0.0
2676,GILGFVFTL,swapped_1737,5,0.09643969,0.0
3436,GILGFVFTL,10x,5,0.13590217,0.0
4962,GILGFVFTL,10x,5,0.33119962,0.0
1214,NLVPMVATV,swapped_241,5,0.027807752,0.0
537,GILGFVFTL,10x,5,0.3686548,0.0
6131,SLLMWITQV,10x,5,0.39057967,0.0
460,GLCTLVAML,10x,5,0.13940054,0.0
1867,GILGFVFTL,10x,5,0.21004245,0.0
6052,NLVPMVATV,10x,5,0.35011193,0.0
1592,GLCTLVAML,positive,5,0.9709914,1.0
6153,GILGFVFTL,10x,5,0.2018512,0.0
2036,RTLNAWVKV,10x,5,0.12304908,0.0
3586,GLCTLVAML,10x,5,0.49629444,0.0
1788,GILGFVFTL,positive,5,0.96098787,1.0
4015,NLVPMVATV,swapped_2898,5,0.597387,0.0
3250,GLCTLVAML,10x,5,0.09571366,0.0
4944,GILGFVFTL,10x,5,0.37312287,0.0
5369,GLCTLVAML,swapped_4185,5,0.0026826079,0.0
6082,GILGFVFTL,10x,5,0.13400526,0.0
1999,GILGFVFTL,10x,5,0.25539732,0.0
290,GILGFVFTL,positive,5,0.999382,1.0
4003,GLCTLVAML,swapped_2884,5,0.01779842,0.0
73,KVLEYVIKV,positive,5,0.4942965,1.0
5809,GILGFVFTL,positive,5,0.5875142,1.0
3280,NLVPMVATV,10x,5,0.41279027,0.0
6201,GILGFVFTL,10x,5,0.593003,0.0
1126,GILGFVFTL,10x,5,0.17693049,0.0
2699,GLCTLVAML,positive,5,0.9861049,1.0
5641,LLFGYPVYV,swapped_4238,5,0.4942965,0.0
4471,NLVPMVATV,positive,5,0.6595992,1.0
6571,GILGFVFTL,10x,5,0.10708336,0.0
6252,GILGFVFTL,10x,5,0.1300146,0.0
6147,GILGFVFTL,10x,5,0.36779428,0.0
5560,RMFPNAPYL,swapped_4502,5,0.00061611517,0.0
6281,NLVPMVATV,10x,5,0.2811942,0.0
3995,NLVPMVATV,swapped_3055,5,1.0592803e-05,0.0
2200,KTWGQYWQV,10x,5,0.1636703,0.0
5028,GILGFVFTL,10x,5,0.33552447,0.0
1726,GILGFVFTL,positive,5,0.27195713,1.0
938,GLCTLVAML,10x,5,0.3664945,0.0
6801,GILGFVFTL,swapped_5882,5,0.3716527,0.0
4522,GILGFVFTL,positive,5,0.997928,1.0
4464,NLVPMVATV,positive,5,0.74906594,1.0
2260,GILGFVFTL,10x,5,0.2810664,0.0
5479,GILGFVFTL,swapped_4342,5,0.1466147,0.0
2059,GILGFVFTL,10x,5,0.40390876,0.0
2817,GILGFVFTL,positive,5,0.9999703,1.0
3698,GILGFVFTL,10x,5,0.46079135,0.0
2551,GILGFVFTL,swapped_1777,5,0.273644,0.0
4445,GILGFVFTL,positive,5,0.74898607,1.0
4215,GILGFVFTL,positive,5,0.99985254,1.0
4661,GILGFVFTL,10x,5,0.18012431,0.0
6479,GILGFVFTL,10x,5,0.14618483,0.0
6056,GLCTLVAML,10x,5,0.21790045,0.0
807,GILGFVFTL,10x,5,0.22029302,0.0
424,GLCTLVAML,10x,5,0.14662871,0.0
4205,GILGFVFTL,positive,5,0.4559243,1.0
462,GILGFVFTL,10x,5,0.3691379,0.0
2807,GILGFVFTL,positive,5,0.22899742,1.0
6431,GILGFVFTL,10x,5,0.32322517,0.0
1929,GILGFVFTL,10x,5,0.08135407,0.0
6156,GILGFVFTL,10x,5,0.22244535,0.0
6425,GLCTLVAML,10x,5,0.17068408,0.0
4201,GILGFVFTL,positive,5,0.15523842,1.0
3303,GILGFVFTL,10x,5,0.24182363,0.0
38,GILGFVFTL,positive,5,0.41771168,1.0
1154,GILGFVFTL,swapped_65,5,0.20183103,0.0
2578,GILGFVFTL,swapped_1675,5,0.25239286,0.0
6034,GLCTLVAML,10x,5,0.5312791,0.0
1709,GILGFVFTL,positive,5,0.99924254,1.0
6523,GILGFVFTL,10x,5,0.7578807,0.0
3932,GILGFVFTL,swapped_2876,5,0.5289003,0.0
1006,GILGFVFTL,10x,5,0.14126578,0.0
5875,GILGFVFTL,positive,5,0.9910669,1.0
3725,GILGFVFTL,10x,5,0.15125802,0.0
6149,GILGFVFTL,10x,5,0.3823924,0.0
2646,NLVPMVATV,swapped_1625,5,0.6430755,0.0
1198,LLFGYPVYV,swapped_191,5,0.006413443,0.0
1770,NLVPMVATV,positive,5,0.37301293,1.0
6319,GILGFVFTL,10x,5,0.16685855,0.0
975,GILGFVFTL,10x,5,0.3035905,0.0
5403,GLCTLVAML,swapped_4277,5,0.00020358086,0.0
578,GLCTLVAML,10x,5,0.45938686,0.0
1289,NLVPMVATV,swapped_187,5,0.0017271561,0.0
4623,LLFGYPVYV,10x,5,0.4942965,0.0
5760,GILGFVFTL,positive,5,0.99637175,1.0
2026,GILGFVFTL,10x,5,0.12917693,0.0
3104,RTLNAWVKV,10x,5,0.4942965,0.0
2992,GILGFVFTL,positive,5,0.99619967,1.0
1379,LLFGYPVYV,swapped_341,5,0.49423766,0.0
5686,RMFPNAPYL,swapped_4295,5,5.7014757e-05,0.0
6120,GLCTLVAML,10x,5,0.17633522,0.0
4886,GILGFVFTL,10x,5,0.42158583,0.0
4078,RTLNAWVKV,swapped_2852,5,0.64774525,0.0
5932,GILGFVFTL,positive,5,0.6735858,1.0
1088,GILGFVFTL,10x,5,0.06654497,0.0
4515,GILGFVFTL,positive,5,0.93437403,1.0
576,GILGFVFTL,10x,5,0.15421322,0.0
3150,GLCTLVAML,10x,5,0.5666721,0.0
1253,FLYALALLL,swapped_247,5,0.00057036406,0.0
987,NLVPMVATV,10x,5,0.34976444,0.0
203,GILGFVFTL,positive,5,0.11445587,1.0
757,GLCTLVAML,10x,5,0.52556425,0.0
741,GILGFVFTL,10x,5,0.15410435,0.0
35,GILGFVFTL,positive,5,0.18933105,1.0
2348,GILGFVFTL,10x,5,0.3064062,0.0
1153,NLVPMVATV,swapped_133,5,0.010050471,0.0
6465,GLCTLVAML,10x,5,0.26255655,0.0
5631,FLYALALLL,swapped_4555,5,0.20932944,0.0
1272,GLCTLVAML,swapped_309,5,0.00018111925,0.0
1318,GLCTLVAML,swapped_24,5,0.00034474634,0.0
1595,GILGFVFTL,positive,5,0.20575757,1.0
1739,GLCTLVAML,positive,5,0.98656255,1.0
2444,GILGFVFTL,swapped_1686,5,0.35813266,0.0
556,GILGFVFTL,10x,5,0.44120997,0.0
956,RTLNAWVKV,10x,5,0.4942965,0.0
5860,GILGFVFTL,positive,5,0.99168277,1.0
1164,GLCTLVAML,swapped_42,5,0.0001215733,0.0
4005,NLVPMVATV,swapped_3044,5,3.0777446e-05,0.0
3225,GILGFVFTL,10x,5,0.27295414,0.0
2529,GLCTLVAML,swapped_1773,5,0.20617822,0.0
1322,GILGFVFTL,swapped_344,5,0.18013532,0.0
4240,GILGFVFTL,positive,5,0.7900079,1.0
3622,GILGFVFTL,10x,5,0.5429441,0.0
3579,LLFGYPVYV,10x,5,0.4942965,0.0
5945,GILGFVFTL,positive,5,0.8976703,1.0
661,SLFNTVATL,10x,5,0.47583097,0.0
268,GILGFVFTL,positive,5,0.3525955,1.0
1274,LLFGYPVYV,swapped_263,5,0.36560506,0.0
2892,GILGFVFTL,positive,5,0.11280753,1.0
1970,GILGFVFTL,10x,5,0.9245324,0.0
6018,RMFPNAPYL,10x,5,0.4942965,0.0
3825,GLCTLVAML,swapped_2695,5,0.0011135484,0.0
4644,GILGFVFTL,10x,5,0.16911453,0.0
854,GLCTLVAML,10x,5,0.5225676,0.0
5105,GILGFVFTL,10x,5,0.21873845,0.0
5677,GLCTLVAML,swapped_4354,5,7.310641e-05,0.0
5597,GILGFVFTL,swapped_4464,5,0.21430878,0.0
5312,GLCTLVAML,10x,5,0.11772709,0.0
6632,NLVPMVATV,swapped_5795,5,2.3716026e-05,0.0
3922,NLVPMVATV,swapped_2938,5,0.0002959241,0.0
1702,GILGFVFTL,positive,5,0.99997723,1.0
5115,GILGFVFTL,10x,5,0.13458122,0.0
6316,GILGFVFTL,10x,5,0.102739654,0.0
4439,GLCTLVAML,positive,5,0.46114123,1.0
763,GILGFVFTL,10x,5,0.118392065,0.0
6016,GILGFVFTL,10x,5,0.14507122,0.0
4716,GLCTLVAML,10x,5,0.40442914,0.0
4882,GILGFVFTL,10x,5,0.370376,0.0
3560,GILGFVFTL,10x,5,0.38151056,0.0
6265,GLCTLVAML,10x,5,0.13013646,0.0
5876,GLCTLVAML,positive,5,0.7743116,1.0
5042,GILGFVFTL,10x,5,0.23107117,0.0
3130,NLVPMVATV,10x,5,0.43643796,0.0
2900,GILGFVFTL,positive,5,0.45844167,1.0
1428,GLCTLVAML,swapped_331,5,0.0019438936,0.0
2237,GILGFVFTL,10x,5,0.3145175,0.0
3941,GLCTLVAML,swapped_2789,5,0.0006419194,0.0
362,GILGFVFTL,positive,5,0.15823679,1.0
6360,GILGFVFTL,10x,5,0.25870484,0.0
2895,GILGFVFTL,positive,5,0.9997634,1.0
6261,GILGFVFTL,10x,5,0.39823672,0.0
3068,GILGFVFTL,10x,5,0.43682367,0.0
5243,MLDLQPETT,10x,5,0.4942965,0.0
3101,GILGFVFTL,10x,5,0.104295164,0.0
1056,GLCTLVAML,10x,5,0.2469958,0.0
5182,GILGFVFTL,10x,5,0.20057692,0.0
1244,NLVPMVATV,swapped_150,5,9.796806e-05,0.0
2155,GILGFVFTL,10x,5,0.18499842,0.0
4252,GILGFVFTL,positive,5,0.4351639,1.0
4850,GILGFVFTL,10x,5,0.13735393,0.0
2948,NLVPMVATV,positive,5,0.34329563,1.0
354,GILGFVFTL,positive,5,0.9999901,1.0
1279,GLCTLVAML,swapped_34,5,0.00018944102,0.0
2122,GILGFVFTL,10x,5,0.14217846,0.0
3272,GILGFVFTL,10x,5,0.079371795,0.0
4705,GILGFVFTL,10x,5,0.116625406,0.0
6076,RMFPNAPYL,10x,5,0.4942965,0.0
2368,GILGFVFTL,10x,5,0.81905556,0.0
3692,GILGFVFTL,10x,5,0.33734137,0.0
2451,KTWGQYWQV,swapped_1720,5,0.38232493,0.0
5520,MLDLQPETT,swapped_4243,5,5.262593e-06,0.0
4991,GILGFVFTL,10x,5,0.1085652,0.0
4463,GILGFVFTL,positive,5,0.99540603,1.0
518,NLVPMVATV,10x,5,0.14134504,0.0
145,GILGFVFTL,positive,5,0.64261216,1.0
4634,GILGFVFTL,10x,5,0.082336724,0.0
3172,FLYALALLL,10x,5,0.7523233,0.0
696,GLCTLVAML,10x,5,0.24036123,0.0
6170,GILGFVFTL,10x,5,0.066059336,0.0
4312,GILGFVFTL,positive,5,0.99982977,1.0
5604,GLCTLVAML,swapped_4397,5,0.021560399,0.0
4268,GLCTLVAML,positive,5,0.98377,1.0
1498,NLVPMVATV,swapped_60,5,0.010287563,0.0
5071,NLVPMVATV,10x,5,0.31316012,0.0
2869,GLCTLVAML,positive,5,0.5467296,1.0
3409,GILGFVFTL,10x,5,0.17230654,0.0
1010,GILGFVFTL,10x,5,0.10221313,0.0
457,GILGFVFTL,10x,5,0.43374592,0.0
6216,GILGFVFTL,10x,5,0.24527043,0.0
2035,LLFGYPVYV,10x,5,0.4942965,0.0
6903,RTLNAWVKV,swapped_5717,5,0.00047241608,0.0
4328,GILGFVFTL,positive,5,0.687218,1.0
5109,NLVPMVATV,10x,5,0.44778457,0.0
3200,GILGFVFTL,10x,5,0.23901974,0.0
1778,GILGFVFTL,positive,5,0.99743503,1.0
2888,GILGFVFTL,positive,5,0.68545276,1.0
4905,GILGFVFTL,10x,5,0.59374267,0.0
754,GILGFVFTL,10x,5,0.46307892,0.0
2505,NLVPMVATV,swapped_1690,5,0.46960843,0.0
1078,SLLMWITQV,10x,5,0.52148163,0.0
5660,GILGFVFTL,swapped_4535,5,0.105677254,0.0
3333,FLYALALLL,10x,5,0.10445341,0.0
6183,GLCTLVAML,10x,5,0.047441762,0.0
336,GILGFVFTL,positive,5,0.9998987,1.0
341,GILGFVFTL,positive,5,0.053535156,1.0
1069,GILGFVFTL,10x,5,0.47614336,0.0
6291,GILGFVFTL,10x,5,0.46536994,0.0
3751,NLVPMVATV,10x,5,0.47010326,0.0
309,GILGFVFTL,positive,5,0.9999759,1.0
2372,LLFGYPVYV,10x,5,0.4942965,0.0
3765,GILGFVFTL,10x,5,0.6448715,0.0
3028,GILGFVFTL,positive,5,0.77285475,1.0
4722,GILGFVFTL,10x,5,0.5549938,0.0
1298,KVLEYVIKV,swapped_268,5,0.4942965,0.0
3361,GLCTLVAML,10x,5,0.36563784,0.0
5249,RTLNAWVKV,10x,5,0.4942965,0.0
5223,GILGFVFTL,10x,5,0.30049726,0.0
6443,GILGFVFTL,10x,5,0.08647019,0.0
5430,NLVPMVATV,swapped_4356,5,4.9624683e-05,0.0
5529,RTLNAWVKV,swapped_4321,5,0.00015552093,0.0
2460,NLVPMVATV,swapped_1776,5,0.49148056,0.0
393,GLCTLVAML,10x,5,0.2981146,0.0
1776,GILGFVFTL,positive,5,0.14006913,1.0
1690,GLCTLVAML,positive,5,0.34200493,1.0
3022,GILGFVFTL,positive,5,0.29848996,1.0
5432,RTLNAWVKV,swapped_4515,5,0.1430103,0.0
5680,GLCTLVAML,swapped_4522,5,0.00044274845,0.0
4780,GILGFVFTL,10x,5,0.4322099,0.0
2635,RTLNAWVKV,swapped_1800,5,0.2528576,0.0
2269,GILGFVFTL,10x,5,0.33071202,0.0
485,GILGFVFTL,10x,5,0.2969736,0.0
5439,RMFPNAPYL,swapped_4365,5,0.4942965,0.0
5650,NLVPMVATV,swapped_4499,5,0.00013795805,0.0
4451,IMDQVPFSV,positive,5,0.4942965,1.0
3985,KTWGQYWQV,swapped_2945,5,0.4942965,0.0
6808,NLVPMVATV,swapped_5945,5,0.09772582,0.0
42,GILGFVFTL,positive,5,0.9999566,1.0
5418,NLVPMVATV,swapped_4521,5,0.00022823364,0.0
3920,NLVPMVATV,swapped_3056,5,0.0710171,0.0
6167,RTLNAWVKV,10x,5,0.4942965,0.0
3921,NLVPMVATV,swapped_2977,5,1.5619742e-05,0.0
3222,GILGFVFTL,10x,5,0.15341973,0.0
263,GILGFVFTL,positive,5,0.93731064,1.0
3368,LLFGYPVYV,10x,5,0.4942965,0.0
3701,GILGFVFTL,10x,5,0.7918414,0.0
2443,SLLMWITQV,swapped_1700,5,0.031038316,0.0
5664,GLCTLVAML,swapped_4546,5,2.4962254e-05,0.0
6148,GILGFVFTL,10x,5,0.37571055,0.0
4584,YLLEMLWRL,10x,5,0.39298967,0.0
2793,GILGFVFTL,positive,5,0.99998844,1.0
2492,KTWGQYWQV,swapped_1709,5,0.004910832,0.0
3685,GILGFVFTL,10x,5,0.5863239,0.0
1215,NLVPMVATV,swapped_257,5,0.10954861,0.0
4360,GILGFVFTL,positive,5,0.8250614,1.0
1319,GLCTLVAML,swapped_251,5,0.1210916,0.0
2296,GLCTLVAML,10x,5,0.20066035,0.0
918,GILGFVFTL,10x,5,0.09109065,0.0
1403,GLCTLVAML,swapped_235,5,0.00033752862,0.0
2469,MLDLQPETT,swapped_1726,5,0.47315183,0.0
3732,GILGFVFTL,10x,5,0.50371975,0.0
869,GILGFVFTL,10x,5,0.1345857,0.0
3450,GILGFVFTL,10x,5,0.084419146,0.0
931,MLDLQPETT,10x,5,0.4942965,0.0
3641,GILGFVFTL,10x,5,0.34930488,0.0
3674,GILGFVFTL,10x,5,0.32703573,0.0
2459,GLCTLVAML,swapped_1790,5,0.5115848,0.0
5345,SLLMWITQV,swapped_4178,5,0.45187187,0.0
3882,GLCTLVAML,swapped_2895,5,2.787488e-05,0.0
2794,GILGFVFTL,positive,5,0.8597227,1.0
5748,GILGFVFTL,positive,5,0.5220993,1.0
4273,GILGFVFTL,positive,5,0.99990237,1.0
1297,GILGFVFTL,swapped_330,5,0.13514684,0.0
3567,NLVPMVATV,10x,5,0.45555124,0.0
6764,FLYALALLL,swapped_5860,5,0.007380092,0.0
690,SLFNTVATL,10x,5,0.1694182,0.0
2882,GILGFVFTL,positive,5,0.93945163,1.0
3252,GLCTLVAML,10x,5,0.25077662,0.0
594,FLYALALLL,10x,5,0.14662492,0.0
1087,GILGFVFTL,10x,5,0.53544456,0.0
6178,NLVPMVATV,10x,5,0.65417665,0.0
187,GILGFVFTL,positive,5,0.9996275,1.0
5720,GILGFVFTL,positive,5,0.24308419,1.0
4121,NLVPMVATV,swapped_2763,5,9.802768e-05,0.0
4129,GLCTLVAML,swapped_2711,5,0.00470606,0.0
2090,GILGFVFTL,10x,5,0.1550333,0.0
6898,GLCTLVAML,swapped_5731,5,0.0009674578,0.0
4951,KTWGQYWQV,10x,5,0.4942965,0.0
5057,GILGFVFTL,10x,5,0.5193465,0.0
1600,GILGFVFTL,positive,5,0.19561318,1.0
6445,GILGFVFTL,10x,5,0.33715516,0.0
6493,GILGFVFTL,10x,5,0.542891,0.0
4873,NLVPMVATV,10x,5,0.450966,0.0
4566,GILGFVFTL,10x,5,0.10725459,0.0
3096,GILGFVFTL,10x,5,0.13846986,0.0
55,GLCTLVAML,positive,5,0.8089759,1.0
3538,GILGFVFTL,10x,5,0.25890443,0.0
3770,GILGFVFTL,10x,5,0.45861757,0.0
3973,LLFGYPVYV,swapped_2792,5,4.7616806e-05,0.0
2859,GILGFVFTL,positive,5,0.94143206,1.0
1672,GILGFVFTL,positive,5,0.714546,1.0
5598,SLLMWITQV,swapped_4214,5,3.5209952e-05,0.0
5640,NLVPMVATV,swapped_4273,5,6.0732313e-05,0.0
5636,GLCTLVAML,swapped_4315,5,0.1402808,0.0
3581,NLVPMVATV,10x,5,0.32807365,0.0
4802,GILGFVFTL,10x,5,0.11896802,0.0
4153,GLCTLVAML,swapped_2783,5,0.029352995,0.0
5308,NLVPMVATV,10x,5,0.3446881,0.0
5178,GILGFVFTL,10x,5,0.17893319,0.0
3873,MLDLQPETT,swapped_3047,5,0.40069798,0.0
5144,GILGFVFTL,10x,5,0.29713368,0.0
6854,GLCTLVAML,swapped_5935,5,0.16899742,0.0
196,GILGFVFTL,positive,5,0.978009,1.0
6788,LLFGYPVYV,swapped_6004,5,0.2826988,0.0
2432,GILGFVFTL,swapped_1714,5,0.27549073,0.0
6812,GLCTLVAML,swapped_5748,5,0.08939863,0.0
3181,GILGFVFTL,10x,5,0.26331246,0.0
2203,GILGFVFTL,10x,5,0.3568502,0.0
1749,GILGFVFTL,positive,5,0.9551712,1.0
736,GILGFVFTL,10x,5,0.104982086,0.0
3084,GLCTLVAML,10x,5,0.13940316,0.0
1446,KVAELVHFL,swapped_318,5,0.048357766,0.0
5532,GLCTLVAML,swapped_4509,5,0.3097067,0.0
4485,GILGFVFTL,positive,5,0.22441393,1.0
5128,CLGGLLTMV,10x,5,0.2773166,0.0
4063,NLVPMVATV,swapped_2901,5,0.29605788,0.0
6692,NLVPMVATV,swapped_5903,5,8.431254e-05,0.0
3598,GILGFVFTL,10x,5,0.35840356,0.0
2592,RTLNAWVKV,swapped_1713,5,0.326276,0.0
4222,GILGFVFTL,positive,5,0.99996805,1.0
1364,GLCTLVAML,swapped_111,5,0.0010587344,0.0
4292,GILGFVFTL,positive,5,0.9486079,1.0
887,GLCTLVAML,10x,5,0.17608112,0.0
5667,GLCTLVAML,swapped_4396,5,0.094797395,0.0
911,GILGFVFTL,10x,5,0.17490292,0.0
2088,GILGFVFTL,10x,5,0.294766,0.0
2398,RMFPNAPYL,10x,5,0.4942965,0.0
2923,GILGFVFTL,positive,5,0.118826,1.0
785,GLCTLVAML,10x,5,0.10140352,0.0
3998,GILGFVFTL,swapped_2944,5,0.3650061,0.0
6487,CLGGLLTMV,10x,5,0.18295103,0.0
1258,NLVPMVATV,swapped_92,5,0.00064637454,0.0
5038,GILGFVFTL,10x,5,0.15251194,0.0
4315,GILGFVFTL,positive,5,0.44037536,1.0
3648,GILGFVFTL,10x,5,0.28583953,0.0
151,GILGFVFTL,positive,5,0.99882084,1.0
4413,GILGFVFTL,positive,5,0.9999691,1.0
6853,GLCTLVAML,swapped_5906,5,0.0010363943,0.0
5215,MLDLQPETT,10x,5,0.4942965,0.0
1671,GILGFVFTL,positive,5,0.3410494,1.0
4165,NLVPMVATV,swapped_2823,5,0.00010356465,0.0
4521,GILGFVFTL,positive,5,0.9998698,1.0
5132,GILGFVFTL,10x,5,0.8685364,0.0
6104,GILGFVFTL,10x,5,0.9994259,0.0
1390,GILGFVFTL,swapped_273,5,0.07112914,0.0
3657,GILGFVFTL,10x,5,0.19512407,0.0
1348,NLVPMVATV,swapped_141,5,0.005144661,0.0
2979,GILGFVFTL,positive,5,0.99998903,1.0
4435,GILGFVFTL,positive,5,0.11825775,1.0
6905,RMFPNAPYL,swapped_5902,5,0.00083016563,0.0
5116,GILGFVFTL,10x,5,0.04708749,0.0
6715,GLCTLVAML,swapped_5990,5,9.866596e-05,0.0
3155,GILGFVFTL,10x,5,0.3942543,0.0
5540,GILGFVFTL,swapped_4512,5,0.06475882,0.0
4874,GILGFVFTL,10x,5,0.08654282,0.0
3887,SLFNTVATL,swapped_2860,5,2.9702544e-06,0.0
1949,GILGFVFTL,10x,5,0.7177672,0.0
1250,GLCTLVAML,swapped_312,5,8.742184e-05,0.0
3219,GILGFVFTL,10x,5,0.5764724,0.0
247,GILGFVFTL,positive,5,0.9998486,1.0
1387,NLVPMVATV,swapped_96,5,0.54526883,0.0
2962,GILGFVFTL,positive,5,0.9979728,1.0
2486,GLCTLVAML,swapped_1702,5,6.1937106e-05,0.0
1627,GILGFVFTL,positive,5,0.9999721,1.0
3312,GILGFVFTL,10x,5,0.84912354,0.0
2761,GILGFVFTL,positive,5,0.97337633,1.0
565,GILGFVFTL,10x,5,0.99766684,0.0
1596,GILGFVFTL,positive,5,0.15856366,1.0
4367,GLCTLVAML,positive,5,0.3415452,1.0
6660,GILGFVFTL,swapped_5790,5,0.31560323,0.0
1127,GILGFVFTL,10x,5,0.547186,0.0
6309,GLCTLVAML,10x,5,0.44824257,0.0
3240,GILGFVFTL,10x,5,0.42991394,0.0
167,GILGFVFTL,positive,5,0.38986963,1.0
689,GLCTLVAML,10x,5,0.18396102,0.0
160,GILGFVFTL,positive,5,0.9999882,1.0
2974,GILGFVFTL,positive,5,0.37875852,1.0
5389,NLVPMVATV,swapped_4222,5,9.401017e-06,0.0
1809,GLCTLVAML,positive,5,0.4692445,1.0
1075,GILGFVFTL,10x,5,0.36090532,0.0
5878,LLFGYPVYV,positive,5,0.4942965,1.0
6802,MLDLQPETT,swapped_5979,5,3.538256e-05,0.0
171,MLDLQPETT,positive,5,0.4942965,1.0
1766,GILGFVFTL,positive,5,0.90817094,1.0
339,GLCTLVAML,positive,5,0.9837378,1.0
3489,GILGFVFTL,10x,5,0.08232261,0.0
480,GILGFVFTL,10x,5,0.3128406,0.0
65,NLVPMVATV,positive,5,0.34168327,1.0
3493,GLCTLVAML,10x,5,0.08293599,0.0
5436,IMDQVPFSV,swapped_4374,5,0.00023682485,0.0
949,GILGFVFTL,10x,5,0.2182228,0.0
283,GILGFVFTL,positive,5,0.99991596,1.0
4787,GILGFVFTL,10x,5,0.08304909,0.0
5465,NLVPMVATV,swapped_4328,5,0.17665692,0.0
6437,GILGFVFTL,10x,5,0.31001607,0.0
4818,NLVPMVATV,10x,5,0.3372787,0.0
5696,NLVPMVATV,swapped_4228,5,0.4422599,0.0
1902,GILGFVFTL,10x,5,0.43923226,0.0
751,GILGFVFTL,10x,5,0.26671034,0.0
4830,GLCTLVAML,10x,5,0.070702955,0.0
3008,GLCTLVAML,positive,5,0.9086821,1.0
3271,GILGFVFTL,10x,5,0.34870192,0.0
1675,FLYALALLL,positive,5,0.95231354,1.0
2247,GILGFVFTL,10x,5,0.3428658,0.0
5466,GLCTLVAML,swapped_4435,5,0.3352494,0.0
4555,GILGFVFTL,positive,5,0.4812468,1.0
5337,FLYALALLL,swapped_4201,5,0.34879982,0.0
5029,NLVPMVATV,10x,5,0.4274998,0.0
1117,GILGFVFTL,10x,5,0.12077029,0.0
830,GILGFVFTL,10x,5,0.34561557,0.0
2977,GILGFVFTL,positive,5,0.99997973,1.0
5096,NLVPMVATV,10x,5,0.031028466,0.0
6609,GILGFVFTL,10x,5,0.91510737,0.0
671,GILGFVFTL,10x,5,0.11441743,0.0
2116,GILGFVFTL,10x,5,0.34425056,0.0
1964,GILGFVFTL,10x,5,0.82093066,0.0
1093,GILGFVFTL,10x,5,0.15430462,0.0
588,NLVPMVATV,10x,5,0.40517795,0.0
3971,GLCTLVAML,swapped_2831,5,1.5105088e-05,0.0
3870,LLFGYPVYV,swapped_2916,5,1.2268385e-05,0.0
5411,GILGFVFTL,swapped_4174,5,0.17802225,0.0
1085,NLVPMVATV,10x,5,0.44570512,0.0
2508,MLDLQPETT,swapped_1596,5,0.4942965,0.0
539,GILGFVFTL,10x,5,0.4733287,0.0
1091,GILGFVFTL,10x,5,0.2464827,0.0
3603,GILGFVFTL,10x,5,0.11154018,0.0
3378,GILGFVFTL,10x,5,0.43097875,0.0
4911,LLFGYPVYV,10x,5,0.4942965,0.0
2792,GILGFVFTL,positive,5,0.9999596,1.0
3591,NLVPMVATV,10x,5,0.49134752,0.0
2231,RTLNAWVKV,10x,5,0.4942965,0.0
6391,GILGFVFTL,10x,5,0.3670051,0.0
5637,NLVPMVATV,swapped_4274,5,0.4079894,0.0
5424,NLVPMVATV,swapped_4267,5,0.00016447737,0.0
812,GILGFVFTL,10x,5,0.17334363,0.0
6338,GILGFVFTL,10x,5,0.52723604,0.0
5191,GLCTLVAML,10x,5,0.32417253,0.0
2711,GILGFVFTL,positive,5,0.99845004,1.0
1521,FLYALALLL,swapped_103,5,5.1287672e-05,0.0
369,GILGFVFTL,positive,5,0.9999194,1.0
3823,GLCTLVAML,swapped_2731,5,8.7681496e-05,0.0
4048,KTWGQYWQV,swapped_2788,5,3.1414613e-06,0.0
5935,GILGFVFTL,positive,5,0.30801457,1.0
1742,GILGFVFTL,positive,5,0.9999882,1.0
4737,GILGFVFTL,10x,5,0.5995284,0.0
5067,GILGFVFTL,10x,5,0.08382612,0.0
2297,GILGFVFTL,10x,5,0.1625729,0.0
2577,NLVPMVATV,swapped_1802,5,0.0034287176,0.0
3775,GILGFVFTL,10x,5,0.26447326,0.0
4749,GILGFVFTL,10x,5,0.16051823,0.0
4236,GLCTLVAML,positive,5,0.12295292,1.0
418,GLCTLVAML,10x,5,0.17241608,0.0
5405,GILGFVFTL,swapped_4505,5,0.050241716,0.0
4004,IMDQVPFSV,swapped_3031,5,1.4030956e-05,0.0
5740,GLCTLVAML,positive,5,0.43080255,1.0
5630,GLCTLVAML,swapped_4215,5,0.00017031582,0.0
5906,GILGFVFTL,positive,5,0.980871,1.0
676,GILGFVFTL,10x,5,0.30923465,0.0
3756,GILGFVFTL,10x,5,0.92273027,0.0
3098,GILGFVFTL,10x,5,0.1974616,0.0
1337,GILGFVFTL,swapped_156,5,0.33119264,0.0
1875,GILGFVFTL,10x,5,0.087579116,0.0
5508,NLVPMVATV,swapped_4375,5,1.6461589e-05,0.0
3410,GLCTLVAML,10x,5,0.2403979,0.0
3400,SLLMWITQV,10x,5,0.4482957,0.0
3965,GILGFVFTL,swapped_2958,5,0.19166805,0.0
6531,GILGFVFTL,10x,5,0.2945297,0.0
3653,GILGFVFTL,10x,5,0.32254827,0.0
210,GLCTLVAML,positive,5,0.67744493,1.0
2912,FLYALALLL,positive,5,0.38047707,1.0
1890,GLCTLVAML,10x,5,0.28704923,0.0
3100,GILGFVFTL,10x,5,0.19479509,0.0
4839,NLVPMVATV,10x,5,0.2521675,0.0
5816,NLVPMVATV,positive,5,0.7020972,1.0
6063,RTLNAWVKV,10x,5,0.4942965,0.0
3848,GLCTLVAML,swapped_2973,5,6.184044e-05,0.0
4719,GILGFVFTL,10x,5,0.105791025,0.0
4870,GILGFVFTL,10x,5,0.15252706,0.0
193,GILGFVFTL,positive,5,0.9982217,1.0
3576,GILGFVFTL,10x,5,0.55894953,0.0
2274,GILGFVFTL,10x,5,0.5505202,0.0
3743,GILGFVFTL,10x,5,0.24969003,0.0
5776,GLCTLVAML,positive,5,0.82677907,1.0
