4687,RTLNAWVKV,10x,5,0.4783162,0.0
2882,GILGFVFTL,positive,5,0.9994716,1.0
2912,FLYALALLL,positive,5,0.4783162,1.0
1491,GILGFVFTL,swapped_73,5,0.18740231,0.0
4356,GILGFVFTL,positive,5,0.99999297,1.0
5876,GLCTLVAML,positive,5,0.43714783,1.0
4610,GILGFVFTL,10x,5,0.05694571,0.0
330,LLFGYPVYV,positive,5,0.44764826,1.0
6353,GILGFVFTL,10x,5,0.23133513,0.0
3312,GILGFVFTL,10x,5,0.9935315,0.0
4034,NLVPMVATV,swapped_2817,5,3.157087e-05,0.0
1623,GILGFVFTL,positive,5,0.99446315,1.0
5532,GLCTLVAML,swapped_4509,5,0.30461243,0.0
171,MLDLQPETT,positive,5,0.4783162,1.0
690,SLFNTVATL,10x,5,0.23200001,0.0
178,GILGFVFTL,positive,5,0.9998267,1.0
1547,GLCTLVAML,positive,5,0.920545,1.0
1946,GLCTLVAML,10x,5,0.429967,0.0
5452,NLVPMVATV,swapped_4219,5,0.035372898,0.0
235,GILGFVFTL,positive,5,0.9998952,1.0
336,GILGFVFTL,positive,5,0.99999344,1.0
2170,GILGFVFTL,10x,5,0.07984887,0.0
2900,GILGFVFTL,positive,5,0.1588224,1.0
3101,GILGFVFTL,10x,5,0.14960109,0.0
3250,GLCTLVAML,10x,5,0.28966224,0.0
6366,GILGFVFTL,10x,5,0.11166734,0.0
6854,GLCTLVAML,swapped_5935,5,0.039088268,0.0
4644,GILGFVFTL,10x,5,0.2414999,0.0
1348,NLVPMVATV,swapped_141,5,0.010192142,0.0
251,RMFPNAPYL,positive,5,0.47551146,1.0
890,GILGFVFTL,10x,5,0.17692101,0.0
1297,GILGFVFTL,swapped_330,5,0.21703018,0.0
5197,GILGFVFTL,10x,5,0.19655925,0.0
6531,GILGFVFTL,10x,5,0.5534612,0.0
5293,GILGFVFTL,10x,5,0.08384067,0.0
397,RMFPNAPYL,10x,5,0.4783162,0.0
4703,NLVPMVATV,10x,5,0.1322364,0.0
6363,GILGFVFTL,10x,5,0.16516504,0.0
4118,GLCTLVAML,swapped_2866,5,0.27924386,0.0
5294,GILGFVFTL,10x,5,0.20401374,0.0
2269,GILGFVFTL,10x,5,0.49084628,0.0
1704,GLCTLVAML,positive,5,0.44407335,1.0
1403,GLCTLVAML,swapped_235,5,0.000203549,0.0
3856,NLVPMVATV,swapped_2725,5,0.00038875468,0.0
4139,GILGFVFTL,swapped_3041,5,0.050719276,0.0
5385,GILGFVFTL,swapped_4199,5,0.14520612,0.0
1939,GILGFVFTL,10x,5,0.38044593,0.0
5769,GILGFVFTL,positive,5,0.9941968,1.0
1220,NLVPMVATV,swapped_196,5,0.009984546,0.0
3591,NLVPMVATV,10x,5,0.2262628,0.0
5792,NLVPMVATV,positive,5,0.29644185,1.0
3376,GILGFVFTL,10x,5,0.8071706,0.0
1837,RMFPNAPYL,10x,5,0.4783162,0.0
480,GILGFVFTL,10x,5,0.18509242,0.0
1085,NLVPMVATV,10x,5,0.42506826,0.0
2368,GILGFVFTL,10x,5,0.34794876,0.0
1809,GLCTLVAML,positive,5,0.24675332,1.0
1930,NLVPMVATV,10x,5,0.47669587,0.0
3639,GILGFVFTL,10x,5,0.32002765,0.0
968,GILGFVFTL,10x,5,0.28983745,0.0
6031,GILGFVFTL,10x,5,0.15212147,0.0
4662,GILGFVFTL,10x,5,0.15122013,0.0
1852,GILGFVFTL,10x,5,0.19990884,0.0
6788,LLFGYPVYV,swapped_6004,5,0.27329448,0.0
5731,GILGFVFTL,positive,5,0.99198556,1.0
6306,GILGFVFTL,10x,5,0.14429487,0.0
4315,GILGFVFTL,positive,5,0.99705374,1.0
6336,GLCTLVAML,10x,5,0.23946789,0.0
1469,GLCTLVAML,swapped_290,5,0.0010638057,0.0
5040,GLCTLVAML,10x,5,0.37931064,0.0
485,GILGFVFTL,10x,5,0.23668855,0.0
5116,GILGFVFTL,10x,5,0.09138879,0.0
6576,FLYALALLL,10x,5,0.44899756,0.0
5637,NLVPMVATV,swapped_4274,5,0.3721577,0.0
2689,GLCTLVAML,swapped_1749,5,0.07985743,0.0
5286,GILGFVFTL,10x,5,0.27339646,0.0
6493,GILGFVFTL,10x,5,0.686284,0.0
5178,GILGFVFTL,10x,5,0.096502155,0.0
3022,GILGFVFTL,positive,5,0.17427596,1.0
2763,GILGFVFTL,positive,5,0.9999651,1.0
6771,GILGFVFTL,swapped_5876,5,0.21687521,0.0
1179,GILGFVFTL,swapped_132,5,0.21482316,0.0
2828,FLYALALLL,positive,5,0.4783162,1.0
5181,GILGFVFTL,10x,5,0.10314795,0.0
1981,GLCTLVAML,10x,5,0.4047666,0.0
956,RTLNAWVKV,10x,5,0.4783162,0.0
460,GLCTLVAML,10x,5,0.1533526,0.0
963,RTLNAWVKV,10x,5,0.4783162,0.0
1145,GLCTLVAML,swapped_336,5,1.4189293e-05,0.0
2892,GILGFVFTL,positive,5,0.064616285,1.0
6305,GILGFVFTL,10x,5,0.11539255,0.0
5748,GILGFVFTL,positive,5,0.9963218,1.0
4719,GILGFVFTL,10x,5,0.122003555,0.0
424,GLCTLVAML,10x,5,0.19859445,0.0
5436,IMDQVPFSV,swapped_4374,5,1.7373595e-05,0.0
2794,GILGFVFTL,positive,5,0.9924062,1.0
2823,GILGFVFTL,positive,5,0.9974154,1.0
2578,GILGFVFTL,swapped_1675,5,0.06902688,0.0
2260,GILGFVFTL,10x,5,0.10178823,0.0
3278,GLCTLVAML,10x,5,0.1920603,0.0
5530,GLCTLVAML,swapped_4445,5,0.06142036,0.0
3922,NLVPMVATV,swapped_2938,5,0.0018686543,0.0
58,GILGFVFTL,positive,5,0.16677631,1.0
2444,GILGFVFTL,swapped_1686,5,0.16438672,0.0
4321,GILGFVFTL,positive,5,0.9999939,1.0
1121,NLVPMVATV,10x,5,0.09889779,0.0
2938,GILGFVFTL,positive,5,0.99903774,1.0
3869,NLVPMVATV,swapped_2989,5,8.661076e-06,0.0
4780,GILGFVFTL,10x,5,0.33755386,0.0
2257,GILGFVFTL,10x,5,0.19344558,0.0
5981,GILGFVFTL,positive,5,0.09869621,1.0
3447,GILGFVFTL,10x,5,0.75782615,0.0
4505,GLCTLVAML,positive,5,0.9418453,1.0
210,GLCTLVAML,positive,5,0.561642,1.0
1778,GILGFVFTL,positive,5,0.99738485,1.0
2147,GILGFVFTL,10x,5,0.16546936,0.0
2695,GILGFVFTL,positive,5,0.9883562,1.0
462,GILGFVFTL,10x,5,0.11052611,0.0
3995,NLVPMVATV,swapped_3055,5,7.934361e-06,0.0
4281,GILGFVFTL,positive,5,0.9997584,1.0
613,GILGFVFTL,10x,5,0.049244925,0.0
6882,NLVPMVATV,swapped_5722,5,0.00030284026,0.0
565,GILGFVFTL,10x,5,0.9991122,0.0
3569,GILGFVFTL,10x,5,0.7552101,0.0
3953,NLVPMVATV,swapped_2746,5,0.24892735,0.0
6611,FLYALALLL,swapped_5974,5,0.22266012,0.0
3272,GILGFVFTL,10x,5,0.0290712,0.0
1087,GILGFVFTL,10x,5,0.47298327,0.0
6291,GILGFVFTL,10x,5,0.37363687,0.0
2798,GILGFVFTL,positive,5,0.9999883,1.0
4360,GILGFVFTL,positive,5,0.99988425,1.0
4802,GILGFVFTL,10x,5,0.1688732,0.0
3047,GILGFVFTL,positive,5,0.4845111,1.0
4365,GILGFVFTL,positive,5,0.14890797,1.0
1960,GILGFVFTL,10x,5,0.38089293,0.0
4029,FLYALALLL,swapped_3022,5,0.4783162,0.0
2213,GILGFVFTL,10x,5,0.1729259,0.0
4641,GILGFVFTL,10x,5,0.28022146,0.0
947,GILGFVFTL,10x,5,0.269556,0.0
5882,SLLMWITQV,positive,5,0.09342502,1.0
4666,GILGFVFTL,10x,5,0.68331796,0.0
3261,GILGFVFTL,10x,5,0.074689366,0.0
107,GILGFVFTL,positive,5,0.99984384,1.0
3039,GILGFVFTL,positive,5,0.9982829,1.0
6082,GILGFVFTL,10x,5,0.29273877,0.0
3575,GLCTLVAML,10x,5,0.29663324,0.0
3586,GLCTLVAML,10x,5,0.39825925,0.0
2973,GILGFVFTL,positive,5,0.9999651,1.0
2451,KTWGQYWQV,swapped_1720,5,0.35769784,0.0
6148,GILGFVFTL,10x,5,0.08842232,0.0
4115,NLVPMVATV,swapped_2827,5,0.38733605,0.0
242,GILGFVFTL,positive,5,0.99517006,1.0
6465,GLCTLVAML,10x,5,0.4270375,0.0
6034,GLCTLVAML,10x,5,0.37363327,0.0
4571,GILGFVFTL,10x,5,0.5186046,0.0
6147,GILGFVFTL,10x,5,0.3687757,0.0
1723,NLVPMVATV,positive,5,0.04632564,1.0
2469,MLDLQPETT,swapped_1726,5,0.4783162,0.0
187,GILGFVFTL,positive,5,0.998168,1.0
463,GILGFVFTL,10x,5,0.22122559,0.0
2319,NLVPMVATV,10x,5,0.41519764,0.0
3169,GILGFVFTL,10x,5,0.09198008,0.0
393,GLCTLVAML,10x,5,0.3036354,0.0
2989,GILGFVFTL,positive,5,0.99999285,1.0
318,GILGFVFTL,positive,5,0.9999759,1.0
4397,GILGFVFTL,positive,5,0.97307736,1.0
5614,GILGFVFTL,swapped_4439,5,0.76616883,0.0
5062,GILGFVFTL,10x,5,0.19870855,0.0
3308,GILGFVFTL,10x,5,0.26008254,0.0
55,GLCTLVAML,positive,5,0.43599135,1.0
2730,KTWGQYWQV,positive,5,0.30086643,1.0
4546,GILGFVFTL,positive,5,0.9999901,1.0
2551,GILGFVFTL,swapped_1777,5,0.09830909,0.0
3741,GLCTLVAML,10x,5,0.04356927,0.0
1056,GLCTLVAML,10x,5,0.11576687,0.0
1302,LLFGYPVYV,swapped_227,5,0.42047343,0.0
1176,RTLNAWVKV,swapped_242,5,0.0077413963,0.0
49,GLCTLVAML,positive,5,0.49962392,1.0
634,GILGFVFTL,10x,5,0.051283505,0.0
5677,GLCTLVAML,swapped_4354,5,4.113773e-06,0.0
5424,NLVPMVATV,swapped_4267,5,4.850886e-06,0.0
1431,FLYALALLL,swapped_362,5,0.4816653,0.0
349,GILGFVFTL,positive,5,0.76691186,1.0
1361,NLVPMVATV,swapped_317,5,1.2101808e-05,0.0
1416,LLFGYPVYV,swapped_19,5,0.12639616,0.0
5508,NLVPMVATV,swapped_4375,5,1.3105206e-05,0.0
1820,GILGFVFTL,10x,5,0.28508967,0.0
4485,GILGFVFTL,positive,5,0.60660887,1.0
4374,GILGFVFTL,positive,5,0.99999094,1.0
4873,NLVPMVATV,10x,5,0.37174094,0.0
3941,GLCTLVAML,swapped_2789,5,0.083421774,0.0
1714,NLVPMVATV,positive,5,0.4854414,1.0
5191,GLCTLVAML,10x,5,0.38121375,0.0
4129,GLCTLVAML,swapped_2711,5,0.0035381396,0.0
3056,GILGFVFTL,positive,5,0.99750715,1.0
4850,GILGFVFTL,10x,5,0.11369774,0.0
5970,NLVPMVATV,positive,5,0.38109776,1.0
1390,GILGFVFTL,swapped_273,5,0.032349713,0.0
4874,GILGFVFTL,10x,5,0.10286722,0.0
4538,GILGFVFTL,positive,5,0.25675583,1.0
1127,GILGFVFTL,10x,5,0.21184689,0.0
6151,GILGFVFTL,10x,5,0.13708459,0.0
5028,GILGFVFTL,10x,5,0.24957438,0.0
5144,GILGFVFTL,10x,5,0.23751613,0.0
6040,GILGFVFTL,10x,5,0.0894412,0.0
1884,GILGFVFTL,10x,5,0.10693648,0.0
6169,GILGFVFTL,10x,5,0.4631042,0.0
5989,GLCTLVAML,positive,5,0.22626291,1.0
1773,GILGFVFTL,positive,5,0.33799094,1.0
5650,NLVPMVATV,swapped_4499,5,4.823788e-06,0.0
4063,NLVPMVATV,swapped_2901,5,0.20522179,0.0
1458,NLVPMVATV,swapped_178,5,0.0001932983,0.0
5790,FLYALALLL,positive,5,0.4783162,1.0
160,GILGFVFTL,positive,5,0.9999865,1.0
4951,KTWGQYWQV,10x,5,0.4783162,0.0
2236,YLLEMLWRL,10x,5,0.3583036,0.0
6609,GILGFVFTL,10x,5,0.84869856,0.0
6632,NLVPMVATV,swapped_5795,5,1.09579805e-05,0.0
980,NLVPMVATV,10x,5,0.37237057,0.0
3157,GILGFVFTL,10x,5,0.2587252,0.0
3210,GILGFVFTL,10x,5,0.3745598,0.0
5945,GILGFVFTL,positive,5,0.98375076,1.0
3126,GILGFVFTL,10x,5,0.16428941,0.0
186,FLYALALLL,positive,5,0.4783162,1.0
3671,GILGFVFTL,10x,5,0.14095207,0.0
2501,GLCTLVAML,swapped_1671,5,0.21638365,0.0
662,GILGFVFTL,10x,5,0.24846038,0.0
6865,GILGFVFTL,swapped_5776,5,0.23185432,0.0
1205,GLCTLVAML,swapped_369,5,0.00028984592,0.0
1243,RTLNAWVKV,swapped_320,5,0.0022304761,0.0
5969,GILGFVFTL,positive,5,0.97435385,1.0
2381,NLVPMVATV,10x,5,0.50682753,0.0
931,MLDLQPETT,10x,5,0.4783162,0.0
1075,GILGFVFTL,10x,5,0.28016886,0.0
754,GILGFVFTL,10x,5,0.18962917,0.0
1900,NLVPMVATV,10x,5,0.39707115,0.0
203,GILGFVFTL,positive,5,0.09700436,1.0
2830,GILGFVFTL,positive,5,0.21865714,1.0
3845,GLCTLVAML,swapped_2936,5,0.5238527,0.0
1846,NLVPMVATV,10x,5,0.4819591,0.0
4290,LLFGYPVYV,positive,5,0.4783162,1.0
341,GILGFVFTL,positive,5,0.073033705,1.0
1850,GILGFVFTL,10x,5,0.069728926,0.0
60,GILGFVFTL,positive,5,0.9950164,1.0
5658,GLCTLVAML,swapped_4252,5,0.119941816,0.0
1387,NLVPMVATV,swapped_96,5,0.19715185,0.0
4130,NLVPMVATV,swapped_2761,5,0.00051445694,0.0
4623,LLFGYPVYV,10x,5,0.4783162,0.0
5639,NLVPMVATV,swapped_4281,5,0.00020604374,0.0
1992,GILGFVFTL,10x,5,0.23639575,0.0
505,NLVPMVATV,10x,5,0.4783162,0.0
6436,GILGFVFTL,10x,5,0.06592008,0.0
2869,GLCTLVAML,positive,5,0.81033194,1.0
4841,GILGFVFTL,10x,5,0.23475312,0.0
3763,GILGFVFTL,10x,5,0.2882065,0.0
5668,GLCTLVAML,swapped_4381,5,2.0802898e-05,0.0
392,GILGFVFTL,10x,5,0.041219257,0.0
4277,GILGFVFTL,positive,5,0.9999889,1.0
3647,NLVPMVATV,10x,5,0.33868858,0.0
4858,GILGFVFTL,10x,5,0.155004,0.0
169,NLVPMVATV,positive,5,0.25491425,1.0
3253,GILGFVFTL,10x,5,0.17935617,0.0
4706,GILGFVFTL,10x,5,0.02786474,0.0
5606,GILGFVFTL,swapped_4471,5,0.12339123,0.0
5308,NLVPMVATV,10x,5,0.4850063,0.0
2060,GLCTLVAML,10x,5,0.3550501,0.0
4413,GILGFVFTL,positive,5,0.9999939,1.0
3812,GLCTLVAML,swapped_3039,5,0.004815704,0.0
830,GILGFVFTL,10x,5,0.08008148,0.0
4267,GILGFVFTL,positive,5,0.9999925,1.0
1279,GLCTLVAML,swapped_34,5,9.133688e-06,0.0
5990,GILGFVFTL,positive,5,0.9999312,1.0
2274,GILGFVFTL,10x,5,0.21244392,0.0
3948,GILGFVFTL,swapped_2699,5,0.10128147,0.0
5664,GLCTLVAML,swapped_4546,5,7.182233e-06,0.0
103,GILGFVFTL,positive,5,0.9999839,1.0
1148,NLVPMVATV,swapped_293,5,7.43048e-06,0.0
4932,GILGFVFTL,10x,5,0.1455623,0.0
1700,GILGFVFTL,positive,5,0.9986633,1.0
2297,GILGFVFTL,10x,5,0.15025379,0.0
3678,GILGFVFTL,10x,5,0.31496567,0.0
3779,GILGFVFTL,10x,5,0.40579268,0.0
1253,FLYALALLL,swapped_247,5,2.4683728e-05,0.0
1371,LLFGYPVYV,swapped_38,5,0.4783162,0.0
751,GILGFVFTL,10x,5,0.09004715,0.0
925,NLVPMVATV,10x,5,0.2908159,0.0
5105,GILGFVFTL,10x,5,0.23792483,0.0
2012,GILGFVFTL,10x,5,0.28086126,0.0
6874,GILGFVFTL,swapped_5970,5,0.11600484,0.0
1455,GLCTLVAML,swapped_58,5,0.31502497,0.0
936,GILGFVFTL,10x,5,0.27779177,0.0
3901,MLDLQPETT,swapped_2832,5,3.4344357e-05,0.0
4921,GILGFVFTL,10x,5,0.15290803,0.0
3044,GILGFVFTL,positive,5,0.9999746,1.0
6812,GLCTLVAML,swapped_5748,5,0.007824553,0.0
2793,GILGFVFTL,positive,5,0.99998486,1.0
4882,GILGFVFTL,10x,5,0.2856253,0.0
5233,GILGFVFTL,10x,5,0.7912612,0.0
5660,GILGFVFTL,swapped_4535,5,0.029290464,0.0
2592,RTLNAWVKV,swapped_1713,5,0.25981492,0.0
2992,GILGFVFTL,positive,5,0.99982446,1.0
1093,GILGFVFTL,10x,5,0.3002241,0.0
2273,NLVPMVATV,10x,5,0.54051185,0.0
4336,GILGFVFTL,positive,5,0.9986778,1.0
6001,GLCTLVAML,positive,5,0.56335884,1.0
4839,NLVPMVATV,10x,5,0.05200108,0.0
709,GILGFVFTL,10x,5,0.17594159,0.0
6013,NLVPMVATV,10x,5,0.38450807,0.0
1966,GILGFVFTL,10x,5,0.5700228,0.0
2895,GILGFVFTL,positive,5,0.99997175,1.0
1170,GLCTLVAML,swapped_193,5,0.017284123,0.0
1902,GILGFVFTL,10x,5,0.23390014,0.0
5930,NLVPMVATV,positive,5,0.6169617,1.0
4160,GILGFVFTL,swapped_2948,5,0.1566036,0.0
2977,GILGFVFTL,positive,5,0.9999846,1.0
2635,RTLNAWVKV,swapped_1800,5,0.2924209,0.0
4153,GLCTLVAML,swapped_2783,5,0.0037678024,0.0
3956,NLVPMVATV,swapped_3028,5,0.027856011,0.0
1914,GILGFVFTL,10x,5,0.16302308,0.0
5937,GILGFVFTL,positive,5,0.99999225,1.0
6455,GILGFVFTL,10x,5,0.08026854,0.0
3946,NLVPMVATV,swapped_2798,5,2.000673e-05,0.0
6149,GILGFVFTL,10x,5,0.12805265,0.0
2122,GILGFVFTL,10x,5,0.171453,0.0
6368,NLVPMVATV,10x,5,0.41738933,0.0
4005,NLVPMVATV,swapped_3044,5,1.8630893e-05,0.0
4222,GILGFVFTL,positive,5,0.9999862,1.0
6302,NLVPMVATV,10x,5,0.45437112,0.0
6853,GLCTLVAML,swapped_5906,5,0.0032617704,0.0
3802,GILGFVFTL,10x,5,0.16408058,0.0
4178,GILGFVFTL,positive,5,0.21830225,1.0
268,GILGFVFTL,positive,5,0.84207594,1.0
4787,GILGFVFTL,10x,5,0.19113107,0.0
5456,NLVPMVATV,swapped_4180,5,6.6440857e-06,0.0
1498,NLVPMVATV,swapped_60,5,0.013034579,0.0
4463,GILGFVFTL,positive,5,0.999966,1.0
96,GILGFVFTL,positive,5,0.898491,1.0
757,GLCTLVAML,10x,5,0.37601084,0.0
6335,GILGFVFTL,10x,5,0.081536114,0.0
5086,GILGFVFTL,10x,5,0.9945352,0.0
150,GILGFVFTL,positive,5,0.9999827,1.0
2590,GILGFVFTL,swapped_1807,5,0.26201886,0.0
5868,GILGFVFTL,positive,5,0.8799862,1.0
422,GILGFVFTL,10x,5,0.11700345,0.0
6670,NLVPMVATV,swapped_5946,5,0.10924671,0.0
191,GILGFVFTL,positive,5,0.997433,1.0
3420,GLCTLVAML,10x,5,0.315393,0.0
5038,GILGFVFTL,10x,5,0.11986301,0.0
2817,GILGFVFTL,positive,5,0.9999906,1.0
6523,GILGFVFTL,10x,5,0.9746097,0.0
2045,GILGFVFTL,10x,5,0.24407926,0.0
1474,NLVPMVATV,swapped_21,5,0.0011546237,0.0
3533,GILGFVFTL,10x,5,0.19455975,0.0
2464,GLCTLVAML,swapped_1778,5,0.00416719,0.0
5192,GILGFVFTL,10x,5,0.2075428,0.0
812,GILGFVFTL,10x,5,0.050012052,0.0
5398,GILGFVFTL,swapped_4268,5,0.026729992,0.0
5630,GLCTLVAML,swapped_4215,5,0.0011865773,0.0
352,GILGFVFTL,positive,5,0.3665905,1.0
578,GLCTLVAML,10x,5,0.5125717,0.0
5594,GILGFVFTL,swapped_4223,5,0.5424133,0.0
1345,GLCTLVAML,swapped_365,5,0.036570635,0.0
5903,GILGFVFTL,positive,5,0.9999323,1.0
4375,GILGFVFTL,positive,5,0.9999814,1.0
671,GILGFVFTL,10x,5,0.23137245,0.0
1210,GILGFVFTL,swapped_339,5,0.037169024,0.0
6441,GLCTLVAML,10x,5,0.25011715,0.0
4699,GLCTLVAML,10x,5,0.15999623,0.0
1322,GILGFVFTL,swapped_344,5,0.04098862,0.0
689,GLCTLVAML,10x,5,0.311317,0.0
5481,GLCTLVAML,swapped_4485,5,0.4565007,0.0
938,GLCTLVAML,10x,5,0.35871556,0.0
3112,NLVPMVATV,10x,5,0.14281231,0.0
2407,RTLNAWVKV,swapped_1677,5,0.0031393121,0.0
3495,GLCTLVAML,10x,5,0.12615024,0.0
289,GILGFVFTL,positive,5,0.99999046,1.0
4646,GILGFVFTL,10x,5,0.09526616,0.0
2916,GILGFVFTL,positive,5,0.99998486,1.0
2725,GILGFVFTL,positive,5,0.99990773,1.0
4584,YLLEMLWRL,10x,5,0.47044873,0.0
6708,GLCTLVAML,swapped_5825,5,8.228943e-06,0.0
2781,GILGFVFTL,positive,5,0.9923394,1.0
35,GILGFVFTL,positive,5,0.8913173,1.0
2859,GILGFVFTL,positive,5,0.9823735,1.0
5760,GILGFVFTL,positive,5,0.98777497,1.0
457,GILGFVFTL,10x,5,0.15855458,0.0
6101,GILGFVFTL,10x,5,0.40790364,0.0
6083,GILGFVFTL,10x,5,0.13767411,0.0
6257,GILGFVFTL,10x,5,0.13156681,0.0
4390,GILGFVFTL,positive,5,0.9981856,1.0
6801,GILGFVFTL,swapped_5882,5,0.92511106,0.0
4131,KTWGQYWQV,swapped_2811,5,4.431715e-05,0.0
5276,GILGFVFTL,10x,5,0.15488258,0.0
1091,GILGFVFTL,10x,5,0.9045345,0.0
1153,NLVPMVATV,swapped_133,5,0.0014486981,0.0
6400,GILGFVFTL,10x,5,0.17043501,0.0
2361,GILGFVFTL,10x,5,0.16312829,0.0
2691,NLVPMVATV,swapped_1600,5,0.44066426,0.0
4067,NLVPMVATV,swapped_2808,5,0.16999698,0.0
73,KVLEYVIKV,positive,5,0.4783162,1.0
4783,GILGFVFTL,10x,5,0.07603026,0.0
5411,GILGFVFTL,swapped_4174,5,0.53179663,0.0
4040,GLCTLVAML,swapped_2794,5,0.0016383133,0.0
3130,NLVPMVATV,10x,5,0.4422143,0.0
6052,NLVPMVATV,10x,5,0.47488445,0.0
2955,GILGFVFTL,positive,5,0.14087157,1.0
2051,NLVPMVATV,10x,5,0.4783162,0.0
2349,GILGFVFTL,10x,5,0.26783368,0.0
5042,GILGFVFTL,10x,5,0.23416476,0.0
5439,RMFPNAPYL,swapped_4365,5,0.4783162,0.0
2237,GILGFVFTL,10x,5,0.5863894,0.0
1283,GLCTLVAML,swapped_145,5,0.029499128,0.0
5432,RTLNAWVKV,swapped_4515,5,0.05889717,0.0
3524,GILGFVFTL,10x,5,0.1607266,0.0
3106,NLVPMVATV,10x,5,0.0353448,0.0
3998,GILGFVFTL,swapped_2944,5,0.26779553,0.0
4019,NLVPMVATV,swapped_2830,5,0.14262545,0.0
4606,GILGFVFTL,10x,5,0.08300799,0.0
5102,GILGFVFTL,10x,5,0.09649442,0.0
2505,NLVPMVATV,swapped_1690,5,0.3695461,0.0
263,GILGFVFTL,positive,5,0.96736133,1.0
5629,GLCTLVAML,swapped_4536,5,0.57123554,0.0
4915,GILGFVFTL,10x,5,0.97003984,0.0
504,GILGFVFTL,10x,5,0.030806117,0.0
4810,GILGFVFTL,10x,5,0.107628874,0.0
3719,GILGFVFTL,10x,5,0.053116743,0.0
1854,NLVPMVATV,10x,5,0.30191892,0.0
5469,NLVPMVATV,swapped_4350,5,9.726242e-06,0.0
2515,NLVPMVATV,swapped_1727,5,3.0353774e-05,0.0
4624,GILGFVFTL,10x,5,0.078796126,0.0
886,GILGFVFTL,10x,5,0.16859901,0.0
3848,GLCTLVAML,swapped_2973,5,4.0831997e-05,0.0
2591,LLFGYPVYV,swapped_1564,5,0.22291076,0.0
4502,GILGFVFTL,positive,5,0.9999671,1.0
1929,GILGFVFTL,10x,5,0.06641773,0.0
622,KTWGQYWQV,10x,5,0.42831668,0.0
2059,GILGFVFTL,10x,5,0.21486203,0.0
4043,GLCTLVAML,swapped_2892,5,0.7341634,0.0
2036,RTLNAWVKV,10x,5,0.23282292,0.0
1001,GILGFVFTL,10x,5,0.2170168,0.0
6170,GILGFVFTL,10x,5,0.11671607,0.0
1446,KVAELVHFL,swapped_318,5,0.00011004549,0.0
676,GILGFVFTL,10x,5,0.25564137,0.0
5295,GILGFVFTL,10x,5,0.027012823,0.0
4499,GILGFVFTL,positive,5,0.9999924,1.0
911,GILGFVFTL,10x,5,0.16855134,0.0
845,GILGFVFTL,10x,5,0.119098395,0.0
6216,GILGFVFTL,10x,5,0.13594931,0.0
6664,NLVPMVATV,swapped_5720,5,0.58774406,0.0
872,GILGFVFTL,10x,5,0.19635811,0.0
1671,GILGFVFTL,positive,5,0.92122805,1.0
1214,NLVPMVATV,swapped_241,5,0.0011557803,0.0
1168,GLCTLVAML,swapped_287,5,2.7884185e-05,0.0
5288,GILGFVFTL,10x,5,0.06026774,0.0
2116,GILGFVFTL,10x,5,0.24345247,0.0
2808,GILGFVFTL,positive,5,0.5467947,1.0
5466,GLCTLVAML,swapped_4435,5,0.3130264,0.0
4268,GLCTLVAML,positive,5,0.9775164,1.0
3430,GLCTLVAML,10x,5,0.5311692,0.0
1679,GILGFVFTL,positive,5,0.9989073,1.0
1521,FLYALALLL,swapped_103,5,5.5462415e-06,0.0
628,GILGFVFTL,10x,5,0.372186,0.0
4905,GILGFVFTL,10x,5,0.074005924,0.0
4944,GILGFVFTL,10x,5,0.5113195,0.0
4316,GILGFVFTL,positive,5,0.11023643,1.0
1490,GILGFVFTL,swapped_169,5,0.2765378,0.0
4561,GILGFVFTL,10x,5,0.13855179,0.0
2199,GLCTLVAML,10x,5,0.23470433,0.0
2228,GILGFVFTL,10x,5,0.27281517,0.0
1078,SLLMWITQV,10x,5,0.4783162,0.0
661,SLFNTVATL,10x,5,0.41205388,0.0
763,GILGFVFTL,10x,5,0.10857909,0.0
3450,GILGFVFTL,10x,5,0.16402204,0.0
3369,NLVPMVATV,10x,5,0.33685595,0.0
1991,GILGFVFTL,10x,5,0.13160351,0.0
5604,GLCTLVAML,swapped_4397,5,0.073378205,0.0
1677,GILGFVFTL,positive,5,0.99919623,1.0
2114,GILGFVFTL,10x,5,0.17876293,0.0
2746,GILGFVFTL,positive,5,0.38428771,1.0
5369,GLCTLVAML,swapped_4185,5,0.00035184657,0.0
4613,GILGFVFTL,10x,5,0.08037132,0.0
2001,NLVPMVATV,10x,5,0.37493464,0.0
5096,NLVPMVATV,10x,5,0.0017188297,0.0
6903,RTLNAWVKV,swapped_5717,5,0.00025579732,0.0
5697,GLCTLVAML,swapped_4538,5,0.6382978,0.0
3983,KVLEYVIKV,swapped_2888,5,0.34416482,0.0
2161,GILGFVFTL,10x,5,0.17387623,0.0
3489,GILGFVFTL,10x,5,0.05932124,0.0
6261,GILGFVFTL,10x,5,0.13093974,0.0
1595,GILGFVFTL,positive,5,0.30463797,1.0
3773,GILGFVFTL,10x,5,0.24539804,0.0
1726,GILGFVFTL,positive,5,0.16213714,1.0
3837,NLVPMVATV,swapped_2974,5,0.07272394,0.0
6316,GILGFVFTL,10x,5,0.14736979,0.0
4168,GILGFVFTL,swapped_2897,5,0.17519882,0.0
1429,MLDLQPETT,swapped_45,5,1.7054634e-05,0.0
4180,GILGFVFTL,positive,5,0.9999926,1.0
3355,GILGFVFTL,10x,5,0.15813926,0.0
2053,GILGFVFTL,10x,5,0.11386476,0.0
2898,SLFNTVATL,positive,5,0.7099876,1.0
348,GILGFVFTL,positive,5,0.28370085,1.0
3927,FLYALALLL,swapped_2923,5,0.42500588,0.0
1420,GILGFVFTL,swapped_171,5,0.3795611,0.0
3932,GILGFVFTL,swapped_2876,5,0.30403015,0.0
2232,NLVPMVATV,10x,5,0.31770426,0.0
4078,RTLNAWVKV,swapped_2852,5,0.8798838,0.0
1144,GLCTLVAML,swapped_249,5,1.4168969e-05,0.0
734,SLLMWITQV,10x,5,0.4563448,0.0
2446,GILGFVFTL,swapped_1552,5,0.070294745,0.0
6575,GILGFVFTL,10x,5,0.19445847,0.0
1963,GLCTLVAML,10x,5,0.58091456,0.0
4199,NLVPMVATV,positive,5,0.65543354,1.0
4201,GILGFVFTL,positive,5,0.06603353,1.0
2494,GILGFVFTL,swapped_1592,5,0.06926818,0.0
2512,NLVPMVATV,swapped_1766,5,0.0105684595,0.0
5728,KTWGQYWQV,positive,5,0.30675638,1.0
861,GILGFVFTL,10x,5,0.48071873,0.0
5159,GILGFVFTL,10x,5,0.17921013,0.0
3813,GILGFVFTL,swapped_2730,5,0.8040972,0.0
2811,GILGFVFTL,positive,5,0.99998116,1.0
987,NLVPMVATV,10x,5,0.24346195,0.0
4174,GLCTLVAML,positive,5,0.59032196,1.0
1208,GLCTLVAML,swapped_217,5,0.13182068,0.0
1310,FLYALALLL,swapped_283,5,4.1243067e-05,0.0
3579,LLFGYPVYV,10x,5,0.46000686,0.0
193,GILGFVFTL,positive,5,0.99683666,1.0
6128,GILGFVFTL,10x,5,0.13534565,0.0
323,GILGFVFTL,positive,5,0.16339421,1.0
5529,RTLNAWVKV,swapped_4321,5,9.795516e-06,0.0
1720,GILGFVFTL,positive,5,0.119386695,1.0
1324,MLDLQPETT,swapped_379,5,0.0004001197,0.0
2945,GILGFVFTL,positive,5,0.8862023,1.0
5720,GILGFVFTL,positive,5,0.11034368,1.0
1766,GILGFVFTL,positive,5,0.9766341,1.0
1233,GLCTLVAML,swapped_86,5,4.0979292e-05,0.0
4424,GILGFVFTL,positive,5,0.9999105,1.0
3346,GLCTLVAML,10x,5,0.3649774,0.0
1164,GLCTLVAML,swapped_42,5,1.8444405e-05,0.0
5292,GILGFVFTL,10x,5,0.12192448,0.0
5109,NLVPMVATV,10x,5,0.26682732,0.0
4731,GLCTLVAML,10x,5,0.4372862,0.0
2948,NLVPMVATV,positive,5,0.1754663,1.0
483,GILGFVFTL,10x,5,0.18184565,0.0
6221,FLYALALLL,10x,5,0.4783162,0.0
1713,GILGFVFTL,positive,5,0.9725257,1.0
5680,GLCTLVAML,swapped_4522,5,9.023082e-05,0.0
2958,GLCTLVAML,positive,5,0.33920842,1.0
6487,CLGGLLTMV,10x,5,0.17095384,0.0
3436,GILGFVFTL,10x,5,0.13986583,0.0
6443,GILGFVFTL,10x,5,0.152112,0.0
5115,GILGFVFTL,10x,5,0.1555865,0.0
100,GILGFVFTL,positive,5,0.9987801,1.0
4024,GLCTLVAML,swapped_2955,5,0.45512196,0.0
2430,GILGFVFTL,swapped_1547,5,0.024986308,0.0
2253,GILGFVFTL,10x,5,0.06828643,0.0
876,GLCTLVAML,10x,5,0.3595196,0.0
6898,GLCTLVAML,swapped_5731,5,0.0065884953,0.0
1347,LLFGYPVYV,swapped_256,5,0.00054607604,0.0
2508,MLDLQPETT,swapped_1596,5,0.4783162,0.0
2329,NLVPMVATV,10x,5,0.42284197,0.0
1876,GILGFVFTL,10x,5,0.110537805,0.0
6309,GLCTLVAML,10x,5,0.699894,0.0
2328,GILGFVFTL,10x,5,0.34879774,0.0
1226,NLVPMVATV,swapped_160,5,1.9151643e-05,0.0
1020,GILGFVFTL,10x,5,0.181346,0.0
4342,GLCTLVAML,positive,5,0.6409383,1.0
234,FLYALALLL,positive,5,0.6487965,1.0
47,GILGFVFTL,positive,5,0.1652154,1.0
526,GILGFVFTL,10x,5,0.12490296,0.0
2518,GILGFVFTL,swapped_1809,5,0.34322327,0.0
5151,GILGFVFTL,10x,5,0.11955603,0.0
4566,GILGFVFTL,10x,5,0.21016026,0.0
6280,GILGFVFTL,10x,5,0.13193631,0.0
2377,SLFNTVATL,10x,5,0.34096503,0.0
1807,FLYALALLL,positive,5,0.4783162,1.0
6327,NLVPMVATV,10x,5,0.3356808,0.0
4536,FLYALALLL,positive,5,0.5157234,1.0
5229,GILGFVFTL,10x,5,0.12577534,0.0
1625,GILGFVFTL,positive,5,0.9564847,1.0
2460,NLVPMVATV,swapped_1776,5,0.43369582,0.0
92,GILGFVFTL,positive,5,0.9994516,1.0
2035,LLFGYPVYV,10x,5,0.46282578,0.0
5640,NLVPMVATV,swapped_4273,5,1.200398e-05,0.0
3760,NLVPMVATV,10x,5,0.8545073,0.0
1964,GILGFVFTL,10x,5,0.2401311,0.0
5128,CLGGLLTMV,10x,5,0.5645408,0.0
531,NLVPMVATV,10x,5,0.49747935,0.0
4627,GILGFVFTL,10x,5,0.2014338,0.0
3702,GLCTLVAML,10x,5,0.30242792,0.0
3717,GILGFVFTL,10x,5,0.105694756,0.0
6721,GLCTLVAML,swapped_5809,5,0.089684255,0.0
1245,RTLNAWVKV,swapped_234,5,0.62637347,0.0
2549,GILGFVFTL,swapped_1770,5,0.3387393,0.0
1737,NLVPMVATV,positive,5,0.8412077,1.0
3826,GLCTLVAML,swapped_2701,5,7.2162657e-06,0.0
5026,GILGFVFTL,10x,5,0.40672216,0.0
5216,GILGFVFTL,10x,5,0.17041002,0.0
2783,GILGFVFTL,positive,5,0.9997013,1.0
1289,NLVPMVATV,swapped_187,5,0.0035506107,0.0
293,GILGFVFTL,positive,5,0.99999285,1.0
1596,GILGFVFTL,positive,5,0.142532,1.0
5057,GILGFVFTL,10x,5,0.14768963,0.0
3971,GLCTLVAML,swapped_2831,5,1.9980971e-05,0.0
2203,GILGFVFTL,10x,5,0.17508616,0.0
3332,GILGFVFTL,10x,5,0.20470864,0.0
331,GILGFVFTL,positive,5,0.9983188,1.0
4439,GLCTLVAML,positive,5,0.41899154,1.0
1592,GLCTLVAML,positive,5,0.9611291,1.0
4722,GILGFVFTL,10x,5,0.33418497,0.0
4853,GILGFVFTL,10x,5,0.45419464,0.0
2933,GILGFVFTL,positive,5,0.62052625,1.0
646,GILGFVFTL,10x,5,0.025796091,0.0
3075,GILGFVFTL,10x,5,0.11727338,0.0
1739,GLCTLVAML,positive,5,0.96930504,1.0
6639,GLCTLVAML,swapped_5732,5,6.416583e-05,0.0
3999,GILGFVFTL,swapped_2869,5,0.054686327,0.0
1843,GILGFVFTL,10x,5,0.16754505,0.0
1126,GILGFVFTL,10x,5,0.18569359,0.0
6222,GILGFVFTL,10x,5,0.09002607,0.0
4273,GILGFVFTL,positive,5,0.99998486,1.0
4512,GLCTLVAML,positive,5,0.46843645,1.0
1311,NLVPMVATV,swapped_119,5,0.00017439097,0.0
6402,GILGFVFTL,10x,5,0.3346268,0.0
41,GILGFVFTL,positive,5,0.99681747,1.0
2792,GILGFVFTL,positive,5,0.9999876,1.0
2699,GLCTLVAML,positive,5,0.93180573,1.0
1298,KVLEYVIKV,swapped_268,5,0.24836561,0.0
3160,RMFPNAPYL,10x,5,0.4718591,0.0
3409,GILGFVFTL,10x,5,0.06018789,0.0
1891,GILGFVFTL,10x,5,0.8770995,0.0
3622,GILGFVFTL,10x,5,0.2563024,0.0
2936,GILGFVFTL,positive,5,0.33776885,1.0
5465,NLVPMVATV,swapped_4328,5,0.16254544,0.0
1291,KTWGQYWQV,swapped_49,5,0.4783162,0.0
2851,GILGFVFTL,positive,5,0.9927859,1.0
3361,GLCTLVAML,10x,5,0.40656045,0.0
3918,GLCTLVAML,swapped_2790,5,0.007326235,0.0
1169,RTLNAWVKV,swapped_47,5,0.46326193,0.0
4015,NLVPMVATV,swapped_2898,5,0.76272625,0.0
1138,NLVPMVATV,10x,5,0.4783162,0.0
2162,GILGFVFTL,10x,5,0.8306257,0.0
1749,GILGFVFTL,positive,5,0.9581074,1.0
2533,GILGFVFTL,swapped_1689,5,0.102742806,0.0
190,NLVPMVATV,positive,5,0.28081813,1.0
4163,NLVPMVATV,swapped_2801,5,0.00032751373,0.0
2492,KTWGQYWQV,swapped_1709,5,0.007277862,0.0
3791,GILGFVFTL,10x,5,0.28560397,0.0
290,GILGFVFTL,positive,5,0.9996191,1.0
2209,NLVPMVATV,10x,5,0.456459,0.0
6076,RMFPNAPYL,10x,5,0.4783162,0.0
4243,GILGFVFTL,positive,5,0.9999945,1.0
3567,NLVPMVATV,10x,5,0.4783162,0.0
1340,GLCTLVAML,swapped_167,5,0.15319832,0.0
3084,GLCTLVAML,10x,5,0.26231512,0.0
6635,GILGFVFTL,swapped_5740,5,0.08380394,0.0
6281,NLVPMVATV,10x,5,0.17372687,0.0
5946,GILGFVFTL,positive,5,0.9694808,1.0
4143,LLFGYPVYV,swapped_2828,5,0.4783162,0.0
4165,NLVPMVATV,swapped_2823,5,0.0017170486,0.0
4367,GLCTLVAML,positive,5,0.44133306,1.0
6398,NLVPMVATV,10x,5,0.20923118,0.0
1590,GILGFVFTL,positive,5,0.99644583,1.0
435,YLLEMLWRL,10x,5,0.46539834,0.0
1088,GILGFVFTL,10x,5,0.03194057,0.0
5215,MLDLQPETT,10x,5,0.4783162,0.0
65,NLVPMVATV,positive,5,0.2744136,1.0
6153,GILGFVFTL,10x,5,0.29026708,0.0
4364,GILGFVFTL,positive,5,0.999882,1.0
132,FLYALALLL,positive,5,0.14891563,1.0
3970,GILGFVFTL,swapped_2804,5,0.08290401,0.0
3603,GILGFVFTL,10x,5,0.09293761,0.0
6166,GILGFVFTL,10x,5,0.28518167,0.0
1084,IMDQVPFSV,10x,5,0.4783162,0.0
1921,NLVPMVATV,10x,5,0.6564508,0.0
5755,GLCTLVAML,positive,5,0.69585234,1.0
6162,GILGFVFTL,10x,5,0.48704672,0.0
3104,RTLNAWVKV,10x,5,0.41878688,0.0
3969,GLCTLVAML,swapped_2846,5,4.89561e-05,0.0
21,GILGFVFTL,positive,5,0.99900454,1.0
42,GILGFVFTL,positive,5,0.99998975,1.0
5825,GILGFVFTL,positive,5,0.9999895,1.0
6146,NLVPMVATV,10x,5,0.42864323,0.0
45,GILGFVFTL,positive,5,0.99998856,1.0
320,GILGFVFTL,positive,5,0.99892694,1.0
5860,GILGFVFTL,positive,5,0.9978124,1.0
3345,GLCTLVAML,10x,5,0.3575116,0.0
2467,GLCTLVAML,swapped_1742,5,3.5441046e-06,0.0
451,GILGFVFTL,10x,5,0.21983577,0.0
6715,GLCTLVAML,swapped_5990,5,3.6298123e-05,0.0
4471,NLVPMVATV,positive,5,0.6459933,1.0
3636,IMDQVPFSV,10x,5,0.4783162,0.0
4041,NLVPMVATV,swapped_2799,5,0.039122056,0.0
6004,GILGFVFTL,positive,5,0.38554126,1.0
2888,GILGFVFTL,positive,5,0.9317809,1.0
986,GILGFVFTL,10x,5,0.08040523,0.0
4886,GILGFVFTL,10x,5,0.1796308,0.0
5401,NLVPMVATV,swapped_4413,5,5.8920277e-06,0.0
5707,GILGFVFTL,positive,5,0.99998796,1.0
1389,GILGFVFTL,swapped_18,5,0.03779018,0.0
854,GLCTLVAML,10x,5,0.5040345,0.0
4887,GILGFVFTL,10x,5,0.15413405,0.0
1276,GLCTLVAML,swapped_155,5,2.0863235e-05,0.0
3887,SLFNTVATL,swapped_2860,5,2.7792808e-05,0.0
2646,NLVPMVATV,swapped_1625,5,0.1612819,0.0
4003,GLCTLVAML,swapped_2884,5,0.08530461,0.0
5693,GLCTLVAML,swapped_4205,5,0.03250052,0.0
4862,GLCTLVAML,10x,5,0.29019773,0.0
3100,GILGFVFTL,10x,5,0.13987821,0.0
247,GILGFVFTL,positive,5,0.9999492,1.0
5631,FLYALALLL,swapped_4555,5,0.3469258,0.0
1944,GILGFVFTL,10x,5,0.19957027,0.0
4522,GILGFVFTL,positive,5,0.9999492,1.0
1131,GILGFVFTL,10x,5,0.16724595,0.0
1375,GLCTLVAML,swapped_272,5,0.14772111,0.0
4906,GILGFVFTL,10x,5,0.27403608,0.0
257,GILGFVFTL,positive,5,0.9982482,1.0
155,GILGFVFTL,positive,5,0.99997985,1.0
5871,GILGFVFTL,positive,5,0.99998474,1.0
89,GILGFVFTL,positive,5,0.9989054,1.0
3055,GILGFVFTL,positive,5,0.9999856,1.0
3954,GLCTLVAML,swapped_2851,5,0.013979399,0.0
3642,GILGFVFTL,10x,5,0.14198214,0.0
3240,GILGFVFTL,10x,5,0.1088708,0.0
3965,GILGFVFTL,swapped_2958,5,0.09134856,0.0
518,NLVPMVATV,10x,5,0.102002114,0.0
2807,GILGFVFTL,positive,5,0.18173426,1.0
1272,GLCTLVAML,swapped_309,5,8.396687e-06,0.0
2200,KTWGQYWQV,10x,5,0.45268896,0.0
3440,GILGFVFTL,10x,5,0.31238073,0.0
1864,GILGFVFTL,10x,5,0.16540857,0.0
3930,GLCTLVAML,swapped_2807,5,0.402058,0.0
4292,GILGFVFTL,positive,5,0.990168,1.0
6773,NLVPMVATV,swapped_5871,5,1.1844619e-05,0.0
421,LLFGYPVYV,10x,5,0.4783162,0.0
1039,NLVPMVATV,10x,5,0.0013788831,0.0
3911,GLCTLVAML,swapped_2979,5,1.1769291e-05,0.0
4869,GILGFVFTL,10x,5,0.2622563,0.0
3067,GILGFVFTL,10x,5,0.05486779,0.0
4464,NLVPMVATV,positive,5,0.87150306,1.0
4137,KTWGQYWQV,swapped_2912,5,0.4783162,0.0
3255,GILGFVFTL,10x,5,0.34844682,0.0
3598,GILGFVFTL,10x,5,0.13053775,0.0
5367,NLVPMVATV,swapped_4390,5,0.0060222885,0.0
6510,GLCTLVAML,10x,5,0.0014414609,0.0
4219,GILGFVFTL,positive,5,0.98719096,1.0
2529,GLCTLVAML,swapped_1773,5,0.45689824,0.0
3405,GILGFVFTL,10x,5,0.099902175,0.0
4381,GILGFVFTL,positive,5,0.9999591,1.0
1349,RTLNAWVKV,swapped_121,5,0.4783162,0.0
4295,GILGFVFTL,positive,5,0.9999924,1.0
3992,NLVPMVATV,swapped_2739,5,5.008265e-05,0.0
2943,GILGFVFTL,positive,5,0.9999914,1.0
6063,RTLNAWVKV,10x,5,0.4783162,0.0
5389,NLVPMVATV,swapped_4222,5,7.664878e-06,0.0
542,GILGFVFTL,10x,5,0.35894686,0.0
2282,GLCTLVAML,10x,5,0.5088009,0.0
3233,FLYALALLL,10x,5,0.41894192,0.0
3172,FLYALALLL,10x,5,0.49058148,0.0
3692,GILGFVFTL,10x,5,0.25275105,0.0
6696,GLCTLVAML,swapped_5707,5,7.929617e-06,0.0
6339,GILGFVFTL,10x,5,0.08791115,0.0
3606,GILGFVFTL,10x,5,0.27485144,0.0
2317,GILGFVFTL,10x,5,0.07892613,0.0
3266,GILGFVFTL,10x,5,0.7702382,0.0
1242,RTLNAWVKV,swapped_89,5,0.0061333757,0.0
3150,GLCTLVAML,10x,5,0.24006319,0.0
2482,GLCTLVAML,swapped_1624,5,0.5083699,0.0
684,GLCTLVAML,10x,5,0.21629125,0.0
1370,KVAELVHFL,swapped_323,5,0.4783162,0.0
6247,GILGFVFTL,10x,5,0.46475798,0.0
18,GLCTLVAML,positive,5,0.92156106,1.0
4354,GILGFVFTL,positive,5,0.9999931,1.0
801,GILGFVFTL,10x,5,0.11181722,0.0
5683,RMFPNAPYL,swapped_4364,5,0.0002494555,0.0
3200,GILGFVFTL,10x,5,0.0944618,0.0
5667,GLCTLVAML,swapped_4396,5,0.22655876,0.0
3222,GILGFVFTL,10x,5,0.14619131,0.0
4214,GILGFVFTL,positive,5,0.9999901,1.0
339,GLCTLVAML,positive,5,0.9437858,1.0
4716,GLCTLVAML,10x,5,0.4296389,0.0
2159,GILGFVFTL,10x,5,0.15883423,0.0
5902,GILGFVFTL,positive,5,0.99993896,1.0
2711,GILGFVFTL,positive,5,0.9988655,1.0
6592,GILGFVFTL,10x,5,0.11927222,0.0
1693,GILGFVFTL,positive,5,0.99999213,1.0
6657,NLVPMVATV,swapped_5981,5,0.3874388,0.0
2155,GILGFVFTL,10x,5,0.19983134,0.0
1225,LLFGYPVYV,swapped_41,5,0.0056337044,0.0
3657,GILGFVFTL,10x,5,0.26142102,0.0
2884,GILGFVFTL,positive,5,0.97851425,1.0
3873,MLDLQPETT,swapped_3047,5,0.3796825,0.0
2860,GILGFVFTL,positive,5,0.9999858,1.0
3701,GILGFVFTL,10x,5,0.2962838,0.0
4240,GILGFVFTL,positive,5,0.9998783,1.0
3140,GLCTLVAML,10x,5,0.47761303,0.0
3155,GILGFVFTL,10x,5,0.1408655,0.0
669,GILGFVFTL,10x,5,0.19650055,0.0
2662,YLLEMLWRL,swapped_1554,5,0.0007500413,0.0
5906,GILGFVFTL,positive,5,0.9941419,1.0
2090,GILGFVFTL,10x,5,0.08953682,0.0
1339,GLCTLVAML,swapped_354,5,7.307305e-06,0.0
3219,GILGFVFTL,10x,5,0.8934815,0.0
4257,GILGFVFTL,positive,5,0.9873975,1.0
4760,GILGFVFTL,10x,5,0.25610504,0.0
1319,GLCTLVAML,swapped_251,5,0.17772324,0.0
400,GILGFVFTL,10x,5,0.061097402,0.0
2372,LLFGYPVYV,10x,5,0.4698654,0.0
537,GILGFVFTL,10x,5,0.5222495,0.0
2309,GILGFVFTL,10x,5,0.3199928,0.0
217,GILGFVFTL,positive,5,0.92079425,1.0
514,GILGFVFTL,10x,5,0.10778072,0.0
825,GILGFVFTL,10x,5,0.29206008,0.0
2296,GLCTLVAML,10x,5,0.38357434,0.0
3192,GILGFVFTL,10x,5,0.17980565,0.0
704,GLCTLVAML,10x,5,0.40190125,0.0
3829,LLFGYPVYV,swapped_3051,5,8.265709e-05,0.0
22,FLYALALLL,positive,5,0.5053261,1.0
1999,GILGFVFTL,10x,5,0.20314288,0.0
4186,GILGFVFTL,positive,5,0.4545261,1.0
5243,MLDLQPETT,10x,5,0.4783162,0.0
3195,GILGFVFTL,10x,5,0.15963665,0.0
5405,GILGFVFTL,swapped_4505,5,0.040207062,0.0
2901,GILGFVFTL,positive,5,0.12078081,1.0
5776,GLCTLVAML,positive,5,0.4120342,1.0
2231,RTLNAWVKV,10x,5,0.4777337,0.0
5965,GILGFVFTL,positive,5,0.9999926,1.0
196,GILGFVFTL,positive,5,0.9955966,1.0
1453,GLCTLVAML,swapped_100,5,0.0010750875,0.0
4056,RMFPNAPYL,swapped_2853,5,9.94862e-05,0.0
6160,GILGFVFTL,10x,5,0.36817837,0.0
1690,GLCTLVAML,positive,5,0.337089,1.0
5588,GILGFVFTL,swapped_4427,5,0.118858166,0.0
4870,GILGFVFTL,10x,5,0.03691328,0.0
5624,GLCTLVAML,swapped_4290,5,0.34501994,0.0
2670,GLCTLVAML,swapped_1623,5,0.0019690562,0.0
807,GILGFVFTL,10x,5,0.06709099,0.0
3576,GILGFVFTL,10x,5,0.19764712,0.0
4431,NLVPMVATV,positive,5,0.12249117,1.0
2525,RMFPNAPYL,swapped_1595,5,0.4783162,0.0
6131,SLLMWITQV,10x,5,0.4783162,0.0
5314,RTLNAWVKV,10x,5,0.4783162,0.0
6345,GLCTLVAML,10x,5,0.47251096,0.0
1875,GILGFVFTL,10x,5,0.10515787,0.0
1552,GLCTLVAML,positive,5,0.42990485,1.0
1834,GILGFVFTL,10x,5,0.092328504,0.0
3653,GILGFVFTL,10x,5,0.281662,0.0
369,GILGFVFTL,positive,5,0.99993515,1.0
287,GILGFVFTL,positive,5,0.99997926,1.0
2524,GILGFVFTL,swapped_1723,5,0.6666959,0.0
1381,NLVPMVATV,swapped_289,5,1.2852515e-05,0.0
4818,NLVPMVATV,10x,5,0.29346436,0.0
4535,GLCTLVAML,positive,5,0.977535,1.0
4223,NLVPMVATV,positive,5,0.47069332,1.0
6445,GILGFVFTL,10x,5,0.17825828,0.0
241,GILGFVFTL,positive,5,0.99957615,1.0
4891,GILGFVFTL,10x,5,0.12339982,0.0
855,GILGFVFTL,10x,5,0.41595063,0.0
1118,GILGFVFTL,10x,5,0.08176387,0.0
133,GILGFVFTL,positive,5,0.9987025,1.0
6431,GILGFVFTL,10x,5,0.15638988,0.0
795,GLCTLVAML,10x,5,0.29005817,0.0
3347,GILGFVFTL,10x,5,0.15506583,0.0
3674,GILGFVFTL,10x,5,0.14753926,0.0
3665,GILGFVFTL,10x,5,0.24545243,0.0
2790,GILGFVFTL,positive,5,0.99732083,1.0
4911,LLFGYPVYV,10x,5,0.42762715,0.0
5363,GLCTLVAML,swapped_4312,5,6.325869e-05,0.0
933,GILGFVFTL,10x,5,0.2030064,0.0
2866,GILGFVFTL,positive,5,0.15063755,1.0
4754,GLCTLVAML,10x,5,0.018356675,0.0
3756,GILGFVFTL,10x,5,0.14954376,0.0
1825,GLCTLVAML,10x,5,0.52558535,0.0
2613,LLFGYPVYV,swapped_1679,5,0.0016595331,0.0
2026,GILGFVFTL,10x,5,0.1667518,0.0
6808,NLVPMVATV,swapped_5945,5,0.07380679,0.0
2799,GILGFVFTL,positive,5,0.9919739,1.0
1600,GILGFVFTL,positive,5,0.14772293,1.0
2827,GILGFVFTL,positive,5,0.078135714,1.0
1802,GILGFVFTL,positive,5,0.9998497,1.0
1503,FLYALALLL,swapped_33,5,0.9132683,0.0
6127,GILGFVFTL,10x,5,0.11069067,0.0
556,GILGFVFTL,10x,5,0.45555282,0.0
2577,NLVPMVATV,swapped_1802,5,0.00042364278,0.0
5539,GLCTLVAML,swapped_4463,5,2.1810232e-05,0.0
2999,GILGFVFTL,positive,5,0.99996483,1.0
2876,MLDLQPETT,positive,5,0.3413935,1.0
1354,GILGFVFTL,swapped_166,5,0.19510785,0.0
6479,GILGFVFTL,10x,5,0.056327764,0.0
6764,FLYALALLL,swapped_5860,5,0.0038807897,0.0
6802,MLDLQPETT,swapped_5979,5,3.3018394e-05,0.0
1759,FLYALALLL,positive,5,0.4783162,1.0
1188,RTLNAWVKV,swapped_308,5,0.08503393,0.0
4215,GILGFVFTL,positive,5,0.9983956,1.0
4119,GLCTLVAML,swapped_2781,5,0.005789535,0.0
2398,RMFPNAPYL,10x,5,0.4783162,0.0
5544,GLCTLVAML,swapped_4336,5,0.0016569296,0.0
6904,GILGFVFTL,swapped_5737,5,0.026124408,0.0
3910,GLCTLVAML,swapped_2698,5,0.450679,0.0
5722,GILGFVFTL,positive,5,0.9997086,1.0
418,GLCTLVAML,10x,5,0.39294088,0.0
312,GILGFVFTL,positive,5,0.99998367,1.0
1117,GILGFVFTL,10x,5,0.18978001,0.0
491,NLVPMVATV,10x,5,0.25426176,0.0
2832,GILGFVFTL,positive,5,0.99997365,1.0
166,GLCTLVAML,positive,5,0.28646073,1.0
6167,RTLNAWVKV,10x,5,0.4783162,0.0
2831,GILGFVFTL,positive,5,0.9999629,1.0
3031,GILGFVFTL,positive,5,0.9999889,1.0
2239,GILGFVFTL,10x,5,0.044963863,0.0
3292,SLFNTVATL,10x,5,0.42294183,0.0
2072,NLVPMVATV,10x,5,0.43837857,0.0
6847,GILGFVFTL,swapped_5816,5,0.22637618,0.0
1627,GILGFVFTL,positive,5,0.99998224,1.0
1790,NLVPMVATV,positive,5,0.39384106,1.0
3560,GILGFVFTL,10x,5,0.27710113,0.0
141,GILGFVFTL,positive,5,0.991565,1.0
4311,GILGFVFTL,positive,5,0.07363828,1.0
38,GILGFVFTL,positive,5,0.26114723,1.0
3386,GLCTLVAML,10x,5,0.24858591,0.0
593,FLYALALLL,10x,5,0.4319738,0.0
2094,GLCTLVAML,10x,5,0.37930542,0.0
6905,RMFPNAPYL,swapped_5902,5,0.0005471436,0.0
6700,GLCTLVAML,swapped_5965,5,1.7788914e-05,0.0
151,GILGFVFTL,positive,5,0.9989761,1.0
2088,GILGFVFTL,10x,5,0.06388624,0.0
379,GILGFVFTL,positive,5,0.99965966,1.0
406,GILGFVFTL,10x,5,0.20119028,0.0
5979,GILGFVFTL,positive,5,0.9999852,1.0
3098,GILGFVFTL,10x,5,0.55389583,0.0
3390,GILGFVFTL,10x,5,0.205257,0.0
4962,GILGFVFTL,10x,5,0.3772368,0.0
3542,GILGFVFTL,10x,5,0.29076418,0.0
849,GILGFVFTL,10x,5,0.13678555,0.0
5560,RMFPNAPYL,swapped_4502,5,0.0016003143,0.0
6418,GILGFVFTL,10x,5,0.08420371,0.0
156,NLVPMVATV,positive,5,0.5636355,1.0
6265,GLCTLVAML,10x,5,0.21150494,0.0
6068,GLCTLVAML,10x,5,0.27849486,0.0
641,GILGFVFTL,10x,5,0.19011782,0.0
1337,GILGFVFTL,swapped_156,5,0.4045854,0.0
1274,LLFGYPVYV,swapped_263,5,0.18937904,0.0
3096,GILGFVFTL,10x,5,0.38791087,0.0
3394,GLCTLVAML,10x,5,0.41712198,0.0
3116,GILGFVFTL,10x,5,0.44743308,0.0
1709,GILGFVFTL,positive,5,0.9980421,1.0
5686,RMFPNAPYL,swapped_4295,5,1.6387938e-05,0.0
6120,GLCTLVAML,10x,5,0.30337617,0.0
1041,GLCTLVAML,10x,5,2.1365513e-06,0.0
3648,GILGFVFTL,10x,5,0.24310711,0.0
6437,GILGFVFTL,10x,5,0.27135935,0.0
4170,NLVPMVATV,swapped_2900,5,0.3907483,0.0
6252,GILGFVFTL,10x,5,0.15434751,0.0
5636,GLCTLVAML,swapped_4315,5,0.009862383,0.0
3751,NLVPMVATV,10x,5,0.46116775,0.0
2247,GILGFVFTL,10x,5,0.08236048,0.0
4451,IMDQVPFSV,positive,5,0.46670938,1.0
1157,GILGFVFTL,swapped_210,5,0.15888816,0.0
3985,KTWGQYWQV,swapped_2945,5,0.031334992,0.0
6274,GILGFVFTL,10x,5,0.09286533,0.0
4228,GILGFVFTL,positive,5,0.19226822,1.0
915,GILGFVFTL,10x,5,0.37196743,0.0
4090,GLCTLVAML,swapped_3019,5,1.2098843e-05,0.0
3410,GLCTLVAML,10x,5,0.13547543,0.0
6104,GILGFVFTL,10x,5,0.9992773,0.0
4661,GILGFVFTL,10x,5,0.27539006,0.0
1629,GILGFVFTL,positive,5,0.9983253,1.0
3823,GLCTLVAML,swapped_2731,5,3.525168e-05,0.0
5795,GILGFVFTL,positive,5,0.99999356,1.0
2979,GILGFVFTL,positive,5,0.9999926,1.0
6338,GILGFVFTL,10x,5,0.3102063,0.0
2477,GILGFVFTL,swapped_1704,5,0.0929314,0.0
5403,GLCTLVAML,swapped_4277,5,9.728524e-06,0.0
283,GILGFVFTL,positive,5,0.99994457,1.0
6692,NLVPMVATV,swapped_5903,5,0.00013991423,0.0
3287,GILGFVFTL,10x,5,0.06745006,0.0
2789,GILGFVFTL,positive,5,0.9684899,1.0
3181,GILGFVFTL,10x,5,0.12307643,0.0
6612,GLCTLVAML,swapped_5875,5,0.0017325099,0.0
3796,GILGFVFTL,10x,5,0.105451256,0.0
627,GLCTLVAML,10x,5,0.2736062,0.0
4634,GILGFVFTL,10x,5,0.06590218,0.0
3351,NLVPMVATV,10x,5,0.4073433,0.0
6534,GILGFVFTL,10x,5,0.13629423,0.0
5536,GILGFVFTL,swapped_4367,5,0.11585003,0.0
5870,GILGFVFTL,positive,5,0.9999871,1.0
1060,GILGFVFTL,10x,5,0.020596815,0.0
4991,GILGFVFTL,10x,5,0.13362278,0.0
2185,NLVPMVATV,10x,5,0.4882824,0.0
1428,GLCTLVAML,swapped_331,5,0.0026434197,0.0
2698,GILGFVFTL,positive,5,0.14569515,1.0
2348,GILGFVFTL,10x,5,0.13446742,0.0
594,FLYALALLL,10x,5,0.22711754,0.0
5543,RTLNAWVKV,swapped_4257,5,0.14162526,0.0
1154,GILGFVFTL,swapped_65,5,0.13075812,0.0
5696,NLVPMVATV,swapped_4228,5,0.42085034,0.0
6391,GILGFVFTL,10x,5,0.19347455,0.0
1258,NLVPMVATV,swapped_92,5,0.0012434421,0.0
344,GLCTLVAML,positive,5,0.9305245,1.0
24,GILGFVFTL,positive,5,0.9999621,1.0
4141,NLVPMVATV,swapped_2962,5,0.008437401,0.0
3008,GLCTLVAML,positive,5,0.52213377,1.0
1926,KTWGQYWQV,10x,5,0.47746536,0.0
3481,GILGFVFTL,10x,5,0.16764332,0.0
6770,NLVPMVATV,swapped_5932,5,0.062677875,0.0
6741,NLVPMVATV,swapped_5760,5,0.009742989,0.0
3581,NLVPMVATV,10x,5,0.17633528,0.0
864,GILGFVFTL,10x,5,0.41636834,0.0
1862,GILGFVFTL,10x,5,0.42317265,0.0
5112,GILGFVFTL,10x,5,0.11567963,0.0
5740,GLCTLVAML,positive,5,0.45363256,1.0
4771,GILGFVFTL,10x,5,0.03760394,0.0
5195,GILGFVFTL,10x,5,0.15177779,0.0
5448,GLCTLVAML,swapped_4240,5,8.64768e-05,0.0
576,GILGFVFTL,10x,5,0.12624604,0.0
1514,LLFGYPVYV,swapped_229,5,0.0037909406,0.0
1777,NLVPMVATV,positive,5,0.29444948,1.0
6518,GILGFVFTL,10x,5,0.2637663,0.0
3493,GLCTLVAML,10x,5,0.17117314,0.0
1313,GLCTLVAML,swapped_352,5,0.085004665,0.0
5666,NLVPMVATV,swapped_4311,5,0.46617627,0.0
1672,GILGFVFTL,positive,5,0.9981237,1.0
3419,GILGFVFTL,10x,5,0.1160615,0.0
5345,SLLMWITQV,swapped_4178,5,0.4783162,0.0
1742,GILGFVFTL,positive,5,0.9999926,1.0
3271,GILGFVFTL,10x,5,0.083032645,0.0
696,GLCTLVAML,10x,5,0.5246273,0.0
883,GILGFVFTL,10x,5,0.25278255,0.0
1006,GILGFVFTL,10x,5,0.0776627,0.0
2683,FLYALALLL,swapped_1693,5,6.6815946e-06,0.0
3019,GILGFVFTL,positive,5,0.9999771,1.0
2944,NLVPMVATV,positive,5,0.40378562,1.0
5932,GILGFVFTL,positive,5,0.9867905,1.0
33,GLCTLVAML,positive,5,0.9735188,1.0
3743,GILGFVFTL,10x,5,0.057860743,0.0
3186,NLVPMVATV,10x,5,0.3004688,0.0
6177,GILGFVFTL,10x,5,0.13824664,0.0
6571,GILGFVFTL,10x,5,0.07510183,0.0
137,NLVPMVATV,positive,5,0.46672514,1.0
918,GILGFVFTL,10x,5,0.12670304,0.0
3914,GLCTLVAML,swapped_2882,5,0.0005678131,0.0
4737,GILGFVFTL,10x,5,0.18353814,0.0
4587,GILGFVFTL,10x,5,0.5997137,0.0
1873,MLDLQPETT,10x,5,0.42997414,0.0
6303,GILGFVFTL,10x,5,0.20341787,0.0
6016,GILGFVFTL,10x,5,0.13691756,0.0
5641,LLFGYPVYV,swapped_4238,5,0.4647244,0.0
5217,GILGFVFTL,10x,5,0.33109546,0.0
273,NLVPMVATV,positive,5,0.618592,1.0
4670,GILGFVFTL,10x,5,0.8508761,0.0
2160,FLYALALLL,10x,5,0.3816667,0.0
3626,RMFPNAPYL,10x,5,0.4783162,0.0
1448,FLYALALLL,swapped_107,5,8.035575e-05,0.0
685,GILGFVFTL,10x,5,0.10443419,0.0
5662,FLYALALLL,swapped_4431,5,0.21424451,0.0
4521,GILGFVFTL,positive,5,0.9996437,1.0
3041,GLCTLVAML,positive,5,0.94401556,1.0
5441,FLYALALLL,swapped_4424,5,0.0002753429,0.0
5674,GILGFVFTL,swapped_4451,5,0.38965076,0.0
6237,GLCTLVAML,10x,5,0.36902145,0.0
1736,NLVPMVATV,positive,5,0.8858101,1.0
3698,GILGFVFTL,10x,5,0.14530204,0.0
5717,GILGFVFTL,positive,5,0.9999641,1.0
3286,NLVPMVATV,10x,5,0.31236187,0.0
2676,GILGFVFTL,swapped_1737,5,0.15741834,0.0
667,LLFGYPVYV,10x,5,0.4783162,0.0
1510,YLLEMLWRL,swapped_137,5,0.4783162,0.0
1204,GILGFVFTL,swapped_190,5,0.1525317,0.0
4919,GILGFVFTL,10x,5,0.22889699,0.0
1137,GLCTLVAML,10x,5,6.255965e-06,0.0
3882,GLCTLVAML,swapped_2895,5,1.979869e-05,0.0
1135,GLCTLVAML,10x,5,0.34502643,0.0
1147,GILGFVFTL,swapped_22,5,0.05160832,0.0
1465,GLCTLVAML,swapped_35,5,0.16350427,0.0
1727,GILGFVFTL,positive,5,0.9999465,1.0
4830,GLCTLVAML,10x,5,0.25658402,0.0
6124,GILGFVFTL,10x,5,0.17037626,0.0
3973,LLFGYPVYV,swapped_2792,5,1.4475055e-05,0.0
2459,GLCTLVAML,swapped_1790,5,0.36333573,0.0
5597,GILGFVFTL,swapped_4464,5,0.22476107,0.0
3225,GILGFVFTL,10x,5,0.3241578,0.0
3770,GILGFVFTL,10x,5,0.35541177,0.0
3115,NLVPMVATV,10x,5,0.25807324,0.0
3383,GILGFVFTL,10x,5,0.9071747,0.0
2009,GILGFVFTL,10x,5,0.18445419,0.0
4048,KTWGQYWQV,swapped_2788,5,2.1890166e-05,0.0
6360,GILGFVFTL,10x,5,0.8988611,0.0
2923,GILGFVFTL,positive,5,0.12685423,1.0
3594,GILGFVFTL,10x,5,0.111932755,0.0
5241,GILGFVFTL,10x,5,0.13246772,0.0
3444,GILGFVFTL,10x,5,0.08930045,0.0
2853,GILGFVFTL,positive,5,0.9999794,1.0
19,GILGFVFTL,positive,5,0.98753965,1.0
5816,NLVPMVATV,positive,5,0.74913734,1.0
5479,GILGFVFTL,swapped_4342,5,0.08740522,0.0
3486,GILGFVFTL,10x,5,0.13677128,0.0
1788,GILGFVFTL,positive,5,0.98679256,1.0
454,GILGFVFTL,10x,5,0.9305805,0.0
5875,GILGFVFTL,positive,5,0.99900144,1.0
6703,GILGFVFTL,swapped_6001,5,0.07206809,0.0
4509,GILGFVFTL,positive,5,0.109673664,1.0
2701,GILGFVFTL,positive,5,0.9999888,1.0
2852,GLCTLVAML,positive,5,0.97107464,1.0
5878,LLFGYPVYV,positive,5,0.4783162,1.0
308,GILGFVFTL,positive,5,0.97376716,1.0
3920,NLVPMVATV,swapped_3056,5,0.0073761283,0.0
1519,FLYALALLL,swapped_203,5,0.43793416,0.0
1171,GLCTLVAML,swapped_348,5,0.22003649,0.0
3870,LLFGYPVYV,swapped_2916,5,1.1170015e-05,0.0
3825,GLCTLVAML,swapped_2695,5,0.007232839,0.0
6762,KTWGQYWQV,swapped_5868,5,0.29348338,0.0
3303,GILGFVFTL,10x,5,0.14653845,0.0
6392,GILGFVFTL,10x,5,0.18513437,0.0
741,GILGFVFTL,10x,5,0.20321043,0.0
365,GILGFVFTL,positive,5,0.98594046,1.0
2497,FLYALALLL,swapped_1590,5,0.018931149,0.0
3368,LLFGYPVYV,10x,5,0.4783162,0.0
601,GILGFVFTL,10x,5,0.1646307,0.0
499,GILGFVFTL,10x,5,0.2227487,0.0
354,GILGFVFTL,positive,5,0.99999154,1.0
3215,GILGFVFTL,10x,5,0.07935893,0.0
4960,RTLNAWVKV,10x,5,0.4545022,0.0
5430,NLVPMVATV,swapped_4356,5,4.0408668e-06,0.0
6244,GILGFVFTL,10x,5,0.0786871,0.0
6790,KTWGQYWQV,swapped_5792,5,0.43428567,0.0
2804,FLYALALLL,positive,5,0.4472708,1.0
3798,GILGFVFTL,10x,5,0.15386766,0.0
5418,NLVPMVATV,swapped_4521,5,0.0006152868,0.0
539,GILGFVFTL,10x,5,0.7170876,0.0
4795,NLVPMVATV,10x,5,0.4913626,0.0
4004,IMDQVPFSV,swapped_3031,5,1.4880227e-05,0.0
6236,NLVPMVATV,10x,5,0.40951717,0.0
1099,GILGFVFTL,10x,5,0.1551166,0.0
1922,GILGFVFTL,10x,5,0.13465887,0.0
227,GILGFVFTL,positive,5,0.1866532,1.0
3294,GILGFVFTL,10x,5,0.054976124,0.0
3280,NLVPMVATV,10x,5,0.39696646,0.0
2897,GLCTLVAML,positive,5,0.27168256,1.0
3252,GLCTLVAML,10x,5,0.39308727,0.0
4435,GILGFVFTL,positive,5,0.15968724,1.0
2432,GILGFVFTL,swapped_1714,5,0.109869495,0.0
2255,GILGFVFTL,10x,5,0.08978515,0.0
2070,GILGFVFTL,10x,5,0.2299298,0.0
5520,MLDLQPETT,swapped_4243,5,9.017814e-06,0.0
272,GILGFVFTL,positive,5,0.94758445,1.0
6423,NLVPMVATV,10x,5,0.6761283,0.0
3122,GILGFVFTL,10x,5,0.19939208,0.0
1872,GILGFVFTL,10x,5,0.20045063,0.0
2600,NLVPMVATV,swapped_1629,5,0.0051325136,0.0
34,GILGFVFTL,positive,5,0.9999901,1.0
736,GILGFVFTL,10x,5,0.13895343,0.0
1689,NLVPMVATV,positive,5,0.42299852,1.0
4236,GLCTLVAML,positive,5,0.37499976,1.0
5935,GILGFVFTL,positive,5,0.98492754,1.0
6796,GILGFVFTL,swapped_5989,5,0.0753147,0.0
6152,GILGFVFTL,10x,5,0.28262138,0.0
5182,GILGFVFTL,10x,5,0.09595163,0.0
121,GILGFVFTL,positive,5,0.39533028,1.0
145,GILGFVFTL,positive,5,0.96923447,1.0
975,GILGFVFTL,10x,5,0.12727052,0.0
1318,GLCTLVAML,swapped_24,5,2.9388706e-05,0.0
6844,SLFNTVATL,swapped_5870,5,1.3314144e-05,0.0
5208,GILGFVFTL,10x,5,0.79003745,0.0
3522,GILGFVFTL,10x,5,0.11057685,0.0
6100,GILGFVFTL,10x,5,0.10654913,0.0
1198,LLFGYPVYV,swapped_191,5,0.007051648,0.0
6036,FLYALALLL,10x,5,0.49588922,0.0
4898,GILGFVFTL,10x,5,0.29137683,0.0
471,GILGFVFTL,10x,5,0.098851316,0.0
949,GILGFVFTL,10x,5,0.107929565,0.0
4515,GILGFVFTL,positive,5,0.99143374,1.0
3775,GILGFVFTL,10x,5,0.20569138,0.0
2107,GILGFVFTL,10x,5,0.15368602,0.0
5527,GLCTLVAML,swapped_4186,5,0.75330305,0.0
3333,FLYALALLL,10x,5,0.37247944,0.0
1554,GILGFVFTL,positive,5,0.99891615,1.0
6889,YLLEMLWRL,swapped_5969,5,0.09808481,0.0
3028,GILGFVFTL,positive,5,0.93233806,1.0
2761,GILGFVFTL,positive,5,0.99987566,1.0
4328,GILGFVFTL,positive,5,0.96053636,1.0
3685,GILGFVFTL,10x,5,0.8972779,0.0
564,GILGFVFTL,10x,5,0.22643909,0.0
1393,KLQCVDLHV,swapped_349,5,0.3485902,0.0
1949,GILGFVFTL,10x,5,0.34922263,0.0
5540,GILGFVFTL,swapped_4512,5,0.06289265,0.0
437,GILGFVFTL,10x,5,0.10635714,0.0
317,GILGFVFTL,positive,5,0.99998116,1.0
3624,IMDQVPFSV,10x,5,0.4783162,0.0
3118,GLCTLVAML,10x,5,0.34953156,0.0
4749,GILGFVFTL,10x,5,0.108238816,0.0
3892,GLCTLVAML,swapped_2793,5,8.119504e-06,0.0
3051,GILGFVFTL,positive,5,0.99997604,1.0
5737,GLCTLVAML,positive,5,0.9360425,1.0
4185,GILGFVFTL,positive,5,0.9999163,1.0
3641,GILGFVFTL,10x,5,0.22102137,0.0
3068,GILGFVFTL,10x,5,0.18298948,0.0
3706,GILGFVFTL,10x,5,0.49870577,0.0
111,GILGFVFTL,positive,5,0.99980325,1.0
5061,NLVPMVATV,10x,5,0.28140014,0.0
3884,NLVPMVATV,swapped_2992,5,0.0004267085,0.0
5231,GLCTLVAML,10x,5,0.7866313,0.0
3400,SLLMWITQV,10x,5,0.4783162,0.0
1800,GILGFVFTL,positive,5,0.9801918,1.0
6183,GLCTLVAML,10x,5,0.030024366,0.0
1838,NLVPMVATV,10x,5,0.5125963,0.0
1776,GILGFVFTL,positive,5,0.79549384,1.0
926,GILGFVFTL,10x,5,0.09948269,0.0
3732,GILGFVFTL,10x,5,0.19325896,0.0
256,GILGFVFTL,positive,5,0.9994797,1.0
664,GILGFVFTL,10x,5,0.18731931,0.0
249,GILGFVFTL,positive,5,0.9999882,1.0
6243,GILGFVFTL,10x,5,0.17638272,0.0
645,YLLEMLWRL,10x,5,0.4783162,0.0
1329,NLVPMVATV,swapped_55,5,0.46164384,0.0
2173,GILGFVFTL,10x,5,0.25791898,0.0
5306,GILGFVFTL,10x,5,0.24221288,0.0
4350,GILGFVFTL,positive,5,0.99999285,1.0
4396,NLVPMVATV,positive,5,0.25539228,1.0
1675,FLYALALLL,positive,5,0.4783162,1.0
2509,GILGFVFTL,swapped_1736,5,0.07931056,0.0
3135,GILGFVFTL,10x,5,0.8959854,0.0
5132,GILGFVFTL,10x,5,0.3259349,0.0
6156,GILGFVFTL,10x,5,0.13606863,0.0
3523,GILGFVFTL,10x,5,0.057958167,0.0
675,GILGFVFTL,10x,5,0.25476128,0.0
2693,GILGFVFTL,swapped_1759,5,0.084806696,0.0
6425,GLCTLVAML,10x,5,0.28557333,0.0
6563,NLVPMVATV,10x,5,0.35769844,0.0
6320,GILGFVFTL,10x,5,0.08756033,0.0
86,GILGFVFTL,positive,5,0.99994576,1.0
1686,FLYALALLL,positive,5,0.4783162,1.0
3765,GILGFVFTL,10x,5,0.58536917,0.0
5513,GLCTLVAML,swapped_4292,5,0.036071323,0.0
6819,NLVPMVATV,swapped_5937,5,5.0869817e-06,0.0
5347,GILGFVFTL,swapped_4236,5,0.17693815,0.0
1770,NLVPMVATV,positive,5,0.25397995,1.0
4121,NLVPMVATV,swapped_2763,5,2.968667e-05,0.0
1970,GILGFVFTL,10x,5,0.13132176,0.0
6481,LLFGYPVYV,10x,5,0.4783162,0.0
1564,NLVPMVATV,positive,5,0.8349917,1.0
167,GILGFVFTL,positive,5,0.5837411,1.0
4312,GILGFVFTL,positive,5,0.99996567,1.0
469,RMFPNAPYL,10x,5,0.2597419,0.0
5974,GILGFVFTL,positive,5,0.8485928,1.0
1364,GLCTLVAML,swapped_111,5,0.0009935867,0.0
5032,GILGFVFTL,10x,5,0.12158531,0.0
1010,GILGFVFTL,10x,5,0.08238532,0.0
4976,GILGFVFTL,10x,5,0.047863442,0.0
6079,GILGFVFTL,10x,5,0.35117328,0.0
2788,GILGFVFTL,positive,5,0.9999784,1.0
6687,GILGFVFTL,swapped_5930,5,0.16913168,0.0
5278,GILGFVFTL,10x,5,0.052698616,0.0
887,GLCTLVAML,10x,5,0.20879404,0.0
3151,GILGFVFTL,10x,5,0.14661483,0.0
869,GILGFVFTL,10x,5,0.108475685,0.0
2395,GILGFVFTL,10x,5,0.12316027,0.0
5337,FLYALALLL,swapped_4201,5,0.50705177,0.0
2393,GILGFVFTL,10x,5,0.17008916,0.0
5598,SLLMWITQV,swapped_4214,5,1.02580525e-05,0.0
3725,GILGFVFTL,10x,5,0.038253006,0.0
3921,NLVPMVATV,swapped_2977,5,6.922347e-06,0.0
1867,GILGFVFTL,10x,5,0.19504689,0.0
4721,GILGFVFTL,10x,5,0.19884071,0.0
5013,GILGFVFTL,10x,5,0.28885904,0.0
6178,NLVPMVATV,10x,5,0.61422485,0.0
6668,GLCTLVAML,swapped_5862,5,0.36174774,0.0
4083,GLCTLVAML,swapped_2859,5,0.08047137,0.0
6719,GILGFVFTL,swapped_5878,5,0.11066825,0.0
5071,NLVPMVATV,10x,5,0.16573808,0.0
4705,GILGFVFTL,10x,5,0.055004086,0.0
2674,NLVPMVATV,swapped_1788,5,0.055902086,0.0
4427,NLVPMVATV,positive,5,0.55493075,1.0
2588,GILGFVFTL,swapped_1739,5,0.034907382,0.0
6387,NLVPMVATV,10x,5,0.24595967,0.0
4031,FLYALALLL,swapped_2943,5,2.2667723e-06,0.0
3893,NLVPMVATV,swapped_2933,5,0.10006027,0.0
3378,GILGFVFTL,10x,5,0.5841689,0.0
6429,SLFNTVATL,10x,5,0.18748805,0.0
1624,GILGFVFTL,positive,5,0.7865802,1.0
5312,GLCTLVAML,10x,5,0.1768722,0.0
4645,GLCTLVAML,10x,5,0.4459807,0.0
5809,GILGFVFTL,positive,5,0.97620165,1.0
2511,GLCTLVAML,swapped_1672,5,0.0005221688,0.0
5186,LLFGYPVYV,10x,5,0.46958083,0.0
2110,LLFGYPVYV,10x,5,0.4783162,0.0
785,GLCTLVAML,10x,5,0.08738978,0.0
6709,GILGFVFTL,swapped_5755,5,0.084056355,0.0
4849,GILGFVFTL,10x,5,0.5215155,0.0
5176,GILGFVFTL,10x,5,0.0947524,0.0
5656,FLYALALLL,swapped_4360,5,6.692718e-05,0.0
4824,GILGFVFTL,10x,5,0.034292307,0.0
5146,GILGFVFTL,10x,5,0.17370792,0.0
1399,GLCTLVAML,swapped_151,5,0.0008764392,0.0
1911,GILGFVFTL,10x,5,0.6475648,0.0
5732,GILGFVFTL,positive,5,0.99997365,1.0
4908,GLCTLVAML,10x,5,0.43463394,0.0
6201,GILGFVFTL,10x,5,0.28292617,0.0
6021,LLFGYPVYV,10x,5,0.4783162,0.0
1919,GILGFVFTL,10x,5,0.2673589,0.0
2962,GILGFVFTL,positive,5,0.99130297,1.0
362,GILGFVFTL,positive,5,0.116189115,1.0
309,GILGFVFTL,positive,5,0.9999949,1.0
6233,GILGFVFTL,10x,5,0.19234788,0.0
229,GILGFVFTL,positive,5,0.9975974,1.0
5004,GILGFVFTL,10x,5,0.5004042,0.0
1115,GILGFVFTL,10x,5,0.151503,0.0
2468,NLVPMVATV,swapped_1627,5,1.748109e-05,0.0
2801,GILGFVFTL,positive,5,0.99979395,1.0
1069,GILGFVFTL,10x,5,0.21927278,0.0
3988,GILGFVFTL,swapped_3008,5,0.067954265,0.0
2443,SLLMWITQV,swapped_1700,5,0.004517058,0.0
1014,GILGFVFTL,10x,5,0.13756175,0.0
4205,GILGFVFTL,positive,5,0.9682648,1.0
3339,GILGFVFTL,10x,5,0.29176074,0.0
5108,GILGFVFTL,10x,5,0.21186012,0.0
1979,GILGFVFTL,10x,5,0.23945142,0.0
5223,GILGFVFTL,10x,5,0.20234118,0.0
2486,GLCTLVAML,swapped_1702,5,2.5115076e-05,0.0
2167,GILGFVFTL,10x,5,0.09318578,0.0
1522,LLFGYPVYV,swapped_186,5,0.4783162,0.0
1215,NLVPMVATV,swapped_257,5,0.016019516,0.0
934,GILGFVFTL,10x,5,0.52795845,0.0
6037,GILGFVFTL,10x,5,0.86031854,0.0
6660,GILGFVFTL,swapped_5790,5,0.05422054,0.0
5525,GLCTLVAML,swapped_4316,5,0.36366722,0.0
5080,GILGFVFTL,10x,5,0.0657399,0.0
2731,GILGFVFTL,positive,5,0.9999685,1.0
4753,GILGFVFTL,10x,5,0.18638249,0.0
4445,GILGFVFTL,positive,5,0.929028,1.0
3189,GILGFVFTL,10x,5,0.099434175,0.0
1702,GILGFVFTL,positive,5,0.9999677,1.0
1244,NLVPMVATV,swapped_150,5,3.4094977e-05,0.0
4580,GILGFVFTL,10x,5,0.21331881,0.0
1890,GLCTLVAML,10x,5,0.27904984,0.0
6039,GILGFVFTL,10x,5,0.16581081,0.0
6594,GLCTLVAML,10x,5,0.35230994,0.0
2974,GILGFVFTL,positive,5,0.8491715,1.0
4599,GLCTLVAML,10x,5,0.5701604,0.0
2024,GILGFVFTL,10x,5,0.06722821,0.0
551,GILGFVFTL,10x,5,0.29459265,0.0
5029,NLVPMVATV,10x,5,0.31305534,0.0
4274,KTWGQYWQV,positive,5,0.4783162,1.0
3231,RTLNAWVKV,10x,5,0.4783162,0.0
1250,GLCTLVAML,swapped_312,5,1.16885985e-05,0.0
443,KTWGQYWQV,10x,5,0.45094195,0.0
2739,GILGFVFTL,positive,5,0.9999616,1.0
6056,GLCTLVAML,10x,5,0.47430503,0.0
6319,GILGFVFTL,10x,5,0.08260995,0.0
2066,GILGFVFTL,10x,5,0.2962304,0.0
3538,GILGFVFTL,10x,5,0.12398633,0.0
2032,GILGFVFTL,10x,5,0.5038826,0.0
991,GLCTLVAML,swapped_73,5,0.35029456,0.0
4252,GILGFVFTL,positive,5,0.90883964,1.0
3824,GLCTLVAML,swapped_2999,5,3.9185732e-05,0.0
588,NLVPMVATV,10x,5,0.4343041,0.0
966,IMDQVPFSV,10x,5,0.4783162,0.0
3705,FLYALALLL,10x,5,0.47042724,0.0
5862,GILGFVFTL,positive,5,0.09321877,1.0
6725,NLVPMVATV,swapped_5728,5,0.12732533,0.0
5249,RTLNAWVKV,10x,5,0.4783162,0.0
1990,GILGFVFTL,10x,5,0.09206269,0.0
1379,LLFGYPVYV,swapped_341,5,0.4783162,0.0
3152,NLVPMVATV,10x,5,0.14427127,0.0
119,GILGFVFTL,positive,5,0.9999442,1.0
4619,GILGFVFTL,10x,5,0.094387785,0.0
2846,GILGFVFTL,positive,5,0.9999591,1.0
6827,GLCTLVAML,swapped_5769,5,0.0021789344,0.0
2189,GILGFVFTL,10x,5,0.60401845,0.0
4555,GILGFVFTL,positive,5,0.87929076,1.0
5211,GILGFVFTL,10x,5,0.100376934,0.0
3783,GILGFVFTL,10x,5,0.2504053,0.0
6018,RMFPNAPYL,10x,5,0.4783162,0.0
3241,GILGFVFTL,10x,5,0.18172927,0.0
3326,GILGFVFTL,10x,5,0.22479643,0.0
4238,SLLMWITQV,positive,5,0.4783162,1.0
5067,GILGFVFTL,10x,5,0.17466547,0.0
