2199,GLCTLVAML,10x,5,0.10656482,0.0
1675,FLYALALLL,positive,5,0.10245755,1.0
229,GILGFVFTL,positive,5,0.9910272,1.0
968,GILGFVFTL,10x,5,0.084777355,0.0
3999,GILGFVFTL,swapped_2869,5,0.063915744,0.0
1244,NLVPMVATV,swapped_150,5,0.99922884,0.0
2695,GILGFVFTL,positive,5,0.9825357,1.0
1739,GLCTLVAML,positive,5,0.18394919,1.0
6721,GLCTLVAML,swapped_5809,5,0.1944683,0.0
344,GLCTLVAML,positive,5,0.12153477,1.0
2746,GILGFVFTL,positive,5,0.1021738,1.0
1446,KVAELVHFL,swapped_318,5,0.99815327,0.0
4277,GILGFVFTL,positive,5,0.9901578,1.0
5038,GILGFVFTL,10x,5,0.066527866,0.0
196,GILGFVFTL,positive,5,0.744709,1.0
3116,GILGFVFTL,10x,5,0.2626411,0.0
2823,GILGFVFTL,positive,5,0.9949195,1.0
5696,NLVPMVATV,swapped_4228,5,0.09680502,0.0
1345,GLCTLVAML,swapped_365,5,0.9404779,0.0
1921,NLVPMVATV,10x,5,0.47832438,0.0
6847,GILGFVFTL,swapped_5816,5,0.2632817,0.0
5989,GLCTLVAML,positive,5,0.33211145,1.0
2060,GLCTLVAML,10x,5,0.060483906,0.0
2860,GILGFVFTL,positive,5,0.9997019,1.0
6874,GILGFVFTL,swapped_5970,5,0.14508912,0.0
3444,GILGFVFTL,10x,5,0.05216553,0.0
4029,FLYALALLL,swapped_3022,5,0.04124588,0.0
2444,GILGFVFTL,swapped_1686,5,0.5795703,0.0
6611,FLYALALLL,swapped_5974,5,0.85336745,0.0
6167,RTLNAWVKV,10x,5,0.08482646,0.0
6336,GLCTLVAML,10x,5,0.115935646,0.0
5278,GILGFVFTL,10x,5,0.07538979,0.0
1381,NLVPMVATV,swapped_289,5,0.9996382,0.0
6366,GILGFVFTL,10x,5,0.21441023,0.0
3200,GILGFVFTL,10x,5,0.35682198,0.0
1242,RTLNAWVKV,swapped_89,5,0.9128467,0.0
2876,MLDLQPETT,positive,5,0.21302359,1.0
3186,NLVPMVATV,10x,5,0.14382367,0.0
3824,GLCTLVAML,swapped_2999,5,0.9994748,0.0
3345,GLCTLVAML,10x,5,0.3804658,0.0
3151,GILGFVFTL,10x,5,0.10443312,0.0
1370,KVAELVHFL,swapped_323,5,0.13482945,0.0
601,GILGFVFTL,10x,5,0.82736915,0.0
1340,GLCTLVAML,swapped_167,5,0.3832248,0.0
6021,LLFGYPVYV,10x,5,0.6193222,0.0
2492,KTWGQYWQV,swapped_1709,5,0.89298856,0.0
4749,GILGFVFTL,10x,5,0.21581559,0.0
795,GLCTLVAML,10x,5,0.16155592,0.0
6034,GLCTLVAML,10x,5,0.07851781,0.0
2955,GILGFVFTL,positive,5,0.21325016,1.0
2943,GILGFVFTL,positive,5,0.99898905,1.0
5286,GILGFVFTL,10x,5,0.10234185,0.0
1595,GILGFVFTL,positive,5,0.08546991,1.0
1737,NLVPMVATV,positive,5,0.34345537,1.0
3813,GILGFVFTL,swapped_2730,5,0.09801207,0.0
6261,GILGFVFTL,10x,5,0.5731177,0.0
1389,GILGFVFTL,swapped_18,5,0.21031861,0.0
65,NLVPMVATV,positive,5,0.10389943,1.0
2482,GLCTLVAML,swapped_1624,5,0.093078054,0.0
365,GILGFVFTL,positive,5,0.9416736,1.0
6101,GILGFVFTL,10x,5,0.35081035,0.0
5345,SLLMWITQV,swapped_4178,5,0.1049063,0.0
2232,NLVPMVATV,10x,5,0.42921302,0.0
35,GILGFVFTL,positive,5,0.27429783,1.0
2090,GILGFVFTL,10x,5,0.35283297,0.0
869,GILGFVFTL,10x,5,0.07590162,0.0
5389,NLVPMVATV,swapped_4222,5,0.99900645,0.0
5132,GILGFVFTL,10x,5,0.68922913,0.0
6016,GILGFVFTL,10x,5,0.08968087,0.0
5159,GILGFVFTL,10x,5,0.050954815,0.0
5466,GLCTLVAML,swapped_4435,5,0.061395016,0.0
6083,GILGFVFTL,10x,5,0.54528993,0.0
166,GLCTLVAML,positive,5,0.22331935,1.0
89,GILGFVFTL,positive,5,0.91854674,1.0
4719,GILGFVFTL,10x,5,0.65434074,0.0
6244,GILGFVFTL,10x,5,0.13667953,0.0
542,GILGFVFTL,10x,5,0.78527653,0.0
518,NLVPMVATV,10x,5,0.7268455,0.0
1319,GLCTLVAML,swapped_251,5,0.17230764,0.0
4201,GILGFVFTL,positive,5,0.5719173,1.0
4165,NLVPMVATV,swapped_2823,5,0.99451435,0.0
1686,FLYALALLL,positive,5,0.58211595,1.0
6128,GILGFVFTL,10x,5,0.16153075,0.0
3941,GLCTLVAML,swapped_2789,5,0.9928114,0.0
400,GILGFVFTL,10x,5,0.48171693,0.0
6719,GILGFVFTL,swapped_5878,5,0.2985821,0.0
4705,GILGFVFTL,10x,5,0.15856995,0.0
4292,GILGFVFTL,positive,5,0.93691796,1.0
551,GILGFVFTL,10x,5,0.45058492,0.0
4336,GILGFVFTL,positive,5,0.9097982,1.0
2783,GILGFVFTL,positive,5,0.9438742,1.0
2319,NLVPMVATV,10x,5,0.17155752,0.0
6576,FLYALALLL,10x,5,0.14665376,0.0
3701,GILGFVFTL,10x,5,0.9767606,0.0
3760,NLVPMVATV,10x,5,0.3083497,0.0
5755,GLCTLVAML,positive,5,0.16152883,1.0
1846,NLVPMVATV,10x,5,0.058097113,0.0
5481,GLCTLVAML,swapped_4485,5,0.8740108,0.0
2035,LLFGYPVYV,10x,5,0.17783588,0.0
2114,GILGFVFTL,10x,5,0.9210443,0.0
1302,LLFGYPVYV,swapped_227,5,0.51032376,0.0
3802,GILGFVFTL,10x,5,0.20070978,0.0
1420,GILGFVFTL,swapped_171,5,0.12455382,0.0
6431,GILGFVFTL,10x,5,0.13667549,0.0
5875,GILGFVFTL,positive,5,0.9794868,1.0
3241,GILGFVFTL,10x,5,0.19452278,0.0
6425,GLCTLVAML,10x,5,0.352165,0.0
3705,FLYALALLL,10x,5,0.41166338,0.0
883,GILGFVFTL,10x,5,0.5647252,0.0
1902,GILGFVFTL,10x,5,0.09578524,0.0
3763,GILGFVFTL,10x,5,0.14844778,0.0
6147,GILGFVFTL,10x,5,0.14118242,0.0
2888,GILGFVFTL,positive,5,0.88866824,1.0
5650,NLVPMVATV,swapped_4499,5,0.99895453,0.0
3542,GILGFVFTL,10x,5,0.12941948,0.0
6632,NLVPMVATV,swapped_5795,5,0.9996486,0.0
457,GILGFVFTL,10x,5,0.0585475,0.0
3603,GILGFVFTL,10x,5,0.10799739,0.0
4661,GILGFVFTL,10x,5,0.16753075,0.0
6481,LLFGYPVYV,10x,5,0.088575736,0.0
3576,GILGFVFTL,10x,5,0.11035032,0.0
6700,GLCTLVAML,swapped_5965,5,0.99911386,0.0
6398,NLVPMVATV,10x,5,0.18996596,0.0
4722,GILGFVFTL,10x,5,0.8941424,0.0
2486,GLCTLVAML,swapped_1702,5,0.99941194,0.0
4962,GILGFVFTL,10x,5,0.11351484,0.0
4435,GILGFVFTL,positive,5,0.061013468,1.0
5932,GILGFVFTL,positive,5,0.8918996,1.0
4853,GILGFVFTL,10x,5,0.9851393,0.0
4783,GILGFVFTL,10x,5,0.20348597,0.0
1875,GILGFVFTL,10x,5,0.18809915,0.0
273,NLVPMVATV,positive,5,0.033594366,1.0
3019,GILGFVFTL,positive,5,0.99957484,1.0
956,RTLNAWVKV,10x,5,0.08770597,0.0
6687,GILGFVFTL,swapped_5930,5,0.07375169,0.0
4381,GILGFVFTL,positive,5,0.99146044,1.0
5337,FLYALALLL,swapped_4201,5,0.574149,0.0
5530,GLCTLVAML,swapped_4445,5,0.87710595,0.0
3579,LLFGYPVYV,10x,5,0.0898819,0.0
1700,GILGFVFTL,positive,5,0.19197667,1.0
3430,GLCTLVAML,10x,5,0.038645536,0.0
6160,GILGFVFTL,10x,5,0.49076954,0.0
3031,GILGFVFTL,positive,5,0.9997123,1.0
936,GILGFVFTL,10x,5,0.5509485,0.0
6306,GILGFVFTL,10x,5,0.064996585,0.0
5876,GLCTLVAML,positive,5,0.30810273,1.0
6725,NLVPMVATV,swapped_5728,5,0.109145366,0.0
3192,GILGFVFTL,10x,5,0.09484394,0.0
2551,GILGFVFTL,swapped_1777,5,0.41490257,0.0
451,GILGFVFTL,10x,5,0.5341077,0.0
1157,GILGFVFTL,swapped_210,5,0.64642483,0.0
2372,LLFGYPVYV,10x,5,0.34743488,0.0
6889,YLLEMLWRL,swapped_5969,5,0.89010274,0.0
662,GILGFVFTL,10x,5,0.5782652,0.0
3233,FLYALALLL,10x,5,0.14320002,0.0
2898,SLFNTVATL,positive,5,0.043424945,1.0
1770,NLVPMVATV,positive,5,0.14435318,1.0
6903,RTLNAWVKV,swapped_5717,5,0.99417925,0.0
435,YLLEMLWRL,10x,5,0.17250964,0.0
855,GILGFVFTL,10x,5,0.5607476,0.0
2213,GILGFVFTL,10x,5,0.106638074,0.0
1258,NLVPMVATV,swapped_92,5,0.97715753,0.0
6741,NLVPMVATV,swapped_5760,5,0.9971771,0.0
1914,GILGFVFTL,10x,5,0.25768754,0.0
4555,GILGFVFTL,positive,5,0.14848456,1.0
203,GILGFVFTL,positive,5,0.102656186,1.0
565,GILGFVFTL,10x,5,0.97095764,0.0
1060,GILGFVFTL,10x,5,0.100288585,0.0
6764,FLYALALLL,swapped_5860,5,0.55389345,0.0
2676,GILGFVFTL,swapped_1737,5,0.34689385,0.0
2110,LLFGYPVYV,10x,5,0.10878711,0.0
6236,NLVPMVATV,10x,5,0.62958056,0.0
58,GILGFVFTL,positive,5,0.07252937,1.0
6904,GILGFVFTL,swapped_5737,5,0.29291746,0.0
3773,GILGFVFTL,10x,5,0.14118038,0.0
4624,GILGFVFTL,10x,5,0.06273577,0.0
5432,RTLNAWVKV,swapped_4515,5,0.9970567,0.0
5441,FLYALALLL,swapped_4424,5,0.8708426,0.0
4354,GILGFVFTL,positive,5,0.9993838,1.0
4137,KTWGQYWQV,swapped_2912,5,0.044988193,0.0
5216,GILGFVFTL,10x,5,0.72094846,0.0
2817,GILGFVFTL,positive,5,0.99881375,1.0
5795,GILGFVFTL,positive,5,0.9996748,1.0
1390,GILGFVFTL,swapped_273,5,0.032278568,0.0
1873,MLDLQPETT,10x,5,0.88729036,0.0
6563,NLVPMVATV,10x,5,0.093971886,0.0
6280,GILGFVFTL,10x,5,0.20114923,0.0
193,GILGFVFTL,positive,5,0.9556329,1.0
3272,GILGFVFTL,10x,5,0.033209626,0.0
3051,GILGFVFTL,positive,5,0.9993106,1.0
5102,GILGFVFTL,10x,5,0.18566029,0.0
1759,FLYALALLL,positive,5,0.11986353,1.0
807,GILGFVFTL,10x,5,0.0809861,0.0
2827,GILGFVFTL,positive,5,0.061061647,1.0
1503,FLYALALLL,swapped_33,5,0.2913924,0.0
734,SLLMWITQV,10x,5,0.3293977,0.0
1672,GILGFVFTL,positive,5,0.91274285,1.0
1276,GLCTLVAML,swapped_155,5,0.9992986,0.0
2228,GILGFVFTL,10x,5,0.0761147,0.0
5731,GILGFVFTL,positive,5,0.96618116,1.0
6013,NLVPMVATV,10x,5,0.16113712,0.0
5737,GLCTLVAML,positive,5,0.29247513,1.0
1773,GILGFVFTL,positive,5,0.09708019,1.0
45,GILGFVFTL,positive,5,0.9995192,1.0
4268,GLCTLVAML,positive,5,0.34970817,1.0
241,GILGFVFTL,positive,5,0.9937936,1.0
3294,GILGFVFTL,10x,5,0.118279286,0.0
938,GLCTLVAML,10x,5,0.15349881,0.0
6487,CLGGLLTMV,10x,5,0.81002533,0.0
1220,NLVPMVATV,swapped_196,5,0.7377776,0.0
5769,GILGFVFTL,positive,5,0.9846364,1.0
2012,GILGFVFTL,10x,5,0.4035447,0.0
1802,GILGFVFTL,positive,5,0.9559601,1.0
4512,GLCTLVAML,positive,5,0.3620442,1.0
4078,RTLNAWVKV,swapped_2852,5,0.13581535,0.0
418,GLCTLVAML,10x,5,0.49117288,0.0
3419,GILGFVFTL,10x,5,0.19306473,0.0
1170,GLCTLVAML,swapped_193,5,0.95468163,0.0
3152,NLVPMVATV,10x,5,0.46641973,0.0
2451,KTWGQYWQV,swapped_1720,5,0.962671,0.0
5520,MLDLQPETT,swapped_4243,5,0.99875987,0.0
641,GILGFVFTL,10x,5,0.2318085,0.0
47,GILGFVFTL,positive,5,0.04399185,1.0
156,NLVPMVATV,positive,5,0.856496,1.0
2209,NLVPMVATV,10x,5,0.061053228,0.0
24,GILGFVFTL,positive,5,0.9920284,1.0
1911,GILGFVFTL,10x,5,0.7814852,0.0
6808,NLVPMVATV,swapped_5945,5,0.93153656,0.0
6391,GILGFVFTL,10x,5,0.19474888,0.0
6773,NLVPMVATV,swapped_5871,5,0.9981882,0.0
5728,KTWGQYWQV,positive,5,0.10894338,1.0
6222,GILGFVFTL,10x,5,0.13914323,0.0
1837,RMFPNAPYL,10x,5,0.10729869,0.0
1010,GILGFVFTL,10x,5,0.04129201,0.0
1126,GILGFVFTL,10x,5,0.07733407,0.0
2122,GILGFVFTL,10x,5,0.17126872,0.0
1992,GILGFVFTL,10x,5,0.21765558,0.0
4003,GLCTLVAML,swapped_2884,5,0.97951114,0.0
531,NLVPMVATV,10x,5,0.058216684,0.0
613,GILGFVFTL,10x,5,0.36527267,0.0
6612,GLCTLVAML,swapped_5875,5,0.9788992,0.0
1736,NLVPMVATV,positive,5,0.0994188,1.0
1135,GLCTLVAML,10x,5,0.31616113,0.0
2497,FLYALALLL,swapped_1590,5,0.900601,0.0
227,GILGFVFTL,positive,5,0.5088794,1.0
1800,GILGFVFTL,positive,5,0.79383415,1.0
5191,GLCTLVAML,10x,5,0.06895073,0.0
2189,GILGFVFTL,10x,5,0.93061686,0.0
4870,GILGFVFTL,10x,5,0.066036515,0.0
4754,GLCTLVAML,10x,5,0.7146593,0.0
6827,GLCTLVAML,swapped_5769,5,0.9841904,0.0
1777,NLVPMVATV,positive,5,0.40904683,1.0
111,GILGFVFTL,positive,5,0.99354833,1.0
3068,GILGFVFTL,10x,5,0.21490881,0.0
1153,NLVPMVATV,swapped_133,5,0.45491278,0.0
3383,GILGFVFTL,10x,5,0.46407506,0.0
3598,GILGFVFTL,10x,5,0.5321592,0.0
676,GILGFVFTL,10x,5,0.19831419,0.0
1564,NLVPMVATV,positive,5,0.093948424,1.0
1093,GILGFVFTL,10x,5,0.101746485,0.0
4048,KTWGQYWQV,swapped_2788,5,0.9995053,0.0
5637,NLVPMVATV,swapped_4274,5,0.056868963,0.0
1949,GILGFVFTL,10x,5,0.1255486,0.0
3856,NLVPMVATV,swapped_2725,5,0.9877193,0.0
2155,GILGFVFTL,10x,5,0.07566112,0.0
3901,MLDLQPETT,swapped_2832,5,0.99964917,0.0
3155,GILGFVFTL,10x,5,0.12377402,0.0
5026,GILGFVFTL,10x,5,0.19349064,0.0
2236,YLLEMLWRL,10x,5,0.6215306,0.0
6305,GILGFVFTL,10x,5,0.7625586,0.0
309,GILGFVFTL,positive,5,0.9991239,1.0
55,GLCTLVAML,positive,5,0.20844917,1.0
5308,NLVPMVATV,10x,5,0.041541256,0.0
5108,GILGFVFTL,10x,5,0.07054937,0.0
2269,GILGFVFTL,10x,5,0.12035156,0.0
2730,KTWGQYWQV,positive,5,0.10141324,1.0
6127,GILGFVFTL,10x,5,0.098888695,0.0
3450,GILGFVFTL,10x,5,0.056288045,0.0
3732,GILGFVFTL,10x,5,0.5684087,0.0
2255,GILGFVFTL,10x,5,0.13210888,0.0
2349,GILGFVFTL,10x,5,0.4741625,0.0
437,GILGFVFTL,10x,5,0.85222954,0.0
2852,GLCTLVAML,positive,5,0.13334928,1.0
4267,GILGFVFTL,positive,5,0.9988424,1.0
3706,GILGFVFTL,10x,5,0.7805323,0.0
963,RTLNAWVKV,10x,5,0.13522358,0.0
751,GILGFVFTL,10x,5,0.044518385,0.0
2348,GILGFVFTL,10x,5,0.09593178,0.0
628,GILGFVFTL,10x,5,0.06351999,0.0
3339,GILGFVFTL,10x,5,0.100567386,0.0
514,GILGFVFTL,10x,5,0.15969051,0.0
191,GILGFVFTL,positive,5,0.84799397,1.0
4509,GILGFVFTL,positive,5,0.2868986,1.0
293,GILGFVFTL,positive,5,0.99949324,1.0
2001,NLVPMVATV,10x,5,0.14125817,0.0
3378,GILGFVFTL,10x,5,0.3184945,0.0
2460,NLVPMVATV,swapped_1776,5,0.08730057,0.0
1930,NLVPMVATV,10x,5,0.035627875,0.0
5128,CLGGLLTMV,10x,5,0.047719445,0.0
2147,GILGFVFTL,10x,5,0.9388647,0.0
3642,GILGFVFTL,10x,5,0.22091153,0.0
6898,GLCTLVAML,swapped_5731,5,0.9653554,0.0
2999,GILGFVFTL,positive,5,0.99948955,1.0
5683,RMFPNAPYL,swapped_4364,5,0.9927868,0.0
3751,NLVPMVATV,10x,5,0.09125122,0.0
6592,GILGFVFTL,10x,5,0.7875632,0.0
1929,GILGFVFTL,10x,5,0.5863997,0.0
6429,SLFNTVATL,10x,5,0.9157176,0.0
3181,GILGFVFTL,10x,5,0.14712256,0.0
1245,RTLNAWVKV,swapped_234,5,0.7656352,0.0
3581,NLVPMVATV,10x,5,0.18079047,0.0
1289,NLVPMVATV,swapped_187,5,0.98444694,0.0
2094,GLCTLVAML,10x,5,0.052536175,0.0
1809,GLCTLVAML,positive,5,0.16066338,1.0
1131,GILGFVFTL,10x,5,0.9074303,0.0
1510,YLLEMLWRL,swapped_137,5,0.13023755,0.0
4445,GILGFVFTL,positive,5,0.87978065,1.0
5707,GILGFVFTL,positive,5,0.99951077,1.0
133,GILGFVFTL,positive,5,0.46345705,1.0
1198,LLFGYPVYV,swapped_191,5,0.84866947,0.0
5722,GILGFVFTL,positive,5,0.997593,1.0
4795,NLVPMVATV,10x,5,0.06579187,0.0
5871,GILGFVFTL,positive,5,0.9983228,1.0
1214,NLVPMVATV,swapped_241,5,0.9932991,0.0
1790,NLVPMVATV,positive,5,0.8599227,1.0
4031,FLYALALLL,swapped_2943,5,0.9990096,0.0
949,GILGFVFTL,10x,5,0.07871307,0.0
5288,GILGFVFTL,10x,5,0.13242537,0.0
4841,GILGFVFTL,10x,5,0.2536423,0.0
4619,GILGFVFTL,10x,5,0.035030514,0.0
4561,GILGFVFTL,10x,5,0.27800968,0.0
4121,NLVPMVATV,swapped_2763,5,0.9990984,0.0
1788,GILGFVFTL,positive,5,0.9578743,1.0
3493,GLCTLVAML,10x,5,0.20023052,0.0
6534,GILGFVFTL,10x,5,0.45586905,0.0
3995,NLVPMVATV,swapped_3055,5,0.99879503,0.0
3287,GILGFVFTL,10x,5,0.15732776,0.0
2549,GILGFVFTL,swapped_1770,5,0.139562,0.0
3225,GILGFVFTL,10x,5,0.14432073,0.0
6571,GILGFVFTL,10x,5,0.1379787,0.0
3369,NLVPMVATV,10x,5,0.6542893,0.0
5430,NLVPMVATV,swapped_4356,5,0.99906665,0.0
5606,GILGFVFTL,swapped_4471,5,0.17649332,0.0
6345,GLCTLVAML,10x,5,0.117849454,0.0
3333,FLYALALLL,10x,5,0.14623782,0.0
2509,GILGFVFTL,swapped_1736,5,0.09578036,0.0
4599,GLCTLVAML,10x,5,0.16620962,0.0
5624,GLCTLVAML,swapped_4290,5,0.12722299,0.0
1946,GLCTLVAML,10x,5,0.24707572,0.0
3647,NLVPMVATV,10x,5,0.114322506,0.0
4499,GILGFVFTL,positive,5,0.99903226,1.0
5560,RMFPNAPYL,swapped_4502,5,0.9964001,0.0
6131,SLLMWITQV,10x,5,0.087817475,0.0
3100,GILGFVFTL,10x,5,0.11985158,0.0
4168,GILGFVFTL,swapped_2897,5,0.42794785,0.0
4360,GILGFVFTL,positive,5,0.9741605,1.0
4223,NLVPMVATV,positive,5,0.2862515,1.0
3918,GLCTLVAML,swapped_2790,5,0.920984,0.0
4205,GILGFVFTL,positive,5,0.2411582,1.0
4905,GILGFVFTL,10x,5,0.9578215,0.0
1742,GILGFVFTL,positive,5,0.9980895,1.0
4130,NLVPMVATV,swapped_2761,5,0.9631314,0.0
6018,RMFPNAPYL,10x,5,0.62321717,0.0
369,GILGFVFTL,positive,5,0.99197656,1.0
2798,GILGFVFTL,positive,5,0.9997358,1.0
3084,GLCTLVAML,10x,5,0.32781395,0.0
4976,GILGFVFTL,10x,5,0.82203734,0.0
4915,GILGFVFTL,10x,5,0.97932875,0.0
2494,GILGFVFTL,swapped_1592,5,0.2686936,0.0
2869,GLCTLVAML,positive,5,0.064374454,1.0
5979,GILGFVFTL,positive,5,0.9987828,1.0
5668,GLCTLVAML,swapped_4381,5,0.9912108,0.0
2698,GILGFVFTL,positive,5,0.31283927,1.0
6152,GILGFVFTL,10x,5,0.16193728,0.0
5935,GILGFVFTL,positive,5,0.4263218,1.0
4063,NLVPMVATV,swapped_2901,5,0.31930825,0.0
1702,GILGFVFTL,positive,5,0.99942845,1.0
1490,GILGFVFTL,swapped_169,5,0.7902704,0.0
2070,GILGFVFTL,10x,5,0.19142297,0.0
6327,NLVPMVATV,10x,5,0.54318464,0.0
3698,GILGFVFTL,10x,5,0.1920037,0.0
5693,GLCTLVAML,swapped_4205,5,0.23994072,0.0
5249,RTLNAWVKV,10x,5,0.047517423,0.0
397,RMFPNAPYL,10x,5,0.14806072,0.0
60,GILGFVFTL,positive,5,0.9445904,1.0
4687,RTLNAWVKV,10x,5,0.2921827,0.0
283,GILGFVFTL,positive,5,0.9994124,1.0
2170,GILGFVFTL,10x,5,0.1505793,0.0
3825,GLCTLVAML,swapped_2695,5,0.9820195,0.0
933,GILGFVFTL,10x,5,0.18272667,0.0
4850,GILGFVFTL,10x,5,0.12844999,0.0
5146,GILGFVFTL,10x,5,0.078359775,0.0
911,GILGFVFTL,10x,5,0.13405019,0.0
1347,LLFGYPVYV,swapped_256,5,0.99926347,0.0
886,GILGFVFTL,10x,5,0.06711908,0.0
4502,GILGFVFTL,positive,5,0.9967997,1.0
3400,SLLMWITQV,10x,5,0.059935026,0.0
3927,FLYALALLL,swapped_2923,5,0.41957852,0.0
4004,IMDQVPFSV,swapped_3031,5,0.99968183,0.0
2432,GILGFVFTL,swapped_1714,5,0.9507499,0.0
469,RMFPNAPYL,10x,5,0.67018676,0.0
3639,GILGFVFTL,10x,5,0.95443493,0.0
2469,MLDLQPETT,swapped_1726,5,0.064518265,0.0
925,NLVPMVATV,10x,5,0.8939552,0.0
1416,LLFGYPVYV,swapped_19,5,0.89990485,0.0
1041,GLCTLVAML,10x,5,0.998109,0.0
6319,GILGFVFTL,10x,5,0.35544407,0.0
6309,GLCTLVAML,10x,5,0.7112048,0.0
1991,GILGFVFTL,10x,5,0.17592178,0.0
4787,GILGFVFTL,10x,5,0.08072265,0.0
4898,GILGFVFTL,10x,5,0.0810942,0.0
872,GILGFVFTL,10x,5,0.35213912,0.0
1521,FLYALALLL,swapped_103,5,0.9938497,0.0
6402,GILGFVFTL,10x,5,0.112105295,0.0
1354,GILGFVFTL,swapped_166,5,0.22321293,0.0
354,GILGFVFTL,positive,5,0.9994234,1.0
1205,GLCTLVAML,swapped_369,5,0.99174374,0.0
2962,GILGFVFTL,positive,5,0.9986437,1.0
3653,GILGFVFTL,10x,5,0.11880583,0.0
6801,GILGFVFTL,swapped_5882,5,0.20983449,0.0
2801,GILGFVFTL,positive,5,0.99571866,1.0
5112,GILGFVFTL,10x,5,0.6300846,0.0
2933,GILGFVFTL,positive,5,0.9648838,1.0
1713,GILGFVFTL,positive,5,0.8102305,1.0
6523,GILGFVFTL,10x,5,0.90774196,0.0
5640,NLVPMVATV,swapped_4273,5,0.9980586,0.0
2635,RTLNAWVKV,swapped_1800,5,0.7834739,0.0
2859,GILGFVFTL,positive,5,0.93494564,1.0
1371,LLFGYPVYV,swapped_38,5,0.15301028,0.0
1311,NLVPMVATV,swapped_119,5,0.9946332,0.0
5109,NLVPMVATV,10x,5,0.33014202,0.0
169,NLVPMVATV,positive,5,0.7829227,1.0
6146,NLVPMVATV,10x,5,0.15450479,0.0
1210,GILGFVFTL,swapped_339,5,0.24320352,0.0
6445,GILGFVFTL,10x,5,0.88960296,0.0
454,GILGFVFTL,10x,5,0.7787584,0.0
2446,GILGFVFTL,swapped_1552,5,0.031724527,0.0
2239,GILGFVFTL,10x,5,0.06530027,0.0
3575,GLCTLVAML,10x,5,0.11173273,0.0
6037,GILGFVFTL,10x,5,0.8212135,0.0
5057,GILGFVFTL,10x,5,0.5717173,0.0
1474,NLVPMVATV,swapped_21,5,0.951649,0.0
5405,GILGFVFTL,swapped_4505,5,0.25506443,0.0
2368,GILGFVFTL,10x,5,0.13763164,0.0
2200,KTWGQYWQV,10x,5,0.76343095,0.0
4041,NLVPMVATV,swapped_2799,5,0.52090627,0.0
2577,NLVPMVATV,swapped_1802,5,0.95349526,0.0
4356,GILGFVFTL,positive,5,0.99913603,1.0
6177,GILGFVFTL,10x,5,0.12438685,0.0
4015,NLVPMVATV,swapped_2898,5,0.04406161,0.0
2032,GILGFVFTL,10x,5,0.9648985,0.0
336,GILGFVFTL,positive,5,0.99752575,1.0
3685,GILGFVFTL,10x,5,0.73136896,0.0
2613,LLFGYPVYV,swapped_1679,5,0.1979287,0.0
2938,GILGFVFTL,positive,5,0.9849517,1.0
4951,KTWGQYWQV,10x,5,0.06939342,0.0
460,GLCTLVAML,10x,5,0.46725145,0.0
190,NLVPMVATV,positive,5,0.15872097,1.0
3169,GILGFVFTL,10x,5,0.09996601,0.0
2231,RTLNAWVKV,10x,5,0.07657489,0.0
251,RMFPNAPYL,positive,5,0.1781473,1.0
2977,GILGFVFTL,positive,5,0.999587,1.0
1627,GILGFVFTL,positive,5,0.99946064,1.0
1900,NLVPMVATV,10x,5,0.061074827,0.0
3954,GLCTLVAML,swapped_2851,5,0.9442681,0.0
5439,RMFPNAPYL,swapped_4365,5,0.12744537,0.0
4753,GILGFVFTL,10x,5,0.09741949,0.0
141,GILGFVFTL,positive,5,0.33109754,1.0
2792,GILGFVFTL,positive,5,0.9996567,1.0
2430,GILGFVFTL,swapped_1547,5,0.88866055,0.0
96,GILGFVFTL,positive,5,0.33184338,1.0
986,GILGFVFTL,10x,5,0.06723295,0.0
287,GILGFVFTL,positive,5,0.9992151,1.0
2691,NLVPMVATV,swapped_1600,5,0.059978724,0.0
3829,LLFGYPVYV,swapped_3051,5,0.99931264,0.0
4849,GILGFVFTL,10x,5,0.8982692,0.0
1250,GLCTLVAML,swapped_312,5,0.9991892,0.0
2992,GILGFVFTL,positive,5,0.95334864,1.0
3486,GILGFVFTL,10x,5,0.03390277,0.0
1298,KVLEYVIKV,swapped_268,5,0.09435849,0.0
3312,GILGFVFTL,10x,5,0.9425879,0.0
1233,GLCTLVAML,swapped_86,5,0.9988116,0.0
491,NLVPMVATV,10x,5,0.20149536,0.0
5195,GILGFVFTL,10x,5,0.59079266,0.0
2407,RTLNAWVKV,swapped_1677,5,0.90317535,0.0
3930,GLCTLVAML,swapped_2807,5,0.11822241,0.0
4129,GLCTLVAML,swapped_2711,5,0.9182794,0.0
4427,NLVPMVATV,positive,5,0.11716594,1.0
4143,LLFGYPVYV,swapped_2828,5,0.55884093,0.0
4180,GILGFVFTL,positive,5,0.9981773,1.0
1188,RTLNAWVKV,swapped_308,5,0.99149585,0.0
2361,GILGFVFTL,10x,5,0.052118566,0.0
1171,GLCTLVAML,swapped_348,5,0.7142283,0.0
3674,GILGFVFTL,10x,5,0.21856888,0.0
4536,FLYALALLL,positive,5,0.07713842,1.0
2662,YLLEMLWRL,swapped_1554,5,0.9931758,0.0
462,GILGFVFTL,10x,5,0.13119029,0.0
3271,GILGFVFTL,10x,5,0.6389856,0.0
1979,GILGFVFTL,10x,5,0.111135185,0.0
4606,GILGFVFTL,10x,5,0.15284337,0.0
4623,LLFGYPVYV,10x,5,0.23853885,0.0
3946,NLVPMVATV,swapped_2798,5,0.99971455,0.0
4535,GLCTLVAML,positive,5,0.5491986,1.0
4522,GILGFVFTL,positive,5,0.9991128,1.0
4670,GILGFVFTL,10x,5,0.8367351,0.0
2600,NLVPMVATV,swapped_1629,5,0.88330406,0.0
3253,GILGFVFTL,10x,5,0.15905698,0.0
4342,GLCTLVAML,positive,5,0.10647029,1.0
4083,GLCTLVAML,swapped_2859,5,0.93352675,0.0
4771,GILGFVFTL,10x,5,0.24445653,0.0
5469,NLVPMVATV,swapped_4350,5,0.99017847,0.0
4662,GILGFVFTL,10x,5,0.828478,0.0
480,GILGFVFTL,10x,5,0.36955822,0.0
627,GLCTLVAML,10x,5,0.27010018,0.0
4295,GILGFVFTL,positive,5,0.99925715,1.0
6052,NLVPMVATV,10x,5,0.120502345,0.0
6036,FLYALALLL,10x,5,0.7672209,0.0
4214,GILGFVFTL,positive,5,0.9982687,1.0
1179,GILGFVFTL,swapped_132,5,0.8531315,0.0
4521,GILGFVFTL,positive,5,0.9300139,1.0
564,GILGFVFTL,10x,5,0.32923353,0.0
1778,GILGFVFTL,positive,5,0.9977696,1.0
1297,GILGFVFTL,swapped_330,5,0.16239108,0.0
257,GILGFVFTL,positive,5,0.9324611,1.0
100,GILGFVFTL,positive,5,0.98827213,1.0
861,GILGFVFTL,10x,5,0.46900728,0.0
3985,KTWGQYWQV,swapped_2945,5,0.41785675,0.0
3770,GILGFVFTL,10x,5,0.17440456,0.0
4273,GILGFVFTL,positive,5,0.9982028,1.0
5529,RTLNAWVKV,swapped_4321,5,0.9943956,0.0
1226,NLVPMVATV,swapped_160,5,0.99902284,0.0
2974,GILGFVFTL,positive,5,0.13706653,1.0
4703,NLVPMVATV,10x,5,0.1350412,0.0
5479,GILGFVFTL,swapped_4342,5,0.105745524,0.0
178,GILGFVFTL,positive,5,0.9989004,1.0
1208,GLCTLVAML,swapped_217,5,0.96487004,0.0
3783,GILGFVFTL,10x,5,0.8136671,0.0
6853,GLCTLVAML,swapped_5906,5,0.9822412,0.0
1843,GILGFVFTL,10x,5,0.12305692,0.0
4281,GILGFVFTL,positive,5,0.995263,1.0
1085,NLVPMVATV,10x,5,0.08974847,0.0
4131,KTWGQYWQV,swapped_2811,5,0.9985043,0.0
22,FLYALALLL,positive,5,0.08635884,1.0
483,GILGFVFTL,10x,5,0.1022991,0.0
1592,GLCTLVAML,positive,5,0.26827395,1.0
4141,NLVPMVATV,swapped_2962,5,0.99853444,0.0
2024,GILGFVFTL,10x,5,0.16016752,0.0
2591,LLFGYPVYV,swapped_1564,5,0.09055578,0.0
4505,GLCTLVAML,positive,5,0.2546587,1.0
2804,FLYALALLL,positive,5,0.189732,1.0
3130,NLVPMVATV,10x,5,0.0378513,0.0
2989,GILGFVFTL,positive,5,0.9996798,1.0
3022,GILGFVFTL,positive,5,0.041745547,1.0
422,GILGFVFTL,10x,5,0.13118242,0.0
4464,NLVPMVATV,positive,5,0.3261888,1.0
3893,NLVPMVATV,swapped_2933,5,0.9622085,0.0
1283,GLCTLVAML,swapped_145,5,0.4654101,0.0
6668,GLCTLVAML,swapped_5862,5,0.042428643,0.0
5860,GILGFVFTL,positive,5,0.55140245,1.0
2161,GILGFVFTL,10x,5,0.060677964,0.0
318,GILGFVFTL,positive,5,0.9982634,1.0
6151,GILGFVFTL,10x,5,0.5725133,0.0
622,KTWGQYWQV,10x,5,0.96871805,0.0
3368,LLFGYPVYV,10x,5,0.12018931,0.0
3440,GILGFVFTL,10x,5,0.9646053,0.0
348,GILGFVFTL,positive,5,0.71799797,1.0
5597,GILGFVFTL,swapped_4464,5,0.32232952,0.0
3292,SLFNTVATL,10x,5,0.25020286,0.0
4566,GILGFVFTL,10x,5,0.4143525,0.0
1469,GLCTLVAML,swapped_290,5,0.9404638,0.0
6796,GILGFVFTL,swapped_5989,5,0.33514813,0.0
3533,GILGFVFTL,10x,5,0.14319995,0.0
5902,GILGFVFTL,positive,5,0.98233575,1.0
5656,FLYALALLL,swapped_4360,5,0.97467446,0.0
217,GILGFVFTL,positive,5,0.9657071,1.0
980,NLVPMVATV,10x,5,0.114887156,0.0
3056,GILGFVFTL,positive,5,0.8168692,1.0
1981,GLCTLVAML,10x,5,0.19857098,0.0
2958,GLCTLVAML,positive,5,0.059517786,1.0
3641,GILGFVFTL,10x,5,0.38238257,0.0
4908,GLCTLVAML,10x,5,0.13228624,0.0
6281,NLVPMVATV,10x,5,0.10615121,0.0
801,GILGFVFTL,10x,5,0.121675886,0.0
1727,GILGFVFTL,positive,5,0.99539465,1.0
3112,NLVPMVATV,10x,5,0.5343434,0.0
6082,GILGFVFTL,10x,5,0.24652544,0.0
3845,GLCTLVAML,swapped_2936,5,0.4213575,0.0
588,NLVPMVATV,10x,5,0.056778904,0.0
1679,GILGFVFTL,positive,5,0.1979486,1.0
3911,GLCTLVAML,swapped_2979,5,0.99972254,0.0
1862,GILGFVFTL,10x,5,0.047681257,0.0
3992,NLVPMVATV,swapped_2739,5,0.9960776,0.0
5536,GILGFVFTL,swapped_4367,5,0.1272152,0.0
6166,GILGFVFTL,10x,5,0.8066974,0.0
2508,MLDLQPETT,swapped_1596,5,0.10213676,0.0
1720,GILGFVFTL,positive,5,0.96641165,1.0
6100,GILGFVFTL,10x,5,0.28399906,0.0
6149,GILGFVFTL,10x,5,0.089576356,0.0
4780,GILGFVFTL,10x,5,0.37938392,0.0
5040,GLCTLVAML,10x,5,0.2000866,0.0
2793,GILGFVFTL,positive,5,0.9996203,1.0
2761,GILGFVFTL,positive,5,0.9655514,1.0
2515,NLVPMVATV,swapped_1727,5,0.9950317,0.0
5544,GLCTLVAML,swapped_4336,5,0.90782547,0.0
5532,GLCTLVAML,swapped_4509,5,0.2858567,0.0
2501,GLCTLVAML,swapped_1671,5,0.33285627,0.0
918,GILGFVFTL,10x,5,0.037680965,0.0
1020,GILGFVFTL,10x,5,0.08871654,0.0
6854,GLCTLVAML,swapped_5935,5,0.42226982,0.0
3215,GILGFVFTL,10x,5,0.5722061,0.0
6493,GILGFVFTL,10x,5,0.10865672,0.0
5792,NLVPMVATV,positive,5,0.1454542,1.0
4960,RTLNAWVKV,10x,5,0.30231833,0.0
317,GILGFVFTL,positive,5,0.9993999,1.0
4219,GILGFVFTL,positive,5,0.92710704,1.0
3932,GILGFVFTL,swapped_2876,5,0.20450974,0.0
6510,GLCTLVAML,10x,5,0.897112,0.0
308,GILGFVFTL,positive,5,0.99221355,1.0
1552,GLCTLVAML,positive,5,0.03196008,1.0
6363,GILGFVFTL,10x,5,0.06938542,0.0
3172,FLYALALLL,10x,5,0.19727218,0.0
2009,GILGFVFTL,10x,5,0.073005825,0.0
6455,GILGFVFTL,10x,5,0.04735144,0.0
421,LLFGYPVYV,10x,5,0.12889065,0.0
1867,GILGFVFTL,10x,5,0.09818774,0.0
931,MLDLQPETT,10x,5,0.084633835,0.0
362,GILGFVFTL,positive,5,0.9070203,1.0
2512,NLVPMVATV,swapped_1766,5,0.9831556,0.0
2297,GILGFVFTL,10x,5,0.12297623,0.0
2467,GLCTLVAML,swapped_1742,5,0.99803334,0.0
854,GLCTLVAML,10x,5,0.044177525,0.0
132,FLYALALLL,positive,5,0.8555896,1.0
1547,GLCTLVAML,positive,5,0.88656807,1.0
3157,GILGFVFTL,10x,5,0.11795807,0.0
3665,GILGFVFTL,10x,5,0.5283962,0.0
4365,GILGFVFTL,positive,5,0.1218075,1.0
3983,KVLEYVIKV,swapped_2888,5,0.8851086,0.0
6762,KTWGQYWQV,swapped_5868,5,0.115128286,0.0
4463,GILGFVFTL,positive,5,0.9973869,1.0
3717,GILGFVFTL,10x,5,0.63806826,0.0
2395,GILGFVFTL,10x,5,0.101368055,0.0
3303,GILGFVFTL,10x,5,0.39756444,0.0
499,GILGFVFTL,10x,5,0.61613375,0.0
1379,LLFGYPVYV,swapped_341,5,0.031822298,0.0
3779,GILGFVFTL,10x,5,0.91825634,0.0
4115,NLVPMVATV,swapped_2827,5,0.06347383,0.0
1118,GILGFVFTL,10x,5,0.09701885,0.0
5418,NLVPMVATV,swapped_4521,5,0.92717415,0.0
4243,GILGFVFTL,positive,5,0.99895656,1.0
684,GLCTLVAML,10x,5,0.06846341,0.0
1127,GILGFVFTL,10x,5,0.24559368,0.0
754,GILGFVFTL,10x,5,0.8957568,0.0
187,GILGFVFTL,positive,5,0.9856098,1.0
3725,GILGFVFTL,10x,5,0.057390966,0.0
5740,GLCTLVAML,positive,5,0.95052344,1.0
3150,GLCTLVAML,10x,5,0.95573497,0.0
1001,GILGFVFTL,10x,5,0.075817205,0.0
5367,NLVPMVATV,swapped_4390,5,0.9703911,0.0
4839,NLVPMVATV,10x,5,0.46935272,0.0
2781,GILGFVFTL,positive,5,0.99919504,1.0
1361,NLVPMVATV,swapped_317,5,0.9993517,0.0
5294,GILGFVFTL,10x,5,0.11874225,0.0
3067,GILGFVFTL,10x,5,0.1833581,0.0
6436,GILGFVFTL,10x,5,0.11190903,0.0
3351,NLVPMVATV,10x,5,0.09804167,0.0
4634,GILGFVFTL,10x,5,0.06477725,0.0
4315,GILGFVFTL,positive,5,0.6119114,1.0
5452,NLVPMVATV,swapped_4219,5,0.9230191,0.0
3524,GILGFVFTL,10x,5,0.14388674,0.0
4178,GILGFVFTL,positive,5,0.102686904,1.0
2790,GILGFVFTL,positive,5,0.92234534,1.0
6120,GLCTLVAML,10x,5,0.09944865,0.0
242,GILGFVFTL,positive,5,0.99887234,1.0
505,NLVPMVATV,10x,5,0.053996358,0.0
1243,RTLNAWVKV,swapped_320,5,0.99627423,0.0
6531,GILGFVFTL,10x,5,0.69359577,0.0
3420,GLCTLVAML,10x,5,0.14565323,0.0
3489,GILGFVFTL,10x,5,0.15145347,0.0
4236,GLCTLVAML,positive,5,0.1035838,1.0
4228,GILGFVFTL,positive,5,0.09325229,1.0
6001,GLCTLVAML,positive,5,0.3457737,1.0
6696,GLCTLVAML,swapped_5707,5,0.99949634,0.0
2699,GLCTLVAML,positive,5,0.26648384,1.0
5186,LLFGYPVYV,10x,5,0.17641884,0.0
664,GILGFVFTL,10x,5,0.22746783,0.0
1677,GILGFVFTL,positive,5,0.9089503,1.0
4731,GLCTLVAML,10x,5,0.07467563,0.0
2588,GILGFVFTL,swapped_1739,5,0.183851,0.0
5604,GLCTLVAML,swapped_4397,5,0.89732975,0.0
5004,GILGFVFTL,10x,5,0.9060511,0.0
5042,GILGFVFTL,10x,5,0.24658896,0.0
5013,GILGFVFTL,10x,5,0.044805743,0.0
4257,GILGFVFTL,positive,5,0.9292247,1.0
1939,GILGFVFTL,10x,5,0.13113323,0.0
349,GILGFVFTL,positive,5,0.88723236,1.0
4090,GLCTLVAML,swapped_3019,5,0.99956256,0.0
6320,GILGFVFTL,10x,5,0.39709225,0.0
864,GILGFVFTL,10x,5,0.7527175,0.0
4580,GILGFVFTL,10x,5,0.07148329,0.0
5456,NLVPMVATV,swapped_4180,5,0.9980311,0.0
263,GILGFVFTL,positive,5,0.968288,1.0
4760,GILGFVFTL,10x,5,0.81322736,0.0
1625,GILGFVFTL,positive,5,0.8542,1.0
3965,GILGFVFTL,swapped_2958,5,0.059091523,0.0
2505,NLVPMVATV,swapped_1690,5,0.5323496,0.0
3118,GLCTLVAML,10x,5,0.11775956,0.0
323,GILGFVFTL,positive,5,0.13210376,1.0
4274,KTWGQYWQV,positive,5,0.056685563,1.0
5825,GILGFVFTL,positive,5,0.99907136,1.0
6247,GILGFVFTL,10x,5,0.972212,0.0
289,GILGFVFTL,positive,5,0.99966526,1.0
3837,NLVPMVATV,swapped_2974,5,0.14202702,0.0
1147,GILGFVFTL,swapped_22,5,0.08735521,0.0
3560,GILGFVFTL,10x,5,0.24409194,0.0
21,GILGFVFTL,positive,5,0.9542,1.0
1838,NLVPMVATV,10x,5,0.44365063,0.0
210,GLCTLVAML,positive,5,0.64280194,1.0
3346,GLCTLVAML,10x,5,0.09690763,0.0
1137,GLCTLVAML,10x,5,0.99969995,0.0
5527,GLCTLVAML,swapped_4186,5,0.12270057,0.0
2518,GILGFVFTL,swapped_1809,5,0.15966837,0.0
4163,NLVPMVATV,swapped_2801,5,0.9953762,0.0
6360,GILGFVFTL,10x,5,0.13584815,0.0
2763,GILGFVFTL,positive,5,0.9991654,1.0
167,GILGFVFTL,positive,5,0.38352823,1.0
3390,GILGFVFTL,10x,5,0.09189011,0.0
4312,GILGFVFTL,positive,5,0.99775726,1.0
915,GILGFVFTL,10x,5,0.18920176,0.0
4571,GILGFVFTL,10x,5,0.9657931,0.0
3115,NLVPMVATV,10x,5,0.98595726,0.0
4451,IMDQVPFSV,positive,5,0.27967754,1.0
4810,GILGFVFTL,10x,5,0.06279777,0.0
2912,FLYALALLL,positive,5,0.042869557,1.0
5662,FLYALALLL,swapped_4431,5,0.18878077,0.0
709,GILGFVFTL,10x,5,0.2598073,0.0
3823,GLCTLVAML,swapped_2731,5,0.99936205,0.0
1966,GILGFVFTL,10x,5,0.80970174,0.0
1964,GILGFVFTL,10x,5,0.30746606,0.0
5878,LLFGYPVYV,positive,5,0.29965517,1.0
3798,GILGFVFTL,10x,5,0.42774177,0.0
5105,GILGFVFTL,10x,5,0.104667656,0.0
4613,GILGFVFTL,10x,5,0.16652249,0.0
6156,GILGFVFTL,10x,5,0.8077701,0.0
5096,NLVPMVATV,10x,5,0.99760675,0.0
6302,NLVPMVATV,10x,5,0.23696008,0.0
19,GILGFVFTL,positive,5,0.8997384,1.0
3222,GILGFVFTL,10x,5,0.077696115,0.0
2590,GILGFVFTL,swapped_1807,5,0.83392453,0.0
6237,GLCTLVAML,10x,5,0.31138754,0.0
1671,GILGFVFTL,positive,5,0.33715895,1.0
5862,GILGFVFTL,positive,5,0.042119287,1.0
268,GILGFVFTL,positive,5,0.09255389,1.0
2059,GILGFVFTL,10x,5,0.20270306,0.0
3386,GLCTLVAML,10x,5,0.103908084,0.0
2828,FLYALALLL,positive,5,0.55931056,1.0
2053,GILGFVFTL,10x,5,0.12535714,0.0
312,GILGFVFTL,positive,5,0.999212,1.0
1600,GILGFVFTL,positive,5,0.057691187,1.0
4887,GILGFVFTL,10x,5,0.11199053,0.0
1322,GILGFVFTL,swapped_344,5,0.12072135,0.0
2036,RTLNAWVKV,10x,5,0.9975146,0.0
3261,GILGFVFTL,10x,5,0.28811756,0.0
3266,GILGFVFTL,10x,5,0.4271915,0.0
5539,GLCTLVAML,swapped_4463,5,0.99731004,0.0
4921,GILGFVFTL,10x,5,0.8583832,0.0
645,YLLEMLWRL,10x,5,0.15379222,0.0
539,GILGFVFTL,10x,5,0.670743,0.0
2066,GILGFVFTL,10x,5,0.98107165,0.0
171,MLDLQPETT,positive,5,0.13141392,1.0
4627,GILGFVFTL,10x,5,0.19512439,0.0
1088,GILGFVFTL,10x,5,0.1638885,0.0
4424,GILGFVFTL,positive,5,0.86917436,1.0
3255,GILGFVFTL,10x,5,0.8102133,0.0
5680,GLCTLVAML,swapped_4522,5,0.9990866,0.0
92,GILGFVFTL,positive,5,0.9787982,1.0
4818,NLVPMVATV,10x,5,0.060866803,0.0
3969,GLCTLVAML,swapped_2846,5,0.9985178,0.0
339,GLCTLVAML,positive,5,0.24281049,1.0
107,GILGFVFTL,positive,5,0.9923773,1.0
667,LLFGYPVYV,10x,5,0.66387177,0.0
5295,GILGFVFTL,10x,5,0.20974639,0.0
1310,FLYALALLL,swapped_283,5,0.99942434,0.0
3332,GILGFVFTL,10x,5,0.12257693,0.0
3286,NLVPMVATV,10x,5,0.10703597,0.0
890,GILGFVFTL,10x,5,0.093897544,0.0
6339,GILGFVFTL,10x,5,0.08584401,0.0
4891,GILGFVFTL,10x,5,0.26789317,0.0
5677,GLCTLVAML,swapped_4354,5,0.9993656,0.0
5641,LLFGYPVYV,swapped_4238,5,0.91673857,0.0
6170,GILGFVFTL,10x,5,0.05005158,0.0
3308,GILGFVFTL,10x,5,0.3570648,0.0
4641,GILGFVFTL,10x,5,0.97652686,0.0
121,GILGFVFTL,positive,5,0.69621116,1.0
3495,GLCTLVAML,10x,5,0.7114232,0.0
5674,GILGFVFTL,swapped_4451,5,0.2786685,0.0
5697,GLCTLVAML,swapped_4538,5,0.048072033,0.0
1145,GLCTLVAML,swapped_336,5,0.99745303,0.0
41,GILGFVFTL,positive,5,0.98822623,1.0
5192,GILGFVFTL,10x,5,0.10007826,0.0
741,GILGFVFTL,10x,5,0.25051475,0.0
4367,GLCTLVAML,positive,5,0.12806603,1.0
2831,GILGFVFTL,positive,5,0.9985933,1.0
3910,GLCTLVAML,swapped_2698,5,0.30994213,0.0
1834,GILGFVFTL,10x,5,0.86823815,0.0
2329,NLVPMVATV,10x,5,0.07798993,0.0
4024,GLCTLVAML,swapped_2955,5,0.21330342,0.0
6670,NLVPMVATV,swapped_5946,5,0.9671098,0.0
4215,GILGFVFTL,positive,5,0.9833477,1.0
330,LLFGYPVYV,positive,5,0.16265036,1.0
5906,GILGFVFTL,positive,5,0.9827511,1.0
3914,GLCTLVAML,swapped_2882,5,0.9727581,0.0
1884,GILGFVFTL,10x,5,0.8328545,0.0
6437,GILGFVFTL,10x,5,0.19759241,0.0
6169,GILGFVFTL,10x,5,0.17665105,0.0
6076,RMFPNAPYL,10x,5,0.24708858,0.0
1465,GLCTLVAML,swapped_35,5,0.2737188,0.0
4439,GLCTLVAML,positive,5,0.08305608,1.0
1453,GLCTLVAML,swapped_100,5,0.9879233,0.0
4646,GILGFVFTL,10x,5,0.18338425,0.0
2159,GILGFVFTL,10x,5,0.85204524,0.0
42,GILGFVFTL,positive,5,0.9994992,1.0
6423,NLVPMVATV,10x,5,0.19365814,0.0
5629,GLCTLVAML,swapped_4536,5,0.07858905,0.0
5080,GILGFVFTL,10x,5,0.11012516,0.0
3948,GILGFVFTL,swapped_2699,5,0.26680222,0.0
3409,GILGFVFTL,10x,5,0.15508756,0.0
5945,GILGFVFTL,positive,5,0.9352039,1.0
2901,GILGFVFTL,positive,5,0.3222,1.0
5868,GILGFVFTL,positive,5,0.11132411,1.0
5411,GILGFVFTL,swapped_4174,5,0.44638392,0.0
1864,GILGFVFTL,10x,5,0.087467164,0.0
4911,LLFGYPVYV,10x,5,0.89302814,0.0
2274,GILGFVFTL,10x,5,0.7925448,0.0
1852,GILGFVFTL,10x,5,0.13648532,0.0
2895,GILGFVFTL,positive,5,0.99938333,1.0
6443,GILGFVFTL,10x,5,0.076471545,0.0
4316,GILGFVFTL,positive,5,0.03896073,1.0
6709,GILGFVFTL,swapped_5755,5,0.16049659,0.0
3231,RTLNAWVKV,10x,5,0.03698005,0.0
887,GLCTLVAML,10x,5,0.36753973,0.0
1069,GILGFVFTL,10x,5,0.13943721,0.0
3135,GILGFVFTL,10x,5,0.6338661,0.0
3998,GILGFVFTL,swapped_2944,5,0.07366021,0.0
876,GLCTLVAML,10x,5,0.14876452,0.0
1099,GILGFVFTL,10x,5,0.37839586,0.0
1393,KLQCVDLHV,swapped_349,5,0.8796417,0.0
3436,GILGFVFTL,10x,5,0.12589787,0.0
38,GILGFVFTL,positive,5,0.15276356,1.0
247,GILGFVFTL,positive,5,0.9918065,1.0
471,GILGFVFTL,10x,5,0.08339636,0.0
4252,GILGFVFTL,positive,5,0.53082234,1.0
3008,GLCTLVAML,positive,5,0.041058052,1.0
5115,GILGFVFTL,10x,5,0.37785774,0.0
4396,NLVPMVATV,positive,5,0.38903344,1.0
4160,GILGFVFTL,swapped_2948,5,0.17932054,0.0
5882,SLLMWITQV,positive,5,0.21274807,1.0
1624,GILGFVFTL,positive,5,0.09243506,1.0
1807,FLYALALLL,positive,5,0.83631897,1.0
4185,GILGFVFTL,positive,5,0.974542,1.0
2811,GILGFVFTL,positive,5,0.9986628,1.0
256,GILGFVFTL,positive,5,0.9992613,1.0
5398,GILGFVFTL,swapped_4268,5,0.3500656,0.0
1168,GLCTLVAML,swapped_287,5,0.99919254,0.0
689,GLCTLVAML,10x,5,0.13834623,0.0
2832,GILGFVFTL,positive,5,0.9997049,1.0
3719,GILGFVFTL,10x,5,0.532437,0.0
849,GILGFVFTL,10x,5,0.08570248,0.0
3098,GILGFVFTL,10x,5,0.18136568,0.0
2317,GILGFVFTL,10x,5,0.13621834,0.0
4431,NLVPMVATV,positive,5,0.19512922,1.0
4290,LLFGYPVYV,positive,5,0.12669809,1.0
4587,GILGFVFTL,10x,5,0.05138185,0.0
2948,NLVPMVATV,positive,5,0.1851829,1.0
1514,LLFGYPVYV,swapped_229,5,0.9910513,0.0
6771,GILGFVFTL,swapped_5876,5,0.31133205,0.0
6703,GILGFVFTL,swapped_6001,5,0.3475976,0.0
3523,GILGFVFTL,10x,5,0.106776886,0.0
1922,GILGFVFTL,10x,5,0.212537,0.0
5436,IMDQVPFSV,swapped_4374,5,0.99555403,0.0
6865,GILGFVFTL,swapped_5776,5,0.088008806,0.0
830,GILGFVFTL,10x,5,0.10290159,0.0
3355,GILGFVFTL,10x,5,0.24079388,0.0
3922,NLVPMVATV,swapped_2938,5,0.98374593,0.0
4666,GILGFVFTL,10x,5,0.12245997,0.0
1854,NLVPMVATV,10x,5,0.27607554,0.0
1375,GLCTLVAML,swapped_272,5,0.1425472,0.0
3973,LLFGYPVYV,swapped_2792,5,0.99965775,0.0
5790,FLYALALLL,positive,5,0.11305305,1.0
5658,GLCTLVAML,swapped_4252,5,0.5270808,0.0
4240,GILGFVFTL,positive,5,0.98473465,1.0
4944,GILGFVFTL,10x,5,0.34551102,0.0
6243,GILGFVFTL,10x,5,0.20821,0.0
1091,GILGFVFTL,10x,5,0.59137297,0.0
145,GILGFVFTL,positive,5,0.4694912,1.0
86,GILGFVFTL,positive,5,0.998845,1.0
1075,GILGFVFTL,10x,5,0.48481548,0.0
3106,NLVPMVATV,10x,5,0.9856182,0.0
3775,GILGFVFTL,10x,5,0.054032605,0.0
5369,GLCTLVAML,swapped_4185,5,0.9738177,0.0
1279,GLCTLVAML,swapped_34,5,0.9994179,0.0
1006,GILGFVFTL,10x,5,0.29431865,0.0
4222,GILGFVFTL,positive,5,0.9990803,1.0
1176,RTLNAWVKV,swapped_242,5,0.99876595,0.0
2529,GLCTLVAML,swapped_1773,5,0.097717546,0.0
151,GILGFVFTL,positive,5,0.9697379,1.0
1403,GLCTLVAML,swapped_235,5,0.9956927,0.0
2592,RTLNAWVKV,swapped_1713,5,0.80056024,0.0
2789,GILGFVFTL,positive,5,0.99302,1.0
825,GILGFVFTL,10x,5,0.75440776,0.0
1766,GILGFVFTL,positive,5,0.98437864,1.0
49,GLCTLVAML,positive,5,0.13767703,1.0
1498,NLVPMVATV,swapped_60,5,0.94165975,0.0
1749,GILGFVFTL,positive,5,0.9440812,1.0
1253,FLYALALLL,swapped_247,5,0.991971,0.0
3250,GLCTLVAML,10x,5,0.31931305,0.0
2916,GILGFVFTL,positive,5,0.99950206,1.0
5347,GILGFVFTL,swapped_4236,5,0.10296879,0.0
3648,GILGFVFTL,10x,5,0.33350295,0.0
1164,GLCTLVAML,swapped_42,5,0.99948466,0.0
18,GLCTLVAML,positive,5,0.2104205,1.0
5403,GLCTLVAML,swapped_4277,5,0.98986465,0.0
4413,GILGFVFTL,positive,5,0.99936956,1.0
235,GILGFVFTL,positive,5,0.99581546,1.0
6257,GILGFVFTL,10x,5,0.2699794,0.0
975,GILGFVFTL,10x,5,0.123563625,0.0
186,FLYALALLL,positive,5,0.096385375,1.0
2973,GILGFVFTL,positive,5,0.99930346,1.0
4139,GILGFVFTL,swapped_3041,5,0.4301747,0.0
5937,GILGFVFTL,positive,5,0.9931797,1.0
1144,GLCTLVAML,swapped_249,5,0.9994417,0.0
3240,GILGFVFTL,10x,5,0.11729784,0.0
3096,GILGFVFTL,10x,5,0.8501791,0.0
526,GILGFVFTL,10x,5,0.09502478,0.0
4238,SLLMWITQV,positive,5,0.91208637,1.0
234,FLYALALLL,positive,5,0.77934587,1.0
2725,GILGFVFTL,positive,5,0.98863107,1.0
4721,GILGFVFTL,10x,5,0.17116398,0.0
3567,NLVPMVATV,10x,5,0.11529348,0.0
5292,GILGFVFTL,10x,5,0.08679626,0.0
1704,GLCTLVAML,positive,5,0.113752306,1.0
5465,NLVPMVATV,swapped_4328,5,0.83558387,0.0
5178,GILGFVFTL,10x,5,0.07926328,0.0
4364,GILGFVFTL,positive,5,0.99357104,1.0
2646,NLVPMVATV,swapped_1625,5,0.84725934,0.0
3347,GILGFVFTL,10x,5,0.7121784,0.0
763,GILGFVFTL,10x,5,0.11979254,0.0
5525,GLCTLVAML,swapped_4316,5,0.039247856,0.0
3971,GLCTLVAML,swapped_2831,5,0.9985519,0.0
4716,GLCTLVAML,10x,5,0.14384541,0.0
5732,GILGFVFTL,positive,5,0.9918256,1.0
3756,GILGFVFTL,10x,5,0.6535906,0.0
5965,GILGFVFTL,positive,5,0.99913883,1.0
5217,GILGFVFTL,10x,5,0.9217677,0.0
5116,GILGFVFTL,10x,5,0.19796254,0.0
5614,GILGFVFTL,swapped_4439,5,0.08247598,0.0
6004,GILGFVFTL,positive,5,0.94133204,1.0
2866,GILGFVFTL,positive,5,0.4161593,1.0
6387,NLVPMVATV,10x,5,0.25865912,0.0
5717,GILGFVFTL,positive,5,0.9946826,1.0
646,GILGFVFTL,10x,5,0.4875364,0.0
6178,NLVPMVATV,10x,5,0.038767602,0.0
594,FLYALALLL,10x,5,0.44530275,0.0
2162,GILGFVFTL,10x,5,0.87118226,0.0
5032,GILGFVFTL,10x,5,0.0795023,0.0
661,SLFNTVATL,10x,5,0.055504538,0.0
3376,GILGFVFTL,10x,5,0.6713156,0.0
4174,GLCTLVAML,positive,5,0.44570753,1.0
1776,GILGFVFTL,positive,5,0.08406418,1.0
3394,GLCTLVAML,10x,5,0.07900399,0.0
155,GILGFVFTL,positive,5,0.99931824,1.0
2853,GILGFVFTL,positive,5,0.99907815,1.0
3848,GLCTLVAML,swapped_2973,5,0.9992834,0.0
3101,GILGFVFTL,10x,5,0.06437219,0.0
1690,GLCTLVAML,positive,5,0.5361162,1.0
3988,GILGFVFTL,swapped_3008,5,0.04075825,0.0
3743,GILGFVFTL,10x,5,0.050163534,0.0
4538,GILGFVFTL,positive,5,0.047723584,1.0
3920,NLVPMVATV,swapped_3056,5,0.8108167,0.0
2468,NLVPMVATV,swapped_1627,5,0.9994172,0.0
2846,GILGFVFTL,positive,5,0.99855953,1.0
4375,GILGFVFTL,positive,5,0.9988856,1.0
6660,GILGFVFTL,swapped_5790,5,0.114223085,0.0
2897,GLCTLVAML,positive,5,0.4257236,1.0
934,GILGFVFTL,10x,5,0.44019082,0.0
3892,GLCTLVAML,swapped_2793,5,0.9996094,0.0
4830,GLCTLVAML,10x,5,0.8946452,0.0
1121,NLVPMVATV,10x,5,0.60225815,0.0
4644,GILGFVFTL,10x,5,0.06759789,0.0
1117,GILGFVFTL,10x,5,0.34053352,0.0
2045,GILGFVFTL,10x,5,0.97868824,0.0
5639,NLVPMVATV,swapped_4281,5,0.99488974,0.0
1364,GLCTLVAML,swapped_111,5,0.99336076,0.0
1596,GILGFVFTL,positive,5,0.0966348,1.0
1963,GLCTLVAML,10x,5,0.395783,0.0
2670,GLCTLVAML,swapped_1623,5,0.9638061,0.0
5990,GILGFVFTL,positive,5,0.9986971,1.0
5946,GILGFVFTL,positive,5,0.9692768,1.0
2731,GILGFVFTL,positive,5,0.99938,1.0
2979,GILGFVFTL,positive,5,0.9997304,1.0
5062,GILGFVFTL,10x,5,0.1663049,0.0
6635,GILGFVFTL,swapped_5740,5,0.95190275,0.0
5293,GILGFVFTL,10x,5,0.8923078,0.0
393,GLCTLVAML,10x,5,0.13759397,0.0
4118,GLCTLVAML,swapped_2866,5,0.41163963,0.0
1274,LLFGYPVYV,swapped_263,5,0.9683382,0.0
2088,GILGFVFTL,10x,5,0.16877335,0.0
1115,GILGFVFTL,10x,5,0.20034884,0.0
3104,RTLNAWVKV,10x,5,0.1912874,0.0
6274,GILGFVFTL,10x,5,0.047933724,0.0
5243,MLDLQPETT,10x,5,0.5351686,0.0
3956,NLVPMVATV,swapped_3028,5,0.984239,0.0
812,GILGFVFTL,10x,5,0.040731333,0.0
6844,SLFNTVATL,swapped_5870,5,0.999648,0.0
6770,NLVPMVATV,swapped_5932,5,0.8860799,0.0
1455,GLCTLVAML,swapped_58,5,0.072977364,0.0
504,GILGFVFTL,10x,5,0.21755475,0.0
5306,GILGFVFTL,10x,5,0.16784374,0.0
2257,GILGFVFTL,10x,5,0.10804573,0.0
4119,GLCTLVAML,swapped_2781,5,0.99917173,0.0
5660,GILGFVFTL,swapped_4535,5,0.5512388,0.0
5903,GILGFVFTL,positive,5,0.99724305,1.0
4991,GILGFVFTL,10x,5,0.060086217,0.0
2689,GLCTLVAML,swapped_1749,5,0.94285315,0.0
5508,NLVPMVATV,swapped_4375,5,0.998796,0.0
463,GILGFVFTL,10x,5,0.08159662,0.0
3970,GILGFVFTL,swapped_2804,5,0.19074517,0.0
3624,IMDQVPFSV,10x,5,0.041332353,0.0
5969,GILGFVFTL,positive,5,0.8908304,1.0
5151,GILGFVFTL,10x,5,0.80472285,0.0
1339,GLCTLVAML,swapped_354,5,0.9994067,0.0
272,GILGFVFTL,positive,5,0.14173748,1.0
2739,GILGFVFTL,positive,5,0.9963677,1.0
6221,FLYALALLL,10x,5,0.026533676,0.0
5424,NLVPMVATV,swapped_4267,5,0.9987494,0.0
991,GLCTLVAML,swapped_73,5,0.13124348,0.0
1519,FLYALALLL,swapped_203,5,0.10161774,0.0
5540,GILGFVFTL,swapped_4512,5,0.36322698,0.0
6657,NLVPMVATV,swapped_5981,5,0.422025,0.0
73,KVLEYVIKV,positive,5,0.13281606,1.0
5215,MLDLQPETT,10x,5,0.13334574,0.0
2072,NLVPMVATV,10x,5,0.047657683,0.0
352,GILGFVFTL,positive,5,0.99138933,1.0
3591,NLVPMVATV,10x,5,0.23877579,0.0
3538,GILGFVFTL,10x,5,0.7769431,0.0
3410,GLCTLVAML,10x,5,0.20845427,0.0
6418,GILGFVFTL,10x,5,0.16182232,0.0
556,GILGFVFTL,10x,5,0.40712327,0.0
4019,NLVPMVATV,swapped_2830,5,0.9667226,0.0
5182,GILGFVFTL,10x,5,0.07360209,0.0
1225,LLFGYPVYV,swapped_41,5,0.98827237,0.0
2393,GILGFVFTL,10x,5,0.9386815,0.0
2282,GLCTLVAML,10x,5,0.08484805,0.0
6291,GILGFVFTL,10x,5,0.72961026,0.0
2830,GILGFVFTL,positive,5,0.96913314,1.0
1820,GILGFVFTL,10x,5,0.15079594,0.0
1014,GILGFVFTL,10x,5,0.103007466,0.0
2296,GLCTLVAML,10x,5,0.08823695,0.0
1078,SLLMWITQV,10x,5,0.27277085,0.0
5686,RMFPNAPYL,swapped_4295,5,0.99916506,0.0
2674,NLVPMVATV,swapped_1788,5,0.95511717,0.0
1491,GILGFVFTL,swapped_73,5,0.13048816,0.0
6216,GILGFVFTL,10x,5,0.09200729,0.0
4873,NLVPMVATV,10x,5,0.31132412,0.0
1458,NLVPMVATV,swapped_178,5,0.99881184,0.0
3657,GILGFVFTL,10x,5,0.09146465,0.0
1960,GILGFVFTL,10x,5,0.07476671,0.0
6183,GLCTLVAML,10x,5,0.8745101,0.0
6316,GILGFVFTL,10x,5,0.050697997,0.0
3873,MLDLQPETT,swapped_3047,5,0.71644044,0.0
5197,GILGFVFTL,10x,5,0.49821284,0.0
1448,FLYALALLL,swapped_107,5,0.9925247,0.0
5594,GILGFVFTL,swapped_4223,5,0.29072833,0.0
1349,RTLNAWVKV,swapped_121,5,0.6824788,0.0
5028,GILGFVFTL,10x,5,0.34476885,0.0
3055,GILGFVFTL,positive,5,0.9988846,1.0
2026,GILGFVFTL,10x,5,0.13543643,0.0
3044,GILGFVFTL,positive,5,0.99970645,1.0
2051,NLVPMVATV,10x,5,0.046801582,0.0
5631,FLYALALLL,swapped_4555,5,0.147743,0.0
3586,GLCTLVAML,10x,5,0.13027015,0.0
4056,RMFPNAPYL,swapped_2853,5,0.99896324,0.0
379,GILGFVFTL,positive,5,0.992451,1.0
1590,GILGFVFTL,positive,5,0.8992461,1.0
537,GILGFVFTL,10x,5,0.5496866,0.0
690,SLFNTVATL,10x,5,0.9400686,0.0
3671,GILGFVFTL,10x,5,0.11559807,0.0
2160,FLYALALLL,10x,5,0.10260947,0.0
1629,GILGFVFTL,positive,5,0.8875501,1.0
4186,GILGFVFTL,positive,5,0.12188042,1.0
3361,GLCTLVAML,10x,5,0.12113306,0.0
4170,NLVPMVATV,swapped_2900,5,0.2610807,0.0
406,GILGFVFTL,10x,5,0.17385295,0.0
3210,GILGFVFTL,10x,5,0.2166508,0.0
1056,GLCTLVAML,10x,5,0.28673998,0.0
6338,GILGFVFTL,10x,5,0.15767702,0.0
4040,GLCTLVAML,swapped_2794,5,0.9332758,0.0
1215,NLVPMVATV,swapped_257,5,0.9286503,0.0
3280,NLVPMVATV,10x,5,0.1695097,0.0
5809,GILGFVFTL,positive,5,0.19447611,1.0
2807,GILGFVFTL,positive,5,0.11742814,1.0
1970,GILGFVFTL,10x,5,0.84754765,0.0
4546,GILGFVFTL,positive,5,0.9991559,1.0
4321,GILGFVFTL,positive,5,0.9948644,1.0
6201,GILGFVFTL,10x,5,0.759143,0.0
1348,NLVPMVATV,swapped_141,5,0.32573223,0.0
6882,NLVPMVATV,swapped_5722,5,0.99740005,0.0
2459,GLCTLVAML,swapped_1790,5,0.8642002,0.0
2247,GILGFVFTL,10x,5,0.114372484,0.0
3140,GLCTLVAML,10x,5,0.167062,0.0
2851,GILGFVFTL,positive,5,0.9457641,1.0
4311,GILGFVFTL,positive,5,0.081674516,1.0
3870,LLFGYPVYV,swapped_2916,5,0.9995035,0.0
6124,GILGFVFTL,10x,5,0.11421501,0.0
4882,GILGFVFTL,10x,5,0.1383286,0.0
1726,GILGFVFTL,positive,5,0.060775656,1.0
2398,RMFPNAPYL,10x,5,0.059323933,0.0
6465,GLCTLVAML,10x,5,0.8910008,0.0
3678,GILGFVFTL,10x,5,0.51154613,0.0
6692,NLVPMVATV,swapped_5903,5,0.99702233,0.0
6790,KTWGQYWQV,swapped_5792,5,0.14502904,0.0
685,GILGFVFTL,10x,5,0.03192627,0.0
6039,GILGFVFTL,10x,5,0.112342164,0.0
5176,GILGFVFTL,10x,5,0.5533587,0.0
2794,GILGFVFTL,positive,5,0.93506515,1.0
785,GLCTLVAML,10x,5,0.9850465,0.0
6788,LLFGYPVYV,swapped_6004,5,0.9415853,0.0
5223,GILGFVFTL,10x,5,0.20704879,0.0
6068,GLCTLVAML,10x,5,0.15053177,0.0
3812,GLCTLVAML,swapped_3039,5,0.97366387,0.0
5870,GILGFVFTL,positive,5,0.99967515,1.0
1148,NLVPMVATV,swapped_293,5,0.9994524,0.0
6303,GILGFVFTL,10x,5,0.28458038,0.0
3796,GILGFVFTL,10x,5,0.1663252,0.0
4699,GLCTLVAML,10x,5,0.16664672,0.0
2693,GILGFVFTL,swapped_1759,5,0.1211952,0.0
1318,GLCTLVAML,swapped_24,5,0.9917904,0.0
1522,LLFGYPVYV,swapped_186,5,0.097555384,0.0
3882,GLCTLVAML,swapped_2895,5,0.9993655,0.0
392,GILGFVFTL,10x,5,0.03996283,0.0
2701,GILGFVFTL,positive,5,0.99962735,1.0
1138,NLVPMVATV,10x,5,0.08115733,0.0
845,GILGFVFTL,10x,5,0.29488033,0.0
675,GILGFVFTL,10x,5,0.2900648,0.0
1944,GILGFVFTL,10x,5,0.10863275,0.0
290,GILGFVFTL,positive,5,0.9416812,1.0
5974,GILGFVFTL,positive,5,0.8509454,1.0
4932,GILGFVFTL,10x,5,0.15398747,0.0
3481,GILGFVFTL,10x,5,0.103137426,0.0
5720,GILGFVFTL,positive,5,0.1589319,1.0
1154,GILGFVFTL,swapped_65,5,0.100115195,0.0
576,GILGFVFTL,10x,5,0.11482971,0.0
1204,GILGFVFTL,swapped_190,5,0.1535385,0.0
2524,GILGFVFTL,swapped_1723,5,0.5024444,0.0
424,GLCTLVAML,10x,5,0.56230026,0.0
5981,GILGFVFTL,positive,5,0.4303781,1.0
4802,GILGFVFTL,10x,5,0.101902224,0.0
1428,GLCTLVAML,swapped_331,5,0.6748275,0.0
2884,GILGFVFTL,positive,5,0.9800065,1.0
150,GILGFVFTL,positive,5,0.99928635,1.0
2945,GILGFVFTL,positive,5,0.4359956,1.0
4645,GLCTLVAML,10x,5,0.8858604,0.0
4374,GILGFVFTL,positive,5,0.99597377,1.0
6802,MLDLQPETT,swapped_5979,5,0.99855334,0.0
926,GILGFVFTL,10x,5,0.045861498,0.0
1329,NLVPMVATV,swapped_55,5,0.21200047,0.0
4610,GILGFVFTL,10x,5,0.14472152,0.0
5930,NLVPMVATV,positive,5,0.07648444,1.0
6353,GILGFVFTL,10x,5,0.23889814,0.0
5071,NLVPMVATV,10x,5,0.86514443,0.0
5276,GILGFVFTL,10x,5,0.7478987,0.0
671,GILGFVFTL,10x,5,0.24797282,0.0
3160,RMFPNAPYL,10x,5,0.1320949,0.0
696,GLCTLVAML,10x,5,0.10365759,0.0
4869,GILGFVFTL,10x,5,0.124931045,0.0
6715,GLCTLVAML,swapped_5990,5,0.9986588,0.0
2167,GILGFVFTL,10x,5,0.27773482,0.0
4858,GILGFVFTL,10x,5,0.21653834,0.0
103,GILGFVFTL,positive,5,0.9937224,1.0
3126,GILGFVFTL,10x,5,0.16628887,0.0
4906,GILGFVFTL,10x,5,0.2594915,0.0
5208,GILGFVFTL,10x,5,0.20119923,0.0
6153,GILGFVFTL,10x,5,0.16744378,0.0
5144,GILGFVFTL,10x,5,0.693592,0.0
4515,GILGFVFTL,positive,5,0.99730825,1.0
3326,GILGFVFTL,10x,5,0.089312434,0.0
1429,MLDLQPETT,swapped_45,5,0.99942786,0.0
2936,GILGFVFTL,positive,5,0.42210346,1.0
6056,GLCTLVAML,10x,5,0.16667013,0.0
6609,GILGFVFTL,10x,5,0.97556347,0.0
4328,GILGFVFTL,positive,5,0.8426981,1.0
6148,GILGFVFTL,10x,5,0.03386993,0.0
34,GILGFVFTL,positive,5,0.9994343,1.0
2464,GLCTLVAML,swapped_1778,5,0.99770504,0.0
1272,GLCTLVAML,swapped_309,5,0.99909806,0.0
1087,GILGFVFTL,10x,5,0.32779834,0.0
2381,NLVPMVATV,10x,5,0.0671392,0.0
5181,GILGFVFTL,10x,5,0.07766365,0.0
2377,SLFNTVATL,10x,5,0.2330281,0.0
593,FLYALALLL,10x,5,0.65443087,0.0
4485,GILGFVFTL,positive,5,0.8760725,1.0
4706,GILGFVFTL,10x,5,0.15467098,0.0
2477,GILGFVFTL,swapped_1704,5,0.11298422,0.0
249,GILGFVFTL,positive,5,0.9994574,1.0
3041,GLCTLVAML,positive,5,0.42996073,1.0
6233,GILGFVFTL,10x,5,0.092281684,0.0
3953,NLVPMVATV,swapped_2746,5,0.10590132,0.0
3692,GILGFVFTL,10x,5,0.63382465,0.0
1990,GILGFVFTL,10x,5,0.15812834,0.0
5229,GILGFVFTL,10x,5,0.13630922,0.0
4862,GLCTLVAML,10x,5,0.34655493,0.0
6063,RTLNAWVKV,10x,5,0.12422847,0.0
1431,FLYALALLL,swapped_362,5,0.9088451,0.0
5363,GLCTLVAML,swapped_4312,5,0.99769175,0.0
5664,GLCTLVAML,swapped_4546,5,0.999131,0.0
3626,RMFPNAPYL,10x,5,0.06492311,0.0
5748,GILGFVFTL,positive,5,0.28045776,1.0
4886,GILGFVFTL,10x,5,0.10067657,0.0
1825,GLCTLVAML,10x,5,0.17557144,0.0
5816,NLVPMVATV,positive,5,0.26257095,1.0
3189,GILGFVFTL,10x,5,0.13923253,0.0
3278,GLCTLVAML,10x,5,0.38450822,0.0
2882,GILGFVFTL,positive,5,0.9734124,1.0
1926,KTWGQYWQV,10x,5,0.051381733,0.0
1337,GILGFVFTL,swapped_156,5,0.86155546,0.0
736,GILGFVFTL,10x,5,0.43894064,0.0
3447,GILGFVFTL,10x,5,0.12475877,0.0
4397,GILGFVFTL,positive,5,0.8990539,1.0
6162,GILGFVFTL,10x,5,0.14485788,0.0
5513,GLCTLVAML,swapped_4292,5,0.9355391,0.0
6819,NLVPMVATV,swapped_5937,5,0.9926368,0.0
1084,IMDQVPFSV,10x,5,0.06860242,0.0
4005,NLVPMVATV,swapped_3044,5,0.9996829,0.0
578,GLCTLVAML,10x,5,0.050801825,0.0
5760,GILGFVFTL,positive,5,0.99738723,1.0
6639,GLCTLVAML,swapped_5732,5,0.9915816,0.0
1709,GILGFVFTL,positive,5,0.9001903,1.0
5233,GILGFVFTL,10x,5,0.048570298,0.0
6252,GILGFVFTL,10x,5,0.20385402,0.0
6040,GILGFVFTL,10x,5,0.13952118,0.0
2116,GILGFVFTL,10x,5,0.047137357,0.0
6664,NLVPMVATV,swapped_5720,5,0.16363364,0.0
3702,GLCTLVAML,10x,5,0.0992705,0.0
485,GILGFVFTL,10x,5,0.12960862,0.0
987,NLVPMVATV,10x,5,0.12800325,0.0
5448,GLCTLVAML,swapped_4240,5,0.98428243,0.0
5598,SLLMWITQV,swapped_4214,5,0.99816823,0.0
4874,GILGFVFTL,10x,5,0.5125515,0.0
3606,GILGFVFTL,10x,5,0.6389842,0.0
3195,GILGFVFTL,10x,5,0.7439573,0.0
6905,RMFPNAPYL,swapped_5902,5,0.9801941,0.0
5231,GLCTLVAML,10x,5,0.14468503,0.0
1387,NLVPMVATV,swapped_96,5,0.3286344,0.0
704,GLCTLVAML,10x,5,0.042658787,0.0
320,GILGFVFTL,positive,5,0.99659234,1.0
4584,YLLEMLWRL,10x,5,0.26946196,0.0
1324,MLDLQPETT,swapped_379,5,0.9910767,0.0
3122,GILGFVFTL,10x,5,0.31408137,0.0
1623,GILGFVFTL,positive,5,0.964799,1.0
5067,GILGFVFTL,10x,5,0.082686566,0.0
3921,NLVPMVATV,swapped_2977,5,0.99955386,0.0
6441,GLCTLVAML,10x,5,0.060002387,0.0
2253,GILGFVFTL,10x,5,0.8505738,0.0
119,GILGFVFTL,positive,5,0.99503446,1.0
5061,NLVPMVATV,10x,5,0.47355738,0.0
6104,GILGFVFTL,10x,5,0.96318316,0.0
2273,NLVPMVATV,10x,5,0.7761265,0.0
757,GLCTLVAML,10x,5,0.36220422,0.0
1714,NLVPMVATV,positive,5,0.9471033,1.0
3765,GILGFVFTL,10x,5,0.7012694,0.0
3594,GILGFVFTL,10x,5,0.11360705,0.0
6518,GILGFVFTL,10x,5,0.15887292,0.0
5211,GILGFVFTL,10x,5,0.10989985,0.0
2683,FLYALALLL,swapped_1693,5,0.9995442,0.0
3869,NLVPMVATV,swapped_2989,5,0.99965405,0.0
2900,GILGFVFTL,positive,5,0.25915992,1.0
1890,GLCTLVAML,10x,5,0.3227166,0.0
5667,GLCTLVAML,swapped_4396,5,0.3872636,0.0
160,GILGFVFTL,positive,5,0.99909544,1.0
5543,RTLNAWVKV,swapped_4257,5,0.92418337,0.0
4737,GILGFVFTL,10x,5,0.37845698,0.0
4919,GILGFVFTL,10x,5,0.0694964,0.0
1891,GILGFVFTL,10x,5,0.92814255,0.0
5666,NLVPMVATV,swapped_4311,5,0.08482742,0.0
1872,GILGFVFTL,10x,5,0.096317075,0.0
2328,GILGFVFTL,10x,5,0.4522813,0.0
5776,GLCTLVAML,positive,5,0.08862402,1.0
5588,GILGFVFTL,swapped_4427,5,0.11307424,0.0
33,GLCTLVAML,positive,5,0.2910748,1.0
2788,GILGFVFTL,positive,5,0.9995579,1.0
1399,GLCTLVAML,swapped_151,5,0.96888846,0.0
2443,SLLMWITQV,swapped_1700,5,0.19187309,0.0
6594,GLCTLVAML,10x,5,0.5376285,0.0
3039,GILGFVFTL,positive,5,0.9743043,1.0
5636,GLCTLVAML,swapped_4315,5,0.6072727,0.0
947,GILGFVFTL,10x,5,0.7910893,0.0
1876,GILGFVFTL,10x,5,0.15272443,0.0
4034,NLVPMVATV,swapped_2817,5,0.9987185,0.0
2578,GILGFVFTL,swapped_1675,5,0.103618614,0.0
3252,GLCTLVAML,10x,5,0.111861326,0.0
1039,NLVPMVATV,10x,5,0.43157768,0.0
6368,NLVPMVATV,10x,5,0.05484203,0.0
3522,GILGFVFTL,10x,5,0.35935694,0.0
2260,GILGFVFTL,10x,5,0.09424922,0.0
2923,GILGFVFTL,positive,5,0.4188592,1.0
2799,GILGFVFTL,positive,5,0.53072596,1.0
2173,GILGFVFTL,10x,5,0.15218137,0.0
2944,NLVPMVATV,positive,5,0.07652952,1.0
5029,NLVPMVATV,10x,5,0.9622318,0.0
3636,IMDQVPFSV,10x,5,0.7807806,0.0
3741,GLCTLVAML,10x,5,0.45090544,0.0
2203,GILGFVFTL,10x,5,0.044840794,0.0
6575,GILGFVFTL,10x,5,0.30161917,0.0
2309,GILGFVFTL,10x,5,0.81682897,0.0
6079,GILGFVFTL,10x,5,0.1372561,0.0
2533,GILGFVFTL,swapped_1689,5,0.6438689,0.0
1291,KTWGQYWQV,swapped_49,5,0.14135262,0.0
2711,GILGFVFTL,positive,5,0.91995674,1.0
3887,SLFNTVATL,swapped_2860,5,0.9996772,0.0
443,KTWGQYWQV,10x,5,0.13506088,0.0
6392,GILGFVFTL,10x,5,0.37786624,0.0
4471,NLVPMVATV,positive,5,0.1801717,1.0
1919,GILGFVFTL,10x,5,0.19909973,0.0
6479,GILGFVFTL,10x,5,0.09117956,0.0
3884,NLVPMVATV,swapped_2992,5,0.95077693,0.0
6031,GILGFVFTL,10x,5,0.92575616,0.0
2237,GILGFVFTL,10x,5,0.7828692,0.0
966,IMDQVPFSV,10x,5,0.5516165,0.0
6265,GLCTLVAML,10x,5,0.3362146,0.0
3047,GILGFVFTL,positive,5,0.7310954,1.0
1723,NLVPMVATV,positive,5,0.49834928,1.0
1313,GLCTLVAML,swapped_352,5,0.9911349,0.0
5385,GILGFVFTL,swapped_4199,5,0.09901241,0.0
634,GILGFVFTL,10x,5,0.16846935,0.0
2107,GILGFVFTL,10x,5,0.64637625,0.0
1554,GILGFVFTL,positive,5,0.9932341,1.0
4390,GILGFVFTL,positive,5,0.97254926,1.0
3826,GLCTLVAML,swapped_2701,5,0.9996166,0.0
2185,NLVPMVATV,10x,5,0.14837416,0.0
1850,GILGFVFTL,10x,5,0.027716575,0.0
5630,GLCTLVAML,swapped_4215,5,0.9828598,0.0
5241,GILGFVFTL,10x,5,0.4796682,0.0
1693,GILGFVFTL,positive,5,0.99953485,1.0
2892,GILGFVFTL,positive,5,0.39669982,1.0
6400,GILGFVFTL,10x,5,0.19879244,0.0
137,NLVPMVATV,positive,5,0.13442412,1.0
2525,RMFPNAPYL,swapped_1595,5,0.08954521,0.0
4350,GILGFVFTL,positive,5,0.9909009,1.0
3622,GILGFVFTL,10x,5,0.33826926,0.0
4067,NLVPMVATV,swapped_2808,5,0.1393552,0.0
6335,GILGFVFTL,10x,5,0.041625693,0.0
4199,NLVPMVATV,positive,5,0.10259515,1.0
4153,GLCTLVAML,swapped_2783,5,0.94261456,0.0
5401,NLVPMVATV,swapped_4413,5,0.99931896,0.0
3028,GILGFVFTL,positive,5,0.9853784,1.0
1169,RTLNAWVKV,swapped_47,5,0.045275778,0.0
6708,GLCTLVAML,swapped_5825,5,0.999044,0.0
3219,GILGFVFTL,10x,5,0.9522705,0.0
5086,GILGFVFTL,10x,5,0.18037008,0.0
3791,GILGFVFTL,10x,5,0.14379708,0.0
3075,GILGFVFTL,10x,5,0.08484512,0.0
5312,GLCTLVAML,10x,5,0.110360146,0.0
3405,GILGFVFTL,10x,5,0.23545441,0.0
3569,GILGFVFTL,10x,5,0.11151583,0.0
5970,NLVPMVATV,positive,5,0.1499829,1.0
4824,GILGFVFTL,10x,5,0.037069324,0.0
2511,GLCTLVAML,swapped_1672,5,0.91034627,0.0
331,GILGFVFTL,positive,5,0.6789565,1.0
1689,NLVPMVATV,positive,5,0.6347876,1.0
4043,GLCTLVAML,swapped_2892,5,0.3956686,0.0
1999,GILGFVFTL,10x,5,0.12805334,0.0
5314,RTLNAWVKV,10x,5,0.9904552,0.0
341,GILGFVFTL,positive,5,0.0317977,1.0
2808,GILGFVFTL,positive,5,0.13470379,1.0
669,GILGFVFTL,10x,5,0.3897747,0.0
6812,GLCTLVAML,swapped_5748,5,0.27820954,0.0
