6021,LLFGYPVYV,10x,5,0.49423656,0.0
6305,GILGFVFTL,10x,5,0.4710794,0.0
3444,GILGFVFTL,10x,5,0.5006848,0.0
864,GILGFVFTL,10x,5,0.44138378,0.0
966,IMDQVPFSV,10x,5,0.4357647,0.0
4083,GLCTLVAML,swapped_2859,5,0.26260856,0.0
1340,GLCTLVAML,swapped_167,5,0.0029448252,0.0
5216,GILGFVFTL,10x,5,0.4856795,0.0
3995,NLVPMVATV,swapped_3055,5,3.208888e-06,0.0
454,GILGFVFTL,10x,5,0.521662,0.0
6827,GLCTLVAML,swapped_5769,5,0.0006197353,0.0
6493,GILGFVFTL,10x,5,0.5441323,0.0
2725,GILGFVFTL,positive,5,0.45585465,1.0
6874,GILGFVFTL,swapped_5970,5,0.54545313,0.0
365,GILGFVFTL,positive,5,0.58909446,1.0
2689,GLCTLVAML,swapped_1749,5,0.47055486,0.0
3725,GILGFVFTL,10x,5,0.47644067,0.0
4004,IMDQVPFSV,swapped_3031,5,4.073721e-05,0.0
5191,GLCTLVAML,10x,5,0.6305227,0.0
1137,GLCTLVAML,10x,5,7.644977e-06,0.0
4336,GILGFVFTL,positive,5,0.2107374,1.0
2518,GILGFVFTL,swapped_1809,5,0.46665314,0.0
6563,NLVPMVATV,10x,5,0.5762647,0.0
203,GILGFVFTL,positive,5,0.5146715,1.0
5527,GLCTLVAML,swapped_4186,5,0.64072454,0.0
4522,GILGFVFTL,positive,5,0.4204903,1.0
5369,GLCTLVAML,swapped_4185,5,9.517139e-05,0.0
2711,GILGFVFTL,positive,5,0.49734908,1.0
5469,NLVPMVATV,swapped_4350,5,2.096602e-06,0.0
2730,KTWGQYWQV,positive,5,0.6537432,1.0
2938,GILGFVFTL,positive,5,0.45589378,1.0
5367,NLVPMVATV,swapped_4390,5,0.00013586535,0.0
5337,FLYALALLL,swapped_4201,5,0.95196205,0.0
6031,GILGFVFTL,10x,5,0.5547481,0.0
3051,GILGFVFTL,positive,5,0.42872623,1.0
2200,KTWGQYWQV,10x,5,0.53344595,0.0
5249,RTLNAWVKV,10x,5,0.43542758,0.0
4853,GILGFVFTL,10x,5,0.5529912,0.0
2944,NLVPMVATV,positive,5,0.330902,1.0
3639,GILGFVFTL,10x,5,0.40032917,0.0
190,NLVPMVATV,positive,5,0.4774847,1.0
33,GLCTLVAML,positive,5,0.97102857,1.0
141,GILGFVFTL,positive,5,0.46452376,1.0
45,GILGFVFTL,positive,5,0.44523695,1.0
1283,GLCTLVAML,swapped_145,5,0.0026758802,0.0
4381,GILGFVFTL,positive,5,0.5564933,1.0
2783,GILGFVFTL,positive,5,0.45916587,1.0
2823,GILGFVFTL,positive,5,0.48161802,1.0
886,GILGFVFTL,10x,5,0.506685,0.0
5876,GLCTLVAML,positive,5,0.65492815,1.0
6034,GLCTLVAML,10x,5,0.66785246,0.0
2407,RTLNAWVKV,swapped_1677,5,0.0003519009,0.0
3988,GILGFVFTL,swapped_3008,5,0.5239579,0.0
2236,YLLEMLWRL,10x,5,0.62179416,0.0
3186,NLVPMVATV,10x,5,0.76119876,0.0
849,GILGFVFTL,10x,5,0.49642384,0.0
166,GLCTLVAML,positive,5,0.14594807,1.0
3893,NLVPMVATV,swapped_2933,5,0.1649874,0.0
6725,NLVPMVATV,swapped_5728,5,0.5136091,0.0
3887,SLFNTVATL,swapped_2860,5,1.9296493e-05,0.0
4919,GILGFVFTL,10x,5,0.6598753,0.0
3701,GILGFVFTL,10x,5,0.50203556,0.0
5479,GILGFVFTL,swapped_4342,5,0.64594024,0.0
2231,RTLNAWVKV,10x,5,0.51038545,0.0
3253,GILGFVFTL,10x,5,0.63204485,0.0
5520,MLDLQPETT,swapped_4243,5,4.3285477e-06,0.0
5278,GILGFVFTL,10x,5,0.5055796,0.0
393,GLCTLVAML,10x,5,0.62742,0.0
2943,GILGFVFTL,positive,5,0.54311895,1.0
3225,GILGFVFTL,10x,5,0.5068639,0.0
6149,GILGFVFTL,10x,5,0.46386617,0.0
1884,GILGFVFTL,10x,5,0.52591836,0.0
5816,NLVPMVATV,positive,5,0.9584978,1.0
6252,GILGFVFTL,10x,5,0.53776705,0.0
4915,GILGFVFTL,10x,5,0.67182547,0.0
241,GILGFVFTL,positive,5,0.4972256,1.0
3882,GLCTLVAML,swapped_2895,5,4.1527087e-06,0.0
1802,GILGFVFTL,positive,5,0.55693173,1.0
89,GILGFVFTL,positive,5,0.4246461,1.0
869,GILGFVFTL,10x,5,0.45199102,0.0
1375,GLCTLVAML,swapped_272,5,0.0022831464,0.0
6167,RTLNAWVKV,10x,5,0.5328264,0.0
256,GILGFVFTL,positive,5,0.45513186,1.0
1686,FLYALALLL,positive,5,0.47249532,1.0
229,GILGFVFTL,positive,5,0.40805548,1.0
4131,KTWGQYWQV,swapped_2811,5,2.0814687e-05,0.0
251,RMFPNAPYL,positive,5,0.2909172,1.0
1554,GILGFVFTL,positive,5,0.56019044,1.0
6319,GILGFVFTL,10x,5,0.49286264,0.0
58,GILGFVFTL,positive,5,0.48850837,1.0
460,GLCTLVAML,10x,5,0.5843597,0.0
193,GILGFVFTL,positive,5,0.8040788,1.0
6320,GILGFVFTL,10x,5,0.6396075,0.0
55,GLCTLVAML,positive,5,0.6629514,1.0
987,NLVPMVATV,10x,5,0.6222596,0.0
2600,NLVPMVATV,swapped_1629,5,0.00016643982,0.0
807,GILGFVFTL,10x,5,0.48316666,0.0
3648,GILGFVFTL,10x,5,0.4803301,0.0
6770,NLVPMVATV,swapped_5932,5,0.012305973,0.0
3999,GILGFVFTL,swapped_2869,5,0.56441766,0.0
4561,GILGFVFTL,10x,5,0.50267005,0.0
1179,GILGFVFTL,swapped_132,5,0.47511697,0.0
3100,GILGFVFTL,10x,5,0.46063998,0.0
2009,GILGFVFTL,10x,5,0.5374505,0.0
4795,NLVPMVATV,10x,5,0.93019104,0.0
6741,NLVPMVATV,swapped_5760,5,5.597796e-06,0.0
3215,GILGFVFTL,10x,5,0.48574376,0.0
801,GILGFVFTL,10x,5,0.5070227,0.0
1921,NLVPMVATV,10x,5,0.31826407,0.0
2319,NLVPMVATV,10x,5,0.7217091,0.0
4898,GILGFVFTL,10x,5,0.49253824,0.0
6441,GLCTLVAML,10x,5,0.06803731,0.0
3970,GILGFVFTL,swapped_2804,5,0.50722784,0.0
5314,RTLNAWVKV,10x,5,0.34396705,0.0
6431,GILGFVFTL,10x,5,0.48850057,0.0
5233,GILGFVFTL,10x,5,0.654341,0.0
2232,NLVPMVATV,10x,5,0.622071,0.0
5795,GILGFVFTL,positive,5,0.42305404,1.0
6575,GILGFVFTL,10x,5,0.4845556,0.0
1253,FLYALALLL,swapped_247,5,7.661924e-06,0.0
4397,GILGFVFTL,positive,5,0.63649905,1.0
1390,GILGFVFTL,swapped_273,5,0.52030885,0.0
3200,GILGFVFTL,10x,5,0.4865485,0.0
1788,GILGFVFTL,positive,5,0.5758766,1.0
341,GILGFVFTL,positive,5,0.5131085,1.0
3914,GLCTLVAML,swapped_2882,5,1.8869137e-05,0.0
3189,GILGFVFTL,10x,5,0.49868542,0.0
3241,GILGFVFTL,10x,5,0.6538607,0.0
2444,GILGFVFTL,swapped_1686,5,0.49356133,0.0
6366,GILGFVFTL,10x,5,0.5228027,0.0
2866,GILGFVFTL,positive,5,0.50520575,1.0
634,GILGFVFTL,10x,5,0.47413617,0.0
5769,GILGFVFTL,positive,5,0.5836373,1.0
344,GLCTLVAML,positive,5,0.9402811,1.0
6762,KTWGQYWQV,swapped_5868,5,0.15773936,0.0
6037,GILGFVFTL,10x,5,0.5763188,0.0
3698,GILGFVFTL,10x,5,0.5023373,0.0
1672,GILGFVFTL,positive,5,0.4548902,1.0
514,GILGFVFTL,10x,5,0.49933973,0.0
1126,GILGFVFTL,10x,5,0.47836944,0.0
1702,GILGFVFTL,positive,5,0.51958615,1.0
2253,GILGFVFTL,10x,5,0.51516366,0.0
6131,SLLMWITQV,10x,5,0.73613155,0.0
751,GILGFVFTL,10x,5,0.52575487,0.0
6639,GLCTLVAML,swapped_5732,5,1.1600249e-05,0.0
4029,FLYALALLL,swapped_3022,5,0.64971006,0.0
968,GILGFVFTL,10x,5,0.5053196,0.0
5067,GILGFVFTL,10x,5,0.52930135,0.0
6571,GILGFVFTL,10x,5,0.4765982,0.0
2477,GILGFVFTL,swapped_1704,5,0.53796095,0.0
5466,GLCTLVAML,swapped_4435,5,0.8420958,0.0
4223,NLVPMVATV,positive,5,0.097123966,1.0
4118,GLCTLVAML,swapped_2866,5,0.60885614,0.0
676,GILGFVFTL,10x,5,0.4946497,0.0
2853,GILGFVFTL,positive,5,0.51806736,1.0
6903,RTLNAWVKV,swapped_5717,5,0.00024746658,0.0
491,NLVPMVATV,10x,5,0.8644362,0.0
5345,SLLMWITQV,swapped_4178,5,0.0118294805,0.0
5989,GLCTLVAML,positive,5,0.4846364,1.0
5108,GILGFVFTL,10x,5,0.49293268,0.0
5935,GILGFVFTL,positive,5,0.5008915,1.0
5057,GILGFVFTL,10x,5,0.5331237,0.0
3598,GILGFVFTL,10x,5,0.5552326,0.0
1875,GILGFVFTL,10x,5,0.47112772,0.0
661,SLFNTVATL,10x,5,0.3475923,0.0
3405,GILGFVFTL,10x,5,0.57469225,0.0
4277,GILGFVFTL,positive,5,0.51221097,1.0
4783,GILGFVFTL,10x,5,0.48424494,0.0
3522,GILGFVFTL,10x,5,0.521568,0.0
5707,GILGFVFTL,positive,5,0.55437243,1.0
3932,GILGFVFTL,swapped_2876,5,0.51034206,0.0
2746,GILGFVFTL,positive,5,0.5366951,1.0
1930,NLVPMVATV,10x,5,0.49864268,0.0
4623,LLFGYPVYV,10x,5,0.48370078,0.0
5737,GLCTLVAML,positive,5,0.96802026,1.0
2613,LLFGYPVYV,swapped_1679,5,0.0012750049,0.0
3542,GILGFVFTL,10x,5,0.55710816,0.0
1085,NLVPMVATV,10x,5,0.3724706,0.0
6170,GILGFVFTL,10x,5,0.49142626,0.0
2237,GILGFVFTL,10x,5,0.5041919,0.0
2361,GILGFVFTL,10x,5,0.55409473,0.0
1675,FLYALALLL,positive,5,0.75821507,1.0
1891,GILGFVFTL,10x,5,0.5628553,0.0
3765,GILGFVFTL,10x,5,0.5069839,0.0
5294,GILGFVFTL,10x,5,0.49276647,0.0
4962,GILGFVFTL,10x,5,0.50750947,0.0
933,GILGFVFTL,10x,5,0.5279396,0.0
518,NLVPMVATV,10x,5,0.0017586213,0.0
6904,GILGFVFTL,swapped_5737,5,0.8327748,0.0
5132,GILGFVFTL,10x,5,0.56866765,0.0
2501,GLCTLVAML,swapped_1671,5,0.00015099758,0.0
1220,NLVPMVATV,swapped_196,5,0.001912359,0.0
1700,GILGFVFTL,positive,5,0.4242545,1.0
457,GILGFVFTL,10x,5,0.5261022,0.0
2515,NLVPMVATV,swapped_1727,5,0.00018235303,0.0
1939,GILGFVFTL,10x,5,0.52354175,0.0
4951,KTWGQYWQV,10x,5,0.5362952,0.0
2213,GILGFVFTL,10x,5,0.49539882,0.0
4661,GILGFVFTL,10x,5,0.507444,0.0
3813,GILGFVFTL,swapped_2730,5,0.54695296,0.0
2888,GILGFVFTL,positive,5,0.5681488,1.0
5029,NLVPMVATV,10x,5,0.760231,0.0
1981,GLCTLVAML,10x,5,0.12526967,0.0
1431,FLYALALLL,swapped_362,5,0.035844143,0.0
795,GLCTLVAML,10x,5,0.63944924,0.0
1770,NLVPMVATV,positive,5,0.5994472,1.0
2094,GLCTLVAML,10x,5,0.038420606,0.0
1742,GILGFVFTL,positive,5,0.47237286,1.0
3031,GILGFVFTL,positive,5,0.592543,1.0
4787,GILGFVFTL,10x,5,0.49032435,0.0
1169,RTLNAWVKV,swapped_47,5,0.5217919,0.0
1176,RTLNAWVKV,swapped_242,5,4.1336894e-05,0.0
5312,GLCTLVAML,10x,5,0.005404106,0.0
1595,GILGFVFTL,positive,5,0.6064414,1.0
2209,NLVPMVATV,10x,5,0.13556518,0.0
4268,GLCTLVAML,positive,5,0.96960217,1.0
3339,GILGFVFTL,10x,5,0.5026697,0.0
6244,GILGFVFTL,10x,5,0.4973427,0.0
3930,GLCTLVAML,swapped_2807,5,0.71906686,0.0
1242,RTLNAWVKV,swapped_89,5,0.00025027193,0.0
6847,GILGFVFTL,swapped_5816,5,0.7743259,0.0
2788,GILGFVFTL,positive,5,0.51063234,1.0
287,GILGFVFTL,positive,5,0.51022893,1.0
1337,GILGFVFTL,swapped_156,5,0.5577999,0.0
1135,GLCTLVAML,10x,5,0.01183345,0.0
60,GILGFVFTL,positive,5,0.37907806,1.0
6425,GLCTLVAML,10x,5,0.002369837,0.0
3647,NLVPMVATV,10x,5,0.5579166,0.0
2590,GILGFVFTL,swapped_1807,5,0.5139543,0.0
936,GILGFVFTL,10x,5,0.49297717,0.0
65,NLVPMVATV,positive,5,0.6798376,1.0
227,GILGFVFTL,positive,5,0.5917993,1.0
2869,GLCTLVAML,positive,5,0.8871188,1.0
1850,GILGFVFTL,10x,5,0.53353965,0.0
2860,GILGFVFTL,positive,5,0.59737766,1.0
273,NLVPMVATV,positive,5,0.6150382,1.0
1289,NLVPMVATV,swapped_187,5,5.2504613e-05,0.0
4850,GILGFVFTL,10x,5,0.46768856,0.0
6592,GILGFVFTL,10x,5,0.4554289,0.0
565,GILGFVFTL,10x,5,0.52414143,0.0
247,GILGFVFTL,positive,5,0.4079361,1.0
2817,GILGFVFTL,positive,5,0.3835671,1.0
499,GILGFVFTL,10x,5,0.54367626,0.0
1198,LLFGYPVYV,swapped_191,5,0.0010134373,0.0
2876,MLDLQPETT,positive,5,0.21701778,1.0
2955,GILGFVFTL,positive,5,0.4866612,1.0
5731,GILGFVFTL,positive,5,0.5079988,1.0
4555,GILGFVFTL,positive,5,0.48272792,1.0
5102,GILGFVFTL,10x,5,0.77014166,0.0
3845,GLCTLVAML,swapped_2936,5,0.00047302325,0.0
2494,GILGFVFTL,swapped_1592,5,0.7066578,0.0
641,GILGFVFTL,10x,5,0.51172507,0.0
4760,GILGFVFTL,10x,5,0.4772953,0.0
1319,GLCTLVAML,swapped_251,5,0.19091599,0.0
3369,NLVPMVATV,10x,5,0.19487245,0.0
4662,GILGFVFTL,10x,5,0.4756726,0.0
564,GILGFVFTL,10x,5,0.5385671,0.0
872,GILGFVFTL,10x,5,0.49096307,0.0
1168,GLCTLVAML,swapped_287,5,7.3167544e-06,0.0
4431,NLVPMVATV,positive,5,0.035962634,1.0
3685,GILGFVFTL,10x,5,0.60607916,0.0
6016,GILGFVFTL,10x,5,0.52010196,0.0
2309,GILGFVFTL,10x,5,0.54655516,0.0
2827,GILGFVFTL,positive,5,0.4925059,1.0
3019,GILGFVFTL,positive,5,0.525131,1.0
3825,GLCTLVAML,swapped_2695,5,0.43213254,0.0
5385,GILGFVFTL,swapped_4199,5,0.669351,0.0
1393,KLQCVDLHV,swapped_349,5,0.4557268,0.0
2368,GILGFVFTL,10x,5,0.7708391,0.0
4810,GILGFVFTL,10x,5,0.49135655,0.0
4034,NLVPMVATV,swapped_2817,5,2.2679096e-06,0.0
4292,GILGFVFTL,positive,5,0.5985334,1.0
3941,GLCTLVAML,swapped_2789,5,0.40333518,0.0
5159,GILGFVFTL,10x,5,0.542049,0.0
628,GILGFVFTL,10x,5,0.5301191,0.0
5677,GLCTLVAML,swapped_4354,5,2.1166297e-06,0.0
4839,NLVPMVATV,10x,5,0.0012653846,0.0
5544,GLCTLVAML,swapped_4336,5,2.9136074e-05,0.0
4471,NLVPMVATV,positive,5,0.6073703,1.0
4390,GILGFVFTL,positive,5,0.403325,1.0
3430,GLCTLVAML,10x,5,0.53125113,0.0
1693,GILGFVFTL,positive,5,0.48567995,1.0
4435,GILGFVFTL,positive,5,0.5616462,1.0
5932,GILGFVFTL,positive,5,0.5652698,1.0
4354,GILGFVFTL,positive,5,0.5377239,1.0
963,RTLNAWVKV,10x,5,0.48720694,0.0
2189,GILGFVFTL,10x,5,0.49087396,0.0
4536,FLYALALLL,positive,5,0.72980946,1.0
3922,NLVPMVATV,swapped_2938,5,5.08042e-05,0.0
3378,GILGFVFTL,10x,5,0.45162162,0.0
3954,GLCTLVAML,swapped_2851,5,0.0002726938,0.0
4201,GILGFVFTL,positive,5,0.71963716,1.0
2255,GILGFVFTL,10x,5,0.57128066,0.0
437,GILGFVFTL,10x,5,0.46842614,0.0
3419,GILGFVFTL,10x,5,0.47020218,0.0
1911,GILGFVFTL,10x,5,0.46321845,0.0
4041,NLVPMVATV,swapped_2799,5,0.001271166,0.0
5755,GLCTLVAML,positive,5,0.61165935,1.0
4566,GILGFVFTL,10x,5,0.49182197,0.0
1522,LLFGYPVYV,swapped_186,5,0.45871785,0.0
4129,GLCTLVAML,swapped_2711,5,0.0002095196,0.0
2852,GLCTLVAML,positive,5,0.96844673,1.0
5696,NLVPMVATV,swapped_4228,5,0.7563748,0.0
1210,GILGFVFTL,swapped_339,5,0.8209791,0.0
5970,NLVPMVATV,positive,5,0.7952078,1.0
3856,NLVPMVATV,swapped_2725,5,0.00011198181,0.0
1164,GLCTLVAML,swapped_42,5,1.0235802e-05,0.0
5693,GLCTLVAML,swapped_4205,5,0.0006136377,0.0
3333,FLYALALLL,10x,5,0.035357364,0.0
1929,GILGFVFTL,10x,5,0.5089562,0.0
2808,GILGFVFTL,positive,5,0.25702038,1.0
1773,GILGFVFTL,positive,5,0.545106,1.0
2497,FLYALALLL,swapped_1590,5,0.000868594,0.0
3447,GILGFVFTL,10x,5,0.5206064,0.0
1428,GLCTLVAML,swapped_331,5,0.0005023248,0.0
3067,GILGFVFTL,10x,5,0.55641454,0.0
1737,NLVPMVATV,positive,5,0.97092664,1.0
1244,NLVPMVATV,swapped_150,5,1.2679931e-05,0.0
4886,GILGFVFTL,10x,5,0.4983096,0.0
145,GILGFVFTL,positive,5,0.40687782,1.0
2372,LLFGYPVYV,10x,5,0.5188244,0.0
4754,GLCTLVAML,10x,5,0.0015100915,0.0
1777,NLVPMVATV,positive,5,0.26287678,1.0
4342,GLCTLVAML,positive,5,0.9233168,1.0
2459,GLCTLVAML,swapped_1790,5,0.3575537,0.0
369,GILGFVFTL,positive,5,0.4533634,1.0
5448,GLCTLVAML,swapped_4240,5,4.8335412e-05,0.0
47,GILGFVFTL,positive,5,0.46785524,1.0
1469,GLCTLVAML,swapped_290,5,0.0006373701,0.0
6392,GILGFVFTL,10x,5,0.47905162,0.0
1379,LLFGYPVYV,swapped_341,5,0.5295426,0.0
1313,GLCTLVAML,swapped_352,5,0.54601985,0.0
3152,NLVPMVATV,10x,5,0.00032976203,0.0
5540,GILGFVFTL,swapped_4512,5,0.5590802,0.0
4991,GILGFVFTL,10x,5,0.48940277,0.0
542,GILGFVFTL,10x,5,0.5585931,0.0
1069,GILGFVFTL,10x,5,0.42415658,0.0
1291,KTWGQYWQV,swapped_49,5,0.41225478,0.0
2695,GILGFVFTL,positive,5,0.576198,1.0
6327,NLVPMVATV,10x,5,0.42347044,0.0
4619,GILGFVFTL,10x,5,0.46908417,0.0
5308,NLVPMVATV,10x,5,0.55065644,0.0
2799,GILGFVFTL,positive,5,0.36474898,1.0
4350,GILGFVFTL,positive,5,0.4247433,1.0
2933,GILGFVFTL,positive,5,0.48198923,1.0
2122,GILGFVFTL,10x,5,0.508331,0.0
754,GILGFVFTL,10x,5,0.52364254,0.0
3400,SLLMWITQV,10x,5,0.5648369,0.0
1041,GLCTLVAML,10x,5,1.3949817e-06,0.0
4705,GILGFVFTL,10x,5,0.5005535,0.0
3969,GLCTLVAML,swapped_2846,5,6.0284347e-06,0.0
111,GILGFVFTL,positive,5,0.44536635,1.0
812,GILGFVFTL,10x,5,0.5200033,0.0
1800,GILGFVFTL,positive,5,0.5718686,1.0
6063,RTLNAWVKV,10x,5,0.73616433,0.0
6309,GLCTLVAML,10x,5,0.3905175,0.0
1900,NLVPMVATV,10x,5,0.15186095,0.0
3985,KTWGQYWQV,swapped_2945,5,0.020240683,0.0
2012,GILGFVFTL,10x,5,0.5643012,0.0
3567,NLVPMVATV,10x,5,0.10963328,0.0
3575,GLCTLVAML,10x,5,0.6442386,0.0
2228,GILGFVFTL,10x,5,0.5277852,0.0
855,GILGFVFTL,10x,5,0.61115134,0.0
6696,GLCTLVAML,swapped_5707,5,9.976033e-07,0.0
2846,GILGFVFTL,positive,5,0.5876808,1.0
6146,NLVPMVATV,10x,5,0.37575066,0.0
196,GILGFVFTL,positive,5,0.64701873,1.0
1759,FLYALALLL,positive,5,0.042766545,1.0
2577,NLVPMVATV,swapped_1802,5,0.00020834821,0.0
1093,GILGFVFTL,10x,5,0.48841563,0.0
1979,GILGFVFTL,10x,5,0.4921101,0.0
1739,GLCTLVAML,positive,5,0.9724176,1.0
1510,YLLEMLWRL,swapped_137,5,0.6336517,0.0
3791,GILGFVFTL,10x,5,0.5888513,0.0
551,GILGFVFTL,10x,5,0.5022181,0.0
3084,GLCTLVAML,10x,5,0.5480263,0.0
4599,GLCTLVAML,10x,5,0.5417341,0.0
1864,GILGFVFTL,10x,5,0.60574776,0.0
662,GILGFVFTL,10x,5,0.47157001,0.0
1873,MLDLQPETT,10x,5,0.031393114,0.0
5606,GILGFVFTL,swapped_4471,5,0.53965133,0.0
1825,GLCTLVAML,10x,5,0.91445696,0.0
1926,KTWGQYWQV,10x,5,0.5155752,0.0
156,NLVPMVATV,positive,5,0.8701453,1.0
1854,NLVPMVATV,10x,5,0.1196996,0.0
5594,GILGFVFTL,swapped_4223,5,0.6295086,0.0
3383,GILGFVFTL,10x,5,0.55114335,0.0
5979,GILGFVFTL,positive,5,0.4233731,1.0
3287,GILGFVFTL,10x,5,0.47829133,0.0
6788,LLFGYPVYV,swapped_6004,5,0.2821345,0.0
3116,GILGFVFTL,10x,5,0.49963734,0.0
6052,NLVPMVATV,10x,5,0.67076516,0.0
469,RMFPNAPYL,10x,5,0.38525355,0.0
3869,NLVPMVATV,swapped_2989,5,8.9669504e-07,0.0
24,GILGFVFTL,positive,5,0.60374856,1.0
5945,GILGFVFTL,positive,5,0.73329777,1.0
1949,GILGFVFTL,10x,5,0.52280444,0.0
5728,KTWGQYWQV,positive,5,0.47001418,1.0
5604,GLCTLVAML,swapped_4397,5,0.26541692,0.0
4512,GLCTLVAML,positive,5,0.8759369,1.0
601,GILGFVFTL,10x,5,0.4951042,0.0
526,GILGFVFTL,10x,5,0.50517666,0.0
1446,KVAELVHFL,swapped_318,5,3.1906504e-05,0.0
1250,GLCTLVAML,swapped_312,5,1.0672177e-05,0.0
2203,GILGFVFTL,10x,5,0.5407001,0.0
35,GILGFVFTL,positive,5,0.49263427,1.0
1736,NLVPMVATV,positive,5,0.8963227,1.0
4731,GLCTLVAML,10x,5,0.05688669,0.0
5875,GILGFVFTL,positive,5,0.48973647,1.0
6147,GILGFVFTL,10x,5,0.49732962,0.0
1843,GILGFVFTL,10x,5,0.4296682,0.0
5026,GILGFVFTL,10x,5,0.56507176,0.0
883,GILGFVFTL,10x,5,0.4930699,0.0
1170,GLCTLVAML,swapped_193,5,0.0059952247,0.0
925,NLVPMVATV,10x,5,0.21462342,0.0
2451,KTWGQYWQV,swapped_1720,5,0.26448905,0.0
3151,GILGFVFTL,10x,5,0.50626117,0.0
42,GILGFVFTL,positive,5,0.42384377,1.0
2199,GLCTLVAML,10x,5,0.3605658,0.0
119,GILGFVFTL,positive,5,0.42704105,1.0
1709,GILGFVFTL,positive,5,0.15633148,1.0
1564,NLVPMVATV,positive,5,0.9287923,1.0
3155,GILGFVFTL,10x,5,0.5543015,0.0
5662,FLYALALLL,swapped_4431,5,0.013987951,0.0
2635,RTLNAWVKV,swapped_1800,5,0.37936935,0.0
1020,GILGFVFTL,10x,5,0.5035511,0.0
2170,GILGFVFTL,10x,5,0.5387939,0.0
2147,GILGFVFTL,10x,5,0.4777339,0.0
3450,GILGFVFTL,10x,5,0.5345562,0.0
6398,NLVPMVATV,10x,5,0.030532466,0.0
3493,GLCTLVAML,10x,5,0.6146254,0.0
2116,GILGFVFTL,10x,5,0.4788929,0.0
2060,GLCTLVAML,10x,5,0.7214449,0.0
3910,GLCTLVAML,swapped_2698,5,0.6941811,0.0
3751,NLVPMVATV,10x,5,0.5601584,0.0
3368,LLFGYPVYV,10x,5,0.37259617,0.0
622,KTWGQYWQV,10x,5,0.44589698,0.0
1148,NLVPMVATV,swapped_293,5,8.093806e-06,0.0
4666,GILGFVFTL,10x,5,0.50510025,0.0
2525,RMFPNAPYL,swapped_1595,5,0.07434434,0.0
6796,GILGFVFTL,swapped_5989,5,0.47274998,0.0
4222,GILGFVFTL,positive,5,0.57482904,1.0
5513,GLCTLVAML,swapped_4292,5,0.0012473452,0.0
309,GILGFVFTL,positive,5,0.46525046,1.0
4356,GILGFVFTL,positive,5,0.4556815,1.0
4722,GILGFVFTL,10x,5,0.49413803,0.0
6152,GILGFVFTL,10x,5,0.4855031,0.0
2898,SLFNTVATL,positive,5,0.9272305,1.0
1627,GILGFVFTL,positive,5,0.5508337,1.0
3775,GILGFVFTL,10x,5,0.5165722,0.0
4499,GILGFVFTL,positive,5,0.5484099,1.0
931,MLDLQPETT,10x,5,0.67625296,0.0
1713,GILGFVFTL,positive,5,0.7318043,1.0
5295,GILGFVFTL,10x,5,0.82980925,0.0
4005,NLVPMVATV,swapped_3044,5,3.5670776e-06,0.0
3603,GILGFVFTL,10x,5,0.5230183,0.0
6455,GILGFVFTL,10x,5,0.51632375,0.0
2110,LLFGYPVYV,10x,5,0.481052,0.0
6534,GILGFVFTL,10x,5,0.5077407,0.0
4646,GILGFVFTL,10x,5,0.58022225,0.0
531,NLVPMVATV,10x,5,0.7458011,0.0
1429,MLDLQPETT,swapped_45,5,2.686198e-05,0.0
5146,GILGFVFTL,10x,5,0.5437894,0.0
613,GILGFVFTL,10x,5,0.49860308,0.0
4267,GILGFVFTL,positive,5,0.5363418,1.0
5288,GILGFVFTL,10x,5,0.52087265,0.0
938,GLCTLVAML,10x,5,0.058280513,0.0
2036,RTLNAWVKV,10x,5,0.006651316,0.0
4960,RTLNAWVKV,10x,5,0.23372987,0.0
1704,GLCTLVAML,positive,5,0.7032367,1.0
6670,NLVPMVATV,swapped_5946,5,9.700897e-05,0.0
5038,GILGFVFTL,10x,5,0.52866393,0.0
3946,NLVPMVATV,swapped_2798,5,7.698062e-06,0.0
736,GILGFVFTL,10x,5,0.48655754,0.0
6812,GLCTLVAML,swapped_5748,5,0.0010671503,0.0
2107,GILGFVFTL,10x,5,0.51040155,0.0
1010,GILGFVFTL,10x,5,0.539606,0.0
6261,GILGFVFTL,10x,5,0.48150158,0.0
191,GILGFVFTL,positive,5,0.55932164,1.0
4509,GILGFVFTL,positive,5,0.49611616,1.0
293,GILGFVFTL,positive,5,0.4814103,1.0
6487,CLGGLLTMV,10x,5,0.009435304,0.0
5560,RMFPNAPYL,swapped_4502,5,7.141166e-05,0.0
6100,GILGFVFTL,10x,5,0.50859034,0.0
949,GILGFVFTL,10x,5,0.6362677,0.0
5660,GILGFVFTL,swapped_4535,5,0.82741857,0.0
3266,GILGFVFTL,10x,5,0.5580029,0.0
1215,NLVPMVATV,swapped_257,5,0.015961159,0.0
6265,GLCTLVAML,10x,5,0.59346426,0.0
3394,GLCTLVAML,10x,5,0.7035944,0.0
3355,GILGFVFTL,10x,5,0.5767188,0.0
1088,GILGFVFTL,10x,5,0.50829643,0.0
2999,GILGFVFTL,positive,5,0.44362238,1.0
2162,GILGFVFTL,10x,5,0.579096,0.0
6306,GILGFVFTL,10x,5,0.47511578,0.0
4137,KTWGQYWQV,swapped_2912,5,0.47979954,0.0
1838,NLVPMVATV,10x,5,0.6088458,0.0
5109,NLVPMVATV,10x,5,0.18605724,0.0
6844,SLFNTVATL,swapped_5870,5,4.971375e-06,0.0
2024,GILGFVFTL,10x,5,0.53405505,0.0
2349,GILGFVFTL,10x,5,0.47300568,0.0
1876,GILGFVFTL,10x,5,0.50057393,0.0
5680,GLCTLVAML,swapped_4522,5,2.0285615e-05,0.0
704,GLCTLVAML,10x,5,0.80369884,0.0
6708,GLCTLVAML,swapped_5825,5,2.7777776e-06,0.0
2348,GILGFVFTL,10x,5,0.48927853,0.0
3927,FLYALALLL,swapped_2923,5,0.44230434,0.0
5637,NLVPMVATV,swapped_4274,5,0.5689817,0.0
5405,GILGFVFTL,swapped_4505,5,0.684624,0.0
2992,GILGFVFTL,positive,5,0.51108027,1.0
1809,GLCTLVAML,positive,5,0.20183784,1.0
5004,GILGFVFTL,10x,5,0.48099518,0.0
627,GLCTLVAML,10x,5,0.49231648,0.0
4445,GILGFVFTL,positive,5,0.35971615,1.0
133,GILGFVFTL,positive,5,0.48674986,1.0
5722,GILGFVFTL,positive,5,0.41426623,1.0
2395,GILGFVFTL,10x,5,0.51614904,0.0
6703,GILGFVFTL,swapped_6001,5,0.53627867,0.0
4641,GILGFVFTL,10x,5,0.4142349,0.0
5871,GILGFVFTL,positive,5,0.37879375,1.0
6280,GILGFVFTL,10x,5,0.56080306,0.0
3192,GILGFVFTL,10x,5,0.49227804,0.0
1790,NLVPMVATV,positive,5,0.36418542,1.0
2269,GILGFVFTL,10x,5,0.50205606,0.0
397,RMFPNAPYL,10x,5,0.44197544,0.0
6445,GILGFVFTL,10x,5,0.46259382,0.0
4067,NLVPMVATV,swapped_2808,5,0.00024111208,0.0
5411,GILGFVFTL,swapped_4174,5,0.47816056,0.0
5115,GILGFVFTL,10x,5,0.4810841,0.0
2035,LLFGYPVYV,10x,5,0.5156095,0.0
2832,GILGFVFTL,positive,5,0.42005855,1.0
2114,GILGFVFTL,10x,5,0.39692646,0.0
5641,LLFGYPVYV,swapped_4238,5,0.30192128,0.0
3921,NLVPMVATV,swapped_2977,5,9.590399e-07,0.0
3104,RTLNAWVKV,10x,5,0.5652435,0.0
6101,GILGFVFTL,10x,5,0.48538804,0.0
5539,GLCTLVAML,swapped_4463,5,7.2280986e-06,0.0
2155,GILGFVFTL,10x,5,0.52675325,0.0
1867,GILGFVFTL,10x,5,0.47884786,0.0
956,RTLNAWVKV,10x,5,0.5155522,0.0
400,GILGFVFTL,10x,5,0.46532905,0.0
3705,FLYALALLL,10x,5,0.7399554,0.0
6151,GILGFVFTL,10x,5,0.47734222,0.0
5868,GILGFVFTL,positive,5,0.5819324,1.0
5211,GILGFVFTL,10x,5,0.4725759,0.0
1914,GILGFVFTL,10x,5,0.52573806,0.0
3971,GLCTLVAML,swapped_2831,5,3.2787218e-06,0.0
4130,NLVPMVATV,swapped_2761,5,9.717777e-06,0.0
2698,GILGFVFTL,positive,5,0.49058208,1.0
4360,GILGFVFTL,positive,5,0.7730782,1.0
4205,GILGFVFTL,positive,5,0.6571267,1.0
435,YLLEMLWRL,10x,5,0.24745493,0.0
2260,GILGFVFTL,10x,5,0.6365658,0.0
1117,GILGFVFTL,10x,5,0.4772742,0.0
4571,GILGFVFTL,10x,5,0.4871337,0.0
2798,GILGFVFTL,positive,5,0.5971625,1.0
5096,NLVPMVATV,10x,5,5.8638165e-05,0.0
5529,RTLNAWVKV,swapped_4321,5,1.3819542e-05,0.0
3581,NLVPMVATV,10x,5,0.15476753,0.0
2674,NLVPMVATV,swapped_1788,5,0.017013956,0.0
911,GILGFVFTL,10x,5,0.49048334,0.0
6391,GILGFVFTL,10x,5,0.5209468,0.0
6345,GLCTLVAML,10x,5,0.6253366,0.0
4024,GLCTLVAML,swapped_2955,5,0.5715252,0.0
1233,GLCTLVAML,swapped_86,5,3.408493e-05,0.0
5664,GLCTLVAML,swapped_4546,5,1.5019042e-06,0.0
1339,GLCTLVAML,swapped_354,5,7.3354086e-06,0.0
283,GILGFVFTL,positive,5,0.41761187,1.0
1689,NLVPMVATV,positive,5,0.5596273,1.0
3702,GLCTLVAML,10x,5,0.60526013,0.0
3261,GILGFVFTL,10x,5,0.5367099,0.0
4502,GILGFVFTL,positive,5,0.58106846,1.0
3028,GILGFVFTL,positive,5,0.6418169,1.0
2185,NLVPMVATV,10x,5,0.56766707,0.0
1204,GILGFVFTL,swapped_190,5,0.5070001,0.0
2430,GILGFVFTL,swapped_1547,5,0.74751794,0.0
664,GILGFVFTL,10x,5,0.5075638,0.0
6222,GILGFVFTL,10x,5,0.46547613,0.0
1834,GILGFVFTL,10x,5,0.49407616,0.0
1458,NLVPMVATV,swapped_178,5,3.9356844e-05,0.0
4749,GILGFVFTL,10x,5,0.4997425,0.0
6402,GILGFVFTL,10x,5,0.6026774,0.0
4862,GLCTLVAML,10x,5,0.045651194,0.0
4606,GILGFVFTL,10x,5,0.5140602,0.0
6429,SLFNTVATL,10x,5,0.28846562,0.0
1298,KVLEYVIKV,swapped_268,5,0.0016853878,0.0
354,GILGFVFTL,positive,5,0.47357616,1.0
2962,GILGFVFTL,positive,5,0.5180937,1.0
3653,GILGFVFTL,10x,5,0.5261867,0.0
5525,GLCTLVAML,swapped_4316,5,0.14120549,0.0
2801,GILGFVFTL,positive,5,0.58502156,1.0
1837,RMFPNAPYL,10x,5,0.33271712,0.0
3763,GILGFVFTL,10x,5,0.5159864,0.0
6437,GILGFVFTL,10x,5,0.45567665,0.0
2859,GILGFVFTL,positive,5,0.6450337,1.0
1329,NLVPMVATV,swapped_55,5,0.6725609,0.0
1723,NLVPMVATV,positive,5,0.00029165272,1.0
169,NLVPMVATV,positive,5,0.2653936,1.0
4199,NLVPMVATV,positive,5,0.92952085,1.0
462,GILGFVFTL,10x,5,0.46543017,0.0
137,NLVPMVATV,positive,5,0.76588035,1.0
2239,GILGFVFTL,10x,5,0.47360173,0.0
2159,GILGFVFTL,10x,5,0.47852865,0.0
6128,GILGFVFTL,10x,5,0.48437205,0.0
1225,LLFGYPVYV,swapped_41,5,1.7094902e-05,0.0
331,GILGFVFTL,positive,5,0.37171036,1.0
5640,NLVPMVATV,swapped_4273,5,3.1852437e-06,0.0
421,LLFGYPVYV,10x,5,0.49792197,0.0
505,NLVPMVATV,10x,5,0.6610969,0.0
5683,RMFPNAPYL,swapped_4364,5,0.00010307793,0.0
336,GILGFVFTL,positive,5,0.49051902,1.0
1302,LLFGYPVYV,swapped_227,5,0.09274646,0.0
5432,RTLNAWVKV,swapped_4515,5,1.69389e-05,0.0
3674,GILGFVFTL,10x,5,0.5112878,0.0
734,SLLMWITQV,10x,5,0.49259934,0.0
2977,GILGFVFTL,positive,5,0.45964745,1.0
3773,GILGFVFTL,10x,5,0.50620425,0.0
4870,GILGFVFTL,10x,5,0.5314738,0.0
4753,GILGFVFTL,10x,5,0.50486594,0.0
2792,GILGFVFTL,positive,5,0.40537053,1.0
5946,GILGFVFTL,positive,5,0.46187118,1.0
96,GILGFVFTL,positive,5,0.50630856,1.0
18,GLCTLVAML,positive,5,0.9646278,1.0
2901,GILGFVFTL,positive,5,0.48942646,1.0
1084,IMDQVPFSV,10x,5,0.47650087,0.0
4141,NLVPMVATV,swapped_2962,5,6.9972825e-06,0.0
6479,GILGFVFTL,10x,5,0.61563504,0.0
3802,GILGFVFTL,10x,5,0.45863548,0.0
5195,GILGFVFTL,10x,5,0.61895657,0.0
3068,GILGFVFTL,10x,5,0.5010789,0.0
1623,GILGFVFTL,positive,5,0.3292509,1.0
4427,NLVPMVATV,positive,5,0.7917148,1.0
5178,GILGFVFTL,10x,5,0.53920245,0.0
4180,GILGFVFTL,positive,5,0.4407399,1.0
5403,GLCTLVAML,swapped_4277,5,1.8364195e-05,0.0
3523,GILGFVFTL,10x,5,0.5413553,0.0
1060,GILGFVFTL,10x,5,0.47757855,0.0
5530,GLCTLVAML,swapped_4445,5,0.00032492646,0.0
4687,RTLNAWVKV,10x,5,0.49523246,0.0
825,GILGFVFTL,10x,5,0.4840857,0.0
2090,GILGFVFTL,10x,5,0.4775904,0.0
3233,FLYALALLL,10x,5,0.7651897,0.0
2432,GILGFVFTL,swapped_1714,5,0.54639876,0.0
1776,GILGFVFTL,positive,5,0.49079838,1.0
4535,GLCTLVAML,positive,5,0.96921366,1.0
5430,NLVPMVATV,swapped_4356,5,5.5143755e-06,0.0
3351,NLVPMVATV,10x,5,0.021651927,0.0
1318,GLCTLVAML,swapped_24,5,9.395578e-06,0.0
5243,MLDLQPETT,10x,5,0.4964597,0.0
3770,GILGFVFTL,10x,5,0.58955765,0.0
4295,GILGFVFTL,positive,5,0.54631877,1.0
1131,GILGFVFTL,10x,5,0.5792438,0.0
5086,GILGFVFTL,10x,5,0.49046436,0.0
4214,GILGFVFTL,positive,5,0.41131428,1.0
1171,GLCTLVAML,swapped_348,5,0.27337724,0.0
4521,GILGFVFTL,positive,5,0.43636248,1.0
5062,GILGFVFTL,10x,5,0.5379291,0.0
3157,GILGFVFTL,10x,5,0.5650171,0.0
1778,GILGFVFTL,positive,5,0.4386949,1.0
160,GILGFVFTL,positive,5,0.4267191,1.0
3172,FLYALALLL,10x,5,0.8573487,0.0
257,GILGFVFTL,positive,5,0.7354779,1.0
100,GILGFVFTL,positive,5,0.7057186,1.0
1455,GLCTLVAML,swapped_58,5,0.36871928,0.0
6905,RMFPNAPYL,swapped_5902,5,0.000532925,0.0
6523,GILGFVFTL,10x,5,0.68038344,0.0
4273,GILGFVFTL,positive,5,0.5686224,1.0
3271,GILGFVFTL,10x,5,0.5358678,0.0
6018,RMFPNAPYL,10x,5,0.33714804,0.0
3047,GILGFVFTL,positive,5,0.62286454,1.0
2974,GILGFVFTL,positive,5,0.30260897,1.0
4703,NLVPMVATV,10x,5,0.26064286,0.0
1144,GLCTLVAML,swapped_249,5,1.2964045e-05,0.0
178,GILGFVFTL,positive,5,0.40201423,1.0
6335,GILGFVFTL,10x,5,0.4729653,0.0
3783,GILGFVFTL,10x,5,0.6859738,0.0
5776,GLCTLVAML,positive,5,0.045389775,1.0
1946,GLCTLVAML,10x,5,0.6324052,0.0
3642,GILGFVFTL,10x,5,0.50630176,0.0
4281,GILGFVFTL,positive,5,0.29802623,1.0
6771,GILGFVFTL,swapped_5876,5,0.53548056,0.0
5668,GLCTLVAML,swapped_4381,5,5.6136392e-05,0.0
22,FLYALALLL,positive,5,0.7531805,1.0
5658,GLCTLVAML,swapped_4252,5,0.2642299,0.0
1592,GLCTLVAML,positive,5,0.92393243,1.0
5286,GILGFVFTL,10x,5,0.53623855,0.0
5536,GILGFVFTL,swapped_4367,5,0.50541717,0.0
1846,NLVPMVATV,10x,5,0.88739914,0.0
1387,NLVPMVATV,swapped_96,5,0.66543067,0.0
4505,GLCTLVAML,positive,5,0.9352075,1.0
6036,FLYALALLL,10x,5,0.8534487,0.0
2804,FLYALALLL,positive,5,0.54631126,1.0
1157,GILGFVFTL,swapped_210,5,0.61413294,0.0
3130,NLVPMVATV,10x,5,0.56276643,0.0
2989,GILGFVFTL,positive,5,0.48382336,1.0
3022,GILGFVFTL,positive,5,0.502406,1.0
422,GILGFVFTL,10x,5,0.47093692,0.0
4464,NLVPMVATV,positive,5,0.65926266,1.0
986,GILGFVFTL,10x,5,0.48370498,0.0
4921,GILGFVFTL,10x,5,0.5379613,0.0
1188,RTLNAWVKV,swapped_308,5,0.24628495,0.0
1274,LLFGYPVYV,swapped_263,5,0.3371117,0.0
1521,FLYALALLL,swapped_103,5,1.4289196e-06,0.0
5860,GILGFVFTL,positive,5,0.42834538,1.0
2161,GILGFVFTL,10x,5,0.4492987,0.0
318,GILGFVFTL,positive,5,0.53086245,1.0
1890,GLCTLVAML,10x,5,0.3369344,0.0
3386,GLCTLVAML,10x,5,0.6287983,0.0
1448,FLYALALLL,swapped_107,5,2.1578355e-05,0.0
1963,GLCTLVAML,10x,5,0.011842396,0.0
3112,NLVPMVATV,10x,5,0.23206198,0.0
3440,GILGFVFTL,10x,5,0.4964946,0.0
348,GILGFVFTL,positive,5,0.4994521,1.0
1322,GILGFVFTL,swapped_344,5,0.71544117,0.0
3292,SLFNTVATL,10x,5,0.3272744,0.0
4624,GILGFVFTL,10x,5,0.48327404,0.0
1852,GILGFVFTL,10x,5,0.55813265,0.0
3096,GILGFVFTL,10x,5,0.51957417,0.0
483,GILGFVFTL,10x,5,0.49827617,0.0
504,GILGFVFTL,10x,5,0.52727354,0.0
5902,GILGFVFTL,positive,5,0.55035406,1.0
3998,GILGFVFTL,swapped_2944,5,0.49419597,0.0
5614,GILGFVFTL,swapped_4439,5,0.47408485,0.0
320,GILGFVFTL,positive,5,0.5185516,1.0
217,GILGFVFTL,positive,5,0.63778245,1.0
980,NLVPMVATV,10x,5,0.51512694,0.0
3056,GILGFVFTL,positive,5,0.2326888,1.0
918,GILGFVFTL,10x,5,0.46995118,0.0
2958,GLCTLVAML,positive,5,0.60704666,1.0
3641,GILGFVFTL,10x,5,0.5360794,0.0
4771,GILGFVFTL,10x,5,0.45774943,0.0
4908,GLCTLVAML,10x,5,0.09306247,0.0
6281,NLVPMVATV,10x,5,0.032400746,0.0
5116,GILGFVFTL,10x,5,0.48908865,0.0
1727,GILGFVFTL,positive,5,0.5716295,1.0
3345,GLCTLVAML,10x,5,0.012069383,0.0
6177,GILGFVFTL,10x,5,0.5027957,0.0
1001,GILGFVFTL,10x,5,0.46883795,0.0
2505,NLVPMVATV,swapped_1690,5,0.5201808,0.0
6802,MLDLQPETT,swapped_5979,5,1.4995461e-05,0.0
588,NLVPMVATV,10x,5,0.595895,0.0
3956,NLVPMVATV,swapped_3028,5,0.060368903,0.0
1679,GILGFVFTL,positive,5,0.48853242,1.0
6481,LLFGYPVYV,10x,5,0.5951604,0.0
1862,GILGFVFTL,10x,5,0.5126747,0.0
3965,GILGFVFTL,swapped_2958,5,0.5202518,0.0
5439,RMFPNAPYL,swapped_4365,5,0.2781364,0.0
6166,GILGFVFTL,10x,5,0.50847435,0.0
2588,GILGFVFTL,swapped_1739,5,0.8403253,0.0
5937,GILGFVFTL,positive,5,0.5236656,1.0
1720,GILGFVFTL,positive,5,0.6838423,1.0
4040,GLCTLVAML,swapped_2794,5,9.5744945e-05,0.0
451,GILGFVFTL,10x,5,0.47839126,0.0
4780,GILGFVFTL,10x,5,0.5625921,0.0
5040,GLCTLVAML,10x,5,0.23012203,0.0
480,GILGFVFTL,10x,5,0.51720506,0.0
6082,GILGFVFTL,10x,5,0.47310826,0.0
5636,GLCTLVAML,swapped_4315,5,0.00037033716,0.0
2793,GILGFVFTL,positive,5,0.526969,1.0
2549,GILGFVFTL,swapped_1770,5,0.478664,0.0
2761,GILGFVFTL,positive,5,0.591665,1.0
2882,GILGFVFTL,positive,5,0.3546768,1.0
1364,GLCTLVAML,swapped_111,5,1.3820017e-05,0.0
6668,GLCTLVAML,swapped_5862,5,0.70436126,0.0
2892,GILGFVFTL,positive,5,0.54822826,1.0
4143,LLFGYPVYV,swapped_2828,5,0.50060713,0.0
1091,GILGFVFTL,10x,5,0.3961485,0.0
1992,GILGFVFTL,10x,5,0.45396933,0.0
6764,FLYALALLL,swapped_5860,5,4.982422e-05,0.0
3495,GLCTLVAML,10x,5,0.030672058,0.0
6423,NLVPMVATV,10x,5,0.60132927,0.0
5792,NLVPMVATV,positive,5,0.46316543,1.0
5128,CLGGLLTMV,10x,5,0.52448505,0.0
6889,YLLEMLWRL,swapped_5969,5,0.39580947,0.0
317,GILGFVFTL,positive,5,0.4378462,1.0
4219,GILGFVFTL,positive,5,0.56959313,1.0
5112,GILGFVFTL,10x,5,0.51160413,0.0
6127,GILGFVFTL,10x,5,0.5251882,0.0
3569,GILGFVFTL,10x,5,0.4863444,0.0
4874,GILGFVFTL,10x,5,0.50776875,0.0
308,GILGFVFTL,positive,5,0.6309529,1.0
5436,IMDQVPFSV,swapped_4374,5,1.6578408e-05,0.0
1552,GLCTLVAML,positive,5,0.6372834,1.0
4019,NLVPMVATV,swapped_2830,5,0.25354308,0.0
4670,GILGFVFTL,10x,5,0.3452018,0.0
3920,NLVPMVATV,swapped_3056,5,5.7988156e-05,0.0
3312,GILGFVFTL,10x,5,0.45878115,0.0
1416,LLFGYPVYV,swapped_19,5,0.06365673,0.0
3719,GILGFVFTL,10x,5,0.50619155,0.0
1075,GILGFVFTL,10x,5,0.4972925,0.0
2895,GILGFVFTL,positive,5,0.46113682,1.0
3098,GILGFVFTL,10x,5,0.52011836,0.0
362,GILGFVFTL,positive,5,0.51401776,1.0
2460,NLVPMVATV,swapped_1776,5,0.15795621,0.0
6510,GLCTLVAML,10x,5,4.7773727e-05,0.0
2297,GILGFVFTL,10x,5,0.47524303,0.0
3626,RMFPNAPYL,10x,5,0.53247786,0.0
854,GLCTLVAML,10x,5,0.6558908,0.0
132,FLYALALLL,positive,5,0.21721119,1.0
1547,GLCTLVAML,positive,5,0.947723,1.0
3732,GILGFVFTL,10x,5,0.47694516,0.0
3665,GILGFVFTL,10x,5,0.46927342,0.0
4365,GILGFVFTL,positive,5,0.48789307,1.0
6083,GILGFVFTL,10x,5,0.5197593,0.0
4849,GILGFVFTL,10x,5,0.5156806,0.0
4463,GILGFVFTL,positive,5,0.59880286,1.0
3717,GILGFVFTL,10x,5,0.49518195,0.0
5231,GLCTLVAML,10x,5,0.8683337,0.0
3303,GILGFVFTL,10x,5,0.4883246,0.0
5424,NLVPMVATV,swapped_4267,5,2.839052e-06,0.0
4841,GILGFVFTL,10x,5,0.5127113,0.0
3594,GILGFVFTL,10x,5,0.54255164,0.0
2508,MLDLQPETT,swapped_1596,5,0.5641106,0.0
6612,GLCTLVAML,swapped_5875,5,5.8876296e-05,0.0
1118,GILGFVFTL,10x,5,0.5110641,0.0
2032,GILGFVFTL,10x,5,0.5329509,0.0
4243,GILGFVFTL,positive,5,0.4820244,1.0
684,GLCTLVAML,10x,5,0.37008327,0.0
1127,GILGFVFTL,10x,5,0.5876343,0.0
6160,GILGFVFTL,10x,5,0.45852607,0.0
187,GILGFVFTL,positive,5,0.16170283,1.0
1503,FLYALALLL,swapped_33,5,0.97671574,0.0
5740,GLCTLVAML,positive,5,0.4893922,1.0
3918,GLCTLVAML,swapped_2790,5,6.171437e-05,0.0
3576,GILGFVFTL,10x,5,0.48404834,0.0
2070,GILGFVFTL,10x,5,0.4928342,0.0
2317,GILGFVFTL,10x,5,0.5068989,0.0
3101,GILGFVFTL,10x,5,0.49934772,0.0
4905,GILGFVFTL,10x,5,0.50134325,0.0
2781,GILGFVFTL,positive,5,0.5705015,1.0
6594,GLCTLVAML,10x,5,0.50462496,0.0
5748,GILGFVFTL,positive,5,0.43152946,1.0
4716,GLCTLVAML,10x,5,0.20431137,0.0
6436,GILGFVFTL,10x,5,0.5587162,0.0
2676,GILGFVFTL,swapped_1737,5,0.8265715,0.0
934,GILGFVFTL,10x,5,0.51440436,0.0
4063,NLVPMVATV,swapped_2901,5,0.51256144,0.0
4634,GILGFVFTL,10x,5,0.5435277,0.0
4315,GILGFVFTL,positive,5,0.34880498,1.0
6363,GILGFVFTL,10x,5,0.5317988,0.0
1153,NLVPMVATV,swapped_133,5,0.00025420848,0.0
3524,GILGFVFTL,10x,5,0.48562732,0.0
4178,GILGFVFTL,positive,5,0.58237195,1.0
2790,GILGFVFTL,positive,5,0.49284697,1.0
6336,GLCTLVAML,10x,5,0.15511529,0.0
6120,GLCTLVAML,10x,5,0.6365914,0.0
242,GILGFVFTL,positive,5,0.520206,1.0
6236,NLVPMVATV,10x,5,0.52452177,0.0
2662,YLLEMLWRL,swapped_1554,5,0.0001952643,0.0
5465,NLVPMVATV,swapped_4328,5,0.044542708,0.0
3420,GLCTLVAML,10x,5,0.25647938,0.0
1465,GLCTLVAML,swapped_35,5,0.004638503,0.0
2900,GILGFVFTL,positive,5,0.53592914,1.0
4236,GLCTLVAML,positive,5,0.03331071,1.0
861,GILGFVFTL,10x,5,0.49336916,0.0
4228,GILGFVFTL,positive,5,0.52260864,1.0
6773,NLVPMVATV,swapped_5871,5,4.4325484e-06,0.0
3636,IMDQVPFSV,10x,5,0.38882363,0.0
6001,GLCTLVAML,positive,5,0.82928365,1.0
1354,GILGFVFTL,swapped_166,5,0.49080688,0.0
4976,GILGFVFTL,10x,5,0.6689506,0.0
1902,GILGFVFTL,10x,5,0.48814642,0.0
2699,GLCTLVAML,positive,5,0.96050864,1.0
3150,GLCTLVAML,10x,5,0.00077103276,0.0
5186,LLFGYPVYV,10x,5,0.6195307,0.0
3486,GILGFVFTL,10x,5,0.5318927,0.0
1677,GILGFVFTL,positive,5,0.4852477,1.0
3606,GILGFVFTL,10x,5,0.5456122,0.0
3219,GILGFVFTL,10x,5,0.52173793,0.0
1519,FLYALALLL,swapped_203,5,0.6090619,0.0
1349,RTLNAWVKV,swapped_121,5,0.48408622,0.0
5042,GILGFVFTL,10x,5,0.45938247,0.0
5013,GILGFVFTL,10x,5,0.5110449,0.0
4257,GILGFVFTL,positive,5,0.57930446,1.0
5629,GLCTLVAML,swapped_4536,5,0.6916314,0.0
349,GILGFVFTL,positive,5,0.55692744,1.0
6040,GILGFVFTL,10x,5,0.4381865,0.0
3779,GILGFVFTL,10x,5,0.5015563,0.0
1297,GILGFVFTL,swapped_330,5,0.52731746,0.0
2509,GILGFVFTL,swapped_1736,5,0.61877245,0.0
4580,GILGFVFTL,10x,5,0.4991554,0.0
3489,GILGFVFTL,10x,5,0.4724488,0.0
6013,NLVPMVATV,10x,5,0.14145906,0.0
1370,KVAELVHFL,swapped_323,5,0.5414582,0.0
263,GILGFVFTL,positive,5,0.5547465,1.0
1490,GILGFVFTL,swapped_169,5,0.5924295,0.0
1625,GILGFVFTL,positive,5,0.5972673,1.0
2923,GILGFVFTL,positive,5,0.4748724,1.0
3884,NLVPMVATV,swapped_2992,5,7.028462e-05,0.0
3118,GLCTLVAML,10x,5,0.52653736,0.0
323,GILGFVFTL,positive,5,0.49085605,1.0
4274,KTWGQYWQV,positive,5,0.5342609,1.0
5825,GILGFVFTL,positive,5,0.49284747,1.0
6247,GILGFVFTL,10x,5,0.58492297,0.0
289,GILGFVFTL,positive,5,0.4267972,1.0
1381,NLVPMVATV,swapped_289,5,8.9626765e-06,0.0
5624,GLCTLVAML,swapped_4290,5,0.88810045,0.0
3560,GILGFVFTL,10x,5,0.47904068,0.0
21,GILGFVFTL,positive,5,0.4367374,1.0
667,LLFGYPVYV,10x,5,0.49518675,0.0
6443,GILGFVFTL,10x,5,0.47063017,0.0
2591,LLFGYPVYV,swapped_1564,5,0.85309774,0.0
210,GLCTLVAML,positive,5,0.042659488,1.0
6243,GILGFVFTL,10x,5,0.48605087,0.0
3533,GILGFVFTL,10x,5,0.48002788,0.0
3346,GLCTLVAML,10x,5,0.5854628,0.0
3272,GILGFVFTL,10x,5,0.506848,0.0
6368,NLVPMVATV,10x,5,0.4388751,0.0
5401,NLVPMVATV,swapped_4413,5,1.4244175e-06,0.0
3826,GLCTLVAML,swapped_2701,5,1.3112392e-06,0.0
6360,GILGFVFTL,10x,5,0.51531696,0.0
2763,GILGFVFTL,positive,5,0.5830975,1.0
167,GILGFVFTL,positive,5,0.49823794,1.0
3390,GILGFVFTL,10x,5,0.58545804,0.0
4312,GILGFVFTL,positive,5,0.59593093,1.0
915,GILGFVFTL,10x,5,0.49362394,0.0
418,GLCTLVAML,10x,5,0.5775849,0.0
6531,GILGFVFTL,10x,5,0.48911032,0.0
5598,SLLMWITQV,swapped_4214,5,3.7076456e-06,0.0
3115,NLVPMVATV,10x,5,0.09431493,0.0
4451,IMDQVPFSV,positive,5,0.49106184,1.0
6853,GLCTLVAML,swapped_5906,5,0.021768628,0.0
2912,FLYALALLL,positive,5,0.6074582,1.0
2469,MLDLQPETT,swapped_1726,5,0.061253738,0.0
6611,FLYALALLL,swapped_5974,5,0.38761547,0.0
4252,GILGFVFTL,positive,5,0.5624072,1.0
1966,GILGFVFTL,10x,5,0.57416826,0.0
1964,GILGFVFTL,10x,5,0.5545878,0.0
709,GILGFVFTL,10x,5,0.52876663,0.0
5878,LLFGYPVYV,positive,5,0.667871,1.0
3798,GILGFVFTL,10x,5,0.46358195,0.0
5105,GILGFVFTL,10x,5,0.51107264,0.0
4613,GILGFVFTL,10x,5,0.5033213,0.0
6156,GILGFVFTL,10x,5,0.5241736,0.0
5508,NLVPMVATV,swapped_4375,5,3.5498415e-06,0.0
3870,LLFGYPVYV,swapped_2916,5,9.090482e-06,0.0
6302,NLVPMVATV,10x,5,0.027842076,0.0
3181,GILGFVFTL,10x,5,0.4919821,0.0
19,GILGFVFTL,positive,5,0.73795635,1.0
3973,LLFGYPVYV,swapped_2792,5,5.1139336e-06,0.0
5686,RMFPNAPYL,swapped_4295,5,1.8985633e-05,0.0
6237,GLCTLVAML,10x,5,0.52239823,0.0
1671,GILGFVFTL,positive,5,0.3151434,1.0
5862,GILGFVFTL,positive,5,0.528105,1.0
268,GILGFVFTL,positive,5,0.35373557,1.0
1276,GLCTLVAML,swapped_155,5,6.6367083e-06,0.0
2059,GILGFVFTL,10x,5,0.514039,0.0
6004,GILGFVFTL,positive,5,0.5929551,1.0
2828,FLYALALLL,positive,5,0.6654323,1.0
2053,GILGFVFTL,10x,5,0.5004412,0.0
312,GILGFVFTL,positive,5,0.56026685,1.0
4719,GILGFVFTL,10x,5,0.48383158,0.0
3911,GLCTLVAML,swapped_2979,5,1.5494495e-06,0.0
1600,GILGFVFTL,positive,5,0.53071165,1.0
2512,NLVPMVATV,swapped_1766,5,1.5195534e-05,0.0
4887,GILGFVFTL,10x,5,0.5336453,0.0
5241,GILGFVFTL,10x,5,0.5508236,0.0
1919,GILGFVFTL,10x,5,0.5366189,0.0
3294,GILGFVFTL,10x,5,0.45206273,0.0
4644,GILGFVFTL,10x,5,0.4982841,0.0
3169,GILGFVFTL,10x,5,0.46230075,0.0
3983,KVLEYVIKV,swapped_2888,5,0.57902056,0.0
2482,GLCTLVAML,swapped_1624,5,0.08782218,0.0
4031,FLYALALLL,swapped_2943,5,4.944472e-07,0.0
645,YLLEMLWRL,10x,5,0.20243774,0.0
539,GILGFVFTL,10x,5,0.47062573,0.0
2066,GILGFVFTL,10x,5,0.5487143,0.0
171,MLDLQPETT,positive,5,0.7323517,1.0
4627,GILGFVFTL,10x,5,0.47973862,0.0
2088,GILGFVFTL,10x,5,0.5024476,0.0
4424,GILGFVFTL,positive,5,0.4946937,1.0
3255,GILGFVFTL,10x,5,0.50350314,0.0
4584,YLLEMLWRL,10x,5,0.43238452,0.0
3760,NLVPMVATV,10x,5,0.8612062,0.0
2551,GILGFVFTL,swapped_1777,5,0.4833626,0.0
92,GILGFVFTL,positive,5,0.50947607,1.0
3222,GILGFVFTL,10x,5,0.55620605,0.0
4818,NLVPMVATV,10x,5,0.6325126,0.0
4119,GLCTLVAML,swapped_2781,5,1.8616083e-06,0.0
339,GLCTLVAML,positive,5,0.96681947,1.0
107,GILGFVFTL,positive,5,0.4003003,1.0
1099,GILGFVFTL,10x,5,0.48176453,0.0
2486,GLCTLVAML,swapped_1702,5,2.2973757e-06,0.0
4737,GILGFVFTL,10x,5,0.51052684,0.0
3332,GILGFVFTL,10x,5,0.4561895,0.0
3286,NLVPMVATV,10x,5,0.46886718,0.0
890,GILGFVFTL,10x,5,0.47874194,0.0
6339,GILGFVFTL,10x,5,0.5303782,0.0
4891,GILGFVFTL,10x,5,0.5467733,0.0
6104,GILGFVFTL,10x,5,0.39412028,0.0
2446,GILGFVFTL,swapped_1552,5,0.5321205,0.0
3409,GILGFVFTL,10x,5,0.51655877,0.0
3848,GLCTLVAML,swapped_2973,5,5.6724402e-06,0.0
3308,GILGFVFTL,10x,5,0.50428134,0.0
1348,NLVPMVATV,swapped_141,5,3.3189845e-05,0.0
121,GILGFVFTL,positive,5,0.47337958,1.0
5639,NLVPMVATV,swapped_4281,5,0.00013587117,0.0
1453,GLCTLVAML,swapped_100,5,0.1043211,0.0
6865,GILGFVFTL,swapped_5776,5,0.6561606,0.0
4168,GILGFVFTL,swapped_2897,5,0.4822004,0.0
41,GILGFVFTL,positive,5,0.30327126,1.0
5192,GILGFVFTL,10x,5,0.48536378,0.0
741,GILGFVFTL,10x,5,0.5305527,0.0
4367,GLCTLVAML,positive,5,0.43075806,1.0
2831,GILGFVFTL,positive,5,0.52323246,1.0
3741,GLCTLVAML,10x,5,0.00013724061,0.0
2731,GILGFVFTL,positive,5,0.60706097,1.0
2329,NLVPMVATV,10x,5,0.034625564,0.0
6576,FLYALALLL,10x,5,0.072238974,0.0
6854,GLCTLVAML,swapped_5935,5,0.0007542224,0.0
3837,NLVPMVATV,swapped_2974,5,0.00046250768,0.0
4215,GILGFVFTL,positive,5,0.4339193,1.0
330,LLFGYPVYV,positive,5,0.53263366,1.0
5906,GILGFVFTL,positive,5,0.58804566,1.0
3706,GILGFVFTL,10x,5,0.5635869,0.0
3892,GLCTLVAML,swapped_2793,5,5.9906033e-06,0.0
1345,GLCTLVAML,swapped_365,5,0.011569421,0.0
5532,GLCTLVAML,swapped_4509,5,0.44852418,0.0
6169,GILGFVFTL,10x,5,0.52872694,0.0
6076,RMFPNAPYL,10x,5,0.27777928,0.0
2001,NLVPMVATV,10x,5,0.6417967,0.0
5588,GILGFVFTL,swapped_4427,5,0.49599507,0.0
4439,GLCTLVAML,positive,5,0.6171515,1.0
5347,GILGFVFTL,swapped_4236,5,0.6319214,0.0
4078,RTLNAWVKV,swapped_2852,5,0.9160122,0.0
4121,NLVPMVATV,swapped_2763,5,2.2256675e-06,0.0
5080,GILGFVFTL,10x,5,0.5313403,0.0
669,GILGFVFTL,10x,5,0.5114139,0.0
4048,KTWGQYWQV,swapped_2788,5,2.0454389e-05,0.0
6808,NLVPMVATV,swapped_5945,5,0.13979451,0.0
1371,LLFGYPVYV,swapped_38,5,0.50665545,0.0
5597,GILGFVFTL,swapped_4464,5,0.49075526,0.0
3829,LLFGYPVYV,swapped_3051,5,5.365271e-05,0.0
4139,GILGFVFTL,swapped_3041,5,0.5429536,0.0
4911,LLFGYPVYV,10x,5,0.33923954,0.0
2274,GILGFVFTL,10x,5,0.6069148,0.0
5990,GILGFVFTL,positive,5,0.49681395,1.0
4316,GILGFVFTL,positive,5,0.4725698,1.0
3278,GLCTLVAML,10x,5,0.36712784,0.0
3231,RTLNAWVKV,10x,5,0.49646488,0.0
887,GLCTLVAML,10x,5,0.21549112,0.0
1807,FLYALALLL,positive,5,0.6859859,1.0
3135,GILGFVFTL,10x,5,0.5212022,0.0
5717,GILGFVFTL,positive,5,0.5088901,1.0
876,GLCTLVAML,10x,5,0.8043249,0.0
3436,GILGFVFTL,10x,5,0.50014824,0.0
38,GILGFVFTL,positive,5,0.49888444,1.0
471,GILGFVFTL,10x,5,0.5015732,0.0
3008,GLCTLVAML,positive,5,0.6670424,1.0
4396,NLVPMVATV,positive,5,0.099783994,1.0
3122,GILGFVFTL,10x,5,0.57879287,0.0
5882,SLLMWITQV,positive,5,0.0008575656,1.0
1624,GILGFVFTL,positive,5,0.5566893,1.0
4185,GILGFVFTL,positive,5,0.6581377,1.0
2811,GILGFVFTL,positive,5,0.51921374,1.0
4165,NLVPMVATV,swapped_2823,5,3.0996998e-06,0.0
6635,GILGFVFTL,swapped_5740,5,0.49680075,0.0
689,GLCTLVAML,10x,5,0.658876,0.0
6657,NLVPMVATV,swapped_5981,5,0.35068318,0.0
4290,LLFGYPVYV,positive,5,0.78968364,1.0
4587,GILGFVFTL,10x,5,0.57406825,0.0
2948,NLVPMVATV,positive,5,0.52873814,1.0
6274,GILGFVFTL,10x,5,0.5041829,0.0
1872,GILGFVFTL,10x,5,0.5281589,0.0
1922,GILGFVFTL,10x,5,0.5682441,0.0
2328,GILGFVFTL,10x,5,0.57795525,0.0
830,GILGFVFTL,10x,5,0.49374563,0.0
2529,GLCTLVAML,swapped_1773,5,0.045092322,0.0
6898,GLCTLVAML,swapped_5731,5,0.00017615478,0.0
5790,FLYALALLL,positive,5,0.62188214,1.0
5543,RTLNAWVKV,swapped_4257,5,0.36656204,0.0
4240,GILGFVFTL,positive,5,0.456192,1.0
4944,GILGFVFTL,10x,5,0.4933755,0.0
86,GILGFVFTL,positive,5,0.48596442,1.0
5667,GLCTLVAML,swapped_4396,5,0.099525504,0.0
3106,NLVPMVATV,10x,5,0.039598,0.0
6801,GILGFVFTL,swapped_5882,5,0.43317074,0.0
3901,MLDLQPETT,swapped_2832,5,8.3735285e-06,0.0
1006,GILGFVFTL,10x,5,0.4680422,0.0
1310,FLYALALLL,swapped_283,5,1.6123704e-05,0.0
151,GILGFVFTL,positive,5,0.16587922,1.0
2789,GILGFVFTL,positive,5,0.53993547,1.0
1766,GILGFVFTL,positive,5,0.39884892,1.0
49,GLCTLVAML,positive,5,0.44305432,1.0
1749,GILGFVFTL,positive,5,0.56557155,1.0
3250,GLCTLVAML,10x,5,0.08364434,0.0
2916,GILGFVFTL,positive,5,0.5006981,1.0
1389,GILGFVFTL,swapped_18,5,0.81264716,0.0
443,KTWGQYWQV,10x,5,0.52694917,0.0
4413,GILGFVFTL,positive,5,0.4489613,1.0
235,GILGFVFTL,positive,5,0.524742,1.0
6257,GILGFVFTL,10x,5,0.5324323,0.0
975,GILGFVFTL,10x,5,0.5090994,0.0
186,FLYALALLL,positive,5,0.60606873,1.0
2973,GILGFVFTL,positive,5,0.56119794,1.0
6079,GILGFVFTL,10x,5,0.4973201,0.0
3240,GILGFVFTL,10x,5,0.44571373,0.0
3075,GILGFVFTL,10x,5,0.48410007,0.0
1991,GILGFVFTL,10x,5,0.5533716,0.0
4238,SLLMWITQV,positive,5,0.33918768,1.0
234,FLYALALLL,positive,5,0.7380602,1.0
4721,GILGFVFTL,10x,5,0.49517575,0.0
3992,NLVPMVATV,swapped_2739,5,2.0504658e-05,0.0
5292,GILGFVFTL,10x,5,0.49779132,0.0
6687,GILGFVFTL,swapped_5930,5,0.6628563,0.0
4364,GILGFVFTL,positive,5,0.5059042,1.0
3347,GILGFVFTL,10x,5,0.51563853,0.0
763,GILGFVFTL,10x,5,0.55126685,0.0
6664,NLVPMVATV,swapped_5720,5,0.524771,0.0
5732,GILGFVFTL,positive,5,0.4925946,1.0
3756,GILGFVFTL,10x,5,0.34435025,0.0
5965,GILGFVFTL,positive,5,0.47567928,1.0
5217,GILGFVFTL,10x,5,0.48494187,0.0
1514,LLFGYPVYV,swapped_229,5,8.7066524e-05,0.0
6387,NLVPMVATV,10x,5,0.78488785,0.0
646,GILGFVFTL,10x,5,0.73268956,0.0
6178,NLVPMVATV,10x,5,0.9270729,0.0
594,FLYALALLL,10x,5,0.7161543,0.0
5032,GILGFVFTL,10x,5,0.49162194,0.0
3579,LLFGYPVYV,10x,5,0.27413738,0.0
3376,GILGFVFTL,10x,5,0.53002065,0.0
4174,GLCTLVAML,positive,5,0.68760675,1.0
5666,NLVPMVATV,swapped_4311,5,0.28102365,0.0
155,GILGFVFTL,positive,5,0.56094664,1.0
1399,GLCTLVAML,swapped_151,5,1.4948742e-05,0.0
1690,GLCTLVAML,positive,5,0.5250601,1.0
1999,GILGFVFTL,10x,5,0.4827168,0.0
3743,GILGFVFTL,10x,5,0.5283807,0.0
4538,GILGFVFTL,positive,5,0.46117726,1.0
5760,GILGFVFTL,positive,5,0.57550657,1.0
6700,GLCTLVAML,swapped_5965,5,1.2728519e-06,0.0
4375,GILGFVFTL,positive,5,0.5182369,1.0
2897,GLCTLVAML,positive,5,0.43794525,1.0
485,GILGFVFTL,10x,5,0.49353358,0.0
4830,GLCTLVAML,10x,5,0.566024,0.0
1121,NLVPMVATV,10x,5,0.27310157,0.0
2045,GILGFVFTL,10x,5,0.4656533,0.0
6709,GILGFVFTL,swapped_5755,5,0.49334514,0.0
3039,GILGFVFTL,positive,5,0.22544383,1.0
1596,GILGFVFTL,positive,5,0.4776796,1.0
1226,NLVPMVATV,swapped_160,5,1.4436702e-05,0.0
6632,NLVPMVATV,swapped_5795,5,1.2950239e-06,0.0
4115,NLVPMVATV,swapped_2827,5,0.6616298,0.0
2979,GILGFVFTL,positive,5,0.50787693,1.0
4153,GLCTLVAML,swapped_2783,5,0.00019269454,0.0
5293,GILGFVFTL,10x,5,0.51272696,0.0
578,GLCTLVAML,10x,5,0.66281384,0.0
2592,RTLNAWVKV,swapped_1713,5,0.14665131,0.0
1115,GILGFVFTL,10x,5,0.51065606,0.0
5650,NLVPMVATV,swapped_4499,5,2.7653336e-06,0.0
4003,GLCTLVAML,swapped_2884,5,0.37335277,0.0
3622,GILGFVFTL,10x,5,0.57396173,0.0
2273,NLVPMVATV,10x,5,0.38092792,0.0
5306,GILGFVFTL,10x,5,0.50229293,0.0
2257,GILGFVFTL,10x,5,0.47561833,0.0
2492,KTWGQYWQV,swapped_1709,5,0.00025097662,0.0
1420,GILGFVFTL,swapped_171,5,0.52037466,0.0
5903,GILGFVFTL,positive,5,0.36618325,1.0
463,GILGFVFTL,10x,5,0.528657,0.0
5697,GLCTLVAML,swapped_4538,5,0.5446109,0.0
3624,IMDQVPFSV,10x,5,0.54415554,0.0
5969,GILGFVFTL,positive,5,0.58385223,1.0
5151,GILGFVFTL,10x,5,0.51771945,0.0
4043,GLCTLVAML,swapped_2892,5,0.7636961,0.0
272,GILGFVFTL,positive,5,0.4964154,1.0
2739,GILGFVFTL,positive,5,0.6184809,1.0
6660,GILGFVFTL,swapped_5790,5,0.5218878,0.0
6221,FLYALALLL,10x,5,0.71747535,0.0
3948,GILGFVFTL,swapped_2699,5,0.7986688,0.0
5456,NLVPMVATV,swapped_4180,5,4.6891787e-06,0.0
991,GLCTLVAML,swapped_73,5,0.20694123,0.0
6518,GILGFVFTL,10x,5,0.5220263,0.0
4824,GILGFVFTL,10x,5,0.52609545,0.0
6721,GLCTLVAML,swapped_5809,5,0.2300813,0.0
73,KVLEYVIKV,positive,5,0.22292706,1.0
5215,MLDLQPETT,10x,5,0.61053956,0.0
2072,NLVPMVATV,10x,5,0.29846454,0.0
352,GILGFVFTL,positive,5,0.5577168,1.0
3591,NLVPMVATV,10x,5,0.65088606,0.0
3538,GILGFVFTL,10x,5,0.4893708,0.0
3410,GLCTLVAML,10x,5,0.053768992,0.0
6418,GILGFVFTL,10x,5,0.5242174,0.0
556,GILGFVFTL,10x,5,0.5168298,0.0
5418,NLVPMVATV,swapped_4521,5,6.229037e-05,0.0
5182,GILGFVFTL,10x,5,0.47988212,0.0
6719,GILGFVFTL,swapped_5878,5,0.5405761,0.0
2670,GLCTLVAML,swapped_1623,5,1.27568155e-05,0.0
2393,GILGFVFTL,10x,5,0.4792799,0.0
2282,GLCTLVAML,10x,5,0.6488742,0.0
6291,GILGFVFTL,10x,5,0.5625008,0.0
2830,GILGFVFTL,positive,5,0.46604526,1.0
1820,GILGFVFTL,10x,5,0.5012509,0.0
1014,GILGFVFTL,10x,5,0.49497965,0.0
2296,GLCTLVAML,10x,5,0.0077193226,0.0
1078,SLLMWITQV,10x,5,0.5323244,0.0
5674,GILGFVFTL,swapped_4451,5,0.4834432,0.0
1311,NLVPMVATV,swapped_119,5,1.5928978e-05,0.0
1347,LLFGYPVYV,swapped_256,5,2.1397676e-05,0.0
1491,GILGFVFTL,swapped_73,5,0.51120603,0.0
6216,GILGFVFTL,10x,5,0.49318254,0.0
4873,NLVPMVATV,10x,5,0.4672136,0.0
1039,NLVPMVATV,10x,5,5.4550666e-05,0.0
3657,GILGFVFTL,10x,5,0.5017645,0.0
1960,GILGFVFTL,10x,5,0.5867657,0.0
6183,GLCTLVAML,10x,5,0.0024635342,0.0
6316,GILGFVFTL,10x,5,0.5761436,0.0
3873,MLDLQPETT,swapped_3047,5,0.20842658,0.0
5197,GILGFVFTL,10x,5,0.5009426,0.0
3252,GLCTLVAML,10x,5,0.17824182,0.0
5061,NLVPMVATV,10x,5,0.010742822,0.0
2578,GILGFVFTL,swapped_1675,5,0.5030355,0.0
1714,NLVPMVATV,positive,5,0.8437843,1.0
5028,GILGFVFTL,10x,5,0.5222957,0.0
3055,GILGFVFTL,positive,5,0.5883003,1.0
2026,GILGFVFTL,10x,5,0.49524066,0.0
3044,GILGFVFTL,positive,5,0.4340925,1.0
2524,GILGFVFTL,swapped_1723,5,0.367417,0.0
2051,NLVPMVATV,10x,5,0.6406994,0.0
3824,GLCTLVAML,swapped_2999,5,1.5626028e-05,0.0
3586,GLCTLVAML,10x,5,0.71224517,0.0
2173,GILGFVFTL,10x,5,0.5353816,0.0
379,GILGFVFTL,positive,5,0.53462946,1.0
1590,GILGFVFTL,positive,5,0.6420279,1.0
3823,GLCTLVAML,swapped_2731,5,6.3810253e-06,0.0
537,GILGFVFTL,10x,5,0.5912579,0.0
690,SLFNTVATL,10x,5,0.50861883,0.0
3671,GILGFVFTL,10x,5,0.47917554,0.0
2467,GLCTLVAML,swapped_1742,5,4.8327483e-06,0.0
2160,FLYALALLL,10x,5,0.013475759,0.0
1629,GILGFVFTL,positive,5,0.26887465,1.0
4186,GILGFVFTL,positive,5,0.5268605,1.0
3361,GLCTLVAML,10x,5,0.41739345,0.0
4170,NLVPMVATV,swapped_2900,5,0.1240701,0.0
406,GILGFVFTL,10x,5,0.48542055,0.0
3210,GILGFVFTL,10x,5,0.52105176,0.0
1056,GLCTLVAML,10x,5,0.281646,0.0
6338,GILGFVFTL,10x,5,0.46887192,0.0
1324,MLDLQPETT,swapped_379,5,3.8110957e-05,0.0
1208,GLCTLVAML,swapped_217,5,0.2793122,0.0
3280,NLVPMVATV,10x,5,0.6153863,0.0
5809,GILGFVFTL,positive,5,0.58067983,1.0
1403,GLCTLVAML,swapped_235,5,2.5597537e-06,0.0
2807,GILGFVFTL,positive,5,0.52455854,1.0
1970,GILGFVFTL,10x,5,0.43876296,0.0
4546,GILGFVFTL,positive,5,0.5493491,1.0
4321,GILGFVFTL,positive,5,0.49216408,1.0
1498,NLVPMVATV,swapped_60,5,4.6269386e-05,0.0
6201,GILGFVFTL,10x,5,0.54895127,0.0
4015,NLVPMVATV,swapped_2898,5,0.94998235,0.0
6882,NLVPMVATV,swapped_5722,5,3.4496964e-06,0.0
1145,GLCTLVAML,swapped_336,5,2.0307034e-06,0.0
1205,GLCTLVAML,swapped_369,5,0.00010734864,0.0
2247,GILGFVFTL,10x,5,0.48441,0.0
3140,GLCTLVAML,10x,5,0.45688254,0.0
2851,GILGFVFTL,positive,5,0.2938398,1.0
1214,NLVPMVATV,swapped_241,5,3.8048763e-06,0.0
4311,GILGFVFTL,positive,5,0.48683992,1.0
2468,NLVPMVATV,swapped_1627,5,3.0777783e-06,0.0
4163,NLVPMVATV,swapped_2801,5,2.6382513e-05,0.0
6124,GILGFVFTL,10x,5,0.4889203,0.0
4882,GILGFVFTL,10x,5,0.49486288,0.0
1726,GILGFVFTL,positive,5,0.48497486,1.0
1258,NLVPMVATV,swapped_92,5,0.00019418908,0.0
1147,GILGFVFTL,swapped_22,5,0.5022918,0.0
5656,FLYALALLL,swapped_4360,5,0.0021920654,0.0
2398,RMFPNAPYL,10x,5,0.54018295,0.0
6465,GLCTLVAML,10x,5,0.13665284,0.0
3678,GILGFVFTL,10x,5,0.50239545,0.0
6692,NLVPMVATV,swapped_5903,5,1.636136e-05,0.0
6790,KTWGQYWQV,swapped_5792,5,0.40397513,0.0
685,GILGFVFTL,10x,5,0.5176709,0.0
6039,GILGFVFTL,10x,5,0.531854,0.0
5176,GILGFVFTL,10x,5,0.5251579,0.0
2794,GILGFVFTL,positive,5,0.2875288,1.0
785,GLCTLVAML,10x,5,0.068132006,0.0
4090,GLCTLVAML,swapped_3019,5,3.7787102e-06,0.0
5389,NLVPMVATV,swapped_4222,5,2.5844029e-06,0.0
1243,RTLNAWVKV,swapped_320,5,2.4916568e-05,0.0
3195,GILGFVFTL,10x,5,0.52010864,0.0
5363,GLCTLVAML,swapped_4312,5,1.5959768e-05,0.0
5223,GILGFVFTL,10x,5,0.5197017,0.0
6068,GLCTLVAML,10x,5,0.13229994,0.0
5481,GLCTLVAML,swapped_4485,5,0.81883824,0.0
3812,GLCTLVAML,swapped_3039,5,9.0338086e-05,0.0
5870,GILGFVFTL,positive,5,0.65782106,1.0
2533,GILGFVFTL,swapped_1689,5,0.5016228,0.0
6303,GILGFVFTL,10x,5,0.49605432,0.0
2691,NLVPMVATV,swapped_1600,5,0.71474427,0.0
5631,FLYALALLL,swapped_4555,5,0.47636688,0.0
3796,GILGFVFTL,10x,5,0.5365338,0.0
4699,GLCTLVAML,10x,5,0.7883052,0.0
2693,GILGFVFTL,swapped_1759,5,0.49934068,0.0
4056,RMFPNAPYL,swapped_2853,5,5.6334273e-05,0.0
5441,FLYALALLL,swapped_4424,5,7.480327e-05,0.0
6819,NLVPMVATV,swapped_5937,5,2.2727315e-06,0.0
392,GILGFVFTL,10x,5,0.4772816,0.0
2701,GILGFVFTL,positive,5,0.29532138,1.0
1138,NLVPMVATV,10x,5,0.61448115,0.0
845,GILGFVFTL,10x,5,0.5128258,0.0
675,GILGFVFTL,10x,5,0.50370467,0.0
1944,GILGFVFTL,10x,5,0.48992428,0.0
290,GILGFVFTL,positive,5,0.64670503,1.0
5974,GILGFVFTL,positive,5,0.58034456,1.0
4160,GILGFVFTL,swapped_2948,5,0.5055002,0.0
4932,GILGFVFTL,10x,5,0.4632885,0.0
3481,GILGFVFTL,10x,5,0.5253461,0.0
5720,GILGFVFTL,positive,5,0.47279388,1.0
1154,GILGFVFTL,swapped_65,5,0.5417999,0.0
576,GILGFVFTL,10x,5,0.53501076,0.0
5398,GILGFVFTL,swapped_4268,5,0.8307504,0.0
1279,GLCTLVAML,swapped_34,5,1.0553519e-05,0.0
424,GLCTLVAML,10x,5,0.17773946,0.0
5981,GILGFVFTL,positive,5,0.51863223,1.0
1474,NLVPMVATV,swapped_21,5,6.9552945e-05,0.0
4802,GILGFVFTL,10x,5,0.47322938,0.0
757,GLCTLVAML,10x,5,0.6061635,0.0
2884,GILGFVFTL,positive,5,0.5929428,1.0
150,GILGFVFTL,positive,5,0.42388365,1.0
2945,GILGFVFTL,positive,5,0.4820516,1.0
2443,SLLMWITQV,swapped_1700,5,0.0006770894,0.0
4645,GLCTLVAML,10x,5,0.3930834,0.0
4374,GILGFVFTL,positive,5,0.6063048,1.0
6162,GILGFVFTL,10x,5,0.50648856,0.0
926,GILGFVFTL,10x,5,0.5171151,0.0
5630,GLCTLVAML,swapped_4215,5,9.037176e-06,0.0
4610,GILGFVFTL,10x,5,0.76107955,0.0
5930,NLVPMVATV,positive,5,0.92758363,1.0
6353,GILGFVFTL,10x,5,0.5121407,0.0
5071,NLVPMVATV,10x,5,0.037672095,0.0
5276,GILGFVFTL,10x,5,0.5552298,0.0
671,GILGFVFTL,10x,5,0.4919175,0.0
3160,RMFPNAPYL,10x,5,0.81011593,0.0
2511,GLCTLVAML,swapped_1672,5,0.000159956,0.0
696,GLCTLVAML,10x,5,0.5830064,0.0
4869,GILGFVFTL,10x,5,0.4922241,0.0
6715,GLCTLVAML,swapped_5990,5,2.192117e-06,0.0
2167,GILGFVFTL,10x,5,0.54220057,0.0
2683,FLYALALLL,swapped_1693,5,1.1407911e-06,0.0
4858,GILGFVFTL,10x,5,0.53956103,0.0
103,GILGFVFTL,positive,5,0.4676916,1.0
3126,GILGFVFTL,10x,5,0.51161015,0.0
4906,GILGFVFTL,10x,5,0.48635295,0.0
5208,GILGFVFTL,10x,5,0.45955658,0.0
6153,GILGFVFTL,10x,5,0.5276903,0.0
5144,GILGFVFTL,10x,5,0.5126515,0.0
4515,GILGFVFTL,positive,5,0.6116682,1.0
3326,GILGFVFTL,10x,5,0.51893604,0.0
947,GILGFVFTL,10x,5,0.67599124,0.0
2936,GILGFVFTL,positive,5,0.44519153,1.0
6056,GLCTLVAML,10x,5,0.64079785,0.0
6609,GILGFVFTL,10x,5,0.60656923,0.0
1245,RTLNAWVKV,swapped_234,5,0.52581376,0.0
5452,NLVPMVATV,swapped_4219,5,0.5031364,0.0
4328,GILGFVFTL,positive,5,0.77013487,1.0
6148,GILGFVFTL,10x,5,0.48453543,0.0
34,GILGFVFTL,positive,5,0.47250053,1.0
2464,GLCTLVAML,swapped_1778,5,1.6812966e-05,0.0
1272,GLCTLVAML,swapped_309,5,2.2091224e-06,0.0
1361,NLVPMVATV,swapped_317,5,7.3527494e-06,0.0
1087,GILGFVFTL,10x,5,0.49782234,0.0
2381,NLVPMVATV,10x,5,0.9412203,0.0
5181,GILGFVFTL,10x,5,0.49117726,0.0
2377,SLFNTVATL,10x,5,0.41515476,0.0
593,FLYALALLL,10x,5,0.171683,0.0
4485,GILGFVFTL,positive,5,0.5147326,1.0
4706,GILGFVFTL,10x,5,0.4804713,0.0
6400,GILGFVFTL,10x,5,0.46157613,0.0
249,GILGFVFTL,positive,5,0.4457495,1.0
3041,GLCTLVAML,positive,5,0.8419833,1.0
6233,GILGFVFTL,10x,5,0.49009413,0.0
3953,NLVPMVATV,swapped_2746,5,0.7837707,0.0
3692,GILGFVFTL,10x,5,0.60107785,0.0
2646,NLVPMVATV,swapped_1625,5,0.09453426,0.0
1990,GILGFVFTL,10x,5,0.61736804,0.0
5229,GILGFVFTL,10x,5,0.50385964,0.0
