2938,GILGFVFTL,positive,5,0.93009907,1.0
518,NLVPMVATV,10x,5,0.35286632,0.0
6146,NLVPMVATV,10x,5,0.4966454,0.0
934,GILGFVFTL,10x,5,0.18985875,0.0
3920,NLVPMVATV,swapped_3056,5,0.015609819,0.0
3368,LLFGYPVYV,10x,5,0.53729177,0.0
676,GILGFVFTL,10x,5,0.21302213,0.0
454,GILGFVFTL,10x,5,0.27883506,0.0
1929,GILGFVFTL,10x,5,0.070545726,0.0
1453,GLCTLVAML,swapped_100,5,0.00062587555,0.0
4130,NLVPMVATV,swapped_2761,5,5.07581e-05,0.0
3956,NLVPMVATV,swapped_3028,5,0.1007342,0.0
1354,GILGFVFTL,swapped_166,5,0.037903458,0.0
933,GILGFVFTL,10x,5,0.09963966,0.0
1088,GILGFVFTL,10x,5,0.032525457,0.0
6398,NLVPMVATV,10x,5,0.48238885,0.0
4003,GLCTLVAML,swapped_2884,5,0.079177134,0.0
5737,GLCTLVAML,positive,5,0.953637,1.0
709,GILGFVFTL,10x,5,0.06081649,0.0
1041,GLCTLVAML,10x,5,1.9595707e-06,0.0
1137,GLCTLVAML,10x,5,3.395451e-05,0.0
6575,GILGFVFTL,10x,5,0.103342146,0.0
4381,GILGFVFTL,positive,5,0.6685251,1.0
6481,LLFGYPVYV,10x,5,0.6431252,0.0
6083,GILGFVFTL,10x,5,0.16098005,0.0
3910,GLCTLVAML,swapped_2698,5,0.6810872,0.0
4522,GILGFVFTL,positive,5,0.8030776,1.0
4787,GILGFVFTL,10x,5,0.11782378,0.0
6167,RTLNAWVKV,10x,5,0.48297927,0.0
3802,GILGFVFTL,10x,5,0.14968118,0.0
3253,GILGFVFTL,10x,5,0.19846065,0.0
5469,NLVPMVATV,swapped_4350,5,5.4005934e-05,0.0
3636,IMDQVPFSV,10x,5,0.33995458,0.0
5686,RMFPNAPYL,swapped_4295,5,3.6285182e-05,0.0
1093,GILGFVFTL,10x,5,0.17004041,0.0
5294,GILGFVFTL,10x,5,0.117122546,0.0
2467,GLCTLVAML,swapped_1742,5,3.8499106e-06,0.0
1702,GILGFVFTL,positive,5,0.61270523,1.0
5660,GILGFVFTL,swapped_4535,5,0.014948617,0.0
3701,GILGFVFTL,10x,5,0.21311715,0.0
5278,GILGFVFTL,10x,5,0.17627163,0.0
141,GILGFVFTL,positive,5,0.7617821,1.0
6244,GILGFVFTL,10x,5,0.28352287,0.0
5668,GLCTLVAML,swapped_4381,5,1.7447746e-05,0.0
2695,GILGFVFTL,positive,5,0.84917825,1.0
855,GILGFVFTL,10x,5,0.49865133,0.0
58,GILGFVFTL,positive,5,0.09644311,1.0
190,NLVPMVATV,positive,5,0.5282933,1.0
5401,NLVPMVATV,swapped_4413,5,6.4843675e-06,0.0
627,GLCTLVAML,10x,5,0.4876343,0.0
3444,GILGFVFTL,10x,5,0.082307756,0.0
1198,LLFGYPVYV,swapped_191,5,0.051201466,0.0
3430,GLCTLVAML,10x,5,0.5959274,0.0
2349,GILGFVFTL,10x,5,0.41601953,0.0
551,GILGFVFTL,10x,5,0.42689785,0.0
4019,NLVPMVATV,swapped_2830,5,0.47614563,0.0
457,GILGFVFTL,10x,5,0.1601956,0.0
5430,NLVPMVATV,swapped_4356,5,9.585017e-06,0.0
2348,GILGFVFTL,10x,5,0.11894097,0.0
89,GILGFVFTL,positive,5,0.8282613,1.0
1289,NLVPMVATV,swapped_187,5,0.006219138,0.0
460,GLCTLVAML,10x,5,0.7582101,0.0
344,GLCTLVAML,positive,5,0.93749976,1.0
3732,GILGFVFTL,10x,5,0.1986021,0.0
5769,GILGFVFTL,positive,5,0.58130914,1.0
1700,GILGFVFTL,positive,5,0.9328211,1.0
2155,GILGFVFTL,10x,5,0.089027606,0.0
1686,FLYALALLL,positive,5,0.68781215,1.0
968,GILGFVFTL,10x,5,0.39527544,0.0
925,NLVPMVATV,10x,5,0.31490856,0.0
4571,GILGFVFTL,10x,5,0.09740897,0.0
4795,NLVPMVATV,10x,5,0.5667284,0.0
622,KTWGQYWQV,10x,5,0.29129732,0.0
4083,GLCTLVAML,swapped_2859,5,0.05166246,0.0
2730,KTWGQYWQV,positive,5,0.7952642,1.0
5795,GILGFVFTL,positive,5,0.56816983,1.0
2110,LLFGYPVYV,10x,5,0.44564915,0.0
6771,GILGFVFTL,swapped_5876,5,0.1227555,0.0
435,YLLEMLWRL,10x,5,0.47244644,0.0
3400,SLLMWITQV,10x,5,0.49857107,0.0
4048,KTWGQYWQV,swapped_2788,5,6.9693495e-05,0.0
4915,GILGFVFTL,10x,5,0.7178088,0.0
4898,GILGFVFTL,10x,5,0.20364977,0.0
1900,NLVPMVATV,10x,5,0.48404598,0.0
2253,GILGFVFTL,10x,5,0.05584413,0.0
526,GILGFVFTL,10x,5,0.1657331,0.0
4223,NLVPMVATV,positive,5,0.5623314,1.0
6874,GILGFVFTL,swapped_5970,5,0.06298668,0.0
1949,GILGFVFTL,10x,5,0.057048563,0.0
5441,FLYALALLL,swapped_4424,5,0.0006924265,0.0
5112,GILGFVFTL,10x,5,0.13666718,0.0
6265,GLCTLVAML,10x,5,0.094881766,0.0
6392,GILGFVFTL,10x,5,0.20171456,0.0
3522,GILGFVFTL,10x,5,0.14700443,0.0
6128,GILGFVFTL,10x,5,0.18001038,0.0
6160,GILGFVFTL,10x,5,0.07293496,0.0
3031,GILGFVFTL,positive,5,0.74783,1.0
5677,GLCTLVAML,swapped_4354,5,8.386812e-06,0.0
229,GILGFVFTL,positive,5,0.89460546,1.0
55,GLCTLVAML,positive,5,0.7550406,1.0
938,GLCTLVAML,10x,5,0.73190105,0.0
5057,GILGFVFTL,10x,5,0.5791673,0.0
3104,RTLNAWVKV,10x,5,0.43395892,0.0
6034,GLCTLVAML,10x,5,0.61039877,0.0
4749,GILGFVFTL,10x,5,0.13474473,0.0
5970,NLVPMVATV,positive,5,0.637613,1.0
4277,GILGFVFTL,positive,5,0.6279882,1.0
6563,NLVPMVATV,10x,5,0.4784373,0.0
662,GILGFVFTL,10x,5,0.1324148,0.0
5658,GLCTLVAML,swapped_4252,5,0.5571823,0.0
4839,NLVPMVATV,10x,5,0.1395131,0.0
1503,FLYALALLL,swapped_33,5,0.9558673,0.0
1876,GILGFVFTL,10x,5,0.11999593,0.0
5479,GILGFVFTL,swapped_4342,5,0.039373357,0.0
3287,GILGFVFTL,10x,5,0.1336149,0.0
5693,GLCTLVAML,swapped_4205,5,0.395093,0.0
6493,GILGFVFTL,10x,5,0.03235294,0.0
1091,GILGFVFTL,10x,5,0.65310556,0.0
6479,GILGFVFTL,10x,5,0.05848092,0.0
365,GILGFVFTL,positive,5,0.9331384,1.0
1420,GILGFVFTL,swapped_171,5,0.18193786,0.0
203,GILGFVFTL,positive,5,0.11631825,1.0
3333,FLYALALLL,10x,5,0.5532761,0.0
5109,NLVPMVATV,10x,5,0.6306188,0.0
4043,GLCTLVAML,swapped_2892,5,0.91667646,0.0
2853,GILGFVFTL,positive,5,0.6577356,1.0
2943,GILGFVFTL,positive,5,0.54427135,1.0
3051,GILGFVFTL,positive,5,0.7283067,1.0
5606,GILGFVFTL,swapped_4471,5,0.20406795,0.0
1672,GILGFVFTL,positive,5,0.40812564,1.0
2852,GLCTLVAML,positive,5,0.9497344,1.0
4687,RTLNAWVKV,10x,5,0.478364,0.0
963,RTLNAWVKV,10x,5,0.5256622,0.0
1371,LLFGYPVYV,swapped_38,5,0.44564915,0.0
2783,GILGFVFTL,positive,5,0.8110908,1.0
6719,GILGFVFTL,swapped_5878,5,0.107865214,0.0
2823,GILGFVFTL,positive,5,0.7273856,1.0
6487,CLGGLLTMV,10x,5,0.1897406,0.0
6131,SLLMWITQV,10x,5,0.5173376,0.0
1519,FLYALALLL,swapped_203,5,0.625237,0.0
5989,GLCTLVAML,positive,5,0.5544557,1.0
1370,KVAELVHFL,swapped_323,5,0.3816146,0.0
5935,GILGFVFTL,positive,5,0.8373721,1.0
1168,GLCTLVAML,swapped_287,5,9.003549e-06,0.0
3096,GILGFVFTL,10x,5,0.12086611,0.0
241,GILGFVFTL,positive,5,0.67615235,1.0
2228,GILGFVFTL,10x,5,0.08456172,0.0
3084,GLCTLVAML,10x,5,0.6449669,0.0
2189,GILGFVFTL,10x,5,0.11645444,0.0
2578,GILGFVFTL,swapped_1675,5,0.014759584,0.0
1274,LLFGYPVYV,swapped_263,5,0.3112964,0.0
3355,GILGFVFTL,10x,5,0.38113615,0.0
2512,NLVPMVATV,swapped_1766,5,0.018637545,0.0
2746,GILGFVFTL,positive,5,0.23826201,1.0
1126,GILGFVFTL,10x,5,0.050273534,0.0
4870,GILGFVFTL,10x,5,0.06382183,0.0
5588,GILGFVFTL,swapped_4427,5,0.022503823,0.0
3450,GILGFVFTL,10x,5,0.10265773,0.0
1318,GLCTLVAML,swapped_24,5,3.219381e-05,0.0
6345,GLCTLVAML,10x,5,0.83835256,0.0
6391,GILGFVFTL,10x,5,0.25781623,0.0
3215,GILGFVFTL,10x,5,0.22330463,0.0
1675,FLYALALLL,positive,5,0.9561679,1.0
3598,GILGFVFTL,10x,5,0.035299834,0.0
751,GILGFVFTL,10x,5,0.12228368,0.0
3581,NLVPMVATV,10x,5,0.49403945,0.0
3985,KTWGQYWQV,swapped_2945,5,0.43578842,0.0
1834,GILGFVFTL,10x,5,0.1236358,0.0
341,GILGFVFTL,positive,5,0.062221136,1.0
3486,GILGFVFTL,10x,5,0.13618414,0.0
33,GLCTLVAML,positive,5,0.95536464,1.0
4606,GILGFVFTL,10x,5,0.03404454,0.0
601,GILGFVFTL,10x,5,0.20768411,0.0
5116,GILGFVFTL,10x,5,0.14876723,0.0
504,GILGFVFTL,10x,5,0.045162395,0.0
5876,GLCTLVAML,positive,5,0.56512326,1.0
2866,GILGFVFTL,positive,5,0.1629595,1.0
3186,NLVPMVATV,10x,5,0.46895745,0.0
801,GILGFVFTL,10x,5,0.14910936,0.0
2888,GILGFVFTL,positive,5,0.23615125,1.0
2200,KTWGQYWQV,10x,5,0.4089262,0.0
2368,GILGFVFTL,10x,5,0.60498756,0.0
5662,FLYALALLL,swapped_4431,5,0.6507766,0.0
1770,NLVPMVATV,positive,5,0.47423086,1.0
661,SLFNTVATL,10x,5,0.56339365,0.0
1742,GILGFVFTL,positive,5,0.6554102,1.0
1737,NLVPMVATV,positive,5,0.8626517,1.0
6031,GILGFVFTL,10x,5,0.06099895,0.0
3751,NLVPMVATV,10x,5,0.5569134,0.0
1595,GILGFVFTL,positive,5,0.25286666,1.0
193,GILGFVFTL,positive,5,0.9372269,1.0
5411,GILGFVFTL,swapped_4174,5,0.15371653,0.0
2670,GLCTLVAML,swapped_1623,5,0.00068024214,0.0
6402,GILGFVFTL,10x,5,0.15986528,0.0
3192,GILGFVFTL,10x,5,0.2903144,0.0
2725,GILGFVFTL,positive,5,0.9383081,1.0
2788,GILGFVFTL,positive,5,0.6937154,1.0
6082,GILGFVFTL,10x,5,0.13102336,0.0
3155,GILGFVFTL,10x,5,0.20493917,0.0
60,GILGFVFTL,positive,5,0.8945521,1.0
1875,GILGFVFTL,10x,5,0.05289584,0.0
2319,NLVPMVATV,10x,5,0.5514443,0.0
5932,GILGFVFTL,positive,5,0.44430795,1.0
2070,GILGFVFTL,10x,5,0.04229377,0.0
65,NLVPMVATV,positive,5,0.5589808,1.0
6261,GILGFVFTL,10x,5,0.27360883,0.0
2860,GILGFVFTL,positive,5,0.65843076,1.0
273,NLVPMVATV,positive,5,0.7655361,1.0
4619,GILGFVFTL,10x,5,0.07259358,0.0
4268,GLCTLVAML,positive,5,0.9578346,1.0
2817,GILGFVFTL,positive,5,0.63713837,1.0
3241,GILGFVFTL,10x,5,0.35436872,0.0
5731,GILGFVFTL,positive,5,0.91462845,1.0
2876,MLDLQPETT,positive,5,0.44564915,1.0
2955,GILGFVFTL,positive,5,0.092446074,1.0
4555,GILGFVFTL,positive,5,0.24017179,1.0
2236,YLLEMLWRL,10x,5,0.5228685,0.0
6222,GILGFVFTL,10x,5,0.2336617,0.0
2407,RTLNAWVKV,swapped_1677,5,0.018589823,0.0
3932,GILGFVFTL,swapped_2876,5,0.15287176,0.0
1802,GILGFVFTL,positive,5,0.94129425,1.0
3493,GLCTLVAML,10x,5,0.4765101,0.0
5439,RMFPNAPYL,swapped_4365,5,0.47625214,0.0
6100,GILGFVFTL,10x,5,0.08476346,0.0
966,IMDQVPFSV,10x,5,0.44564915,0.0
3523,GILGFVFTL,10x,5,0.04452018,0.0
6437,GILGFVFTL,10x,5,0.20410377,0.0
2232,NLVPMVATV,10x,5,0.44564915,0.0
3594,GILGFVFTL,10x,5,0.09506822,0.0
514,GILGFVFTL,10x,5,0.32488033,0.0
5367,NLVPMVATV,swapped_4390,5,0.031165753,0.0
227,GILGFVFTL,positive,5,0.6117566,1.0
2827,GILGFVFTL,positive,5,0.13905554,1.0
3019,GILGFVFTL,positive,5,0.63789594,1.0
251,RMFPNAPYL,positive,5,0.44918787,1.0
4336,GILGFVFTL,positive,5,0.9336612,1.0
3152,NLVPMVATV,10x,5,0.4254025,0.0
2203,GILGFVFTL,10x,5,0.24911681,0.0
5191,GLCTLVAML,10x,5,0.5642753,0.0
6657,NLVPMVATV,swapped_5981,5,0.06169114,0.0
4342,GLCTLVAML,positive,5,0.8608684,1.0
469,RMFPNAPYL,10x,5,0.44564915,0.0
4201,GILGFVFTL,positive,5,0.095183015,1.0
2689,GLCTLVAML,swapped_1749,5,0.050377842,0.0
2494,GILGFVFTL,swapped_1592,5,0.01477729,0.0
949,GILGFVFTL,10x,5,0.19598088,0.0
4292,GILGFVFTL,positive,5,0.78656447,1.0
4719,GILGFVFTL,10x,5,0.038836632,0.0
2524,GILGFVFTL,swapped_1723,5,0.54974484,0.0
3386,GLCTLVAML,10x,5,0.5806842,0.0
986,GILGFVFTL,10x,5,0.07618582,0.0
2114,GILGFVFTL,10x,5,0.37535924,0.0
2459,GLCTLVAML,swapped_1790,5,0.65137964,0.0
1131,GILGFVFTL,10x,5,0.22423166,0.0
2518,GILGFVFTL,swapped_1809,5,0.06410729,0.0
4471,NLVPMVATV,positive,5,0.66005266,1.0
4390,GILGFVFTL,positive,5,0.8860955,1.0
1873,MLDLQPETT,10x,5,0.44564915,0.0
1693,GILGFVFTL,positive,5,0.59865206,1.0
4435,GILGFVFTL,positive,5,0.11516592,1.0
4354,GILGFVFTL,positive,5,0.60368395,1.0
287,GILGFVFTL,positive,5,0.6549949,1.0
2090,GILGFVFTL,10x,5,0.07543814,0.0
4536,FLYALALLL,positive,5,0.9486195,1.0
3383,GILGFVFTL,10x,5,0.32613397,0.0
6021,LLFGYPVYV,10x,5,0.5273505,0.0
2869,GLCTLVAML,positive,5,0.6757357,1.0
3824,GLCTLVAML,swapped_2999,5,0.0003087652,0.0
2035,LLFGYPVYV,10x,5,0.44564915,0.0
45,GILGFVFTL,positive,5,0.65281075,1.0
166,GLCTLVAML,positive,5,0.89133114,1.0
2001,NLVPMVATV,10x,5,0.59742206,0.0
5755,GLCTLVAML,positive,5,0.7584168,1.0
1258,NLVPMVATV,swapped_92,5,0.0090278145,0.0
2676,GILGFVFTL,swapped_1737,5,0.05690205,0.0
5597,GILGFVFTL,swapped_4464,5,0.18024999,0.0
421,LLFGYPVYV,10x,5,0.44842568,0.0
5347,GILGFVFTL,swapped_4236,5,0.3728754,0.0
825,GILGFVFTL,10x,5,0.27569017,0.0
2635,RTLNAWVKV,swapped_1800,5,0.1466768,0.0
4015,NLVPMVATV,swapped_2898,5,0.8361316,0.0
4163,NLVPMVATV,swapped_2801,5,0.0018810584,0.0
3100,GILGFVFTL,10x,5,0.05067076,0.0
2808,GILGFVFTL,positive,5,0.603228,1.0
1773,GILGFVFTL,positive,5,0.16436459,1.0
1838,NLVPMVATV,10x,5,0.6739339,0.0
3725,GILGFVFTL,10x,5,0.069285214,0.0
4919,GILGFVFTL,10x,5,0.19437283,0.0
6280,GILGFVFTL,10x,5,0.16759337,0.0
3647,NLVPMVATV,10x,5,0.54410505,0.0
3992,NLVPMVATV,swapped_2739,5,0.00020254306,0.0
3157,GILGFVFTL,10x,5,0.0888226,0.0
145,GILGFVFTL,positive,5,0.43614978,1.0
3698,GILGFVFTL,10x,5,0.18038757,0.0
2525,RMFPNAPYL,swapped_1595,5,0.4751402,0.0
1777,NLVPMVATV,positive,5,0.491692,1.0
3970,GILGFVFTL,swapped_2804,5,0.045274224,0.0
369,GILGFVFTL,positive,5,0.93999356,1.0
1854,NLVPMVATV,10x,5,0.45667022,0.0
47,GILGFVFTL,positive,5,0.26427385,1.0
6306,GILGFVFTL,10x,5,0.19968073,0.0
886,GILGFVFTL,10x,5,0.13663518,0.0
3489,GILGFVFTL,10x,5,0.10082626,0.0
1244,NLVPMVATV,swapped_150,5,3.9338647e-05,0.0
4056,RMFPNAPYL,swapped_2853,5,2.6826834e-05,0.0
6327,NLVPMVATV,10x,5,0.52919483,0.0
1279,GLCTLVAML,swapped_34,5,1.329699e-05,0.0
3339,GILGFVFTL,10x,5,0.19033165,0.0
1276,GLCTLVAML,swapped_155,5,2.1995045e-05,0.0
4951,KTWGQYWQV,10x,5,0.4900702,0.0
2486,GLCTLVAML,swapped_1702,5,8.011283e-06,0.0
1291,KTWGQYWQV,swapped_49,5,0.5504123,0.0
2799,GILGFVFTL,positive,5,0.55167717,1.0
4350,GILGFVFTL,positive,5,0.6110686,1.0
2933,GILGFVFTL,positive,5,0.49577463,1.0
4850,GILGFVFTL,10x,5,0.13311398,0.0
3151,GILGFVFTL,10x,5,0.18165779,0.0
2361,GILGFVFTL,10x,5,0.15343462,0.0
6853,GLCTLVAML,swapped_5906,5,0.016284602,0.0
6319,GILGFVFTL,10x,5,0.11113789,0.0
6151,GILGFVFTL,10x,5,0.1209438,0.0
111,GILGFVFTL,positive,5,0.92491317,1.0
664,GILGFVFTL,10x,5,0.13748507,0.0
1800,GILGFVFTL,positive,5,0.9070352,1.0
918,GILGFVFTL,10x,5,0.09634017,0.0
4705,GILGFVFTL,10x,5,0.13949719,0.0
872,GILGFVFTL,10x,5,0.14387448,0.0
1884,GILGFVFTL,10x,5,0.0376739,0.0
3685,GILGFVFTL,10x,5,0.5860328,0.0
5466,GLCTLVAML,swapped_4435,5,0.7356602,0.0
1117,GILGFVFTL,10x,5,0.08098299,0.0
6670,NLVPMVATV,swapped_5946,5,0.024768025,0.0
2846,GILGFVFTL,positive,5,0.717364,1.0
883,GILGFVFTL,10x,5,0.15305625,0.0
196,GILGFVFTL,positive,5,0.8748136,1.0
1759,FLYALALLL,positive,5,0.9296382,1.0
1226,NLVPMVATV,swapped_160,5,4.3740376e-05,0.0
6037,GILGFVFTL,10x,5,0.89049584,0.0
3995,NLVPMVATV,swapped_3055,5,6.0035745e-06,0.0
1739,GLCTLVAML,positive,5,0.95068276,1.0
4160,GILGFVFTL,swapped_2948,5,0.11856136,0.0
3200,GILGFVFTL,10x,5,0.11929339,0.0
5132,GILGFVFTL,10x,5,0.2906607,0.0
3150,GLCTLVAML,10x,5,0.1438106,0.0
4666,GILGFVFTL,10x,5,0.1664854,0.0
6425,GLCTLVAML,10x,5,0.47562793,0.0
6827,GLCTLVAML,swapped_5769,5,0.003721136,0.0
1348,NLVPMVATV,swapped_141,5,0.018880492,0.0
5029,NLVPMVATV,10x,5,0.2182773,0.0
3351,NLVPMVATV,10x,5,0.5477401,0.0
156,NLVPMVATV,positive,5,0.6654559,1.0
5108,GILGFVFTL,10x,5,0.12780324,0.0
6801,GILGFVFTL,swapped_5882,5,0.23882185,0.0
5979,GILGFVFTL,positive,5,0.60936064,1.0
1930,NLVPMVATV,10x,5,0.55497974,0.0
2199,GLCTLVAML,10x,5,0.4702676,0.0
3914,GLCTLVAML,swapped_2882,5,0.0002739932,0.0
2094,GLCTLVAML,10x,5,0.5231767,0.0
5314,RTLNAWVKV,10x,5,0.4262583,0.0
24,GILGFVFTL,positive,5,0.79150677,1.0
6865,GILGFVFTL,swapped_5776,5,0.05539413,0.0
1313,GLCTLVAML,swapped_352,5,0.02242716,0.0
5728,KTWGQYWQV,positive,5,0.47139862,1.0
4512,GLCTLVAML,positive,5,0.7867969,1.0
2012,GILGFVFTL,10x,5,0.31083912,0.0
2122,GILGFVFTL,10x,5,0.22330353,0.0
5038,GILGFVFTL,10x,5,0.15442094,0.0
6455,GILGFVFTL,10x,5,0.10861401,0.0
35,GILGFVFTL,positive,5,0.11095615,1.0
1736,NLVPMVATV,positive,5,0.8645711,1.0
3603,GILGFVFTL,10x,5,0.15195599,0.0
5875,GILGFVFTL,positive,5,0.92289066,1.0
6632,NLVPMVATV,swapped_5795,5,1.0344937e-05,0.0
1455,GLCTLVAML,swapped_58,5,0.6909173,0.0
4131,KTWGQYWQV,swapped_2811,5,8.211712e-05,0.0
5656,FLYALALLL,swapped_4360,5,0.05157658,0.0
6592,GILGFVFTL,10x,5,0.17499402,0.0
1939,GILGFVFTL,10x,5,0.12500931,0.0
1921,NLVPMVATV,10x,5,0.8802686,0.0
1867,GILGFVFTL,10x,5,0.24228504,0.0
119,GILGFVFTL,positive,5,0.9423524,1.0
6770,NLVPMVATV,swapped_5932,5,0.4657255,0.0
1564,NLVPMVATV,positive,5,0.8516774,1.0
2309,GILGFVFTL,10x,5,0.37754005,0.0
1233,GLCTLVAML,swapped_86,5,0.00029732112,0.0
1364,GLCTLVAML,swapped_111,5,0.001392329,0.0
6152,GILGFVFTL,10x,5,0.14885733,0.0
2147,GILGFVFTL,10x,5,0.24122803,0.0
2036,RTLNAWVKV,10x,5,0.101028696,0.0
2209,NLVPMVATV,10x,5,0.6014128,0.0
5086,GILGFVFTL,10x,5,0.17994916,0.0
3642,GILGFVFTL,10x,5,0.14845215,0.0
4991,GILGFVFTL,10x,5,0.154187,0.0
2269,GILGFVFTL,10x,5,0.21800749,0.0
3770,GILGFVFTL,10x,5,0.12419033,0.0
4078,RTLNAWVKV,swapped_2852,5,0.6644835,0.0
3893,NLVPMVATV,swapped_2933,5,0.23016411,0.0
393,GLCTLVAML,10x,5,0.5289465,0.0
4222,GILGFVFTL,positive,5,0.60574496,1.0
309,GILGFVFTL,positive,5,0.6044068,1.0
4356,GILGFVFTL,positive,5,0.6402747,1.0
1215,NLVPMVATV,swapped_257,5,0.024799146,0.0
1393,KLQCVDLHV,swapped_349,5,0.7808608,0.0
2898,SLFNTVATL,positive,5,0.83142436,1.0
1627,GILGFVFTL,positive,5,0.614644,1.0
6366,GILGFVFTL,10x,5,0.16203217,0.0
2170,GILGFVFTL,10x,5,0.1123305,0.0
754,GILGFVFTL,10x,5,0.21049093,0.0
1713,GILGFVFTL,positive,5,0.95885915,1.0
3567,NLVPMVATV,10x,5,0.46157175,0.0
3845,GLCTLVAML,swapped_2936,5,0.52733934,0.0
5405,GILGFVFTL,swapped_4505,5,0.015032679,0.0
6534,GILGFVFTL,10x,5,0.13745263,0.0
4599,GLCTLVAML,10x,5,0.9354083,0.0
4662,GILGFVFTL,10x,5,0.08660172,0.0
5530,GLCTLVAML,swapped_4445,5,0.042804543,0.0
2317,GILGFVFTL,10x,5,0.116716616,0.0
2162,GILGFVFTL,10x,5,0.94134545,0.0
4267,GILGFVFTL,positive,5,0.6038245,1.0
6445,GILGFVFTL,10x,5,0.19175012,0.0
1416,LLFGYPVYV,swapped_19,5,0.13631518,0.0
641,GILGFVFTL,10x,5,0.25511533,0.0
3773,GILGFVFTL,10x,5,0.19617799,0.0
1704,GLCTLVAML,positive,5,0.75781745,1.0
3394,GLCTLVAML,10x,5,0.7382578,0.0
4962,GILGFVFTL,10x,5,0.264234,0.0
1179,GILGFVFTL,swapped_132,5,0.25814167,0.0
3067,GILGFVFTL,10x,5,0.019135749,0.0
6741,NLVPMVATV,swapped_5760,5,0.0008382293,0.0
1085,NLVPMVATV,10x,5,0.6622979,0.0
3542,GILGFVFTL,10x,5,0.22376615,0.0
191,GILGFVFTL,positive,5,0.9254505,1.0
4509,GILGFVFTL,positive,5,0.23659705,1.0
293,GILGFVFTL,positive,5,0.6433231,1.0
5544,GLCTLVAML,swapped_4336,5,0.008649021,0.0
1157,GILGFVFTL,swapped_210,5,0.05063968,0.0
1345,GLCTLVAML,swapped_365,5,0.05018641,0.0
3575,GLCTLVAML,10x,5,0.5536263,0.0
5532,GLCTLVAML,swapped_4509,5,0.6285027,0.0
5288,GILGFVFTL,10x,5,0.04656007,0.0
911,GILGFVFTL,10x,5,0.14377879,0.0
3419,GILGFVFTL,10x,5,0.27379823,0.0
3856,NLVPMVATV,swapped_2725,5,0.0019082124,0.0
3837,NLVPMVATV,swapped_2974,5,0.36154047,0.0
2999,GILGFVFTL,positive,5,0.90343004,1.0
1060,GILGFVFTL,10x,5,0.16607478,0.0
4090,GLCTLVAML,swapped_3019,5,8.1567105e-06,0.0
3116,GILGFVFTL,10x,5,0.3795023,0.0
2432,GILGFVFTL,swapped_1714,5,0.038041294,0.0
1843,GILGFVFTL,10x,5,0.1487679,0.0
807,GILGFVFTL,10x,5,0.12730056,0.0
1164,GLCTLVAML,swapped_42,5,2.2013448e-05,0.0
864,GILGFVFTL,10x,5,0.060428966,0.0
4118,GLCTLVAML,swapped_2866,5,0.46683067,0.0
2032,GILGFVFTL,10x,5,0.3045361,0.0
3765,GILGFVFTL,10x,5,0.20059918,0.0
795,GLCTLVAML,10x,5,0.5271765,0.0
2992,GILGFVFTL,positive,5,0.940946,1.0
1809,GLCTLVAML,positive,5,0.8341293,1.0
628,GILGFVFTL,10x,5,0.2934692,0.0
3369,NLVPMVATV,10x,5,0.4192843,0.0
4165,NLVPMVATV,swapped_2823,5,0.00016789943,0.0
3813,GILGFVFTL,swapped_2730,5,0.019853536,0.0
5398,GILGFVFTL,swapped_4268,5,0.015737517,0.0
4445,GILGFVFTL,positive,5,0.38326544,1.0
5707,GILGFVFTL,positive,5,0.5848226,1.0
133,GILGFVFTL,positive,5,0.94456935,1.0
1429,MLDLQPETT,swapped_45,5,3.141048e-05,0.0
5308,NLVPMVATV,10x,5,0.5292475,0.0
5722,GILGFVFTL,positive,5,0.7918678,1.0
4754,GLCTLVAML,10x,5,0.0862063,0.0
2508,MLDLQPETT,swapped_1596,5,0.44564915,0.0
5871,GILGFVFTL,positive,5,0.515236,1.0
6147,GILGFVFTL,10x,5,0.40000087,0.0
1790,NLVPMVATV,positive,5,0.56683713,1.0
4661,GILGFVFTL,10x,5,0.051103,0.0
5211,GILGFVFTL,10x,5,0.06340687,0.0
5508,NLVPMVATV,swapped_4375,5,3.1566327e-05,0.0
2372,LLFGYPVYV,10x,5,0.43591642,0.0
5159,GILGFVFTL,10x,5,0.15962324,0.0
6431,GILGFVFTL,10x,5,0.2066171,0.0
5345,SLLMWITQV,swapped_4178,5,0.49748954,0.0
5529,RTLNAWVKV,swapped_4321,5,1.41833e-05,0.0
1788,GILGFVFTL,positive,5,0.9369006,1.0
6889,YLLEMLWRL,swapped_5969,5,0.06836854,0.0
3775,GILGFVFTL,10x,5,0.25276056,0.0
3225,GILGFVFTL,10x,5,0.13560374,0.0
4623,LLFGYPVYV,10x,5,0.3861566,0.0
3948,GILGFVFTL,swapped_2699,5,0.022213815,0.0
5629,GLCTLVAML,swapped_4536,5,0.94802815,0.0
2024,GILGFVFTL,10x,5,0.15425484,0.0
6101,GILGFVFTL,10x,5,0.27932537,0.0
2577,NLVPMVATV,swapped_1802,5,0.026184997,0.0
812,GILGFVFTL,10x,5,0.04060748,0.0
4063,NLVPMVATV,swapped_2901,5,0.49480435,0.0
6611,FLYALALLL,swapped_5974,5,0.50945705,0.0
462,GILGFVFTL,10x,5,0.3079666,0.0
5249,RTLNAWVKV,10x,5,0.5073306,0.0
2213,GILGFVFTL,10x,5,0.2209482,0.0
400,GILGFVFTL,10x,5,0.07711661,0.0
1864,GILGFVFTL,10x,5,0.09219141,0.0
1946,GLCTLVAML,10x,5,0.90845025,0.0
2944,NLVPMVATV,positive,5,0.7344508,1.0
1490,GILGFVFTL,swapped_169,5,0.27302384,0.0
6052,NLVPMVATV,10x,5,0.44856957,0.0
1010,GILGFVFTL,10x,5,0.1082575,0.0
1339,GLCTLVAML,swapped_354,5,1.17752625e-05,0.0
1914,GILGFVFTL,10x,5,0.12899074,0.0
2711,GILGFVFTL,positive,5,0.94140154,1.0
4499,GILGFVFTL,positive,5,0.6056522,1.0
6236,NLVPMVATV,10x,5,0.5616511,0.0
4722,GILGFVFTL,10x,5,0.21477415,0.0
2444,GILGFVFTL,swapped_1686,5,0.05419367,0.0
2698,GILGFVFTL,positive,5,0.11766385,1.0
4360,GILGFVFTL,positive,5,0.8514211,1.0
4205,GILGFVFTL,positive,5,0.27102232,1.0
2009,GILGFVFTL,10x,5,0.042795006,0.0
2260,GILGFVFTL,10x,5,0.18645883,0.0
4853,GILGFVFTL,10x,5,0.51051563,0.0
2501,GLCTLVAML,swapped_1671,5,0.16635516,0.0
2798,GILGFVFTL,positive,5,0.6452036,1.0
5696,NLVPMVATV,swapped_4228,5,0.49161997,0.0
5540,GILGFVFTL,swapped_4512,5,0.02948127,0.0
5680,GLCTLVAML,swapped_4522,5,0.00098721,0.0
6844,SLFNTVATL,swapped_5870,5,2.974448e-05,0.0
2515,NLVPMVATV,swapped_1727,5,3.0892745e-05,0.0
1135,GLCTLVAML,10x,5,0.5435954,0.0
5667,GLCTLVAML,swapped_4396,5,0.42473593,0.0
5369,GLCTLVAML,swapped_4185,5,0.0055980603,0.0
6854,GLCTLVAML,swapped_5935,5,0.04501757,0.0
2646,NLVPMVATV,swapped_1625,5,0.6432123,0.0
283,GILGFVFTL,positive,5,0.9307584,1.0
1689,NLVPMVATV,positive,5,0.48172048,1.0
3405,GILGFVFTL,10x,5,0.023829946,0.0
1846,NLVPMVATV,10x,5,0.8023841,0.0
4502,GILGFVFTL,positive,5,0.9275902,1.0
3028,GILGFVFTL,positive,5,0.8228097,1.0
6523,GILGFVFTL,10x,5,0.62637466,0.0
1340,GLCTLVAML,swapped_167,5,0.6727743,0.0
397,RMFPNAPYL,10x,5,0.44564915,0.0
931,MLDLQPETT,10x,5,0.26053432,0.0
3172,FLYALALLL,10x,5,0.8639145,0.0
6721,GLCTLVAML,swapped_5809,5,0.2718719,0.0
6668,GLCTLVAML,swapped_5862,5,0.6318756,0.0
6104,GILGFVFTL,10x,5,0.9387419,0.0
5096,NLVPMVATV,10x,5,0.08466049,0.0
1153,NLVPMVATV,swapped_133,5,0.027642798,0.0
3971,GLCTLVAML,swapped_2831,5,4.117873e-05,0.0
6429,SLFNTVATL,10x,5,0.37237826,0.0
6709,GILGFVFTL,swapped_5755,5,0.07551267,0.0
354,GILGFVFTL,positive,5,0.66822547,1.0
2962,GILGFVFTL,positive,5,0.849473,1.0
3653,GILGFVFTL,10x,5,0.16521527,0.0
6687,GILGFVFTL,swapped_5930,5,0.0995822,0.0
2801,GILGFVFTL,positive,5,0.9267776,1.0
1837,RMFPNAPYL,10x,5,0.49145535,0.0
3763,GILGFVFTL,10x,5,0.30028534,0.0
3233,FLYALALLL,10x,5,0.79329205,0.0
2859,GILGFVFTL,positive,5,0.886399,1.0
6904,GILGFVFTL,swapped_5737,5,0.013600805,0.0
1723,NLVPMVATV,positive,5,0.19270404,1.0
169,NLVPMVATV,positive,5,0.5157659,1.0
4199,NLVPMVATV,positive,5,0.57915753,1.0
137,NLVPMVATV,positive,5,0.60968596,1.0
2239,GILGFVFTL,10x,5,0.15631378,0.0
1919,GILGFVFTL,10x,5,0.22586998,0.0
437,GILGFVFTL,10x,5,0.070628345,0.0
5637,NLVPMVATV,swapped_4274,5,0.58815956,0.0
331,GILGFVFTL,positive,5,0.885455,1.0
3901,MLDLQPETT,swapped_2832,5,5.2988045e-05,0.0
6571,GILGFVFTL,10x,5,0.1391381,0.0
3266,GILGFVFTL,10x,5,0.046109945,0.0
2060,GLCTLVAML,10x,5,0.62185574,0.0
336,GILGFVFTL,positive,5,0.7268688,1.0
1188,RTLNAWVKV,swapped_308,5,0.003944884,0.0
3639,GILGFVFTL,10x,5,0.24728903,0.0
3674,GILGFVFTL,10x,5,0.15977488,0.0
734,SLLMWITQV,10x,5,0.4521179,0.0
2977,GILGFVFTL,positive,5,0.6798501,1.0
5385,GILGFVFTL,swapped_4199,5,0.15678771,0.0
4561,GILGFVFTL,10x,5,0.22735159,0.0
4753,GILGFVFTL,10x,5,0.23342705,0.0
2792,GILGFVFTL,positive,5,0.60910577,1.0
5946,GILGFVFTL,positive,5,0.6154481,1.0
96,GILGFVFTL,positive,5,0.13002339,1.0
18,GLCTLVAML,positive,5,0.95663404,1.0
1176,RTLNAWVKV,swapped_242,5,0.002299466,0.0
3892,GLCTLVAML,swapped_2793,5,3.6037476e-05,0.0
5594,GILGFVFTL,swapped_4223,5,0.21089783,0.0
1220,NLVPMVATV,swapped_196,5,0.06741816,0.0
1001,GILGFVFTL,10x,5,0.14667253,0.0
5195,GILGFVFTL,10x,5,0.31140122,0.0
3068,GILGFVFTL,10x,5,0.22772092,0.0
2482,GLCTLVAML,swapped_1624,5,0.78877914,0.0
4427,NLVPMVATV,positive,5,0.8811644,1.0
936,GILGFVFTL,10x,5,0.18676908,0.0
4180,GILGFVFTL,positive,5,0.6027573,1.0
6612,GLCTLVAML,swapped_5875,5,0.002008901,0.0
2505,NLVPMVATV,swapped_1690,5,0.51811147,0.0
3378,GILGFVFTL,10x,5,0.3039124,0.0
1850,GILGFVFTL,10x,5,0.07922177,0.0
6725,NLVPMVATV,swapped_5728,5,0.5485076,0.0
3345,GLCTLVAML,10x,5,0.6351607,0.0
1890,GLCTLVAML,10x,5,0.6477387,0.0
1776,GILGFVFTL,positive,5,0.08104484,1.0
4535,GLCTLVAML,positive,5,0.9590921,1.0
4960,RTLNAWVKV,10x,5,0.5407084,0.0
491,NLVPMVATV,10x,5,0.63327205,0.0
2185,NLVPMVATV,10x,5,0.5898859,0.0
2395,GILGFVFTL,10x,5,0.117924854,0.0
1020,GILGFVFTL,10x,5,0.13074297,0.0
4295,GILGFVFTL,positive,5,0.5957991,1.0
6309,GLCTLVAML,10x,5,0.65645844,0.0
6149,GILGFVFTL,10x,5,0.2596375,0.0
4214,GILGFVFTL,positive,5,0.67361313,1.0
3999,GILGFVFTL,swapped_2869,5,0.06349349,0.0
4521,GILGFVFTL,positive,5,0.86058515,1.0
5062,GILGFVFTL,10x,5,0.42850432,0.0
1778,GILGFVFTL,positive,5,0.90559655,1.0
160,GILGFVFTL,positive,5,0.6182335,1.0
257,GILGFVFTL,positive,5,0.93148375,1.0
100,GILGFVFTL,positive,5,0.9235591,1.0
5216,GILGFVFTL,10x,5,0.057529196,0.0
6847,GILGFVFTL,swapped_5816,5,0.072796695,0.0
4129,GLCTLVAML,swapped_2711,5,0.019635916,0.0
4273,GILGFVFTL,positive,5,0.5920585,1.0
2237,GILGFVFTL,10x,5,0.69012153,0.0
6018,RMFPNAPYL,10x,5,0.39701545,0.0
3047,GILGFVFTL,positive,5,0.891144,1.0
2974,GILGFVFTL,positive,5,0.5000578,1.0
4703,NLVPMVATV,10x,5,0.48903766,0.0
4141,NLVPMVATV,swapped_2962,5,0.0005022831,0.0
178,GILGFVFTL,positive,5,0.947907,1.0
6335,GILGFVFTL,10x,5,0.19547893,0.0
3783,GILGFVFTL,10x,5,0.32483938,0.0
5776,GLCTLVAML,positive,5,0.8295363,1.0
5337,FLYALALLL,swapped_4201,5,0.5361534,0.0
4281,GILGFVFTL,positive,5,0.8844107,1.0
3576,GILGFVFTL,10x,5,0.16061561,0.0
6443,GILGFVFTL,10x,5,0.055102233,0.0
22,FLYALALLL,positive,5,0.961125,1.0
3706,GILGFVFTL,10x,5,0.1309577,0.0
1592,GLCTLVAML,positive,5,0.95138717,1.0
5286,GILGFVFTL,10x,5,0.16847426,0.0
5614,GILGFVFTL,swapped_4439,5,0.0813257,0.0
1514,LLFGYPVYV,swapped_229,5,0.007987242,0.0
4121,NLVPMVATV,swapped_2763,5,2.1907917e-05,0.0
4505,GLCTLVAML,positive,5,0.81790143,1.0
6036,FLYALALLL,10x,5,0.77788377,0.0
2804,FLYALALLL,positive,5,0.8867953,1.0
3130,NLVPMVATV,10x,5,0.4714799,0.0
2989,GILGFVFTL,positive,5,0.6169828,1.0
3022,GILGFVFTL,positive,5,0.1718273,1.0
422,GILGFVFTL,10x,5,0.22658832,0.0
4464,NLVPMVATV,positive,5,0.78298116,1.0
4031,FLYALALLL,swapped_2943,5,3.990595e-06,0.0
1474,NLVPMVATV,swapped_21,5,0.03527315,0.0
5683,RMFPNAPYL,swapped_4364,5,0.0010954917,0.0
5860,GILGFVFTL,positive,5,0.8676111,1.0
2161,GILGFVFTL,10x,5,0.071289666,0.0
318,GILGFVFTL,positive,5,0.5734673,1.0
3271,GILGFVFTL,10x,5,0.1113121,0.0
3969,GLCTLVAML,swapped_2846,5,0.0002540607,0.0
1148,NLVPMVATV,swapped_293,5,1.2128151e-05,0.0
3112,NLVPMVATV,10x,5,0.50021505,0.0
3440,GILGFVFTL,10x,5,0.28970543,0.0
348,GILGFVFTL,positive,5,0.18519005,1.0
6903,RTLNAWVKV,swapped_5717,5,0.007234671,0.0
3292,SLFNTVATL,10x,5,0.57369894,0.0
956,RTLNAWVKV,10x,5,0.44564915,0.0
1428,GLCTLVAML,swapped_331,5,0.016522884,0.0
4849,GILGFVFTL,10x,5,0.29942957,0.0
483,GILGFVFTL,10x,5,0.07664404,0.0
4624,GILGFVFTL,10x,5,0.040629435,0.0
5902,GILGFVFTL,positive,5,0.9564205,1.0
4760,GILGFVFTL,10x,5,0.12385795,0.0
5146,GILGFVFTL,10x,5,0.08159717,0.0
3825,GLCTLVAML,swapped_2695,5,0.012637533,0.0
217,GILGFVFTL,positive,5,0.85738224,1.0
980,NLVPMVATV,10x,5,0.57325405,0.0
3056,GILGFVFTL,positive,5,0.94617057,1.0
3791,GILGFVFTL,10x,5,0.22852665,0.0
2958,GLCTLVAML,positive,5,0.57991105,1.0
3641,GILGFVFTL,10x,5,0.02742247,0.0
4771,GILGFVFTL,10x,5,0.11675797,0.0
4908,GLCTLVAML,10x,5,0.49138936,0.0
6281,NLVPMVATV,10x,5,0.3977597,0.0
1169,RTLNAWVKV,swapped_47,5,0.452467,0.0
1727,GILGFVFTL,positive,5,0.6559602,1.0
4641,GILGFVFTL,10x,5,0.22874285,0.0
6177,GILGFVFTL,10x,5,0.32520846,0.0
3261,GILGFVFTL,10x,5,0.10893667,0.0
1319,GLCTLVAML,swapped_251,5,0.74841833,0.0
564,GILGFVFTL,10x,5,0.05113796,0.0
588,NLVPMVATV,10x,5,0.48840535,0.0
1679,GILGFVFTL,positive,5,0.92512095,1.0
1208,GLCTLVAML,swapped_217,5,0.26880676,0.0
1862,GILGFVFTL,10x,5,0.28060105,0.0
1498,NLVPMVATV,swapped_60,5,0.0766992,0.0
6696,GLCTLVAML,swapped_5707,5,7.9864685e-06,0.0
6166,GILGFVFTL,10x,5,0.5454786,0.0
6808,NLVPMVATV,swapped_5945,5,0.025994662,0.0
5937,GILGFVFTL,positive,5,0.69787943,1.0
1720,GILGFVFTL,positive,5,0.44065967,1.0
3983,KVLEYVIKV,swapped_2888,5,0.37896067,0.0
1322,GILGFVFTL,swapped_344,5,0.01697731,0.0
4780,GILGFVFTL,10x,5,0.31456968,0.0
5040,GLCTLVAML,10x,5,0.5874159,0.0
480,GILGFVFTL,10x,5,0.11253917,0.0
1981,GLCTLVAML,10x,5,0.24213058,0.0
2460,NLVPMVATV,swapped_1776,5,0.56676626,0.0
2793,GILGFVFTL,positive,5,0.71768486,1.0
634,GILGFVFTL,10x,5,0.09047785,0.0
2761,GILGFVFTL,positive,5,0.67280114,1.0
1310,FLYALALLL,swapped_283,5,0.00019674051,0.0
4004,IMDQVPFSV,swapped_3031,5,0.0001029847,0.0
3760,NLVPMVATV,10x,5,0.89207715,0.0
2892,GILGFVFTL,positive,5,0.059352715,1.0
2231,RTLNAWVKV,10x,5,0.6601257,0.0
451,GILGFVFTL,10x,5,0.18857226,0.0
1992,GILGFVFTL,10x,5,0.1703951,0.0
2549,GILGFVFTL,swapped_1770,5,0.2644786,0.0
531,NLVPMVATV,10x,5,0.8869031,0.0
5432,RTLNAWVKV,swapped_4515,5,0.0041182246,0.0
5792,NLVPMVATV,positive,5,0.68185496,1.0
5128,CLGGLLTMV,10x,5,0.6137474,0.0
6812,GLCTLVAML,swapped_5748,5,0.16259545,0.0
317,GILGFVFTL,positive,5,0.6924898,1.0
4219,GILGFVFTL,positive,5,0.7408948,1.0
6127,GILGFVFTL,10x,5,0.10342211,0.0
3887,SLFNTVATL,swapped_2860,5,6.482225e-05,0.0
5560,RMFPNAPYL,swapped_4502,5,0.0025288286,0.0
308,GILGFVFTL,positive,5,0.7159517,1.0
6700,GLCTLVAML,swapped_5965,5,7.692785e-05,0.0
1552,GLCTLVAML,positive,5,0.80201703,1.0
3101,GILGFVFTL,10x,5,0.04397113,0.0
5456,NLVPMVATV,swapped_4180,5,1.7260865e-05,0.0
1902,GILGFVFTL,10x,5,0.31105402,0.0
3312,GILGFVFTL,10x,5,0.5574759,0.0
5004,GILGFVFTL,10x,5,0.27629045,0.0
5026,GILGFVFTL,10x,5,0.2470332,0.0
1075,GILGFVFTL,10x,5,0.07003277,0.0
869,GILGFVFTL,10x,5,0.097388364,0.0
542,GILGFVFTL,10x,5,0.13151945,0.0
362,GILGFVFTL,positive,5,0.07841456,1.0
6363,GILGFVFTL,10x,5,0.08062984,0.0
6510,GLCTLVAML,10x,5,0.0057494068,0.0
2297,GILGFVFTL,10x,5,0.2850155,0.0
5403,GLCTLVAML,swapped_4277,5,1.1054104e-05,0.0
854,GLCTLVAML,10x,5,0.6756694,0.0
132,FLYALALLL,positive,5,0.027215144,1.0
1547,GLCTLVAML,positive,5,0.95130193,1.0
1205,GLCTLVAML,swapped_369,5,0.0009995798,0.0
3665,GILGFVFTL,10x,5,0.2965846,0.0
4365,GILGFVFTL,positive,5,0.13809311,1.0
4810,GILGFVFTL,10x,5,0.1265479,0.0
4034,NLVPMVATV,swapped_2817,5,4.6213958e-05,0.0
4463,GILGFVFTL,positive,5,0.590819,1.0
3717,GILGFVFTL,10x,5,0.03180844,0.0
2255,GILGFVFTL,10x,5,0.09373739,0.0
3303,GILGFVFTL,10x,5,0.17345442,0.0
565,GILGFVFTL,10x,5,0.8612987,0.0
4841,GILGFVFTL,10x,5,0.21301354,0.0
3826,GLCTLVAML,swapped_2701,5,6.9010175e-06,0.0
1389,GILGFVFTL,swapped_18,5,0.015673216,0.0
5520,MLDLQPETT,swapped_4243,5,8.1032285e-06,0.0
1118,GILGFVFTL,10x,5,0.19242942,0.0
6320,GILGFVFTL,10x,5,0.02836834,0.0
4243,GILGFVFTL,positive,5,0.6074073,1.0
684,GLCTLVAML,10x,5,0.548876,0.0
1127,GILGFVFTL,10x,5,0.23368369,0.0
3569,GILGFVFTL,10x,5,0.33577487,0.0
187,GILGFVFTL,positive,5,0.90099347,1.0
3222,GILGFVFTL,10x,5,0.09600208,0.0
5740,GLCTLVAML,positive,5,0.6072611,1.0
4670,GILGFVFTL,10x,5,0.28053623,0.0
3495,GLCTLVAML,10x,5,0.8157592,0.0
1069,GILGFVFTL,10x,5,0.11121073,0.0
4783,GILGFVFTL,10x,5,0.08064467,0.0
4905,GILGFVFTL,10x,5,0.21702418,0.0
2781,GILGFVFTL,positive,5,0.7883381,1.0
6594,GLCTLVAML,10x,5,0.63386166,0.0
5636,GLCTLVAML,swapped_4315,5,0.13292351,0.0
4716,GLCTLVAML,10x,5,0.5233718,0.0
6436,GILGFVFTL,10x,5,0.17864732,0.0
2511,GLCTLVAML,swapped_1672,5,0.03718439,0.0
5102,GILGFVFTL,10x,5,0.07776155,0.0
4634,GILGFVFTL,10x,5,0.09657839,0.0
4315,GILGFVFTL,positive,5,0.75290537,1.0
1302,LLFGYPVYV,swapped_227,5,0.21291406,0.0
3524,GILGFVFTL,10x,5,0.23141825,0.0
4178,GILGFVFTL,positive,5,0.21925943,1.0
2790,GILGFVFTL,positive,5,0.95391,1.0
6336,GLCTLVAML,10x,5,0.6759423,0.0
6120,GLCTLVAML,10x,5,0.70664585,0.0
242,GILGFVFTL,positive,5,0.74407953,1.0
4731,GLCTLVAML,10x,5,0.62381953,0.0
5243,MLDLQPETT,10x,5,0.46192038,0.0
3272,GILGFVFTL,10x,5,0.026496684,0.0
3420,GLCTLVAML,10x,5,0.49554238,0.0
2900,GILGFVFTL,positive,5,0.22485751,1.0
4236,GLCTLVAML,positive,5,0.47892505,1.0
861,GILGFVFTL,10x,5,0.4568905,0.0
4228,GILGFVFTL,positive,5,0.07380182,1.0
3918,GLCTLVAML,swapped_2790,5,0.006944328,0.0
6001,GLCTLVAML,positive,5,0.88269305,1.0
4566,GILGFVFTL,10x,5,0.024518782,0.0
4976,GILGFVFTL,10x,5,0.13448852,0.0
2699,GLCTLVAML,positive,5,0.9591667,1.0
5186,LLFGYPVYV,10x,5,0.45785785,0.0
5178,GILGFVFTL,10x,5,0.0705978,0.0
1677,GILGFVFTL,positive,5,0.9489923,1.0
6703,GILGFVFTL,swapped_6001,5,0.035287783,0.0
3219,GILGFVFTL,10x,5,0.5173147,0.0
2468,NLVPMVATV,swapped_1627,5,1.1914008e-05,0.0
6243,GILGFVFTL,10x,5,0.22021751,0.0
5042,GILGFVFTL,10x,5,0.12132842,0.0
5013,GILGFVFTL,10x,5,0.17762747,0.0
4257,GILGFVFTL,positive,5,0.8313367,1.0
5639,NLVPMVATV,swapped_4281,5,0.0016144894,0.0
349,GILGFVFTL,positive,5,0.065364756,1.0
1210,GILGFVFTL,swapped_339,5,0.013697142,0.0
3779,GILGFVFTL,10x,5,0.23225313,0.0
5465,NLVPMVATV,swapped_4328,5,0.19398704,0.0
505,NLVPMVATV,10x,5,0.66454494,0.0
4580,GILGFVFTL,10x,5,0.18439235,0.0
1381,NLVPMVATV,swapped_289,5,1.9989606e-05,0.0
6013,NLVPMVATV,10x,5,0.61842966,0.0
2590,GILGFVFTL,swapped_1807,5,0.047664598,0.0
263,GILGFVFTL,positive,5,0.8361882,1.0
613,GILGFVFTL,10x,5,0.09539454,0.0
1625,GILGFVFTL,positive,5,0.099672556,1.0
2923,GILGFVFTL,positive,5,0.14876294,1.0
6905,RMFPNAPYL,swapped_5902,5,0.008330719,0.0
3118,GLCTLVAML,10x,5,0.5632981,0.0
323,GILGFVFTL,positive,5,0.12982632,1.0
4274,KTWGQYWQV,positive,5,0.50585574,1.0
5825,GILGFVFTL,positive,5,0.6185545,1.0
6247,GILGFVFTL,10x,5,0.28727117,0.0
289,GILGFVFTL,positive,5,0.6494197,1.0
3946,NLVPMVATV,swapped_2798,5,4.8147067e-05,0.0
3965,GILGFVFTL,swapped_2958,5,0.04842466,0.0
3560,GILGFVFTL,10x,5,0.16622533,0.0
21,GILGFVFTL,positive,5,0.9244299,1.0
667,LLFGYPVYV,10x,5,0.40845254,0.0
3973,LLFGYPVYV,swapped_2792,5,3.2202006e-05,0.0
210,GLCTLVAML,positive,5,0.8013705,1.0
3533,GILGFVFTL,10x,5,0.07428409,0.0
3346,GLCTLVAML,10x,5,0.6392388,0.0
6423,NLVPMVATV,10x,5,0.62688524,0.0
6368,NLVPMVATV,10x,5,0.55504334,0.0
1399,GLCTLVAML,swapped_151,5,0.0010348675,0.0
6708,GLCTLVAML,swapped_5825,5,4.5629754e-06,0.0
6360,GILGFVFTL,10x,5,0.24128033,0.0
2763,GILGFVFTL,positive,5,0.6223574,1.0
167,GILGFVFTL,positive,5,0.16327019,1.0
3390,GILGFVFTL,10x,5,0.04736963,0.0
4312,GILGFVFTL,positive,5,0.87880874,1.0
915,GILGFVFTL,10x,5,0.21240962,0.0
418,GLCTLVAML,10x,5,0.6214403,0.0
6531,GILGFVFTL,10x,5,0.22239949,0.0
1963,GLCTLVAML,10x,5,0.740177,0.0
3115,NLVPMVATV,10x,5,0.6099642,0.0
4451,IMDQVPFSV,positive,5,0.4713181,1.0
3922,NLVPMVATV,swapped_2938,5,0.003520117,0.0
2912,FLYALALLL,positive,5,0.8171324,1.0
2674,NLVPMVATV,swapped_1788,5,0.22340418,0.0
4168,GILGFVFTL,swapped_2897,5,0.20816958,0.0
3098,GILGFVFTL,10x,5,0.056619264,0.0
1966,GILGFVFTL,10x,5,0.37138176,0.0
1964,GILGFVFTL,10x,5,0.27896172,0.0
1979,GILGFVFTL,10x,5,0.10864762,0.0
5878,LLFGYPVYV,positive,5,0.5302611,1.0
3798,GILGFVFTL,10x,5,0.17392069,0.0
5105,GILGFVFTL,10x,5,0.07768355,0.0
4613,GILGFVFTL,10x,5,0.026766108,0.0
6156,GILGFVFTL,10x,5,0.19846022,0.0
1225,LLFGYPVYV,swapped_41,5,0.0032360232,0.0
6302,NLVPMVATV,10x,5,0.77993846,0.0
3181,GILGFVFTL,10x,5,0.15484782,0.0
19,GILGFVFTL,positive,5,0.951771,1.0
6762,KTWGQYWQV,swapped_5868,5,0.5076101,0.0
5436,IMDQVPFSV,swapped_4374,5,5.3082673e-05,0.0
6237,GLCTLVAML,10x,5,0.5313616,0.0
1671,GILGFVFTL,positive,5,0.57715756,1.0
5862,GILGFVFTL,positive,5,0.090537705,1.0
268,GILGFVFTL,positive,5,0.096660666,1.0
2059,GILGFVFTL,10x,5,0.07164729,0.0
6004,GILGFVFTL,positive,5,0.25271246,1.0
2828,FLYALALLL,positive,5,0.7440457,1.0
2053,GILGFVFTL,10x,5,0.15896314,0.0
312,GILGFVFTL,positive,5,0.8377747,1.0
4029,FLYALALLL,swapped_3022,5,0.5387531,0.0
1600,GILGFVFTL,positive,5,0.14201216,1.0
4115,NLVPMVATV,swapped_2827,5,0.50677025,0.0
4887,GILGFVFTL,10x,5,0.08384217,0.0
5241,GILGFVFTL,10x,5,0.36287746,0.0
6305,GILGFVFTL,10x,5,0.030139264,0.0
3294,GILGFVFTL,10x,5,0.07998672,0.0
4644,GILGFVFTL,10x,5,0.24959433,0.0
3169,GILGFVFTL,10x,5,0.11886649,0.0
1911,GILGFVFTL,10x,5,0.12932321,0.0
5452,NLVPMVATV,swapped_4219,5,0.009770129,0.0
5536,GILGFVFTL,swapped_4367,5,0.16405617,0.0
645,YLLEMLWRL,10x,5,0.4746405,0.0
539,GILGFVFTL,10x,5,0.27725613,0.0
2066,GILGFVFTL,10x,5,0.38793817,0.0
171,MLDLQPETT,positive,5,0.49313042,1.0
4627,GILGFVFTL,10x,5,0.21937723,0.0
2088,GILGFVFTL,10x,5,0.12729974,0.0
4424,GILGFVFTL,positive,5,0.9203139,1.0
3255,GILGFVFTL,10x,5,0.481505,0.0
3954,GLCTLVAML,swapped_2851,5,0.041181765,0.0
3870,LLFGYPVYV,swapped_2916,5,2.079552e-05,0.0
92,GILGFVFTL,positive,5,0.9359161,1.0
4818,NLVPMVATV,10x,5,0.5451933,0.0
1465,GLCTLVAML,swapped_35,5,0.71148545,0.0
339,GLCTLVAML,positive,5,0.9548292,1.0
107,GILGFVFTL,positive,5,0.8482843,1.0
499,GILGFVFTL,10x,5,0.059697073,0.0
4119,GLCTLVAML,swapped_2781,5,0.0004153924,0.0
4737,GILGFVFTL,10x,5,0.0529598,0.0
3332,GILGFVFTL,10x,5,0.21818729,0.0
3286,NLVPMVATV,10x,5,0.12949283,0.0
890,GILGFVFTL,10x,5,0.35857466,0.0
6339,GILGFVFTL,10x,5,0.09471958,0.0
4891,GILGFVFTL,10x,5,0.39432365,0.0
2613,LLFGYPVYV,swapped_1679,5,0.024721516,0.0
4921,GILGFVFTL,10x,5,0.055636063,0.0
1242,RTLNAWVKV,swapped_89,5,0.025683,0.0
3308,GILGFVFTL,10x,5,0.27731633,0.0
5641,LLFGYPVYV,swapped_4238,5,0.39809892,0.0
121,GILGFVFTL,positive,5,0.20935172,1.0
3884,NLVPMVATV,swapped_2992,5,0.018077984,0.0
5604,GLCTLVAML,swapped_4397,5,0.024924215,0.0
3882,GLCTLVAML,swapped_2895,5,1.7352928e-05,0.0
3941,GLCTLVAML,swapped_2789,5,0.01784251,0.0
41,GILGFVFTL,positive,5,0.805752,1.0
5192,GILGFVFTL,10x,5,0.19729789,0.0
741,GILGFVFTL,10x,5,0.18024462,0.0
4367,GLCTLVAML,positive,5,0.5792554,1.0
2831,GILGFVFTL,positive,5,0.61863697,1.0
3741,GLCTLVAML,10x,5,0.5439011,0.0
2731,GILGFVFTL,positive,5,0.7288809,1.0
2329,NLVPMVATV,10x,5,0.5075665,0.0
6576,FLYALALLL,10x,5,0.7305751,0.0
4041,NLVPMVATV,swapped_2799,5,0.33412027,0.0
3705,FLYALALLL,10x,5,0.8069371,0.0
4215,GILGFVFTL,positive,5,0.8012711,1.0
330,LLFGYPVYV,positive,5,0.42540643,1.0
5906,GILGFVFTL,positive,5,0.8786078,1.0
5418,NLVPMVATV,swapped_4521,5,0.0017051356,0.0
6635,GILGFVFTL,swapped_5740,5,0.3671399,0.0
2107,GILGFVFTL,10x,5,0.08268087,0.0
6169,GILGFVFTL,10x,5,0.26230124,0.0
6076,RMFPNAPYL,10x,5,0.34603396,0.0
1375,GLCTLVAML,swapped_272,5,0.21700509,0.0
4439,GLCTLVAML,positive,5,0.7468377,1.0
2497,FLYALALLL,swapped_1590,5,0.06619354,0.0
1379,LLFGYPVYV,swapped_341,5,0.47995317,0.0
2600,NLVPMVATV,swapped_1629,5,0.04168134,0.0
2159,GILGFVFTL,10x,5,0.32921392,0.0
42,GILGFVFTL,positive,5,0.66881305,1.0
3648,GILGFVFTL,10x,5,0.34129038,0.0
2469,MLDLQPETT,swapped_1726,5,0.44564915,0.0
5080,GILGFVFTL,10x,5,0.045867298,0.0
669,GILGFVFTL,10x,5,0.06808801,0.0
5525,GLCTLVAML,swapped_4316,5,0.5645762,0.0
3409,GILGFVFTL,10x,5,0.0761166,0.0
5945,GILGFVFTL,positive,5,0.9297223,1.0
2901,GILGFVFTL,positive,5,0.4021162,1.0
3848,GLCTLVAML,swapped_2973,5,9.0880094e-05,0.0
5868,GILGFVFTL,positive,5,0.2471393,1.0
2492,KTWGQYWQV,swapped_1709,5,0.0033400469,0.0
6170,GILGFVFTL,10x,5,0.04967411,0.0
4911,LLFGYPVYV,10x,5,0.5157953,0.0
2274,GILGFVFTL,10x,5,0.34532332,0.0
1852,GILGFVFTL,10x,5,0.09435089,0.0
2895,GILGFVFTL,positive,5,0.60234654,1.0
5295,GILGFVFTL,10x,5,0.025546256,0.0
4316,GILGFVFTL,positive,5,0.13242829,1.0
1311,NLVPMVATV,swapped_119,5,0.0021872346,0.0
3231,RTLNAWVKV,10x,5,0.473626,0.0
887,GLCTLVAML,10x,5,0.6564268,0.0
1891,GILGFVFTL,10x,5,0.0923202,0.0
3135,GILGFVFTL,10x,5,0.36412138,0.0
5717,GILGFVFTL,positive,5,0.9556386,1.0
876,GLCTLVAML,10x,5,0.8054922,0.0
1099,GILGFVFTL,10x,5,0.13451661,0.0
1554,GILGFVFTL,positive,5,0.6645238,1.0
6898,GLCTLVAML,swapped_5731,5,0.10462988,0.0
3436,GILGFVFTL,10x,5,0.109507576,0.0
38,GILGFVFTL,positive,5,0.12744696,1.0
247,GILGFVFTL,positive,5,0.89147276,1.0
471,GILGFVFTL,10x,5,0.06711787,0.0
4252,GILGFVFTL,positive,5,0.19041681,1.0
3008,GLCTLVAML,positive,5,0.72086346,1.0
5115,GILGFVFTL,10x,5,0.08273528,0.0
4396,NLVPMVATV,positive,5,0.38887554,1.0
4139,GILGFVFTL,swapped_3041,5,0.043332905,0.0
5882,SLLMWITQV,positive,5,0.353076,1.0
1624,GILGFVFTL,positive,5,0.17013381,1.0
1807,FLYALALLL,positive,5,0.9000997,1.0
4185,GILGFVFTL,positive,5,0.94809467,1.0
2811,GILGFVFTL,positive,5,0.7869522,1.0
256,GILGFVFTL,positive,5,0.6037691,1.0
1521,FLYALALLL,swapped_103,5,1.6017038e-05,0.0
4143,LLFGYPVYV,swapped_2828,5,0.503242,0.0
689,GLCTLVAML,10x,5,0.5388522,0.0
2832,GILGFVFTL,positive,5,0.6675054,1.0
6016,GILGFVFTL,10x,5,0.0348483,0.0
3719,GILGFVFTL,10x,5,0.37715977,0.0
849,GILGFVFTL,10x,5,0.085627094,0.0
5990,GILGFVFTL,positive,5,0.8156238,1.0
4646,GILGFVFTL,10x,5,0.1009892,0.0
6796,GILGFVFTL,swapped_5989,5,0.31972137,0.0
4431,NLVPMVATV,positive,5,0.5842019,1.0
4290,LLFGYPVYV,positive,5,0.4885172,1.0
4587,GILGFVFTL,10x,5,0.11504103,0.0
2948,NLVPMVATV,positive,5,0.50581884,1.0
6274,GILGFVFTL,10x,5,0.12408524,0.0
1171,GLCTLVAML,swapped_348,5,0.4973663,0.0
1872,GILGFVFTL,10x,5,0.11730954,0.0
2477,GILGFVFTL,swapped_1704,5,0.023918163,0.0
1922,GILGFVFTL,10x,5,0.051060032,0.0
2328,GILGFVFTL,10x,5,0.48290232,0.0
830,GILGFVFTL,10x,5,0.10577431,0.0
5539,GLCTLVAML,swapped_4463,5,2.1285372e-05,0.0
5790,FLYALALLL,positive,5,0.92295796,1.0
2529,GLCTLVAML,swapped_1773,5,0.7146209,0.0
4240,GILGFVFTL,positive,5,0.9200788,1.0
4944,GILGFVFTL,10x,5,0.31330475,0.0
86,GILGFVFTL,positive,5,0.8358918,1.0
2451,KTWGQYWQV,swapped_1720,5,0.052881267,0.0
3106,NLVPMVATV,10x,5,0.015196618,0.0
3998,GILGFVFTL,swapped_2944,5,0.051521152,0.0
1390,GILGFVFTL,swapped_273,5,0.017985923,0.0
1006,GILGFVFTL,10x,5,0.021446291,0.0
1298,KVLEYVIKV,swapped_268,5,0.5923209,0.0
151,GILGFVFTL,positive,5,0.84505945,1.0
2789,GILGFVFTL,positive,5,0.8980586,1.0
1766,GILGFVFTL,positive,5,0.5523792,1.0
49,GLCTLVAML,positive,5,0.75978833,1.0
1749,GILGFVFTL,positive,5,0.9247125,1.0
3250,GLCTLVAML,10x,5,0.4921004,0.0
2916,GILGFVFTL,positive,5,0.6160068,1.0
3930,GLCTLVAML,swapped_2807,5,0.6154051,0.0
443,KTWGQYWQV,10x,5,0.5088363,0.0
4413,GILGFVFTL,positive,5,0.6044324,1.0
235,GILGFVFTL,positive,5,0.6813009,1.0
6257,GILGFVFTL,10x,5,0.32203332,0.0
975,GILGFVFTL,10x,5,0.13489449,0.0
186,FLYALALLL,positive,5,0.9535505,1.0
2973,GILGFVFTL,positive,5,0.71719164,1.0
6079,GILGFVFTL,10x,5,0.1400847,0.0
3240,GILGFVFTL,10x,5,0.0984566,0.0
3075,GILGFVFTL,10x,5,0.046211075,0.0
1991,GILGFVFTL,10x,5,0.19281177,0.0
4238,SLLMWITQV,positive,5,0.5267031,1.0
234,FLYALALLL,positive,5,0.9165522,1.0
4721,GILGFVFTL,10x,5,0.17570445,0.0
4067,NLVPMVATV,swapped_2808,5,0.044377834,0.0
5292,GILGFVFTL,10x,5,0.10729512,0.0
3869,NLVPMVATV,swapped_2989,5,2.7365428e-05,0.0
4364,GILGFVFTL,positive,5,0.8918107,1.0
3347,GILGFVFTL,10x,5,0.22451109,0.0
763,GILGFVFTL,10x,5,0.108494386,0.0
1522,LLFGYPVYV,swapped_186,5,0.6073921,0.0
5732,GILGFVFTL,positive,5,0.91223466,1.0
3756,GILGFVFTL,10x,5,0.27329,0.0
5965,GILGFVFTL,positive,5,0.7408578,1.0
5217,GILGFVFTL,10x,5,0.21934226,0.0
4024,GLCTLVAML,swapped_2955,5,0.85359424,0.0
6387,NLVPMVATV,10x,5,0.5254138,0.0
646,GILGFVFTL,10x,5,0.06267741,0.0
6178,NLVPMVATV,10x,5,0.66460633,0.0
594,FLYALALLL,10x,5,0.6687214,0.0
5032,GILGFVFTL,10x,5,0.054840263,0.0
3579,LLFGYPVYV,10x,5,0.47135004,0.0
3376,GILGFVFTL,10x,5,0.3613239,0.0
4174,GLCTLVAML,positive,5,0.8035382,1.0
5666,NLVPMVATV,swapped_4311,5,0.6991353,0.0
155,GILGFVFTL,positive,5,0.6583581,1.0
6773,NLVPMVATV,swapped_5871,5,2.6600208e-05,0.0
1690,GLCTLVAML,positive,5,0.5372815,1.0
1999,GILGFVFTL,10x,5,0.2449907,0.0
3743,GILGFVFTL,10x,5,0.05498073,0.0
4538,GILGFVFTL,positive,5,0.03012728,1.0
5674,GILGFVFTL,swapped_4451,5,0.07038557,0.0
4375,GILGFVFTL,positive,5,0.67127734,1.0
2897,GLCTLVAML,positive,5,0.7015131,1.0
2588,GILGFVFTL,swapped_1739,5,0.014052927,0.0
4830,GLCTLVAML,10x,5,0.41215953,0.0
1121,NLVPMVATV,10x,5,0.23561235,0.0
2045,GILGFVFTL,10x,5,0.1844871,0.0
2551,GILGFVFTL,swapped_1777,5,0.11848318,0.0
3039,GILGFVFTL,positive,5,0.8981458,1.0
1596,GILGFVFTL,positive,5,0.22598441,1.0
1253,FLYALALLL,swapped_247,5,0.00016794745,0.0
2979,GILGFVFTL,positive,5,0.5624829,1.0
1283,GLCTLVAML,swapped_145,5,0.13182051,0.0
5293,GILGFVFTL,10x,5,0.18176152,0.0
2446,GILGFVFTL,swapped_1552,5,0.030717917,0.0
2592,RTLNAWVKV,swapped_1713,5,0.20691209,0.0
1115,GILGFVFTL,10x,5,0.10483831,0.0
3911,GLCTLVAML,swapped_2979,5,9.563761e-06,0.0
6764,FLYALALLL,swapped_5860,5,0.04840958,0.0
3622,GILGFVFTL,10x,5,0.35478878,0.0
2273,NLVPMVATV,10x,5,0.78655475,0.0
5306,GILGFVFTL,10x,5,0.18084165,0.0
2257,GILGFVFTL,10x,5,0.1033817,0.0
1446,KVAELVHFL,swapped_318,5,0.00014261615,0.0
5903,GILGFVFTL,positive,5,0.90972,1.0
463,GILGFVFTL,10x,5,0.19440863,0.0
5424,NLVPMVATV,swapped_4267,5,1.7818084e-05,0.0
3624,IMDQVPFSV,10x,5,0.56548506,0.0
5969,GILGFVFTL,positive,5,0.90490836,1.0
5151,GILGFVFTL,10x,5,0.30599865,0.0
2591,LLFGYPVYV,swapped_1564,5,0.65440166,0.0
272,GILGFVFTL,positive,5,0.56080985,1.0
2739,GILGFVFTL,positive,5,0.7344889,1.0
6660,GILGFVFTL,swapped_5790,5,0.04184398,0.0
6221,FLYALALLL,10x,5,0.5661754,0.0
1144,GLCTLVAML,swapped_249,5,1.0899543e-05,0.0
991,GLCTLVAML,swapped_73,5,0.49640575,0.0
6518,GILGFVFTL,10x,5,0.1197262,0.0
4824,GILGFVFTL,10x,5,0.122437276,0.0
5640,NLVPMVATV,swapped_4273,5,9.711718e-06,0.0
73,KVLEYVIKV,positive,5,0.44564915,1.0
5215,MLDLQPETT,10x,5,0.48485577,0.0
2072,NLVPMVATV,10x,5,0.6729562,0.0
352,GILGFVFTL,positive,5,0.53254044,1.0
3591,NLVPMVATV,10x,5,0.77584857,0.0
3538,GILGFVFTL,10x,5,0.043508314,0.0
3410,GLCTLVAML,10x,5,0.74032944,0.0
6418,GILGFVFTL,10x,5,0.08067128,0.0
556,GILGFVFTL,10x,5,0.35120493,0.0
5527,GLCTLVAML,swapped_4186,5,0.9044918,0.0
5182,GILGFVFTL,10x,5,0.21897714,0.0
5650,NLVPMVATV,swapped_4499,5,2.4275967e-05,0.0
2393,GILGFVFTL,10x,5,0.058325917,0.0
2282,GLCTLVAML,10x,5,0.8833718,0.0
6291,GILGFVFTL,10x,5,0.14062679,0.0
2830,GILGFVFTL,positive,5,0.26516953,1.0
1820,GILGFVFTL,10x,5,0.1560939,0.0
1014,GILGFVFTL,10x,5,0.081810065,0.0
2296,GLCTLVAML,10x,5,0.5192609,0.0
1078,SLLMWITQV,10x,5,0.5419758,0.0
4137,KTWGQYWQV,swapped_2912,5,0.60947526,0.0
1250,GLCTLVAML,swapped_312,5,8.998223e-05,0.0
1347,LLFGYPVYV,swapped_256,5,0.00019296205,0.0
1491,GILGFVFTL,swapped_73,5,0.3708447,0.0
6216,GILGFVFTL,10x,5,0.35343453,0.0
4873,NLVPMVATV,10x,5,0.6972825,0.0
1039,NLVPMVATV,10x,5,0.023479013,0.0
3657,GILGFVFTL,10x,5,0.3382071,0.0
1960,GILGFVFTL,10x,5,0.06588429,0.0
6183,GLCTLVAML,10x,5,0.49327785,0.0
6316,GILGFVFTL,10x,5,0.15151396,0.0
3873,MLDLQPETT,swapped_3047,5,0.258522,0.0
5197,GILGFVFTL,10x,5,0.12795731,0.0
3252,GLCTLVAML,10x,5,0.5664917,0.0
5061,NLVPMVATV,10x,5,0.44564915,0.0
1714,NLVPMVATV,positive,5,0.7927942,1.0
5028,GILGFVFTL,10x,5,0.16580127,0.0
3055,GILGFVFTL,positive,5,0.62334585,1.0
2026,GILGFVFTL,10x,5,0.10046277,0.0
3044,GILGFVFTL,positive,5,0.6659506,1.0
2051,NLVPMVATV,10x,5,0.7831991,0.0
1204,GILGFVFTL,swapped_190,5,0.07244201,0.0
3586,GLCTLVAML,10x,5,0.5350982,0.0
2173,GILGFVFTL,10x,5,0.049515978,0.0
379,GILGFVFTL,positive,5,0.8738527,1.0
1590,GILGFVFTL,positive,5,0.6996098,1.0
3823,GLCTLVAML,swapped_2731,5,8.316071e-05,0.0
537,GILGFVFTL,10x,5,0.09287778,0.0
690,SLFNTVATL,10x,5,0.5754464,0.0
3671,GILGFVFTL,10x,5,0.17729554,0.0
2160,FLYALALLL,10x,5,0.40625364,0.0
1629,GILGFVFTL,positive,5,0.9213572,1.0
4186,GILGFVFTL,positive,5,0.032229055,1.0
3361,GLCTLVAML,10x,5,0.6064394,0.0
4170,NLVPMVATV,swapped_2900,5,0.530403,0.0
406,GILGFVFTL,10x,5,0.18847233,0.0
3210,GILGFVFTL,10x,5,0.20752868,0.0
1056,GLCTLVAML,10x,5,0.5871194,0.0
6338,GILGFVFTL,10x,5,0.31955227,0.0
1170,GLCTLVAML,swapped_193,5,0.054981,0.0
1458,NLVPMVATV,swapped_178,5,0.002182946,0.0
3280,NLVPMVATV,10x,5,0.5596495,0.0
5809,GILGFVFTL,positive,5,0.51635534,1.0
1403,GLCTLVAML,swapped_235,5,1.0496978e-05,0.0
2807,GILGFVFTL,positive,5,0.21212769,1.0
1970,GILGFVFTL,10x,5,0.8121152,0.0
4546,GILGFVFTL,positive,5,0.5803626,1.0
4321,GILGFVFTL,positive,5,0.5892841,1.0
6201,GILGFVFTL,10x,5,0.16770741,0.0
6788,LLFGYPVYV,swapped_6004,5,0.30790478,0.0
6882,NLVPMVATV,swapped_5722,5,0.00042533077,0.0
1145,GLCTLVAML,swapped_336,5,3.0735562e-05,0.0
5697,GLCTLVAML,swapped_4538,5,0.7337172,0.0
2247,GILGFVFTL,10x,5,0.26086566,0.0
3140,GLCTLVAML,10x,5,0.5891834,0.0
2851,GILGFVFTL,positive,5,0.6791899,1.0
1214,NLVPMVATV,swapped_241,5,8.423475e-05,0.0
4311,GILGFVFTL,positive,5,0.15134317,1.0
2509,GILGFVFTL,swapped_1736,5,0.045890164,0.0
6124,GILGFVFTL,10x,5,0.15108585,0.0
4882,GILGFVFTL,10x,5,0.15278307,0.0
1726,GILGFVFTL,positive,5,0.19027466,1.0
1448,FLYALALLL,swapped_107,5,0.0002849588,0.0
1147,GILGFVFTL,swapped_22,5,0.02094363,0.0
2398,RMFPNAPYL,10x,5,0.5561049,0.0
6465,GLCTLVAML,10x,5,0.5497832,0.0
3678,GILGFVFTL,10x,5,0.16691034,0.0
6692,NLVPMVATV,swapped_5903,5,0.0014617911,0.0
6790,KTWGQYWQV,swapped_5792,5,0.5547543,0.0
685,GILGFVFTL,10x,5,0.17752634,0.0
6039,GILGFVFTL,10x,5,0.06677721,0.0
5176,GILGFVFTL,10x,5,0.05708365,0.0
2794,GILGFVFTL,positive,5,0.67743725,1.0
785,GLCTLVAML,10x,5,0.4406135,0.0
5389,NLVPMVATV,swapped_4222,5,6.770562e-06,0.0
1243,RTLNAWVKV,swapped_320,5,0.0010163152,0.0
5624,GLCTLVAML,swapped_4290,5,0.66974366,0.0
5223,GILGFVFTL,10x,5,0.18366162,0.0
6068,GLCTLVAML,10x,5,0.58259374,0.0
5481,GLCTLVAML,swapped_4485,5,0.91323113,0.0
3812,GLCTLVAML,swapped_3039,5,0.0028294576,0.0
5870,GILGFVFTL,positive,5,0.5955669,1.0
2533,GILGFVFTL,swapped_1689,5,0.24354,0.0
6303,GILGFVFTL,10x,5,0.308042,0.0
2691,NLVPMVATV,swapped_1600,5,0.5078391,0.0
5631,FLYALALLL,swapped_4555,5,0.60470694,0.0
3796,GILGFVFTL,10x,5,0.07787905,0.0
4699,GLCTLVAML,10x,5,0.62077063,0.0
2693,GILGFVFTL,swapped_1759,5,0.032340698,0.0
4040,GLCTLVAML,swapped_2794,5,0.0150137255,0.0
1349,RTLNAWVKV,swapped_121,5,0.35910407,0.0
1329,NLVPMVATV,swapped_55,5,0.6316112,0.0
392,GILGFVFTL,10x,5,0.032666188,0.0
2701,GILGFVFTL,positive,5,0.6248156,1.0
1138,NLVPMVATV,10x,5,0.5749332,0.0
845,GILGFVFTL,10x,5,0.123705566,0.0
675,GILGFVFTL,10x,5,0.30399844,0.0
1944,GILGFVFTL,10x,5,0.21750815,0.0
290,GILGFVFTL,positive,5,0.94978935,1.0
5974,GILGFVFTL,positive,5,0.26895612,1.0
4932,GILGFVFTL,10x,5,0.08534502,0.0
3481,GILGFVFTL,10x,5,0.23821528,0.0
5720,GILGFVFTL,positive,5,0.11450809,1.0
1154,GILGFVFTL,swapped_65,5,0.17086183,0.0
576,GILGFVFTL,10x,5,0.19202499,0.0
3927,FLYALALLL,swapped_2923,5,0.3466933,0.0
2430,GILGFVFTL,swapped_1547,5,0.015116743,0.0
424,GLCTLVAML,10x,5,0.69067246,0.0
5981,GILGFVFTL,positive,5,0.82061243,1.0
4802,GILGFVFTL,10x,5,0.2466122,0.0
757,GLCTLVAML,10x,5,0.5269789,0.0
2884,GILGFVFTL,positive,5,0.91833425,1.0
150,GILGFVFTL,positive,5,0.66996175,1.0
2945,GILGFVFTL,positive,5,0.1917114,1.0
2443,SLLMWITQV,swapped_1700,5,0.017283225,0.0
4645,GLCTLVAML,10x,5,0.6893302,0.0
4374,GILGFVFTL,positive,5,0.5103363,1.0
5543,RTLNAWVKV,swapped_4257,5,0.15670875,0.0
926,GILGFVFTL,10x,5,0.082319066,0.0
5630,GLCTLVAML,swapped_4215,5,0.0005912864,0.0
4610,GILGFVFTL,10x,5,0.07966861,0.0
5930,NLVPMVATV,positive,5,0.6236838,1.0
6353,GILGFVFTL,10x,5,0.0656528,0.0
5071,NLVPMVATV,10x,5,0.50347865,0.0
5276,GILGFVFTL,10x,5,0.2367191,0.0
671,GILGFVFTL,10x,5,0.1679399,0.0
3160,RMFPNAPYL,10x,5,0.45149538,0.0
696,GLCTLVAML,10x,5,0.6119934,0.0
4869,GILGFVFTL,10x,5,0.3853735,0.0
6715,GLCTLVAML,swapped_5990,5,4.8184273e-05,0.0
2167,GILGFVFTL,10x,5,0.075823024,0.0
2683,FLYALALLL,swapped_1693,5,3.324905e-06,0.0
4858,GILGFVFTL,10x,5,0.08562801,0.0
103,GILGFVFTL,positive,5,0.6397626,1.0
3126,GILGFVFTL,10x,5,0.23188044,0.0
4906,GILGFVFTL,10x,5,0.13700688,0.0
5208,GILGFVFTL,10x,5,0.09688991,0.0
6153,GILGFVFTL,10x,5,0.11693767,0.0
5144,GILGFVFTL,10x,5,0.17396754,0.0
4515,GILGFVFTL,positive,5,0.7796846,1.0
3326,GILGFVFTL,10x,5,0.15175569,0.0
947,GILGFVFTL,10x,5,0.8375698,0.0
2936,GILGFVFTL,positive,5,0.38150412,1.0
6056,GLCTLVAML,10x,5,0.60425967,0.0
6609,GILGFVFTL,10x,5,0.448323,0.0
1245,RTLNAWVKV,swapped_234,5,0.58828115,0.0
4328,GILGFVFTL,positive,5,0.7217965,1.0
6148,GILGFVFTL,10x,5,0.24906151,0.0
34,GILGFVFTL,positive,5,0.6418643,1.0
2464,GLCTLVAML,swapped_1778,5,0.0025799347,0.0
1272,GLCTLVAML,swapped_309,5,4.0062787e-06,0.0
1361,NLVPMVATV,swapped_317,5,2.2595597e-05,0.0
1087,GILGFVFTL,10x,5,0.33815876,0.0
2381,NLVPMVATV,10x,5,0.77218056,0.0
5181,GILGFVFTL,10x,5,0.031327795,0.0
2377,SLFNTVATL,10x,5,0.5812161,0.0
593,FLYALALLL,10x,5,0.69767964,0.0
4485,GILGFVFTL,positive,5,0.096472345,1.0
4706,GILGFVFTL,10x,5,0.034964938,0.0
6400,GILGFVFTL,10x,5,0.14275016,0.0
249,GILGFVFTL,positive,5,0.6446949,1.0
3041,GLCTLVAML,positive,5,0.9654767,1.0
6233,GILGFVFTL,10x,5,0.10437315,0.0
3953,NLVPMVATV,swapped_2746,5,0.5262747,0.0
3692,GILGFVFTL,10x,5,0.30781552,0.0
1990,GILGFVFTL,10x,5,0.08751223,0.0
5229,GILGFVFTL,10x,5,0.09392616,0.0
4862,GLCTLVAML,10x,5,0.53718495,0.0
6063,RTLNAWVKV,10x,5,0.48381287,0.0
5363,GLCTLVAML,swapped_4312,5,0.00039291766,0.0
1431,FLYALALLL,swapped_362,5,0.8328321,0.0
1337,GILGFVFTL,swapped_156,5,0.059777472,0.0
5664,GLCTLVAML,swapped_4546,5,3.5121038e-06,0.0
3626,RMFPNAPYL,10x,5,0.44564915,0.0
5748,GILGFVFTL,positive,5,0.6213538,1.0
4886,GILGFVFTL,10x,5,0.3704094,0.0
1297,GILGFVFTL,swapped_330,5,0.16688831,0.0
1510,YLLEMLWRL,swapped_137,5,0.5374342,0.0
1825,GLCTLVAML,10x,5,0.80902135,0.0
5816,NLVPMVATV,positive,5,0.77425987,1.0
3189,GILGFVFTL,10x,5,0.21745567,0.0
3278,GLCTLVAML,10x,5,0.5409858,0.0
2882,GILGFVFTL,positive,5,0.77910334,1.0
1926,KTWGQYWQV,10x,5,0.57644045,0.0
6802,MLDLQPETT,swapped_5979,5,2.2406402e-05,0.0
5312,GLCTLVAML,10x,5,0.5513004,0.0
736,GILGFVFTL,10x,5,0.112431,0.0
3447,GILGFVFTL,10x,5,0.15484409,0.0
4397,GILGFVFTL,positive,5,0.9120762,1.0
6162,GILGFVFTL,10x,5,0.15734144,0.0
5513,GLCTLVAML,swapped_4292,5,0.051174376,0.0
6819,NLVPMVATV,swapped_5937,5,3.7169793e-05,0.0
4153,GLCTLVAML,swapped_2783,5,0.010755584,0.0
3829,LLFGYPVYV,swapped_3051,5,0.00028575023,0.0
1084,IMDQVPFSV,10x,5,0.50497115,0.0
4005,NLVPMVATV,swapped_3044,5,3.898818e-05,0.0
578,GLCTLVAML,10x,5,0.66237026,0.0
5760,GILGFVFTL,positive,5,0.8344264,1.0
6639,GLCTLVAML,swapped_5732,5,0.0006288697,0.0
1709,GILGFVFTL,positive,5,0.94065416,1.0
5233,GILGFVFTL,10x,5,0.11175502,0.0
6252,GILGFVFTL,10x,5,0.106183775,0.0
6040,GILGFVFTL,10x,5,0.045182902,0.0
2116,GILGFVFTL,10x,5,0.12784846,0.0
6664,NLVPMVATV,swapped_5720,5,0.82068855,0.0
1469,GLCTLVAML,swapped_290,5,0.01809964,0.0
3702,GLCTLVAML,10x,5,0.54264885,0.0
2662,YLLEMLWRL,swapped_1554,5,0.03886355,0.0
485,GILGFVFTL,10x,5,0.20136376,0.0
987,NLVPMVATV,10x,5,0.5532752,0.0
5448,GLCTLVAML,swapped_4240,5,0.0009916939,0.0
5598,SLLMWITQV,swapped_4214,5,9.473901e-06,0.0
4874,GILGFVFTL,10x,5,0.08217053,0.0
3606,GILGFVFTL,10x,5,0.10237384,0.0
3195,GILGFVFTL,10x,5,0.34768286,0.0
3988,GILGFVFTL,swapped_3008,5,0.016753435,0.0
5231,GLCTLVAML,10x,5,0.766242,0.0
1387,NLVPMVATV,swapped_96,5,0.55605006,0.0
704,GLCTLVAML,10x,5,0.64703894,0.0
320,GILGFVFTL,positive,5,0.82089776,1.0
4584,YLLEMLWRL,10x,5,0.3585086,0.0
1324,MLDLQPETT,swapped_379,5,0.00082407607,0.0
3122,GILGFVFTL,10x,5,0.25496283,0.0
1623,GILGFVFTL,positive,5,0.81722707,1.0
5067,GILGFVFTL,10x,5,0.10853118,0.0
3921,NLVPMVATV,swapped_2977,5,9.017272e-06,0.0
6441,GLCTLVAML,10x,5,0.5938482,0.0
