627,GLCTLVAML,10x,5,0.22777966,0.0
5186,LLFGYPVYV,10x,5,0.09774942,0.0
1788,GILGFVFTL,positive,5,0.985154,1.0
1041,GLCTLVAML,10x,5,0.99999905,0.0
593,FLYALALLL,10x,5,0.08479026,0.0
5668,GLCTLVAML,swapped_4381,5,0.9955635,0.0
6216,GILGFVFTL,10x,5,0.11710534,0.0
5930,NLVPMVATV,positive,5,0.040874436,1.0
689,GLCTLVAML,10x,5,0.19619793,0.0
1458,NLVPMVATV,swapped_178,5,0.9999174,0.0
2730,KTWGQYWQV,positive,5,0.21767843,1.0
5441,FLYALALLL,swapped_4424,5,0.9881947,0.0
1802,GILGFVFTL,positive,5,0.9994468,1.0
601,GILGFVFTL,10x,5,0.085713916,0.0
5436,IMDQVPFSV,swapped_4374,5,0.9999825,0.0
45,GILGFVFTL,positive,5,0.9999995,1.0
2578,GILGFVFTL,swapped_1675,5,0.021677135,0.0
3347,GILGFVFTL,10x,5,0.23737285,0.0
251,RMFPNAPYL,positive,5,0.31282693,1.0
6056,GLCTLVAML,10x,5,0.16533618,0.0
6788,LLFGYPVYV,swapped_6004,5,0.31786466,0.0
451,GILGFVFTL,10x,5,0.30067804,0.0
3308,GILGFVFTL,10x,5,0.30174983,0.0
1188,RTLNAWVKV,swapped_308,5,0.97483635,0.0
6387,NLVPMVATV,10x,5,0.27390784,0.0
4505,GLCTLVAML,positive,5,0.043539237,1.0
5367,NLVPMVATV,swapped_4390,5,0.9989116,0.0
3019,GILGFVFTL,positive,5,0.99999034,1.0
1340,GLCTLVAML,swapped_167,5,0.43300217,0.0
96,GILGFVFTL,positive,5,0.243925,1.0
5641,LLFGYPVYV,swapped_4238,5,0.3910069,0.0
1164,GLCTLVAML,swapped_42,5,0.9999976,0.0
5795,GILGFVFTL,positive,5,0.99999976,1.0
4599,GLCTLVAML,10x,5,0.037716687,0.0
6660,GILGFVFTL,swapped_5790,5,0.021532757,0.0
6510,GLCTLVAML,10x,5,0.9926858,0.0
6170,GILGFVFTL,10x,5,0.04484952,0.0
5693,GLCTLVAML,swapped_4205,5,0.40235853,0.0
4874,GILGFVFTL,10x,5,0.07176336,0.0
876,GLCTLVAML,10x,5,0.05661296,0.0
5195,GILGFVFTL,10x,5,0.1022924,0.0
662,GILGFVFTL,10x,5,0.0938198,0.0
504,GILGFVFTL,10x,5,0.07860673,0.0
3970,GILGFVFTL,swapped_2804,5,0.07184698,0.0
3253,GILGFVFTL,10x,5,0.27652347,0.0
1737,NLVPMVATV,positive,5,0.22101206,1.0
4019,NLVPMVATV,swapped_2830,5,0.68091094,0.0
6183,GLCTLVAML,10x,5,0.6342341,0.0
3409,GILGFVFTL,10x,5,0.022542072,0.0
4268,GLCTLVAML,positive,5,0.037498284,1.0
1371,LLFGYPVYV,swapped_38,5,0.27411187,0.0
3101,GILGFVFTL,10x,5,0.1283042,0.0
4662,GILGFVFTL,10x,5,0.47595242,0.0
6773,NLVPMVATV,swapped_5871,5,0.99998057,0.0
3039,GILGFVFTL,positive,5,0.99966395,1.0
469,RMFPNAPYL,10x,5,0.33482125,0.0
5178,GILGFVFTL,10x,5,0.19802685,0.0
5508,NLVPMVATV,swapped_4375,5,0.9999614,0.0
190,NLVPMVATV,positive,5,0.15343873,1.0
5418,NLVPMVATV,swapped_4521,5,0.99980587,0.0
3829,LLFGYPVYV,swapped_3051,5,0.99997675,0.0
2635,RTLNAWVKV,swapped_1800,5,0.92687756,0.0
3542,GILGFVFTL,10x,5,0.19449085,0.0
6808,NLVPMVATV,swapped_5945,5,0.9899608,0.0
4705,GILGFVFTL,10x,5,0.22434098,0.0
4321,GILGFVFTL,positive,5,0.9999913,1.0
1379,LLFGYPVYV,swapped_341,5,0.049228203,0.0
3233,FLYALALLL,10x,5,0.26646695,0.0
872,GILGFVFTL,10x,5,0.1561528,0.0
845,GILGFVFTL,10x,5,0.062607706,0.0
6827,GLCTLVAML,swapped_5769,5,0.8224553,0.0
4646,GILGFVFTL,10x,5,0.25330514,0.0
1387,NLVPMVATV,swapped_96,5,0.27711257,0.0
3893,NLVPMVATV,swapped_2933,5,0.768613,0.0
3383,GILGFVFTL,10x,5,0.24172543,0.0
5192,GILGFVFTL,10x,5,0.084858775,0.0
2469,MLDLQPETT,swapped_1726,5,0.0961528,0.0
308,GILGFVFTL,positive,5,0.97688967,1.0
2788,GILGFVFTL,positive,5,0.9999939,1.0
4185,GILGFVFTL,positive,5,0.9996106,1.0
4267,GILGFVFTL,positive,5,0.99999404,1.0
6309,GLCTLVAML,10x,5,0.31094688,0.0
628,GILGFVFTL,10x,5,0.29251373,0.0
4699,GLCTLVAML,10x,5,0.25479376,0.0
2943,GILGFVFTL,positive,5,0.99999774,1.0
5411,GILGFVFTL,swapped_4174,5,0.44453952,0.0
1922,GILGFVFTL,10x,5,0.1243165,0.0
2897,GLCTLVAML,positive,5,0.122761175,1.0
4365,GILGFVFTL,positive,5,0.11855108,1.0
3169,GILGFVFTL,10x,5,0.07966255,0.0
393,GLCTLVAML,10x,5,0.06748011,0.0
5042,GILGFVFTL,10x,5,0.2231945,0.0
2529,GLCTLVAML,swapped_1773,5,0.11185426,0.0
763,GILGFVFTL,10x,5,0.05905813,0.0
41,GILGFVFTL,positive,5,0.9998253,1.0
5664,GLCTLVAML,swapped_4546,5,0.99999523,0.0
3181,GILGFVFTL,10x,5,0.41230106,0.0
3741,GLCTLVAML,10x,5,0.526199,0.0
6222,GILGFVFTL,10x,5,0.1663947,0.0
3995,NLVPMVATV,swapped_3055,5,0.99999607,0.0
2846,GILGFVFTL,positive,5,0.9998568,1.0
4170,NLVPMVATV,swapped_2900,5,0.13377278,0.0
3869,NLVPMVATV,swapped_2989,5,0.9999989,0.0
2159,GILGFVFTL,10x,5,0.16988535,0.0
1084,IMDQVPFSV,10x,5,0.3917788,0.0
6306,GILGFVFTL,10x,5,0.13494995,0.0
5946,GILGFVFTL,positive,5,0.95590866,1.0
4160,GILGFVFTL,swapped_2948,5,0.13774256,0.0
2790,GILGFVFTL,positive,5,0.9817616,1.0
1490,GILGFVFTL,swapped_169,5,0.18401733,0.0
4427,NLVPMVATV,positive,5,0.17095764,1.0
4499,GILGFVFTL,positive,5,0.999997,1.0
2944,NLVPMVATV,positive,5,0.14863354,1.0
1364,GLCTLVAML,swapped_111,5,0.9996562,0.0
2945,GILGFVFTL,positive,5,0.124305874,1.0
2933,GILGFVFTL,positive,5,0.7527627,1.0
2051,NLVPMVATV,10x,5,0.0599022,0.0
5598,SLLMWITQV,swapped_4214,5,0.99999607,0.0
1679,GILGFVFTL,positive,5,0.9770165,1.0
437,GILGFVFTL,10x,5,0.11384886,0.0
4882,GILGFVFTL,10x,5,0.4092735,0.0
6031,GILGFVFTL,10x,5,0.26126614,0.0
1099,GILGFVFTL,10x,5,0.041705374,0.0
3172,FLYALALLL,10x,5,0.046799906,0.0
855,GILGFVFTL,10x,5,0.35330063,0.0
2807,GILGFVFTL,positive,5,0.13536352,1.0
671,GILGFVFTL,10x,5,0.18764265,0.0
2866,GILGFVFTL,positive,5,0.25227442,1.0
6221,FLYALALLL,10x,5,0.11594952,0.0
6696,GLCTLVAML,swapped_5707,5,0.9999989,0.0
3567,NLVPMVATV,10x,5,0.246329,0.0
1014,GILGFVFTL,10x,5,0.06320138,0.0
3826,GLCTLVAML,swapped_2701,5,0.9999989,0.0
3044,GILGFVFTL,positive,5,0.9999888,1.0
890,GILGFVFTL,10x,5,0.19970381,0.0
1838,NLVPMVATV,10x,5,0.5171325,0.0
911,GILGFVFTL,10x,5,0.09404889,0.0
1564,NLVPMVATV,positive,5,0.35321698,1.0
6327,NLVPMVATV,10x,5,0.22123565,0.0
931,MLDLQPETT,10x,5,0.35852382,0.0
514,GILGFVFTL,10x,5,0.18337406,0.0
103,GILGFVFTL,positive,5,0.9998447,1.0
4354,GILGFVFTL,positive,5,0.9999945,1.0
58,GILGFVFTL,positive,5,0.15905711,1.0
318,GILGFVFTL,positive,5,0.9998357,1.0
3115,NLVPMVATV,10x,5,0.40404236,0.0
4898,GILGFVFTL,10x,5,0.08324384,0.0
5182,GILGFVFTL,10x,5,0.11075909,0.0
2053,GILGFVFTL,10x,5,0.12519854,0.0
3047,GILGFVFTL,positive,5,0.24586526,1.0
6635,GILGFVFTL,swapped_5740,5,0.32908314,0.0
5292,GILGFVFTL,10x,5,0.1354357,0.0
6844,SLFNTVATL,swapped_5870,5,0.9999989,0.0
3591,NLVPMVATV,10x,5,0.19680713,0.0
5067,GILGFVFTL,10x,5,0.087954596,0.0
2255,GILGFVFTL,10x,5,0.014458245,0.0
1131,GILGFVFTL,10x,5,0.22051144,0.0
6156,GILGFVFTL,10x,5,0.21623999,0.0
6905,RMFPNAPYL,swapped_5902,5,0.9980926,0.0
2577,NLVPMVATV,swapped_1802,5,0.99916434,0.0
2955,GILGFVFTL,positive,5,0.054093327,1.0
3126,GILGFVFTL,10x,5,0.19444022,0.0
1138,NLVPMVATV,10x,5,0.055595048,0.0
2851,GILGFVFTL,positive,5,0.89342743,1.0
2430,GILGFVFTL,swapped_1547,5,0.008175686,0.0
3157,GILGFVFTL,10x,5,0.078185596,0.0
3701,GILGFVFTL,10x,5,0.21790947,0.0
4381,GILGFVFTL,positive,5,0.9952136,1.0
5871,GILGFVFTL,positive,5,0.99998426,1.0
1168,GLCTLVAML,swapped_287,5,0.99984705,0.0
3266,GILGFVFTL,10x,5,0.27708772,0.0
5862,GILGFVFTL,positive,5,0.20710778,1.0
2670,GLCTLVAML,swapped_1623,5,0.98884416,0.0
3791,GILGFVFTL,10x,5,0.10733934,0.0
4048,KTWGQYWQV,swapped_2788,5,0.99998724,0.0
4137,KTWGQYWQV,swapped_2912,5,0.04752105,0.0
4215,GILGFVFTL,positive,5,0.9990994,1.0
1322,GILGFVFTL,swapped_344,5,0.026710125,0.0
2494,GILGFVFTL,swapped_1592,5,0.026191728,0.0
3222,GILGFVFTL,10x,5,0.12850106,0.0
5868,GILGFVFTL,positive,5,0.475726,1.0
2309,GILGFVFTL,10x,5,0.29685846,0.0
6345,GLCTLVAML,10x,5,0.041991003,0.0
5790,FLYALALLL,positive,5,0.021660658,1.0
4439,GLCTLVAML,positive,5,0.05404014,1.0
4645,GLCTLVAML,10x,5,0.28609574,0.0
4034,NLVPMVATV,swapped_2817,5,0.99999833,0.0
1554,GILGFVFTL,positive,5,0.8469436,1.0
5424,NLVPMVATV,swapped_4267,5,0.9999937,0.0
1625,GILGFVFTL,positive,5,0.5282834,1.0
5028,GILGFVFTL,10x,5,0.098294616,0.0
5057,GILGFVFTL,10x,5,0.1040278,0.0
4041,NLVPMVATV,swapped_2799,5,0.4584346,0.0
2900,GILGFVFTL,positive,5,0.11917524,1.0
1148,NLVPMVATV,swapped_293,5,0.99999857,0.0
2231,RTLNAWVKV,10x,5,0.21393195,0.0
1448,FLYALALLL,swapped_107,5,0.9993358,0.0
5696,NLVPMVATV,swapped_4228,5,0.18180646,0.0
1714,NLVPMVATV,positive,5,0.1178562,1.0
1347,LLFGYPVYV,swapped_256,5,0.9998822,0.0
2024,GILGFVFTL,10x,5,0.22570865,0.0
6149,GILGFVFTL,10x,5,0.19314632,0.0
92,GILGFVFTL,positive,5,0.9982299,1.0
5062,GILGFVFTL,10x,5,0.21594894,0.0
107,GILGFVFTL,positive,5,0.9994031,1.0
6418,GILGFVFTL,10x,5,0.1003496,0.0
4535,GLCTLVAML,positive,5,0.015905451,1.0
2036,RTLNAWVKV,10x,5,0.93010205,0.0
234,FLYALALLL,positive,5,0.026089167,1.0
4375,GILGFVFTL,positive,5,0.9999734,1.0
5466,GLCTLVAML,swapped_4435,5,0.030459667,0.0
975,GILGFVFTL,10x,5,0.15358089,0.0
2999,GILGFVFTL,positive,5,0.9999616,1.0
34,GILGFVFTL,positive,5,0.99999654,1.0
2209,NLVPMVATV,10x,5,0.19654606,0.0
3665,GILGFVFTL,10x,5,0.18027285,0.0
3481,GILGFVFTL,10x,5,0.10370545,0.0
1337,GILGFVFTL,swapped_156,5,0.15524548,0.0
980,NLVPMVATV,10x,5,0.0404813,0.0
2319,NLVPMVATV,10x,5,0.1529982,0.0
6305,GILGFVFTL,10x,5,0.03068658,0.0
1736,NLVPMVATV,positive,5,0.122874804,1.0
5937,GILGFVFTL,positive,5,0.99999464,1.0
6741,NLVPMVATV,swapped_5760,5,0.98006135,0.0
1302,LLFGYPVYV,swapped_227,5,0.24132057,0.0
2185,NLVPMVATV,10x,5,0.20748143,0.0
664,GILGFVFTL,10x,5,0.3393629,0.0
4824,GILGFVFTL,10x,5,0.029457057,0.0
18,GLCTLVAML,positive,5,0.015007585,1.0
2467,GLCTLVAML,swapped_1742,5,0.99999845,0.0
4139,GILGFVFTL,swapped_3041,5,0.020404903,0.0
1891,GILGFVFTL,10x,5,0.124261536,0.0
1979,GILGFVFTL,10x,5,0.23336694,0.0
2831,GILGFVFTL,positive,5,0.9999397,1.0
1135,GLCTLVAML,10x,5,0.43122602,0.0
3068,GILGFVFTL,10x,5,0.115854636,0.0
186,FLYALALLL,positive,5,0.041564334,1.0
6563,NLVPMVATV,10x,5,0.15204962,0.0
2170,GILGFVFTL,10x,5,0.10854554,0.0
645,YLLEMLWRL,10x,5,0.23922761,0.0
4515,GILGFVFTL,positive,5,0.9979851,1.0
19,GILGFVFTL,positive,5,0.976487,1.0
3376,GILGFVFTL,10x,5,0.08581924,0.0
2009,GILGFVFTL,10x,5,0.14520164,0.0
1431,FLYALALLL,swapped_362,5,0.06771931,0.0
5243,MLDLQPETT,10x,5,0.4097979,0.0
578,GLCTLVAML,10x,5,0.10275726,0.0
1069,GILGFVFTL,10x,5,0.20311671,0.0
1311,NLVPMVATV,swapped_119,5,0.99994826,0.0
331,GILGFVFTL,positive,5,0.9429463,1.0
5606,GILGFVFTL,swapped_4471,5,0.1161725,0.0
1298,KVLEYVIKV,swapped_268,5,0.105887644,0.0
2725,GILGFVFTL,positive,5,0.9909895,1.0
3751,NLVPMVATV,10x,5,0.09135763,0.0
6531,GILGFVFTL,10x,5,0.40034458,0.0
4029,FLYALALLL,swapped_3022,5,0.1575433,0.0
6280,GILGFVFTL,10x,5,0.15583585,0.0
5102,GILGFVFTL,10x,5,0.10606009,0.0
986,GILGFVFTL,10x,5,0.022475883,0.0
3837,NLVPMVATV,swapped_2974,5,0.23909096,0.0
6402,GILGFVFTL,10x,5,0.1389694,0.0
4312,GILGFVFTL,positive,5,0.9999484,1.0
556,GILGFVFTL,10x,5,0.18102157,0.0
966,IMDQVPFSV,10x,5,0.15916154,0.0
1157,GILGFVFTL,swapped_210,5,0.11280557,0.0
365,GILGFVFTL,positive,5,0.98066574,1.0
1283,GLCTLVAML,swapped_145,5,0.54284316,0.0
2783,GILGFVFTL,positive,5,0.9764488,1.0
754,GILGFVFTL,10x,5,0.33103764,0.0
887,GLCTLVAML,10x,5,0.041249223,0.0
1837,RMFPNAPYL,10x,5,0.1812714,0.0
5902,GILGFVFTL,positive,5,0.99814427,1.0
1075,GILGFVFTL,10x,5,0.10847956,0.0
3743,GILGFVFTL,10x,5,0.047630917,0.0
2888,GILGFVFTL,positive,5,0.653978,1.0
6252,GILGFVFTL,10x,5,0.07932952,0.0
272,GILGFVFTL,positive,5,0.48039657,1.0
1590,GILGFVFTL,positive,5,0.9240819,1.0
6664,NLVPMVATV,swapped_5720,5,0.10973726,0.0
3845,GLCTLVAML,swapped_2936,5,0.30725747,0.0
2393,GILGFVFTL,10x,5,0.071631685,0.0
4687,RTLNAWVKV,10x,5,0.104191646,0.0
4205,GILGFVFTL,positive,5,0.37196723,1.0
6612,GLCTLVAML,swapped_5875,5,0.9976681,0.0
1693,GILGFVFTL,positive,5,0.99999905,1.0
1091,GILGFVFTL,10x,5,0.36096182,0.0
4869,GILGFVFTL,10x,5,0.3815554,0.0
4536,FLYALALLL,positive,5,0.025369013,1.0
1310,FLYALALLL,swapped_283,5,0.9999864,0.0
4915,GILGFVFTL,10x,5,0.923591,0.0
3985,KTWGQYWQV,swapped_2945,5,0.14201373,0.0
1318,GLCTLVAML,swapped_24,5,0.9999945,0.0
480,GILGFVFTL,10x,5,0.16836984,0.0
341,GILGFVFTL,positive,5,0.050016694,1.0
2282,GLCTLVAML,10x,5,0.2898015,0.0
4911,LLFGYPVYV,10x,5,0.29789117,0.0
309,GILGFVFTL,positive,5,0.9999931,1.0
4311,GILGFVFTL,positive,5,0.12414625,1.0
6036,FLYALALLL,10x,5,0.139751,0.0
1727,GILGFVFTL,positive,5,0.98927456,1.0
4584,YLLEMLWRL,10x,5,0.1576323,0.0
3028,GILGFVFTL,positive,5,0.71870816,1.0
2958,GLCTLVAML,positive,5,0.1496277,1.0
3241,GILGFVFTL,10x,5,0.22870456,0.0
6715,GLCTLVAML,swapped_5990,5,0.9999933,0.0
1876,GILGFVFTL,10x,5,0.19917613,0.0
5697,GLCTLVAML,swapped_4538,5,0.025859077,0.0
6670,NLVPMVATV,swapped_5946,5,0.9585241,0.0
5217,GILGFVFTL,10x,5,0.31294522,0.0
6147,GILGFVFTL,10x,5,0.11878437,0.0
542,GILGFVFTL,10x,5,0.18583962,0.0
4431,NLVPMVATV,positive,5,0.14763033,1.0
6790,KTWGQYWQV,swapped_5792,5,0.2049397,0.0
344,GLCTLVAML,positive,5,0.03048381,1.0
397,RMFPNAPYL,10x,5,0.120048486,0.0
4445,GILGFVFTL,positive,5,0.43273884,1.0
2613,LLFGYPVYV,swapped_1679,5,0.976307,0.0
1245,RTLNAWVKV,swapped_234,5,0.029666612,0.0
5667,GLCTLVAML,swapped_4396,5,0.35962647,0.0
457,GILGFVFTL,10x,5,0.24433446,0.0
2173,GILGFVFTL,10x,5,0.21660788,0.0
3954,GLCTLVAML,swapped_2851,5,0.92881536,0.0
956,RTLNAWVKV,10x,5,0.15394479,0.0
1020,GILGFVFTL,10x,5,0.08667728,0.0
6018,RMFPNAPYL,10x,5,0.2960907,0.0
203,GILGFVFTL,positive,5,0.052454088,1.0
6534,GILGFVFTL,10x,5,0.21318972,0.0
2477,GILGFVFTL,swapped_1704,5,0.07375163,0.0
4290,LLFGYPVYV,positive,5,0.1975647,1.0
3725,GILGFVFTL,10x,5,0.08238856,0.0
2798,GILGFVFTL,positive,5,0.9999976,1.0
4451,IMDQVPFSV,positive,5,0.4329725,1.0
6657,NLVPMVATV,swapped_5981,5,0.19806865,0.0
5945,GILGFVFTL,positive,5,0.9895238,1.0
4716,GLCTLVAML,10x,5,0.09983545,0.0
5430,NLVPMVATV,swapped_4356,5,0.9999987,0.0
287,GILGFVFTL,positive,5,0.99991345,1.0
3626,RMFPNAPYL,10x,5,0.122567676,0.0
2486,GLCTLVAML,swapped_1702,5,0.9999975,0.0
3303,GILGFVFTL,10x,5,0.08284715,0.0
2801,GILGFVFTL,positive,5,0.9706791,1.0
3594,GILGFVFTL,10x,5,0.13460226,0.0
6445,GILGFVFTL,10x,5,0.24063839,0.0
3639,GILGFVFTL,10x,5,0.050732452,0.0
4201,GILGFVFTL,positive,5,0.21807921,1.0
2698,GILGFVFTL,positive,5,0.16469255,1.0
4238,SLLMWITQV,positive,5,0.4139846,1.0
1170,GLCTLVAML,swapped_193,5,0.9982633,0.0
3524,GILGFVFTL,10x,5,0.27667493,0.0
2260,GILGFVFTL,10x,5,0.17265506,0.0
3355,GILGFVFTL,10x,5,0.42783937,0.0
3522,GILGFVFTL,10x,5,0.08424069,0.0
6004,GILGFVFTL,positive,5,0.3218343,1.0
6082,GILGFVFTL,10x,5,0.029706018,0.0
4753,GILGFVFTL,10x,5,0.40042683,0.0
4174,GLCTLVAML,positive,5,0.44470945,1.0
5614,GILGFVFTL,swapped_4439,5,0.049703963,0.0
352,GILGFVFTL,positive,5,0.9091763,1.0
2739,GILGFVFTL,positive,5,0.99942976,1.0
2236,YLLEMLWRL,10x,5,0.36444634,0.0
3200,GILGFVFTL,10x,5,0.15059187,0.0
1250,GLCTLVAML,swapped_312,5,0.9999796,0.0
5401,NLVPMVATV,swapped_4413,5,0.999995,0.0
4858,GILGFVFTL,10x,5,0.06508718,0.0
741,GILGFVFTL,10x,5,0.2877573,0.0
696,GLCTLVAML,10x,5,0.039974682,0.0
3051,GILGFVFTL,positive,5,0.99997556,1.0
4356,GILGFVFTL,positive,5,0.99999905,1.0
1147,GILGFVFTL,swapped_22,5,0.046216596,0.0
1276,GLCTLVAML,swapped_155,5,0.9999901,0.0
4512,GLCTLVAML,positive,5,0.15479314,1.0
6366,GILGFVFTL,10x,5,0.12243592,0.0
3419,GILGFVFTL,10x,5,0.07101507,0.0
4397,GILGFVFTL,positive,5,0.88164836,1.0
1345,GLCTLVAML,swapped_365,5,0.9811668,0.0
5241,GILGFVFTL,10x,5,0.14688867,0.0
5792,NLVPMVATV,positive,5,0.19702615,1.0
1964,GILGFVFTL,10x,5,0.45975718,0.0
5989,GLCTLVAML,positive,5,0.12948254,1.0
5707,GILGFVFTL,positive,5,0.9999993,1.0
3192,GILGFVFTL,10x,5,0.29963836,0.0
1919,GILGFVFTL,10x,5,0.059649665,0.0
6316,GILGFVFTL,10x,5,0.10782083,0.0
5108,GILGFVFTL,10x,5,0.07150371,0.0
4273,GILGFVFTL,positive,5,0.99998,1.0
1900,NLVPMVATV,10x,5,0.44309556,0.0
2884,GILGFVFTL,positive,5,0.9694901,1.0
2852,GLCTLVAML,positive,5,0.024961274,1.0
2882,GILGFVFTL,positive,5,0.8804367,1.0
5755,GLCTLVAML,positive,5,0.044352524,1.0
3796,GILGFVFTL,10x,5,0.10569257,0.0
1807,FLYALALLL,positive,5,0.052268025,1.0
2482,GLCTLVAML,swapped_1624,5,0.31664482,0.0
1214,NLVPMVATV,swapped_241,5,0.987491,0.0
1272,GLCTLVAML,swapped_309,5,0.9999932,0.0
2213,GILGFVFTL,10x,5,0.1538024,0.0
3533,GILGFVFTL,10x,5,0.11007847,0.0
3812,GLCTLVAML,swapped_3039,5,0.9994136,0.0
5530,GLCTLVAML,swapped_4445,5,0.43871996,0.0
4336,GILGFVFTL,positive,5,0.995271,1.0
2600,NLVPMVATV,swapped_1629,5,0.99583757,0.0
6874,GILGFVFTL,swapped_5970,5,0.072228685,0.0
6178,NLVPMVATV,10x,5,0.07808159,0.0
5536,GILGFVFTL,swapped_4367,5,0.040943097,0.0
2329,NLVPMVATV,10x,5,0.4329725,0.0
256,GILGFVFTL,positive,5,0.99987936,1.0
1215,NLVPMVATV,swapped_257,5,0.9803407,0.0
1992,GILGFVFTL,10x,5,0.07240178,0.0
4463,GILGFVFTL,positive,5,0.99985135,1.0
3326,GILGFVFTL,10x,5,0.18445484,0.0
5109,NLVPMVATV,10x,5,0.13743255,0.0
1850,GILGFVFTL,10x,5,0.06198957,0.0
3538,GILGFVFTL,10x,5,0.04067907,0.0
933,GILGFVFTL,10x,5,0.14705208,0.0
2853,GILGFVFTL,positive,5,0.9998087,1.0
4180,GILGFVFTL,positive,5,0.99999785,1.0
669,GILGFVFTL,10x,5,0.2388918,0.0
1171,GLCTLVAML,swapped_348,5,0.5450161,0.0
6423,NLVPMVATV,10x,5,0.06265782,0.0
3941,GLCTLVAML,swapped_2789,5,0.9940779,0.0
4374,GILGFVFTL,positive,5,0.9999839,1.0
42,GILGFVFTL,positive,5,0.99999833,1.0
1088,GILGFVFTL,10x,5,0.053153798,0.0
5293,GILGFVFTL,10x,5,0.37625757,0.0
1800,GILGFVFTL,positive,5,0.929715,1.0
1243,RTLNAWVKV,swapped_320,5,0.9998066,0.0
661,SLFNTVATL,10x,5,0.10706911,0.0
5560,RMFPNAPYL,swapped_4502,5,0.99994767,0.0
5369,GLCTLVAML,swapped_4185,5,0.9995192,0.0
6124,GILGFVFTL,10x,5,0.33960557,0.0
1279,GLCTLVAML,swapped_34,5,0.99999654,0.0
6127,GILGFVFTL,10x,5,0.18732098,0.0
2693,GILGFVFTL,swapped_1759,5,0.11333499,0.0
3918,GLCTLVAML,swapped_2790,5,0.9823861,0.0
5629,GLCTLVAML,swapped_4536,5,0.026502669,0.0
6425,GLCTLVAML,10x,5,0.22569315,0.0
336,GILGFVFTL,positive,5,0.99994874,1.0
4328,GILGFVFTL,positive,5,0.6716912,1.0
2372,LLFGYPVYV,10x,5,0.17268972,0.0
3118,GLCTLVAML,10x,5,0.3333491,0.0
4003,GLCTLVAML,swapped_2884,5,0.9706034,0.0
3674,GILGFVFTL,10x,5,0.2558286,0.0
3887,SLFNTVATL,swapped_2860,5,0.9999951,0.0
2045,GILGFVFTL,10x,5,0.22359793,0.0
1274,LLFGYPVYV,swapped_263,5,0.95975906,0.0
1704,GLCTLVAML,positive,5,0.079474665,1.0
3287,GILGFVFTL,10x,5,0.27569956,0.0
3252,GLCTLVAML,10x,5,0.1717136,0.0
1510,YLLEMLWRL,swapped_137,5,0.07511122,0.0
1060,GILGFVFTL,10x,5,0.11249015,0.0
4295,GILGFVFTL,positive,5,0.9999969,1.0
1713,GILGFVFTL,positive,5,0.8657922,1.0
2070,GILGFVFTL,10x,5,0.098703384,0.0
4485,GILGFVFTL,positive,5,0.19805235,1.0
3882,GLCTLVAML,swapped_2895,5,0.99998593,0.0
1759,FLYALALLL,positive,5,0.11553085,1.0
1776,GILGFVFTL,positive,5,0.058971167,1.0
6151,GILGFVFTL,10x,5,0.068456866,0.0
73,KVLEYVIKV,positive,5,0.33049625,1.0
2817,GILGFVFTL,positive,5,0.99999905,1.0
4644,GILGFVFTL,10x,5,0.07868572,0.0
5597,GILGFVFTL,swapped_4464,5,0.16236906,0.0
2381,NLVPMVATV,10x,5,0.028942091,0.0
1921,NLVPMVATV,10x,5,0.07653542,0.0
6261,GILGFVFTL,10x,5,0.30086347,0.0
757,GLCTLVAML,10x,5,0.1916182,0.0
5294,GILGFVFTL,10x,5,0.17055765,0.0
6898,GLCTLVAML,swapped_5731,5,0.9915336,0.0
217,GILGFVFTL,positive,5,0.6620011,1.0
3098,GILGFVFTL,10x,5,0.41773385,0.0
2511,GLCTLVAML,swapped_1672,5,0.4814473,0.0
1854,NLVPMVATV,10x,5,0.33043706,0.0
2468,NLVPMVATV,swapped_1627,5,0.99998057,0.0
1514,LLFGYPVYV,swapped_229,5,0.9973139,0.0
812,GILGFVFTL,10x,5,0.19572207,0.0
4199,NLVPMVATV,positive,5,0.0371286,1.0
5146,GILGFVFTL,10x,5,0.029608851,0.0
1339,GLCTLVAML,swapped_354,5,0.9999976,0.0
2923,GILGFVFTL,positive,5,0.09078936,1.0
3225,GILGFVFTL,10x,5,0.20682335,0.0
1749,GILGFVFTL,positive,5,0.94352806,1.0
330,LLFGYPVYV,positive,5,0.10768593,1.0
227,GILGFVFTL,positive,5,0.25753847,1.0
1949,GILGFVFTL,10x,5,0.3697964,0.0
1689,NLVPMVATV,positive,5,0.4268042,1.0
1778,GILGFVFTL,positive,5,0.9991887,1.0
3294,GILGFVFTL,10x,5,0.15756072,0.0
869,GILGFVFTL,10x,5,0.15089692,0.0
1862,GILGFVFTL,10x,5,0.12033839,0.0
22,FLYALALLL,positive,5,0.046484146,1.0
825,GILGFVFTL,10x,5,0.039520767,0.0
1970,GILGFVFTL,10x,5,0.23124906,0.0
4315,GILGFVFTL,positive,5,0.9886076,1.0
3444,GILGFVFTL,10x,5,0.05242987,0.0
3152,NLVPMVATV,10x,5,0.36998308,0.0
5363,GLCTLVAML,swapped_4312,5,0.9999262,0.0
6847,GILGFVFTL,swapped_5816,5,0.38405094,0.0
2114,GILGFVFTL,10x,5,0.4210606,0.0
3278,GLCTLVAML,10x,5,0.44614428,0.0
6063,RTLNAWVKV,10x,5,0.085082114,0.0
1671,GILGFVFTL,positive,5,0.27939093,1.0
3622,GILGFVFTL,10x,5,0.77002186,0.0
3606,GILGFVFTL,10x,5,0.2828396,0.0
2701,GILGFVFTL,positive,5,0.9999993,1.0
2646,NLVPMVATV,swapped_1625,5,0.5221994,0.0
5683,RMFPNAPYL,swapped_4364,5,0.9999449,0.0
1963,GLCTLVAML,10x,5,0.34355605,0.0
949,GILGFVFTL,10x,5,0.14219181,0.0
2731,GILGFVFTL,positive,5,0.9999598,1.0
5543,RTLNAWVKV,swapped_4257,5,0.9716271,0.0
1348,NLVPMVATV,swapped_141,5,0.828697,0.0
1911,GILGFVFTL,10x,5,0.42871514,0.0
3763,GILGFVFTL,10x,5,0.17932452,0.0
1777,NLVPMVATV,positive,5,0.11913427,1.0
2512,NLVPMVATV,swapped_1766,5,0.9750215,0.0
4435,GILGFVFTL,positive,5,0.02893642,1.0
576,GILGFVFTL,10x,5,0.07887512,0.0
1522,LLFGYPVYV,swapped_186,5,0.041935466,0.0
6037,GILGFVFTL,10x,5,0.5529559,0.0
3104,RTLNAWVKV,10x,5,0.08585205,0.0
3657,GILGFVFTL,10x,5,0.05200389,0.0
4153,GLCTLVAML,swapped_2783,5,0.9739033,0.0
6611,FLYALALLL,swapped_5974,5,0.4061027,0.0
1370,KVAELVHFL,swapped_323,5,0.29424417,0.0
1420,GILGFVFTL,swapped_171,5,0.11789669,0.0
6339,GILGFVFTL,10x,5,0.08201755,0.0
6247,GILGFVFTL,10x,5,0.3908399,0.0
247,GILGFVFTL,positive,5,0.99986005,1.0
785,GLCTLVAML,10x,5,0.17878015,0.0
6725,NLVPMVATV,swapped_5728,5,0.18950583,0.0
1723,NLVPMVATV,positive,5,0.31836835,1.0
2060,GLCTLVAML,10x,5,0.067339934,0.0
2761,GILGFVFTL,positive,5,0.9793897,1.0
1872,GILGFVFTL,10x,5,0.40528286,0.0
4367,GLCTLVAML,positive,5,0.043528218,1.0
4219,GILGFVFTL,positive,5,0.98004067,1.0
4960,RTLNAWVKV,10x,5,0.4329725,0.0
3581,NLVPMVATV,10x,5,0.38431,0.0
485,GILGFVFTL,10x,5,0.09679105,0.0
1115,GILGFVFTL,10x,5,0.12796009,0.0
160,GILGFVFTL,positive,5,0.9999993,1.0
2253,GILGFVFTL,10x,5,0.13635312,0.0
471,GILGFVFTL,10x,5,0.09749549,0.0
6303,GILGFVFTL,10x,5,0.2481368,0.0
5717,GILGFVFTL,positive,5,0.99989474,1.0
1809,GLCTLVAML,positive,5,0.044884212,1.0
1039,NLVPMVATV,10x,5,0.9963762,0.0
5520,MLDLQPETT,swapped_4243,5,0.9999889,0.0
3569,GILGFVFTL,10x,5,0.34477198,0.0
5249,RTLNAWVKV,10x,5,0.19152088,0.0
443,KTWGQYWQV,10x,5,0.11358674,0.0
2328,GILGFVFTL,10x,5,0.40723968,0.0
5208,GILGFVFTL,10x,5,0.30404395,0.0
2699,GLCTLVAML,positive,5,0.039454516,1.0
5385,GILGFVFTL,swapped_4199,5,0.0328029,0.0
1455,GLCTLVAML,swapped_58,5,0.17418857,0.0
100,GILGFVFTL,positive,5,0.9958674,1.0
283,GILGFVFTL,positive,5,0.9999871,1.0
3719,GILGFVFTL,10x,5,0.13638613,0.0
4274,KTWGQYWQV,positive,5,0.030108329,1.0
1361,NLVPMVATV,swapped_317,5,0.9999974,0.0
4342,GLCTLVAML,positive,5,0.034539964,1.0
1349,RTLNAWVKV,swapped_121,5,0.4650165,0.0
3008,GLCTLVAML,positive,5,0.01405709,1.0
1675,FLYALALLL,positive,5,0.021805873,1.0
263,GILGFVFTL,positive,5,0.9593377,1.0
2247,GILGFVFTL,10x,5,0.21158472,0.0
4396,NLVPMVATV,positive,5,0.3756475,1.0
4141,NLVPMVATV,swapped_2962,5,0.99715304,0.0
6076,RMFPNAPYL,10x,5,0.21017708,0.0
2977,GILGFVFTL,positive,5,0.99999917,1.0
3922,NLVPMVATV,swapped_2938,5,0.997993,0.0
4634,GILGFVFTL,10x,5,0.10980398,0.0
6865,GILGFVFTL,swapped_5776,5,0.08734168,0.0
1416,LLFGYPVYV,swapped_19,5,0.97673494,0.0
2895,GILGFVFTL,positive,5,0.9999871,1.0
3647,NLVPMVATV,10x,5,0.07430887,0.0
5722,GILGFVFTL,positive,5,0.9998859,1.0
121,GILGFVFTL,positive,5,0.48129976,1.0
6687,GILGFVFTL,swapped_5930,5,0.03599293,0.0
2792,GILGFVFTL,positive,5,0.9999993,1.0
4566,GILGFVFTL,10x,5,0.13464531,0.0
4083,GLCTLVAML,swapped_2859,5,0.93721,0.0
4587,GILGFVFTL,10x,5,0.38095653,0.0
5656,FLYALALLL,swapped_4360,5,0.98264277,0.0
2799,GILGFVFTL,positive,5,0.45161036,1.0
4413,GILGFVFTL,positive,5,0.99999666,1.0
807,GILGFVFTL,10x,5,0.09577094,0.0
1169,RTLNAWVKV,swapped_47,5,0.29856965,0.0
6146,NLVPMVATV,10x,5,0.061625462,0.0
2348,GILGFVFTL,10x,5,0.2947061,0.0
2711,GILGFVFTL,positive,5,0.9993247,1.0
2763,GILGFVFTL,positive,5,0.9999559,1.0
1087,GILGFVFTL,10x,5,0.356561,0.0
369,GILGFVFTL,positive,5,0.9993382,1.0
320,GILGFVFTL,positive,5,0.99983716,1.0
4546,GILGFVFTL,positive,5,0.9999963,1.0
5935,GILGFVFTL,positive,5,0.34298152,1.0
3921,NLVPMVATV,swapped_2977,5,0.9999989,0.0
2297,GILGFVFTL,10x,5,0.24333335,0.0
6034,GLCTLVAML,10x,5,0.11682923,0.0
704,GLCTLVAML,10x,5,0.11542604,0.0
6632,NLVPMVATV,swapped_5795,5,0.99999964,0.0
2446,GILGFVFTL,swapped_1552,5,0.016521031,0.0
5740,GLCTLVAML,positive,5,0.35530856,1.0
4350,GILGFVFTL,positive,5,0.99999785,1.0
4143,LLFGYPVYV,swapped_2828,5,0.039744455,0.0
676,GILGFVFTL,10x,5,0.29814044,0.0
5660,GILGFVFTL,swapped_4535,5,0.011359937,0.0
1929,GILGFVFTL,10x,5,0.14329523,0.0
151,GILGFVFTL,positive,5,0.9974021,1.0
3998,GILGFVFTL,swapped_2944,5,0.1326627,0.0
137,NLVPMVATV,positive,5,0.07879509,1.0
6708,GLCTLVAML,swapped_5825,5,0.99999416,0.0
2257,GILGFVFTL,10x,5,0.050118204,0.0
6609,GILGFVFTL,10x,5,0.7753264,0.0
3653,GILGFVFTL,10x,5,0.16059315,0.0
210,GLCTLVAML,positive,5,0.11834692,1.0
2912,FLYALALLL,positive,5,0.041523796,1.0
3702,GLCTLVAML,10x,5,0.39186534,0.0
1521,FLYALALLL,swapped_103,5,0.9998437,0.0
2518,GILGFVFTL,swapped_1809,5,0.04067174,0.0
6400,GILGFVFTL,10x,5,0.24312991,0.0
2432,GILGFVFTL,swapped_1714,5,0.09631711,0.0
3956,NLVPMVATV,swapped_3028,5,0.7354697,0.0
3151,GILGFVFTL,10x,5,0.1890669,0.0
5308,NLVPMVATV,10x,5,0.14800332,0.0
5630,GLCTLVAML,swapped_4215,5,0.9989378,0.0
6243,GILGFVFTL,10x,5,0.073910154,0.0
5439,RMFPNAPYL,swapped_4365,5,0.12684134,0.0
2274,GILGFVFTL,10x,5,0.17868818,0.0
2443,SLLMWITQV,swapped_1700,5,0.9771854,0.0
518,NLVPMVATV,10x,5,0.41337594,0.0
2683,FLYALALLL,swapped_1693,5,0.9999989,0.0
2916,GILGFVFTL,positive,5,0.9999982,1.0
3386,GLCTLVAML,10x,5,0.08009017,0.0
354,GILGFVFTL,positive,5,0.9999975,1.0
934,GILGFVFTL,10x,5,0.17039603,0.0
1297,GILGFVFTL,swapped_330,5,0.10930315,0.0
2662,YLLEMLWRL,swapped_1554,5,0.8194225,0.0
421,LLFGYPVYV,10x,5,0.17029364,0.0
169,NLVPMVATV,positive,5,0.20471144,1.0
2827,GILGFVFTL,positive,5,0.41959384,1.0
4891,GILGFVFTL,10x,5,0.18856964,0.0
1242,RTLNAWVKV,swapped_89,5,0.9254942,0.0
5038,GILGFVFTL,10x,5,0.10131334,0.0
6353,GILGFVFTL,10x,5,0.35652417,0.0
6796,GILGFVFTL,swapped_5989,5,0.11812729,0.0
1726,GILGFVFTL,positive,5,0.091166556,1.0
2167,GILGFVFTL,10x,5,0.3161068,0.0
5061,NLVPMVATV,10x,5,0.42568412,0.0
1702,GILGFVFTL,positive,5,0.9999982,1.0
3394,GLCTLVAML,10x,5,0.13196677,0.0
4115,NLVPMVATV,swapped_2827,5,0.4329725,0.0
5875,GILGFVFTL,positive,5,0.99837494,1.0
1770,NLVPMVATV,positive,5,0.33409533,1.0
1875,GILGFVFTL,10x,5,0.07034731,0.0
6079,GILGFVFTL,10x,5,0.080003686,0.0
5405,GILGFVFTL,swapped_4505,5,0.03314997,0.0
1118,GILGFVFTL,10x,5,0.22203207,0.0
3150,GLCTLVAML,10x,5,0.3594774,0.0
925,NLVPMVATV,10x,5,0.662278,0.0
4471,NLVPMVATV,positive,5,0.1304567,1.0
3339,GILGFVFTL,10x,5,0.19947533,0.0
2094,GLCTLVAML,10x,5,0.20361102,0.0
4849,GILGFVFTL,10x,5,0.38373592,0.0
4818,NLVPMVATV,10x,5,0.2695708,0.0
3624,IMDQVPFSV,10x,5,0.03621766,0.0
1154,GILGFVFTL,swapped_65,5,0.05914165,0.0
2122,GILGFVFTL,10x,5,0.17863598,0.0
3436,GILGFVFTL,10x,5,0.069104984,0.0
6244,GILGFVFTL,10x,5,0.10174052,0.0
4292,GILGFVFTL,positive,5,0.8705062,1.0
3973,LLFGYPVYV,swapped_2792,5,0.9999993,0.0
3031,GILGFVFTL,positive,5,0.99999833,1.0
1226,NLVPMVATV,swapped_160,5,0.9999988,0.0
1503,FLYALALLL,swapped_33,5,0.0068283547,0.0
1966,GILGFVFTL,10x,5,0.6324604,0.0
3992,NLVPMVATV,swapped_2739,5,0.9993926,0.0
6068,GLCTLVAML,10x,5,0.24700055,0.0
5191,GLCTLVAML,10x,5,0.16853742,0.0
1766,GILGFVFTL,positive,5,0.97565514,1.0
3292,SLFNTVATL,10x,5,0.43239874,0.0
2349,GILGFVFTL,10x,5,0.38804737,0.0
6431,GILGFVFTL,10x,5,0.12762658,0.0
4015,NLVPMVATV,swapped_2898,5,0.051762085,0.0
4919,GILGFVFTL,10x,5,0.22190408,0.0
795,GLCTLVAML,10x,5,0.13416643,0.0
3685,GILGFVFTL,10x,5,0.2817739,0.0
2804,FLYALALLL,positive,5,0.07293425,1.0
4090,GLCTLVAML,swapped_3019,5,0.9999893,0.0
5979,GILGFVFTL,positive,5,0.99996614,1.0
963,RTLNAWVKV,10x,5,0.10461865,0.0
3698,GILGFVFTL,10x,5,0.117806435,0.0
6889,YLLEMLWRL,swapped_5969,5,0.9315364,0.0
2901,GILGFVFTL,positive,5,0.2504039,1.0
4873,NLVPMVATV,10x,5,0.46681127,0.0
883,GILGFVFTL,10x,5,0.40228596,0.0
4277,GILGFVFTL,positive,5,0.9999393,1.0
3910,GLCTLVAML,swapped_2698,5,0.18024524,0.0
5233,GILGFVFTL,10x,5,0.17464714,0.0
3160,RMFPNAPYL,10x,5,0.20527516,0.0
5004,GILGFVFTL,10x,5,0.41615063,0.0
6721,GLCTLVAML,swapped_5809,5,0.41379872,0.0
987,NLVPMVATV,10x,5,0.23822835,0.0
6904,GILGFVFTL,swapped_5737,5,0.00927464,0.0
3106,NLVPMVATV,10x,5,0.9792315,0.0
5748,GILGFVFTL,positive,5,0.51090693,1.0
499,GILGFVFTL,10x,5,0.27042496,0.0
5026,GILGFVFTL,10x,5,0.117340535,0.0
5825,GILGFVFTL,positive,5,0.9999956,1.0
2590,GILGFVFTL,swapped_1807,5,0.051968995,0.0
145,GILGFVFTL,positive,5,0.581099,1.0
1126,GILGFVFTL,10x,5,0.14008297,0.0
2239,GILGFVFTL,10x,5,0.056670062,0.0
2591,LLFGYPVYV,swapped_1564,5,0.3212063,0.0
1686,FLYALALLL,positive,5,0.03622062,1.0
3195,GILGFVFTL,10x,5,0.15997967,0.0
3261,GILGFVFTL,10x,5,0.20185372,0.0
4040,GLCTLVAML,swapped_2794,5,0.92830783,0.0
3783,GILGFVFTL,10x,5,0.22287527,0.0
6719,GILGFVFTL,swapped_5878,5,0.106109105,0.0
1137,GLCTLVAML,10x,5,0.9999968,0.0
2505,NLVPMVATV,swapped_1690,5,0.09239666,0.0
5882,SLLMWITQV,positive,5,0.5246187,1.0
3410,GLCTLVAML,10x,5,0.4477595,0.0
1453,GLCTLVAML,swapped_100,5,0.9959259,0.0
1672,GILGFVFTL,positive,5,0.48154953,1.0
3983,KVLEYVIKV,swapped_2888,5,0.66988724,0.0
2203,GILGFVFTL,10x,5,0.3554985,0.0
4168,GILGFVFTL,swapped_2897,5,0.114385776,0.0
268,GILGFVFTL,positive,5,0.09443121,1.0
3732,GILGFVFTL,10x,5,0.07603373,0.0
6668,GLCTLVAML,swapped_5862,5,0.2255842,0.0
5105,GILGFVFTL,10x,5,0.09170327,0.0
2459,GLCTLVAML,swapped_1790,5,0.27430755,0.0
4886,GILGFVFTL,10x,5,0.2409965,0.0
2992,GILGFVFTL,positive,5,0.9987785,1.0
2794,GILGFVFTL,positive,5,0.91570365,1.0
4580,GILGFVFTL,10x,5,0.10209881,0.0
936,GILGFVFTL,10x,5,0.030492451,0.0
2973,GILGFVFTL,positive,5,0.9999665,1.0
249,GILGFVFTL,positive,5,0.9999993,1.0
1677,GILGFVFTL,positive,5,0.987677,1.0
1624,GILGFVFTL,positive,5,0.33317214,1.0
4031,FLYALALLL,swapped_2943,5,0.99999774,0.0
3773,GILGFVFTL,10x,5,0.28199401,0.0
5452,NLVPMVATV,swapped_4219,5,0.9799571,0.0
1289,NLVPMVATV,swapped_187,5,0.99645376,0.0
4004,IMDQVPFSV,swapped_3031,5,0.9999982,0.0
4944,GILGFVFTL,10x,5,0.31977275,0.0
2592,RTLNAWVKV,swapped_1713,5,0.8607607,0.0
392,GILGFVFTL,10x,5,0.070254594,0.0
2026,GILGFVFTL,10x,5,0.09682503,0.0
2162,GILGFVFTL,10x,5,0.9943123,0.0
3255,GILGFVFTL,10x,5,0.23031002,0.0
4661,GILGFVFTL,10x,5,0.052523263,0.0
1690,GLCTLVAML,positive,5,0.08806199,1.0
1253,FLYALALLL,swapped_247,5,0.999856,0.0
991,GLCTLVAML,swapped_73,5,0.3282542,0.0
293,GILGFVFTL,positive,5,0.9999988,1.0
5215,MLDLQPETT,10x,5,0.109377354,0.0
2501,GLCTLVAML,swapped_1671,5,0.31417197,0.0
5903,GILGFVFTL,positive,5,0.9999368,1.0
3770,GILGFVFTL,10x,5,0.24822104,0.0
4619,GILGFVFTL,10x,5,0.02985976,0.0
5112,GILGFVFTL,10x,5,0.053039506,0.0
6166,GILGFVFTL,10x,5,0.23923634,0.0
4853,GILGFVFTL,10x,5,0.29153195,0.0
751,GILGFVFTL,10x,5,0.041842975,0.0
3999,GILGFVFTL,swapped_2869,5,0.069882624,0.0
2989,GILGFVFTL,positive,5,0.9999993,1.0
3084,GLCTLVAML,10x,5,0.2202515,0.0
6039,GILGFVFTL,10x,5,0.1344003,0.0
6576,FLYALALLL,10x,5,0.17414509,0.0
3946,NLVPMVATV,swapped_2798,5,0.9999964,0.0
5403,GLCTLVAML,swapped_4277,5,0.99993503,0.0
3717,GILGFVFTL,10x,5,0.14479037,0.0
6802,MLDLQPETT,swapped_5979,5,0.9999629,0.0
4921,GILGFVFTL,10x,5,0.34531757,0.0
6575,GILGFVFTL,10x,5,0.09524862,0.0
5176,GILGFVFTL,10x,5,0.026314856,0.0
2232,NLVPMVATV,10x,5,0.2042123,0.0
4024,GLCTLVAML,swapped_2955,5,0.056930374,0.0
1890,GLCTLVAML,10x,5,0.02401596,0.0
1926,KTWGQYWQV,10x,5,0.11406922,0.0
4606,GILGFVFTL,10x,5,0.116478704,0.0
2398,RMFPNAPYL,10x,5,0.07541129,0.0
3486,GILGFVFTL,10x,5,0.040514592,0.0
4502,GILGFVFTL,positive,5,0.9999484,1.0
3775,GILGFVFTL,10x,5,0.26557553,0.0
5312,GLCTLVAML,10x,5,0.14364964,0.0
4118,GLCTLVAML,swapped_2866,5,0.27339092,0.0
5732,GILGFVFTL,positive,5,0.9999882,1.0
1864,GILGFVFTL,10x,5,0.07951423,0.0
505,NLVPMVATV,10x,5,0.09200075,0.0
5731,GILGFVFTL,positive,5,0.9910069,1.0
3813,GILGFVFTL,swapped_2730,5,0.17393155,0.0
709,GILGFVFTL,10x,5,0.19506264,0.0
5870,GILGFVFTL,positive,5,0.9999989,1.0
1056,GLCTLVAML,10x,5,0.06980654,0.0
4810,GILGFVFTL,10x,5,0.12663807,0.0
5116,GILGFVFTL,10x,5,0.22149085,0.0
4043,GLCTLVAML,swapped_2892,5,0.043601096,0.0
3930,GLCTLVAML,swapped_2807,5,0.14863934,0.0
323,GILGFVFTL,positive,5,0.27396646,1.0
5479,GILGFVFTL,swapped_4342,5,0.032402527,0.0
1843,GILGFVFTL,10x,5,0.12122075,0.0
4119,GLCTLVAML,swapped_2781,5,0.99919957,0.0
4749,GILGFVFTL,10x,5,0.03180319,0.0
1739,GLCTLVAML,positive,5,0.012053268,1.0
3892,GLCTLVAML,swapped_2793,5,0.9999974,0.0
926,GILGFVFTL,10x,5,0.16162767,0.0
5096,NLVPMVATV,10x,5,0.8426497,0.0
1867,GILGFVFTL,10x,5,0.11851166,0.0
6148,GILGFVFTL,10x,5,0.19927204,0.0
1491,GILGFVFTL,swapped_73,5,0.30467698,0.0
3447,GILGFVFTL,10x,5,0.17392226,0.0
3965,GILGFVFTL,swapped_2958,5,0.13627774,0.0
2524,GILGFVFTL,swapped_1723,5,0.29037985,0.0
2525,RMFPNAPYL,swapped_1595,5,0.23442143,0.0
4666,GILGFVFTL,10x,5,0.40219408,0.0
1204,GILGFVFTL,swapped_190,5,0.13703468,0.0
2012,GILGFVFTL,10x,5,0.09798024,0.0
3779,GILGFVFTL,10x,5,0.33408844,0.0
3575,GLCTLVAML,10x,5,0.21659374,0.0
2549,GILGFVFTL,swapped_1770,5,0.30534363,0.0
6013,NLVPMVATV,10x,5,0.19970718,0.0
2948,NLVPMVATV,positive,5,0.15421622,1.0
2147,GILGFVFTL,10x,5,0.14735974,0.0
5674,GILGFVFTL,swapped_4451,5,0.4329725,0.0
5080,GILGFVFTL,10x,5,0.07361594,0.0
1244,NLVPMVATV,swapped_150,5,0.9999939,0.0
349,GILGFVFTL,positive,5,0.26365831,1.0
5594,GILGFVFTL,swapped_4223,5,0.114402175,0.0
1519,FLYALALLL,swapped_203,5,0.05275573,0.0
5816,NLVPMVATV,positive,5,0.4721946,1.0
3345,GLCTLVAML,10x,5,0.32313272,0.0
1313,GLCTLVAML,swapped_352,5,0.91138923,0.0
460,GLCTLVAML,10x,5,0.2625169,0.0
2035,LLFGYPVYV,10x,5,0.25762153,0.0
229,GILGFVFTL,positive,5,0.9971945,1.0
4067,NLVPMVATV,swapped_2808,5,0.43790957,0.0
2892,GILGFVFTL,positive,5,0.040336225,1.0
1428,GLCTLVAML,swapped_331,5,0.95176,0.0
1324,MLDLQPETT,swapped_379,5,0.9986349,0.0
3280,NLVPMVATV,10x,5,0.11599709,0.0
463,GILGFVFTL,10x,5,0.075746045,0.0
3671,GILGFVFTL,10x,5,0.22741786,0.0
6336,GLCTLVAML,10x,5,0.3207146,0.0
3096,GILGFVFTL,10x,5,0.42098773,0.0
4228,GILGFVFTL,positive,5,0.15714258,1.0
1225,LLFGYPVYV,swapped_41,5,0.99982375,0.0
565,GILGFVFTL,10x,5,0.98832583,0.0
6052,NLVPMVATV,10x,5,0.4329725,0.0
6167,RTLNAWVKV,10x,5,0.13135591,0.0
4240,GILGFVFTL,positive,5,0.9997807,1.0
3798,GILGFVFTL,10x,5,0.08167491,0.0
1121,NLVPMVATV,10x,5,0.11203683,0.0
4850,GILGFVFTL,10x,5,0.12017144,0.0
5181,GILGFVFTL,10x,5,0.08856977,0.0
400,GILGFVFTL,10x,5,0.11893134,0.0
3312,GILGFVFTL,10x,5,0.8719687,0.0
3969,GLCTLVAML,swapped_2846,5,0.999736,0.0
849,GILGFVFTL,10x,5,0.015442276,0.0
2200,KTWGQYWQV,10x,5,0.29024956,0.0
4754,GLCTLVAML,10x,5,0.7947933,0.0
1179,GILGFVFTL,swapped_132,5,0.24162892,0.0
801,GILGFVFTL,10x,5,0.109005235,0.0
4905,GILGFVFTL,10x,5,0.0979521,0.0
1176,RTLNAWVKV,swapped_242,5,0.9942426,0.0
111,GILGFVFTL,positive,5,0.99972206,1.0
4214,GILGFVFTL,positive,5,0.99999666,1.0
622,KTWGQYWQV,10x,5,0.289575,0.0
5229,GILGFVFTL,10x,5,0.1663449,0.0
3130,NLVPMVATV,10x,5,0.36759558,0.0
348,GILGFVFTL,positive,5,0.50808716,1.0
5636,GLCTLVAML,swapped_4315,5,0.987409,0.0
5878,LLFGYPVYV,positive,5,0.1045336,1.0
6764,FLYALALLL,swapped_5860,5,0.99739873,0.0
6479,GILGFVFTL,10x,5,0.03927262,0.0
1127,GILGFVFTL,10x,5,0.3542449,0.0
5974,GILGFVFTL,positive,5,0.40305012,1.0
3856,NLVPMVATV,swapped_2725,5,0.987007,0.0
1117,GILGFVFTL,10x,5,0.28896302,0.0
2296,GLCTLVAML,10x,5,0.4329725,0.0
4186,GILGFVFTL,positive,5,0.2903838,1.0
1944,GILGFVFTL,10x,5,0.17554519,0.0
2273,NLVPMVATV,10x,5,0.058316685,0.0
4078,RTLNAWVKV,swapped_2852,5,0.026320783,0.0
4243,GILGFVFTL,positive,5,0.99998987,1.0
4841,GILGFVFTL,10x,5,0.13708982,0.0
2160,FLYALALLL,10x,5,0.35664767,0.0
4670,GILGFVFTL,10x,5,0.33024475,0.0
2508,MLDLQPETT,swapped_1596,5,0.15019241,0.0
2090,GILGFVFTL,10x,5,0.25901303,0.0
5624,GLCTLVAML,swapped_4290,5,0.21723533,0.0
4223,NLVPMVATV,positive,5,0.1356875,1.0
1153,NLVPMVATV,swapped_133,5,0.9155713,0.0
6153,GILGFVFTL,10x,5,0.16918118,0.0
1939,GILGFVFTL,10x,5,0.2897101,0.0
4252,GILGFVFTL,positive,5,0.50041,1.0
1990,GILGFVFTL,10x,5,0.08371374,0.0
2533,GILGFVFTL,swapped_1689,5,0.40220523,0.0
1873,MLDLQPETT,10x,5,0.105968684,0.0
5398,GILGFVFTL,swapped_4268,5,0.03461154,0.0
1700,GILGFVFTL,positive,5,0.9812924,1.0
5525,GLCTLVAML,swapped_4316,5,0.13184693,0.0
1999,GILGFVFTL,10x,5,0.37594637,0.0
5932,GILGFVFTL,positive,5,0.5361505,1.0
6162,GILGFVFTL,10x,5,0.15962668,0.0
3641,GILGFVFTL,10x,5,0.20407061,0.0
193,GILGFVFTL,positive,5,0.9981871,1.0
2898,SLFNTVATL,positive,5,0.048183635,1.0
1144,GLCTLVAML,swapped_249,5,0.9999988,0.0
5728,KTWGQYWQV,positive,5,0.19719148,1.0
3493,GLCTLVAML,10x,5,0.24024968,0.0
938,GLCTLVAML,10x,5,0.15448093,0.0
6101,GILGFVFTL,10x,5,0.3661276,0.0
4063,NLVPMVATV,swapped_2901,5,0.2760381,0.0
1552,GLCTLVAML,positive,5,0.020639384,1.0
3870,LLFGYPVYV,swapped_2916,5,0.9999982,0.0
5481,GLCTLVAML,swapped_4485,5,0.21147448,0.0
6812,GLCTLVAML,swapped_5748,5,0.51400703,0.0
2199,GLCTLVAML,10x,5,0.40822634,0.0
1820,GILGFVFTL,10x,5,0.26089698,0.0
166,GLCTLVAML,positive,5,0.16633673,1.0
5737,GLCTLVAML,positive,5,0.012767226,1.0
55,GLCTLVAML,positive,5,0.105645075,1.0
4771,GILGFVFTL,10x,5,0.14524625,0.0
646,GILGFVFTL,10x,5,0.05585022,0.0
422,GILGFVFTL,10x,5,0.1444828,0.0
5288,GILGFVFTL,10x,5,0.026188042,0.0
6429,SLFNTVATL,10x,5,0.095217064,0.0
6592,GILGFVFTL,10x,5,0.16640778,0.0
5686,RMFPNAPYL,swapped_4295,5,0.9999968,0.0
2936,GILGFVFTL,positive,5,0.28454953,1.0
5469,NLVPMVATV,swapped_4350,5,0.9999969,0.0
6819,NLVPMVATV,swapped_5937,5,0.99999356,0.0
4056,RMFPNAPYL,swapped_2853,5,0.99979156,0.0
4795,NLVPMVATV,10x,5,0.103580415,0.0
5981,GILGFVFTL,positive,5,0.17789586,1.0
6335,GILGFVFTL,10x,5,0.06878937,0.0
4509,GILGFVFTL,positive,5,0.25521478,1.0
1085,NLVPMVATV,10x,5,0.13654311,0.0
4522,GILGFVFTL,positive,5,0.9993777,1.0
1720,GILGFVFTL,positive,5,0.44686124,1.0
3971,GLCTLVAML,swapped_2831,5,0.99992895,0.0
5337,FLYALALLL,swapped_4201,5,0.22518341,0.0
5529,RTLNAWVKV,swapped_4321,5,0.99999,0.0
564,GILGFVFTL,10x,5,0.14695853,0.0
5650,NLVPMVATV,swapped_4499,5,0.99999666,0.0
4802,GILGFVFTL,10x,5,0.063055806,0.0
734,SLLMWITQV,10x,5,0.2774196,0.0
5144,GILGFVFTL,10x,5,0.2719542,0.0
47,GILGFVFTL,positive,5,0.28239608,1.0
435,YLLEMLWRL,10x,5,0.3455553,0.0
2464,GLCTLVAML,swapped_1778,5,0.9987589,0.0
257,GILGFVFTL,positive,5,0.9783694,1.0
4257,GILGFVFTL,positive,5,0.972779,1.0
3369,NLVPMVATV,10x,5,0.46131617,0.0
4610,GILGFVFTL,10x,5,0.04593293,0.0
3576,GILGFVFTL,10x,5,0.06295826,0.0
3055,GILGFVFTL,positive,5,0.999997,1.0
6368,NLVPMVATV,10x,5,0.20015037,0.0
4178,GILGFVFTL,positive,5,0.37699914,1.0
3603,GILGFVFTL,10x,5,0.08349414,0.0
2451,KTWGQYWQV,swapped_1720,5,0.474094,0.0
3560,GILGFVFTL,10x,5,0.05839684,0.0
339,GLCTLVAML,positive,5,0.014218675,1.0
5677,GLCTLVAML,swapped_4354,5,0.99999475,0.0
178,GILGFVFTL,positive,5,0.99995613,1.0
3333,FLYALALLL,10x,5,0.050727334,0.0
1403,GLCTLVAML,swapped_235,5,0.99769753,0.0
5276,GILGFVFTL,10x,5,0.13596265,0.0
3210,GILGFVFTL,10x,5,0.22499849,0.0
2088,GILGFVFTL,10x,5,0.08151451,0.0
537,GILGFVFTL,10x,5,0.06362764,0.0
1623,GILGFVFTL,positive,5,0.9921205,1.0
5223,GILGFVFTL,10x,5,0.05512808,0.0
2444,GILGFVFTL,swapped_1686,5,0.036009897,0.0
418,GLCTLVAML,10x,5,0.22066973,0.0
3901,MLDLQPETT,swapped_2832,5,0.9999862,0.0
6493,GILGFVFTL,10x,5,0.24467078,0.0
5132,GILGFVFTL,10x,5,0.32343826,0.0
6441,GLCTLVAML,10x,5,0.37222993,0.0
1429,MLDLQPETT,swapped_45,5,0.9999994,0.0
2832,GILGFVFTL,positive,5,0.99998856,1.0
5969,GILGFVFTL,positive,5,0.9351813,1.0
675,GILGFVFTL,10x,5,0.16256653,0.0
2407,RTLNAWVKV,swapped_1677,5,0.9858079,0.0
5809,GILGFVFTL,positive,5,0.40781155,1.0
3272,GILGFVFTL,10x,5,0.04798661,0.0
5970,NLVPMVATV,positive,5,0.08160859,1.0
1981,GLCTLVAML,10x,5,0.5608201,0.0
133,GILGFVFTL,positive,5,0.9174773,1.0
6398,NLVPMVATV,10x,5,0.33398005,0.0
4719,GILGFVFTL,10x,5,0.049787138,0.0
4870,GILGFVFTL,10x,5,0.083952084,0.0
6177,GILGFVFTL,10x,5,0.07822485,0.0
2979,GILGFVFTL,positive,5,0.9999995,1.0
2509,GILGFVFTL,swapped_1736,5,0.10931637,0.0
4627,GILGFVFTL,10x,5,0.09445066,0.0
947,GILGFVFTL,10x,5,0.3983626,0.0
4722,GILGFVFTL,10x,5,0.032420307,0.0
5760,GILGFVFTL,positive,5,0.9805697,1.0
3824,GLCTLVAML,swapped_2999,5,0.99993885,0.0
5216,GILGFVFTL,10x,5,0.036428835,0.0
4703,NLVPMVATV,10x,5,0.21024746,0.0
86,GILGFVFTL,positive,5,0.9999831,1.0
1399,GLCTLVAML,swapped_151,5,0.9972012,0.0
3920,NLVPMVATV,swapped_3056,5,0.99656147,0.0
2155,GILGFVFTL,10x,5,0.04408128,0.0
3186,NLVPMVATV,10x,5,0.25552368,0.0
3884,NLVPMVATV,swapped_2992,5,0.9983798,0.0
5086,GILGFVFTL,10x,5,0.4149407,0.0
1375,GLCTLVAML,swapped_272,5,0.38241288,0.0
1946,GLCTLVAML,10x,5,0.116730675,0.0
1902,GILGFVFTL,10x,5,0.36340845,0.0
2161,GILGFVFTL,10x,5,0.029533481,0.0
5680,GLCTLVAML,swapped_4522,5,0.9991283,0.0
6709,GILGFVFTL,swapped_5755,5,0.041858654,0.0
3346,GLCTLVAML,10x,5,0.04739456,0.0
6391,GILGFVFTL,10x,5,0.085555196,0.0
4561,GILGFVFTL,10x,5,0.3312894,0.0
588,NLVPMVATV,10x,5,0.32100153,0.0
60,GILGFVFTL,positive,5,0.9702354,1.0
5658,GLCTLVAML,swapped_4252,5,0.49163428,0.0
2793,GILGFVFTL,positive,5,0.9999988,1.0
667,LLFGYPVYV,10x,5,0.14746998,0.0
2368,GILGFVFTL,10x,5,0.47722366,0.0
1825,GLCTLVAML,10x,5,0.12096522,0.0
5040,GLCTLVAML,10x,5,0.09456496,0.0
3067,GILGFVFTL,10x,5,0.0618386,0.0
6854,GLCTLVAML,swapped_5935,5,0.35435873,0.0
3450,GILGFVFTL,10x,5,0.041009456,0.0
2781,GILGFVFTL,positive,5,0.9994797,1.0
4862,GLCTLVAML,10x,5,0.27283886,0.0
1233,GLCTLVAML,swapped_86,5,0.9999671,0.0
4390,GILGFVFTL,positive,5,0.99912554,1.0
3112,NLVPMVATV,10x,5,0.0691889,0.0
3351,NLVPMVATV,10x,5,0.028827155,0.0
1960,GILGFVFTL,10x,5,0.050150223,0.0
1596,GILGFVFTL,positive,5,0.14284667,1.0
6903,RTLNAWVKV,swapped_5717,5,0.99983275,0.0
2962,GILGFVFTL,positive,5,0.9973863,1.0
5278,GILGFVFTL,10x,5,0.19788323,0.0
6853,GLCTLVAML,swapped_5906,5,0.9893645,0.0
5876,GLCTLVAML,positive,5,0.062478073,1.0
6104,GILGFVFTL,10x,5,0.9991937,0.0
3400,SLLMWITQV,10x,5,0.049783688,0.0
35,GILGFVFTL,positive,5,0.05305458,1.0
4641,GILGFVFTL,10x,5,0.7258364,0.0
915,GILGFVFTL,10x,5,0.2820843,0.0
5347,GILGFVFTL,swapped_4236,5,0.14421317,0.0
4129,GLCTLVAML,swapped_2711,5,0.9993691,0.0
6363,GILGFVFTL,10x,5,0.046903692,0.0
3378,GILGFVFTL,10x,5,0.343878,0.0
4163,NLVPMVATV,swapped_2801,5,0.97091955,0.0
1389,GILGFVFTL,swapped_18,5,0.010118932,0.0
2515,NLVPMVATV,swapped_1727,5,0.98980826,0.0
150,GILGFVFTL,positive,5,0.9999964,1.0
3706,GILGFVFTL,10x,5,0.26343617,0.0
2695,GILGFVFTL,positive,5,0.97870797,1.0
5666,NLVPMVATV,swapped_4311,5,0.13925642,0.0
1465,GLCTLVAML,swapped_35,5,0.055642787,0.0
2830,GILGFVFTL,positive,5,0.6245972,1.0
3250,GLCTLVAML,10x,5,0.3971717,0.0
2107,GILGFVFTL,10x,5,0.122988805,0.0
1629,GILGFVFTL,positive,5,0.99756765,1.0
4464,NLVPMVATV,positive,5,0.19560939,1.0
2032,GILGFVFTL,10x,5,0.40120226,0.0
3911,GLCTLVAML,swapped_2979,5,0.99999917,0.0
5631,FLYALALLL,swapped_4555,5,0.4334326,0.0
3705,FLYALALLL,10x,5,0.21514152,0.0
6771,GILGFVFTL,swapped_5876,5,0.05959203,0.0
5071,NLVPMVATV,10x,5,0.052931674,0.0
4787,GILGFVFTL,10x,5,0.19078957,0.0
1205,GLCTLVAML,swapped_369,5,0.9990671,0.0
6302,NLVPMVATV,10x,5,0.048783887,0.0
290,GILGFVFTL,positive,5,0.9988733,1.0
1846,NLVPMVATV,10x,5,0.043166798,0.0
1393,KLQCVDLHV,swapped_349,5,0.309483,0.0
6274,GILGFVFTL,10x,5,0.08095243,0.0
4906,GILGFVFTL,10x,5,0.1875175,0.0
6523,GILGFVFTL,10x,5,0.735097,0.0
3932,GILGFVFTL,swapped_2876,5,0.42556953,0.0
968,GILGFVFTL,10x,5,0.2211581,0.0
1790,NLVPMVATV,positive,5,0.2770279,1.0
1709,GILGFVFTL,positive,5,0.9971903,1.0
6320,GILGFVFTL,10x,5,0.12717843,0.0
119,GILGFVFTL,positive,5,0.99997044,1.0
3642,GILGFVFTL,10x,5,0.10387786,0.0
5231,GLCTLVAML,10x,5,0.027886521,0.0
6594,GLCTLVAML,10x,5,0.022671435,0.0
3953,NLVPMVATV,swapped_2746,5,0.2622245,0.0
3802,GILGFVFTL,10x,5,0.15294668,0.0
3368,LLFGYPVYV,10x,5,0.265194,0.0
3598,GILGFVFTL,10x,5,0.098758094,0.0
2189,GILGFVFTL,10x,5,0.08567819,0.0
1198,LLFGYPVYV,swapped_191,5,0.9965513,0.0
3579,LLFGYPVYV,10x,5,0.22468914,0.0
196,GILGFVFTL,positive,5,0.9785373,1.0
4121,NLVPMVATV,swapped_2763,5,0.9999547,0.0
2228,GILGFVFTL,10x,5,0.18335886,0.0
634,GILGFVFTL,10x,5,0.065982334,0.0
4737,GILGFVFTL,10x,5,0.33117056,0.0
1319,GLCTLVAML,swapped_251,5,0.32729036,0.0
1291,KTWGQYWQV,swapped_49,5,0.13113824,0.0
241,GILGFVFTL,positive,5,0.98781234,1.0
690,SLFNTVATL,10x,5,0.4266665,0.0
3430,GLCTLVAML,10x,5,0.13075845,0.0
2828,FLYALALLL,positive,5,0.038970035,1.0
317,GILGFVFTL,positive,5,0.999998,1.0
21,GILGFVFTL,positive,5,0.99289286,1.0
6518,GILGFVFTL,10x,5,0.24103951,0.0
3361,GLCTLVAML,10x,5,0.067247905,0.0
1006,GILGFVFTL,10x,5,0.022754533,0.0
5159,GILGFVFTL,10x,5,0.11014519,0.0
1852,GILGFVFTL,10x,5,0.17592685,0.0
6237,GLCTLVAML,10x,5,0.07945879,0.0
3636,IMDQVPFSV,10x,5,0.35189468,0.0
3286,NLVPMVATV,10x,5,0.16132577,0.0
5769,GILGFVFTL,positive,5,0.7989631,1.0
6360,GILGFVFTL,10x,5,0.5139151,0.0
3495,GLCTLVAML,10x,5,0.4329725,0.0
6281,NLVPMVATV,10x,5,0.3168902,0.0
6700,GLCTLVAML,swapped_5965,5,0.99996686,0.0
6169,GILGFVFTL,10x,5,0.21031612,0.0
1742,GILGFVFTL,positive,5,0.9999989,1.0
1469,GLCTLVAML,swapped_290,5,0.9982474,0.0
3648,GILGFVFTL,10x,5,0.16510156,0.0
38,GILGFVFTL,positive,5,0.27745122,1.0
155,GILGFVFTL,positive,5,0.9999924,1.0
4613,GILGFVFTL,10x,5,0.19740728,0.0
4976,GILGFVFTL,10x,5,0.2130271,0.0
2869,GLCTLVAML,positive,5,0.074138425,1.0
2072,NLVPMVATV,10x,5,0.15748802,0.0
3420,GLCTLVAML,10x,5,0.18067673,0.0
6120,GLCTLVAML,10x,5,0.1499391,0.0
491,NLVPMVATV,10x,5,0.08049631,0.0
5211,GILGFVFTL,10x,5,0.024868922,0.0
6770,NLVPMVATV,swapped_5932,5,0.5778436,0.0
736,GILGFVFTL,10x,5,0.09604706,0.0
5604,GLCTLVAML,swapped_4397,5,0.8880714,0.0
2460,NLVPMVATV,swapped_1776,5,0.066753276,0.0
89,GILGFVFTL,positive,5,0.92857057,1.0
4721,GILGFVFTL,10x,5,0.4287624,0.0
4830,GLCTLVAML,10x,5,0.26085567,0.0
2689,GLCTLVAML,swapped_1749,5,0.9462103,0.0
379,GILGFVFTL,positive,5,0.9987025,1.0
2361,GILGFVFTL,10x,5,0.02603308,0.0
1884,GILGFVFTL,10x,5,0.11707488,0.0
4760,GILGFVFTL,10x,5,0.15605988,0.0
830,GILGFVFTL,10x,5,0.2123698,0.0
6128,GILGFVFTL,10x,5,0.20084892,0.0
2860,GILGFVFTL,positive,5,0.999995,1.0
2823,GILGFVFTL,positive,5,0.999795,1.0
4571,GILGFVFTL,10x,5,0.2342526,0.0
5013,GILGFVFTL,10x,5,0.17035253,0.0
2811,GILGFVFTL,positive,5,0.99999285,1.0
3765,GILGFVFTL,10x,5,0.4329725,0.0
6801,GILGFVFTL,swapped_5882,5,0.52378464,0.0
3100,GILGFVFTL,10x,5,0.053563878,0.0
3390,GILGFVFTL,10x,5,0.064446814,0.0
171,MLDLQPETT,positive,5,0.124145195,1.0
684,GLCTLVAML,10x,5,0.19692019,0.0
4281,GILGFVFTL,positive,5,0.96753466,1.0
3405,GILGFVFTL,10x,5,0.33421704,0.0
5286,GILGFVFTL,10x,5,0.23930334,0.0
312,GILGFVFTL,positive,5,0.99998593,1.0
4962,GILGFVFTL,10x,5,0.20454739,0.0
6319,GILGFVFTL,10x,5,0.16136809,0.0
156,NLVPMVATV,positive,5,0.22490813,1.0
685,GILGFVFTL,10x,5,0.12993214,0.0
4005,NLVPMVATV,swapped_3044,5,0.99998236,0.0
6436,GILGFVFTL,10x,5,0.13846578,0.0
3756,GILGFVFTL,10x,5,0.32803383,0.0
2691,NLVPMVATV,swapped_1600,5,0.05507716,0.0
4364,GILGFVFTL,positive,5,0.99994636,1.0
5389,NLVPMVATV,swapped_4222,5,0.99999297,0.0
3948,GILGFVFTL,swapped_2699,5,0.033760097,0.0
6762,KTWGQYWQV,swapped_5868,5,0.45295683,0.0
5544,GLCTLVAML,swapped_4336,5,0.9934175,0.0
65,NLVPMVATV,positive,5,0.06694466,1.0
1220,NLVPMVATV,swapped_196,5,0.9729864,0.0
6455,GILGFVFTL,10x,5,0.13339992,0.0
4991,GILGFVFTL,10x,5,0.08465622,0.0
1381,NLVPMVATV,swapped_289,5,0.9999994,0.0
3760,NLVPMVATV,10x,5,0.031654514,0.0
3440,GILGFVFTL,10x,5,0.26832163,0.0
5720,GILGFVFTL,positive,5,0.09746742,1.0
2110,LLFGYPVYV,10x,5,0.10596048,0.0
2789,GILGFVFTL,positive,5,0.9938652,1.0
3678,GILGFVFTL,10x,5,0.15744185,0.0
4316,GILGFVFTL,positive,5,0.11985979,1.0
5115,GILGFVFTL,10x,5,0.028850578,0.0
462,GILGFVFTL,10x,5,0.40357456,0.0
4424,GILGFVFTL,positive,5,0.98824906,1.0
1258,NLVPMVATV,swapped_92,5,0.99749833,0.0
3825,GLCTLVAML,swapped_2695,5,0.9792586,0.0
1592,GLCTLVAML,positive,5,0.030367354,1.0
3523,GILGFVFTL,10x,5,0.13985986,0.0
6392,GILGFVFTL,10x,5,0.107053205,0.0
406,GILGFVFTL,10x,5,0.34338924,0.0
6131,SLLMWITQV,10x,5,0.12486267,0.0
1446,KVAELVHFL,swapped_318,5,0.9998048,0.0
1354,GILGFVFTL,swapped_166,5,0.15468398,0.0
3332,GILGFVFTL,10x,5,0.04562079,0.0
4932,GILGFVFTL,10x,5,0.10164027,0.0
551,GILGFVFTL,10x,5,0.17254032,0.0
5151,GILGFVFTL,10x,5,0.2153058,0.0
4908,GLCTLVAML,10x,5,0.43292233,0.0
5776,GLCTLVAML,positive,5,0.093762144,1.0
1991,GILGFVFTL,10x,5,0.19321129,0.0
2497,FLYALALLL,swapped_1590,5,0.92469496,0.0
4130,NLVPMVATV,swapped_2761,5,0.98024094,0.0
2746,GILGFVFTL,positive,5,0.23745237,1.0
5540,GILGFVFTL,swapped_4512,5,0.12877426,0.0
4236,GLCTLVAML,positive,5,0.15819812,1.0
24,GILGFVFTL,positive,5,0.9999962,1.0
4706,GILGFVFTL,10x,5,0.043077707,0.0
6465,GLCTLVAML,10x,5,0.09942524,0.0
191,GILGFVFTL,positive,5,0.99667454,1.0
4783,GILGFVFTL,10x,5,0.11895563,0.0
2551,GILGFVFTL,swapped_1777,5,0.105938755,0.0
3586,GLCTLVAML,10x,5,0.123193,0.0
3135,GILGFVFTL,10x,5,0.4334172,0.0
2588,GILGFVFTL,swapped_1739,5,0.010009204,0.0
2377,SLFNTVATL,10x,5,0.68952453,0.0
132,FLYALALLL,positive,5,0.24805638,1.0
4731,GLCTLVAML,10x,5,0.16371071,0.0
4538,GILGFVFTL,positive,5,0.02460495,1.0
424,GLCTLVAML,10x,5,0.32070574,0.0
6481,LLFGYPVYV,10x,5,0.14011562,0.0
539,GILGFVFTL,10x,5,0.34051272,0.0
49,GLCTLVAML,positive,5,0.1212383,1.0
2492,KTWGQYWQV,swapped_1709,5,0.99407756,0.0
3489,GILGFVFTL,10x,5,0.053444613,0.0
6487,CLGGLLTMV,10x,5,0.45934963,0.0
6001,GLCTLVAML,positive,5,0.026328666,1.0
4555,GILGFVFTL,positive,5,0.4329725,1.0
5029,NLVPMVATV,10x,5,0.74999374,0.0
3155,GILGFVFTL,10x,5,0.1846693,0.0
6152,GILGFVFTL,10x,5,0.13646805,0.0
6201,GILGFVFTL,10x,5,0.4076845,0.0
6100,GILGFVFTL,10x,5,0.15166241,0.0
861,GILGFVFTL,10x,5,0.43554,0.0
2059,GILGFVFTL,10x,5,0.07809836,0.0
2001,NLVPMVATV,10x,5,0.18496747,0.0
1329,NLVPMVATV,swapped_55,5,0.1130663,0.0
2237,GILGFVFTL,10x,5,0.4124247,0.0
1498,NLVPMVATV,swapped_60,5,0.97250843,0.0
2395,GILGFVFTL,10x,5,0.11940133,0.0
4951,KTWGQYWQV,10x,5,0.25683323,0.0
6233,GILGFVFTL,10x,5,0.035359982,0.0
3116,GILGFVFTL,10x,5,0.49002624,0.0
6083,GILGFVFTL,10x,5,0.1740978,0.0
4623,LLFGYPVYV,10x,5,0.21759027,0.0
864,GILGFVFTL,10x,5,0.24148802,0.0
3215,GILGFVFTL,10x,5,0.2905673,0.0
4780,GILGFVFTL,10x,5,0.112003624,0.0
289,GILGFVFTL,positive,5,0.99999964,1.0
2116,GILGFVFTL,10x,5,0.112649895,0.0
6692,NLVPMVATV,swapped_5903,5,0.99991083,0.0
6571,GILGFVFTL,10x,5,0.19190533,0.0
3022,GILGFVFTL,positive,5,0.15468857,1.0
6040,GILGFVFTL,10x,5,0.05515007,0.0
613,GILGFVFTL,10x,5,0.061577808,0.0
3219,GILGFVFTL,10x,5,0.41481876,0.0
531,NLVPMVATV,10x,5,0.021985913,0.0
5314,RTLNAWVKV,10x,5,0.14792815,0.0
2066,GILGFVFTL,10x,5,0.39849907,0.0
1547,GLCTLVAML,positive,5,0.010885485,1.0
1010,GILGFVFTL,10x,5,0.0378735,0.0
1595,GILGFVFTL,positive,5,0.22087848,1.0
235,GILGFVFTL,positive,5,0.997891,1.0
5588,GILGFVFTL,swapped_4427,5,0.15150538,0.0
6437,GILGFVFTL,10x,5,0.15860915,0.0
5527,GLCTLVAML,swapped_4186,5,0.31334677,0.0
1600,GILGFVFTL,positive,5,0.04873094,1.0
5965,GILGFVFTL,positive,5,0.99996436,1.0
1773,GILGFVFTL,positive,5,0.10147235,1.0
5990,GILGFVFTL,positive,5,0.9999937,1.0
1093,GILGFVFTL,10x,5,0.09618211,0.0
5513,GLCTLVAML,swapped_4292,5,0.87777334,0.0
5128,CLGGLLTMV,10x,5,0.12083643,0.0
6703,GILGFVFTL,swapped_6001,5,0.023914395,0.0
187,GILGFVFTL,positive,5,0.9977884,1.0
594,FLYALALLL,10x,5,0.28174144,0.0
5860,GILGFVFTL,positive,5,0.997426,1.0
5448,GLCTLVAML,swapped_4240,5,0.99978167,0.0
3075,GILGFVFTL,10x,5,0.29607546,0.0
5197,GILGFVFTL,10x,5,0.22339214,0.0
1474,NLVPMVATV,swapped_21,5,0.9903695,0.0
6338,GILGFVFTL,10x,5,0.33372733,0.0
5032,GILGFVFTL,10x,5,0.12040524,0.0
5432,RTLNAWVKV,swapped_4515,5,0.9977925,0.0
3122,GILGFVFTL,10x,5,0.32872376,0.0
2674,NLVPMVATV,swapped_1788,5,0.9850915,0.0
526,GILGFVFTL,10x,5,0.34880775,0.0
5539,GLCTLVAML,swapped_4463,5,0.99986875,0.0
167,GILGFVFTL,positive,5,0.4329725,1.0
4222,GILGFVFTL,positive,5,0.9999949,1.0
6291,GILGFVFTL,10x,5,0.061066624,0.0
3189,GILGFVFTL,10x,5,0.04720146,0.0
2974,GILGFVFTL,positive,5,0.21586479,1.0
6443,GILGFVFTL,10x,5,0.012570309,0.0
454,GILGFVFTL,10x,5,0.81799537,0.0
3823,GLCTLVAML,swapped_2731,5,0.99992156,0.0
1834,GILGFVFTL,10x,5,0.30888596,0.0
3240,GILGFVFTL,10x,5,0.15961125,0.0
6639,GLCTLVAML,swapped_5732,5,0.99998605,0.0
3848,GLCTLVAML,swapped_2973,5,0.99993813,0.0
4887,GILGFVFTL,10x,5,0.07866132,0.0
1914,GILGFVFTL,10x,5,0.03134041,0.0
2876,MLDLQPETT,positive,5,0.4219677,1.0
2317,GILGFVFTL,10x,5,0.08351206,0.0
273,NLVPMVATV,positive,5,0.024399845,1.0
4165,NLVPMVATV,swapped_2823,5,0.9997968,0.0
362,GILGFVFTL,positive,5,0.06733817,1.0
886,GILGFVFTL,10x,5,0.09574443,0.0
4521,GILGFVFTL,positive,5,0.99986243,1.0
1208,GLCTLVAML,swapped_217,5,0.67596346,0.0
1001,GILGFVFTL,10x,5,0.21351585,0.0
6257,GILGFVFTL,10x,5,0.32002378,0.0
3988,GILGFVFTL,swapped_3008,5,0.009172829,0.0
5662,FLYALALLL,swapped_4431,5,0.13424924,0.0
3927,FLYALALLL,swapped_2923,5,0.09259403,0.0
3041,GLCTLVAML,positive,5,0.025199356,1.0
3231,RTLNAWVKV,10x,5,0.075953946,0.0
4131,KTWGQYWQV,swapped_2811,5,0.99998546,0.0
3692,GILGFVFTL,10x,5,0.13436143,0.0
6021,LLFGYPVYV,10x,5,0.06346258,0.0
5456,NLVPMVATV,swapped_4180,5,0.9999975,0.0
5906,GILGFVFTL,positive,5,0.989416,1.0
1210,GILGFVFTL,swapped_339,5,0.010785825,0.0
3271,GILGFVFTL,10x,5,0.36453792,0.0
5639,NLVPMVATV,swapped_4281,5,0.9665003,0.0
1627,GILGFVFTL,positive,5,0.9999839,1.0
4839,NLVPMVATV,10x,5,0.42337254,0.0
2808,GILGFVFTL,positive,5,0.45093778,1.0
3056,GILGFVFTL,positive,5,0.99791306,1.0
5306,GILGFVFTL,10x,5,0.16508755,0.0
918,GILGFVFTL,10x,5,0.068579726,0.0
2269,GILGFVFTL,10x,5,0.37488008,0.0
5640,NLVPMVATV,swapped_4273,5,0.99997663,0.0
4360,GILGFVFTL,positive,5,0.9827223,1.0
5295,GILGFVFTL,10x,5,0.07213722,0.0
1930,NLVPMVATV,10x,5,0.04732733,0.0
2676,GILGFVFTL,swapped_1737,5,0.19908263,0.0
1145,GLCTLVAML,swapped_336,5,0.99994266,0.0
242,GILGFVFTL,positive,5,0.99472094,1.0
1078,SLLMWITQV,10x,5,0.074480176,0.0
5345,SLLMWITQV,swapped_4178,5,0.39437923,0.0
3914,GLCTLVAML,swapped_2882,5,0.8844123,0.0
6882,NLVPMVATV,swapped_5722,5,0.9998467,0.0
4624,GILGFVFTL,10x,5,0.035543777,0.0
641,GILGFVFTL,10x,5,0.1988395,0.0
5637,NLVPMVATV,swapped_4274,5,0.029583622,0.0
5532,GLCTLVAML,swapped_4509,5,0.30286363,0.0
2859,GILGFVFTL,positive,5,0.93300074,1.0
3873,MLDLQPETT,swapped_3047,5,0.2569208,0.0
6265,GLCTLVAML,10x,5,0.42369944,0.0
33,GLCTLVAML,positive,5,0.010156855,1.0
483,GILGFVFTL,10x,5,0.0680273,0.0
2938,GILGFVFTL,positive,5,0.9986482,1.0
854,GLCTLVAML,10x,5,0.0961499,0.0
6236,NLVPMVATV,10x,5,0.17566669,0.0
3140,GLCTLVAML,10x,5,0.09201198,0.0
5465,NLVPMVATV,swapped_4328,5,0.69060284,0.0
141,GILGFVFTL,positive,5,0.81829375,1.0
6160,GILGFVFTL,10x,5,0.16659571,0.0
1390,GILGFVFTL,swapped_273,5,0.021892373,0.0
6016,GILGFVFTL,10x,5,0.15886115,0.0
