2430,GILGFVFTL,swapped_1547,5,0.009669728,0.0
2827,GILGFVFTL,positive,5,0.024601014,1.0
4795,NLVPMVATV,10x,5,0.3002961,0.0
4771,GILGFVFTL,10x,5,0.16292635,0.0
3848,GLCTLVAML,swapped_2973,5,0.96398556,0.0
6170,GILGFVFTL,10x,5,0.006734079,0.0
2231,RTLNAWVKV,10x,5,0.036260966,0.0
65,NLVPMVATV,positive,5,0.03986312,1.0
5479,GILGFVFTL,swapped_4342,5,0.025853906,0.0
1198,LLFGYPVYV,swapped_191,5,0.8202346,0.0
5539,GLCTLVAML,swapped_4463,5,0.9649939,0.0
6131,SLLMWITQV,10x,5,0.37058073,0.0
5191,GLCTLVAML,10x,5,0.1489488,0.0
2746,GILGFVFTL,positive,5,0.20665815,1.0
2213,GILGFVFTL,10x,5,0.24904566,0.0
6127,GILGFVFTL,10x,5,0.18295515,0.0
4048,KTWGQYWQV,swapped_2788,5,0.99755436,0.0
4292,GILGFVFTL,positive,5,0.99650335,1.0
1595,GILGFVFTL,positive,5,0.14290914,1.0
1800,GILGFVFTL,positive,5,0.18076529,1.0
925,NLVPMVATV,10x,5,0.57257986,0.0
4201,GILGFVFTL,positive,5,0.39813805,1.0
1770,NLVPMVATV,positive,5,0.32717788,1.0
1837,RMFPNAPYL,10x,5,0.2929521,0.0
6854,GLCTLVAML,swapped_5935,5,0.59937567,0.0
2943,GILGFVFTL,positive,5,0.9922795,1.0
3992,NLVPMVATV,swapped_2739,5,0.95794153,0.0
6790,KTWGQYWQV,swapped_5792,5,0.17415251,0.0
1390,GILGFVFTL,swapped_273,5,0.11707373,0.0
5146,GILGFVFTL,10x,5,0.01824137,0.0
6281,NLVPMVATV,10x,5,0.89113635,0.0
193,GILGFVFTL,positive,5,0.9989022,1.0
6700,GLCTLVAML,swapped_5965,5,0.99942136,0.0
542,GILGFVFTL,10x,5,0.0132407155,0.0
3770,GILGFVFTL,10x,5,0.018468194,0.0
4627,GILGFVFTL,10x,5,0.009118216,0.0
5639,NLVPMVATV,swapped_4281,5,0.9946504,0.0
2477,GILGFVFTL,swapped_1704,5,0.8967894,0.0
6429,SLFNTVATL,10x,5,0.04181892,0.0
6101,GILGFVFTL,10x,5,0.35052237,0.0
4754,GLCTLVAML,10x,5,0.34199974,0.0
4783,GILGFVFTL,10x,5,0.030278714,0.0
3910,GLCTLVAML,swapped_2698,5,0.020902311,0.0
5186,LLFGYPVYV,10x,5,0.66454166,0.0
968,GILGFVFTL,10x,5,0.24717838,0.0
111,GILGFVFTL,positive,5,0.8646471,1.0
273,NLVPMVATV,positive,5,0.15040423,1.0
3824,GLCTLVAML,swapped_2999,5,0.9997011,0.0
3845,GLCTLVAML,swapped_2936,5,0.0503001,0.0
6905,RMFPNAPYL,swapped_5902,5,0.9611628,0.0
196,GILGFVFTL,positive,5,0.65009683,1.0
6534,GILGFVFTL,10x,5,0.045245804,0.0
3051,GILGFVFTL,positive,5,0.9999372,1.0
55,GLCTLVAML,positive,5,0.9208134,1.0
2869,GLCTLVAML,positive,5,0.016200151,1.0
400,GILGFVFTL,10x,5,0.008914986,0.0
1759,FLYALALLL,positive,5,0.7079148,1.0
3825,GLCTLVAML,swapped_2695,5,0.99356306,0.0
975,GILGFVFTL,10x,5,0.02748711,0.0
6771,GILGFVFTL,swapped_5876,5,0.008626649,0.0
5109,NLVPMVATV,10x,5,0.3726946,0.0
5677,GLCTLVAML,swapped_4354,5,0.9999738,0.0
5989,GLCTLVAML,positive,5,0.07324422,1.0
3261,GILGFVFTL,10x,5,0.72943187,0.0
3647,NLVPMVATV,10x,5,0.01672188,0.0
2508,MLDLQPETT,swapped_1596,5,0.15161507,0.0
6487,CLGGLLTMV,10x,5,0.45528895,0.0
4170,NLVPMVATV,swapped_2900,5,0.038569685,0.0
1519,FLYALALLL,swapped_203,5,0.15566963,0.0
4354,GILGFVFTL,positive,5,0.9999176,1.0
5636,GLCTLVAML,swapped_4315,5,0.11154447,0.0
3653,GILGFVFTL,10x,5,0.22341782,0.0
1739,GLCTLVAML,positive,5,0.03755326,1.0
1319,GLCTLVAML,swapped_251,5,0.6407565,0.0
5769,GILGFVFTL,positive,5,0.9369761,1.0
6305,GILGFVFTL,10x,5,0.013757983,0.0
421,LLFGYPVYV,10x,5,0.4199641,0.0
3674,GILGFVFTL,10x,5,0.017646324,0.0
2512,NLVPMVATV,swapped_1766,5,0.66467434,0.0
4336,GILGFVFTL,positive,5,0.85349387,1.0
4056,RMFPNAPYL,swapped_2853,5,0.9160604,0.0
3576,GILGFVFTL,10x,5,0.015611169,0.0
4561,GILGFVFTL,10x,5,0.7492416,0.0
47,GILGFVFTL,positive,5,0.4747995,1.0
6670,NLVPMVATV,swapped_5946,5,0.9711732,0.0
5876,GLCTLVAML,positive,5,0.013827578,1.0
4731,GLCTLVAML,10x,5,0.022700597,0.0
3639,GILGFVFTL,10x,5,0.062093593,0.0
1171,GLCTLVAML,swapped_348,5,0.9232873,0.0
1453,GLCTLVAML,swapped_100,5,0.9936522,0.0
2012,GILGFVFTL,10x,5,0.38013598,0.0
469,RMFPNAPYL,10x,5,0.99081916,0.0
1773,GILGFVFTL,positive,5,0.16467434,1.0
4019,NLVPMVATV,swapped_2830,5,0.94917625,0.0
5249,RTLNAWVKV,10x,5,0.42887035,0.0
499,GILGFVFTL,10x,5,0.991487,0.0
6319,GILGFVFTL,10x,5,0.0050408775,0.0
5345,SLLMWITQV,swapped_4178,5,0.5086074,0.0
1521,FLYALALLL,swapped_103,5,0.99749327,0.0
4619,GILGFVFTL,10x,5,0.015041237,0.0
869,GILGFVFTL,10x,5,0.020551194,0.0
6808,NLVPMVATV,swapped_5945,5,0.97993624,0.0
5731,GILGFVFTL,positive,5,0.43085733,1.0
6719,GILGFVFTL,swapped_5878,5,0.54607,0.0
4850,GILGFVFTL,10x,5,0.18393023,0.0
6146,NLVPMVATV,10x,5,0.020849323,0.0
6425,GLCTLVAML,10x,5,0.2715437,0.0
6563,NLVPMVATV,10x,5,0.03629842,0.0
6660,GILGFVFTL,swapped_5790,5,0.055287473,0.0
1220,NLVPMVATV,swapped_196,5,0.7190796,0.0
1686,FLYALALLL,positive,5,0.012969728,1.0
3893,NLVPMVATV,swapped_2933,5,0.9855812,0.0
6320,GILGFVFTL,10x,5,0.022152182,0.0
3603,GILGFVFTL,10x,5,0.3151865,0.0
2444,GILGFVFTL,swapped_1686,5,0.0118595,0.0
89,GILGFVFTL,positive,5,0.9752197,1.0
5456,NLVPMVATV,swapped_4180,5,0.9999666,0.0
5737,GLCTLVAML,positive,5,0.030263485,1.0
5108,GILGFVFTL,10x,5,0.14652967,0.0
6687,GILGFVFTL,swapped_5930,5,0.20493853,0.0
6327,NLVPMVATV,10x,5,0.44117755,0.0
24,GILGFVFTL,positive,5,0.97703254,1.0
6592,GILGFVFTL,10x,5,0.4004108,0.0
4646,GILGFVFTL,10x,5,0.7208393,0.0
5286,GILGFVFTL,10x,5,0.019440843,0.0
801,GILGFVFTL,10x,5,0.019135883,0.0
166,GLCTLVAML,positive,5,0.98513633,1.0
4705,GILGFVFTL,10x,5,0.9661252,0.0
4268,GLCTLVAML,positive,5,0.05403959,1.0
2662,YLLEMLWRL,swapped_1554,5,0.8606229,0.0
1060,GILGFVFTL,10x,5,0.38865045,0.0
5508,NLVPMVATV,swapped_4375,5,0.9769099,0.0
4041,NLVPMVATV,swapped_2799,5,0.4469525,0.0
2693,GILGFVFTL,swapped_1759,5,0.697066,0.0
1884,GILGFVFTL,10x,5,0.032357328,0.0
4435,GILGFVFTL,positive,5,0.011411252,1.0
1250,GLCTLVAML,swapped_312,5,0.9983834,0.0
45,GILGFVFTL,positive,5,0.99997103,1.0
2486,GLCTLVAML,swapped_1702,5,0.9947843,0.0
5026,GILGFVFTL,10x,5,0.008013021,0.0
1675,FLYALALLL,positive,5,0.015603724,1.0
2698,GILGFVFTL,positive,5,0.013925093,1.0
4661,GILGFVFTL,10x,5,0.026725799,0.0
4666,GILGFVFTL,10x,5,0.021336105,0.0
4722,GILGFVFTL,10x,5,0.013734709,0.0
3783,GILGFVFTL,10x,5,0.33883306,0.0
1455,GLCTLVAML,swapped_58,5,0.023573998,0.0
2646,NLVPMVATV,swapped_1625,5,0.08399087,0.0
2860,GILGFVFTL,positive,5,0.9985514,1.0
1991,GILGFVFTL,10x,5,0.19777463,0.0
365,GILGFVFTL,positive,5,0.9965758,1.0
2393,GILGFVFTL,10x,5,0.4136626,0.0
5662,FLYALALLL,swapped_4431,5,0.51817954,0.0
344,GLCTLVAML,positive,5,0.027485665,1.0
354,GILGFVFTL,positive,5,0.9999615,1.0
4509,GILGFVFTL,positive,5,0.13299364,1.0
1127,GILGFVFTL,10x,5,0.37532213,0.0
5132,GILGFVFTL,10x,5,0.035309944,0.0
4267,GILGFVFTL,positive,5,0.9998828,1.0
5529,RTLNAWVKV,swapped_4321,5,0.999964,0.0
1020,GILGFVFTL,10x,5,0.26449877,0.0
751,GILGFVFTL,10x,5,0.1431194,0.0
4277,GILGFVFTL,positive,5,0.99991333,1.0
1448,FLYALALLL,swapped_107,5,0.9760719,0.0
3104,RTLNAWVKV,10x,5,0.22347423,0.0
5288,GILGFVFTL,10x,5,0.035944562,0.0
3031,GILGFVFTL,positive,5,0.99869496,1.0
6244,GILGFVFTL,10x,5,0.028697714,0.0
3882,GLCTLVAML,swapped_2895,5,0.99559927,0.0
734,SLLMWITQV,10x,5,0.28877854,0.0
3155,GILGFVFTL,10x,5,0.25414178,0.0
3533,GILGFVFTL,10x,5,0.024617817,0.0
3495,GLCTLVAML,10x,5,0.03214172,0.0
5465,NLVPMVATV,swapped_4328,5,0.040877804,0.0
1736,NLVPMVATV,positive,5,0.059528448,1.0
5668,GLCTLVAML,swapped_4381,5,0.9696028,0.0
667,LLFGYPVYV,10x,5,0.08168471,0.0
1809,GLCTLVAML,positive,5,0.09258715,1.0
2032,GILGFVFTL,10x,5,0.9937044,0.0
3400,SLLMWITQV,10x,5,0.026364576,0.0
3100,GILGFVFTL,10x,5,0.21570764,0.0
4445,GILGFVFTL,positive,5,0.64395696,1.0
5664,GLCTLVAML,swapped_4546,5,0.9976343,0.0
6436,GILGFVFTL,10x,5,0.6357156,0.0
1283,GLCTLVAML,swapped_145,5,0.068876,0.0
3225,GILGFVFTL,10x,5,0.32851666,0.0
5722,GILGFVFTL,positive,5,0.9019805,1.0
6571,GILGFVFTL,10x,5,0.17085984,0.0
6445,GILGFVFTL,10x,5,0.38656354,0.0
5871,GILGFVFTL,positive,5,0.9999263,1.0
6037,GILGFVFTL,10x,5,0.8286945,0.0
6709,GILGFVFTL,swapped_5755,5,0.00934823,0.0
227,GILGFVFTL,positive,5,0.35920998,1.0
1914,GILGFVFTL,10x,5,0.013017482,0.0
689,GLCTLVAML,10x,5,0.6805931,0.0
4131,KTWGQYWQV,swapped_2811,5,0.9573571,0.0
4153,GLCTLVAML,swapped_2783,5,0.90820575,0.0
949,GILGFVFTL,10x,5,0.34209162,0.0
1788,GILGFVFTL,positive,5,0.34466746,1.0
2529,GLCTLVAML,swapped_1773,5,0.20168844,0.0
709,GILGFVFTL,10x,5,0.060775034,0.0
3019,GILGFVFTL,positive,5,0.99503905,1.0
1946,GLCTLVAML,10x,5,0.27825686,0.0
3419,GILGFVFTL,10x,5,0.7567247,0.0
5875,GILGFVFTL,positive,5,0.9943369,1.0
3956,NLVPMVATV,swapped_3028,5,0.99283314,0.0
4031,FLYALALLL,swapped_2943,5,0.9915251,0.0
1902,GILGFVFTL,10x,5,0.21848847,0.0
2518,GILGFVFTL,swapped_1809,5,0.025532046,0.0
6013,NLVPMVATV,10x,5,0.2420792,0.0
4223,NLVPMVATV,positive,5,0.0305788,1.0
2888,GILGFVFTL,positive,5,0.015619649,1.0
480,GILGFVFTL,10x,5,0.24319448,0.0
3068,GILGFVFTL,10x,5,0.28823128,0.0
4749,GILGFVFTL,10x,5,0.13938724,0.0
3271,GILGFVFTL,10x,5,0.9127814,0.0
4849,GILGFVFTL,10x,5,0.87421656,0.0
6152,GILGFVFTL,10x,5,0.045718685,0.0
931,MLDLQPETT,10x,5,0.019341368,0.0
3567,NLVPMVATV,10x,5,0.42487139,0.0
2319,NLVPMVATV,10x,5,0.6938811,0.0
6847,GILGFVFTL,swapped_5816,5,0.23421618,0.0
1873,MLDLQPETT,10x,5,0.7549032,0.0
1742,GILGFVFTL,positive,5,0.9999776,1.0
3701,GILGFVFTL,10x,5,0.85670984,0.0
887,GLCTLVAML,10x,5,0.013053867,0.0
2676,GILGFVFTL,swapped_1737,5,0.031949993,0.0
6696,GLCTLVAML,swapped_5707,5,0.9995134,0.0
986,GILGFVFTL,10x,5,0.023572698,0.0
854,GLCTLVAML,10x,5,0.018597392,0.0
3560,GILGFVFTL,10x,5,0.01280162,0.0
1737,NLVPMVATV,positive,5,0.04468653,1.0
1302,LLFGYPVYV,swapped_227,5,0.35842583,0.0
5151,GILGFVFTL,10x,5,0.47551554,0.0
5979,GILGFVFTL,positive,5,0.999907,1.0
1135,GLCTLVAML,10x,5,0.035534002,0.0
4512,GLCTLVAML,positive,5,0.9801568,1.0
2161,GILGFVFTL,10x,5,0.013834245,0.0
5935,GILGFVFTL,positive,5,0.60830563,1.0
2114,GILGFVFTL,10x,5,0.464414,0.0
1420,GILGFVFTL,swapped_171,5,0.28966075,0.0
613,GILGFVFTL,10x,5,0.07176159,0.0
537,GILGFVFTL,10x,5,0.03039627,0.0
5640,NLVPMVATV,swapped_4273,5,0.98529434,0.0
133,GILGFVFTL,positive,5,0.8036092,1.0
1900,NLVPMVATV,10x,5,0.15087223,0.0
5292,GILGFVFTL,10x,5,0.16931859,0.0
6402,GILGFVFTL,10x,5,0.02434731,0.0
191,GILGFVFTL,positive,5,0.8267002,1.0
5195,GILGFVFTL,10x,5,0.03349162,0.0
3760,NLVPMVATV,10x,5,0.10076357,0.0
3598,GILGFVFTL,10x,5,0.45437354,0.0
6865,GILGFVFTL,swapped_5776,5,0.017904889,0.0
35,GILGFVFTL,positive,5,0.009774987,1.0
1188,RTLNAWVKV,swapped_308,5,0.25815254,0.0
60,GILGFVFTL,positive,5,0.24636291,1.0
4623,LLFGYPVYV,10x,5,0.6590663,0.0
4118,GLCTLVAML,swapped_2866,5,0.36741585,0.0
6398,NLVPMVATV,10x,5,0.6915335,0.0
2730,KTWGQYWQV,positive,5,0.5576767,1.0
991,GLCTLVAML,swapped_73,5,0.27120355,0.0
6898,GLCTLVAML,swapped_5731,5,0.776812,0.0
3333,FLYALALLL,10x,5,0.7086425,0.0
4029,FLYALALLL,swapped_3022,5,0.012509411,0.0
2446,GILGFVFTL,swapped_1552,5,0.02989015,0.0
6363,GILGFVFTL,10x,5,0.009692834,0.0
4962,GILGFVFTL,10x,5,0.015183894,0.0
2147,GILGFVFTL,10x,5,0.24702775,0.0
3172,FLYALALLL,10x,5,0.030513378,0.0
2459,GLCTLVAML,swapped_1790,5,0.11938463,0.0
5614,GILGFVFTL,swapped_4439,5,0.027149523,0.0
6082,GILGFVFTL,10x,5,0.05376788,0.0
3802,GILGFVFTL,10x,5,0.41787106,0.0
6635,GILGFVFTL,swapped_5740,5,0.11195633,0.0
4063,NLVPMVATV,swapped_2901,5,0.022552803,0.0
4168,GILGFVFTL,swapped_2897,5,0.12648244,0.0
5448,GLCTLVAML,swapped_4240,5,0.99981195,0.0
5367,NLVPMVATV,swapped_4390,5,0.1257889,0.0
3266,GILGFVFTL,10x,5,0.013628545,0.0
2801,GILGFVFTL,positive,5,0.9776384,1.0
3927,FLYALALLL,swapped_2923,5,0.13933754,0.0
795,GLCTLVAML,10x,5,0.17816214,0.0
1713,GILGFVFTL,positive,5,0.41483134,1.0
6222,GILGFVFTL,10x,5,0.23638815,0.0
3192,GILGFVFTL,10x,5,0.015797693,0.0
2859,GILGFVFTL,positive,5,0.99720335,1.0
5536,GILGFVFTL,swapped_4367,5,0.009925194,0.0
3084,GLCTLVAML,10x,5,0.015119576,0.0
1474,NLVPMVATV,swapped_21,5,0.5898402,0.0
169,NLVPMVATV,positive,5,0.14890067,1.0
1006,GILGFVFTL,10x,5,0.93378717,0.0
5441,FLYALALLL,swapped_4424,5,0.7915116,0.0
5057,GILGFVFTL,10x,5,0.017364481,0.0
6339,GILGFVFTL,10x,5,0.19223365,0.0
4165,NLVPMVATV,swapped_2823,5,0.9081615,0.0
2592,RTLNAWVKV,swapped_1713,5,0.5052036,0.0
3995,NLVPMVATV,swapped_3055,5,0.9970687,0.0
3151,GILGFVFTL,10x,5,0.3377353,0.0
3181,GILGFVFTL,10x,5,0.17800912,0.0
1862,GILGFVFTL,10x,5,0.023511129,0.0
2155,GILGFVFTL,10x,5,0.0077371704,0.0
5631,FLYALALLL,swapped_4555,5,0.012142662,0.0
6437,GILGFVFTL,10x,5,0.39018908,0.0
5216,GILGFVFTL,10x,5,0.025383906,0.0
2938,GILGFVFTL,positive,5,0.99343175,1.0
1465,GLCTLVAML,swapped_35,5,0.014554764,0.0
190,NLVPMVATV,positive,5,0.07022767,1.0
6052,NLVPMVATV,10x,5,0.32478815,0.0
6703,GILGFVFTL,swapped_6001,5,0.009870703,0.0
2977,GILGFVFTL,positive,5,0.9999628,1.0
1627,GILGFVFTL,positive,5,0.9907046,1.0
4810,GILGFVFTL,10x,5,0.15334027,0.0
5650,NLVPMVATV,swapped_4499,5,0.99995947,0.0
141,GILGFVFTL,positive,5,0.9917916,1.0
2511,GLCTLVAML,swapped_1672,5,0.35875368,0.0
4853,GILGFVFTL,10x,5,0.9927336,0.0
504,GILGFVFTL,10x,5,0.028886834,0.0
5159,GILGFVFTL,10x,5,0.015705515,0.0
1339,GLCTLVAML,swapped_354,5,0.99998343,0.0
956,RTLNAWVKV,10x,5,0.026040934,0.0
2992,GILGFVFTL,positive,5,0.94426566,1.0
1258,NLVPMVATV,swapped_92,5,0.99988914,0.0
4870,GILGFVFTL,10x,5,0.025507582,0.0
6510,GLCTLVAML,10x,5,0.9119988,0.0
6762,KTWGQYWQV,swapped_5868,5,0.3971854,0.0
3901,MLDLQPETT,swapped_2832,5,0.9997842,0.0
5588,GILGFVFTL,swapped_4427,5,0.09438877,0.0
2189,GILGFVFTL,10x,5,0.031939387,0.0
4180,GILGFVFTL,positive,5,0.9999734,1.0
5637,NLVPMVATV,swapped_4274,5,0.045895852,0.0
2122,GILGFVFTL,10x,5,0.4917224,0.0
6882,NLVPMVATV,swapped_5722,5,0.91858226,0.0
3347,GILGFVFTL,10x,5,0.32577312,0.0
6801,GILGFVFTL,swapped_5882,5,0.048687924,0.0
5278,GILGFVFTL,10x,5,0.38083166,0.0
6309,GLCTLVAML,10x,5,0.051129572,0.0
1170,GLCTLVAML,swapped_193,5,0.9993672,0.0
4119,GLCTLVAML,swapped_2781,5,0.85705376,0.0
1846,NLVPMVATV,10x,5,0.030146841,0.0
3444,GILGFVFTL,10x,5,0.022913175,0.0
5436,IMDQVPFSV,swapped_4374,5,0.9834373,0.0
4522,GILGFVFTL,positive,5,0.9994355,1.0
4342,GLCTLVAML,positive,5,0.0656776,1.0
3973,LLFGYPVYV,swapped_2792,5,0.9999769,0.0
6431,GILGFVFTL,10x,5,0.039593846,0.0
483,GILGFVFTL,10x,5,0.04860273,0.0
3892,GLCTLVAML,swapped_2793,5,0.9983045,0.0
3287,GILGFVFTL,10x,5,0.028861696,0.0
5308,NLVPMVATV,10x,5,0.03154455,0.0
1964,GILGFVFTL,10x,5,0.897462,0.0
4214,GILGFVFTL,positive,5,0.9999162,1.0
4521,GILGFVFTL,positive,5,0.9728616,1.0
293,GILGFVFTL,positive,5,0.99996984,1.0
4427,NLVPMVATV,positive,5,0.12876855,1.0
1790,NLVPMVATV,positive,5,0.052024126,1.0
2524,GILGFVFTL,swapped_1723,5,0.7294717,0.0
1176,RTLNAWVKV,swapped_242,5,0.92012477,0.0
3575,GLCTLVAML,10x,5,0.34781852,0.0
2232,NLVPMVATV,10x,5,0.014686339,0.0
564,GILGFVFTL,10x,5,0.22289836,0.0
257,GILGFVFTL,positive,5,0.022488918,1.0
100,GILGFVFTL,positive,5,0.97993845,1.0
601,GILGFVFTL,10x,5,0.48709208,0.0
807,GILGFVFTL,10x,5,0.018950505,0.0
4273,GILGFVFTL,positive,5,0.9812646,1.0
4670,GILGFVFTL,10x,5,0.37864575,0.0
4753,GILGFVFTL,10x,5,0.053492904,0.0
1179,GILGFVFTL,swapped_132,5,0.9886022,0.0
2974,GILGFVFTL,positive,5,0.50507396,1.0
3101,GILGFVFTL,10x,5,0.27008444,0.0
178,GILGFVFTL,positive,5,0.99994814,1.0
6632,NLVPMVATV,swapped_5795,5,0.9999832,0.0
1458,NLVPMVATV,swapped_178,5,0.9999157,0.0
2468,NLVPMVATV,swapped_1627,5,0.9887096,0.0
4281,GILGFVFTL,positive,5,0.9961414,1.0
963,RTLNAWVKV,10x,5,0.14209591,0.0
2876,MLDLQPETT,positive,5,0.27388915,1.0
6034,GLCTLVAML,10x,5,0.018353347,0.0
3292,SLFNTVATL,10x,5,0.366548,0.0
3150,GLCTLVAML,10x,5,0.9990351,0.0
531,NLVPMVATV,10x,5,0.0061835796,0.0
5530,GLCTLVAML,swapped_4445,5,0.7492751,0.0
6443,GILGFVFTL,10x,5,0.008899755,0.0
3430,GLCTLVAML,10x,5,0.026673865,0.0
4381,GILGFVFTL,positive,5,0.9640889,1.0
2209,NLVPMVATV,10x,5,0.016676467,0.0
3394,GLCTLVAML,10x,5,0.38745496,0.0
6167,RTLNAWVKV,10x,5,0.38731867,0.0
1214,NLVPMVATV,swapped_241,5,0.43824175,0.0
4571,GILGFVFTL,10x,5,0.5297488,0.0
6100,GILGFVFTL,10x,5,0.23463435,0.0
2989,GILGFVFTL,positive,5,0.9985434,1.0
5525,GLCTLVAML,swapped_4316,5,0.088204294,0.0
3022,GILGFVFTL,positive,5,0.0114351455,1.0
5469,NLVPMVATV,swapped_4350,5,0.9960349,0.0
4464,NLVPMVATV,positive,5,0.03528266,1.0
876,GLCTLVAML,10x,5,0.04497093,0.0
2451,KTWGQYWQV,swapped_1720,5,0.5021335,0.0
2110,LLFGYPVYV,10x,5,0.007999553,0.0
5466,GLCTLVAML,swapped_4435,5,0.016005257,0.0
3294,GILGFVFTL,10x,5,0.016181687,0.0
5411,GILGFVFTL,swapped_4174,5,0.5391828,0.0
156,NLVPMVATV,positive,5,0.14648189,1.0
1992,GILGFVFTL,10x,5,0.008853738,0.0
318,GILGFVFTL,positive,5,0.9999765,1.0
3698,GILGFVFTL,10x,5,0.06520186,0.0
1375,GLCTLVAML,swapped_272,5,0.62377685,0.0
883,GILGFVFTL,10x,5,0.025522662,0.0
6018,RMFPNAPYL,10x,5,0.30914927,0.0
1864,GILGFVFTL,10x,5,0.039732646,0.0
2239,GILGFVFTL,10x,5,0.019983878,0.0
1147,GILGFVFTL,swapped_22,5,0.02283004,0.0
2683,FLYALALLL,swapped_1693,5,0.99998116,0.0
348,GILGFVFTL,positive,5,0.8939147,1.0
3253,GILGFVFTL,10x,5,0.020913575,0.0
3450,GILGFVFTL,10x,5,0.009442982,0.0
3339,GILGFVFTL,10x,5,0.054527253,0.0
1205,GLCTLVAML,swapped_369,5,0.92930174,0.0
6156,GILGFVFTL,10x,5,0.8932629,0.0
662,GILGFVFTL,10x,5,0.020724805,0.0
6247,GILGFVFTL,10x,5,0.051258598,0.0
5902,GILGFVFTL,positive,5,0.9645018,1.0
3624,IMDQVPFSV,10x,5,0.011497804,0.0
2035,LLFGYPVYV,10x,5,0.033857305,0.0
3067,GILGFVFTL,10x,5,0.99058235,0.0
2317,GILGFVFTL,10x,5,0.009151834,0.0
933,GILGFVFTL,10x,5,0.01106346,0.0
3056,GILGFVFTL,positive,5,0.4569509,1.0
3948,GILGFVFTL,swapped_2699,5,0.0076874946,0.0
2958,GLCTLVAML,positive,5,0.021336583,1.0
3641,GILGFVFTL,10x,5,0.9642722,0.0
3489,GILGFVFTL,10x,5,0.008848158,0.0
1093,GILGFVFTL,10x,5,0.011265468,0.0
4703,NLVPMVATV,10x,5,0.025810365,0.0
4908,GLCTLVAML,10x,5,0.021422436,0.0
1778,GILGFVFTL,positive,5,0.9507936,1.0
1099,GILGFVFTL,10x,5,0.018084517,0.0
628,GILGFVFTL,10x,5,0.57934475,0.0
217,GILGFVFTL,positive,5,0.036721796,1.0
5096,NLVPMVATV,10x,5,0.99104226,0.0
2036,RTLNAWVKV,10x,5,0.998816,0.0
5795,GILGFVFTL,positive,5,0.9999888,1.0
3493,GLCTLVAML,10x,5,0.7673591,0.0
2009,GILGFVFTL,10x,5,0.24477364,0.0
5707,GILGFVFTL,positive,5,0.9989899,1.0
2349,GILGFVFTL,10x,5,0.37229848,0.0
6455,GILGFVFTL,10x,5,0.023813145,0.0
588,NLVPMVATV,10x,5,0.038745757,0.0
369,GILGFVFTL,positive,5,0.9470427,1.0
3837,NLVPMVATV,swapped_2974,5,0.5454882,0.0
1679,GILGFVFTL,positive,5,0.6620105,1.0
2236,YLLEMLWRL,10x,5,0.30597377,0.0
4921,GILGFVFTL,10x,5,0.48275736,0.0
1416,LLFGYPVYV,swapped_19,5,0.66986066,0.0
5102,GILGFVFTL,10x,5,0.10059797,0.0
6166,GILGFVFTL,10x,5,0.21846451,0.0
283,GILGFVFTL,positive,5,0.99997425,1.0
4536,FLYALALLL,positive,5,0.015717778,1.0
4004,IMDQVPFSV,swapped_3031,5,0.99835336,0.0
1720,GILGFVFTL,positive,5,0.52403164,1.0
4535,GLCTLVAML,positive,5,0.04377164,1.0
4356,GILGFVFTL,positive,5,0.99994457,1.0
2395,GILGFVFTL,10x,5,0.26624733,0.0
825,GILGFVFTL,10x,5,0.014619977,0.0
6147,GILGFVFTL,10x,5,0.38860282,0.0
4780,GILGFVFTL,10x,5,0.012043545,0.0
4141,NLVPMVATV,swapped_2962,5,0.87575155,0.0
309,GILGFVFTL,positive,5,0.9999789,1.0
1875,GILGFVFTL,10x,5,0.012493899,0.0
3591,NLVPMVATV,10x,5,0.014610232,0.0
1364,GLCTLVAML,swapped_111,5,0.85952055,0.0
2793,GILGFVFTL,positive,5,0.9977102,1.0
6149,GILGFVFTL,10x,5,0.26946694,0.0
1930,NLVPMVATV,10x,5,0.3134426,0.0
2761,GILGFVFTL,positive,5,0.48278725,1.0
6715,GLCTLVAML,swapped_5990,5,0.9998944,0.0
1297,GILGFVFTL,swapped_330,5,0.82120335,0.0
4841,GILGFVFTL,10x,5,0.22394624,0.0
5481,GLCTLVAML,swapped_4485,5,0.06636993,0.0
2094,GLCTLVAML,10x,5,0.02762208,0.0
6481,LLFGYPVYV,10x,5,0.016470585,0.0
2482,GLCTLVAML,swapped_1624,5,0.36376032,0.0
2999,GILGFVFTL,positive,5,0.9995498,1.0
5674,GILGFVFTL,swapped_4451,5,0.34019336,0.0
4003,GLCTLVAML,swapped_2884,5,0.65383136,0.0
938,GLCTLVAML,10x,5,0.9476697,0.0
864,GILGFVFTL,10x,5,0.87660927,0.0
3272,GILGFVFTL,10x,5,0.00919124,0.0
5792,NLVPMVATV,positive,5,0.14193082,1.0
2804,FLYALALLL,positive,5,0.6718103,1.0
1345,GLCTLVAML,swapped_365,5,0.99798787,0.0
317,GILGFVFTL,positive,5,0.99995077,1.0
1802,GILGFVFTL,positive,5,0.93548226,1.0
1403,GLCTLVAML,swapped_235,5,0.8185447,0.0
4219,GILGFVFTL,positive,5,0.99591184,1.0
6345,GLCTLVAML,10x,5,0.08043884,0.0
4915,GILGFVFTL,10x,5,0.934118,0.0
3930,GLCTLVAML,swapped_2807,5,0.019231493,0.0
1088,GILGFVFTL,10x,5,0.036409605,0.0
3763,GILGFVFTL,10x,5,0.2514431,0.0
308,GILGFVFTL,positive,5,0.21928696,1.0
3873,MLDLQPETT,swapped_3047,5,0.012723061,0.0
5932,GILGFVFTL,positive,5,0.93063045,1.0
1552,GLCTLVAML,positive,5,0.107279204,1.0
1498,NLVPMVATV,swapped_60,5,0.29337096,0.0
676,GILGFVFTL,10x,5,0.03287963,0.0
627,GLCTLVAML,10x,5,0.3339549,0.0
229,GILGFVFTL,positive,5,0.91495526,1.0
397,RMFPNAPYL,10x,5,0.055954933,0.0
3440,GILGFVFTL,10x,5,0.75363535,0.0
754,GILGFVFTL,10x,5,0.5526686,0.0
980,NLVPMVATV,10x,5,0.006546775,0.0
3773,GILGFVFTL,10x,5,0.77186877,0.0
1244,NLVPMVATV,swapped_150,5,0.99993503,0.0
362,GILGFVFTL,positive,5,0.4578534,1.0
872,GILGFVFTL,10x,5,0.04460794,0.0
6664,NLVPMVATV,swapped_5720,5,0.5857132,0.0
132,FLYALALLL,positive,5,0.9883355,1.0
5594,GILGFVFTL,swapped_4223,5,0.021885544,0.0
3542,GILGFVFTL,10x,5,0.0079059005,0.0
3665,GILGFVFTL,10x,5,0.028444925,0.0
4365,GILGFVFTL,positive,5,0.03706775,1.0
6120,GLCTLVAML,10x,5,0.36962688,0.0
4463,GILGFVFTL,positive,5,0.9366335,1.0
3717,GILGFVFTL,10x,5,0.24520451,0.0
3579,LLFGYPVYV,10x,5,0.3270748,0.0
3303,GILGFVFTL,10x,5,0.82034475,0.0
5418,NLVPMVATV,swapped_4521,5,0.97370493,0.0
4905,GILGFVFTL,10x,5,0.059469387,0.0
6802,MLDLQPETT,swapped_5979,5,0.99987864,0.0
1118,GILGFVFTL,10x,5,0.009375135,0.0
4243,GILGFVFTL,positive,5,0.9999697,1.0
684,GLCTLVAML,10x,5,0.02257312,0.0
1144,GLCTLVAML,swapped_249,5,0.999985,0.0
6083,GILGFVFTL,10x,5,0.016483288,0.0
6612,GLCTLVAML,swapped_5875,5,0.9966799,0.0
6177,GILGFVFTL,10x,5,0.043897193,0.0
437,GILGFVFTL,10x,5,0.8570769,0.0
5543,RTLNAWVKV,swapped_4257,5,0.08019201,0.0
4566,GILGFVFTL,10x,5,0.36647347,0.0
3732,GILGFVFTL,10x,5,0.03726965,0.0
4662,GILGFVFTL,10x,5,0.25604457,0.0
1215,NLVPMVATV,swapped_257,5,0.032381687,0.0
4315,GILGFVFTL,positive,5,0.07792012,1.0
5683,RMFPNAPYL,swapped_4364,5,0.99910635,0.0
6243,GILGFVFTL,10x,5,0.042289924,0.0
4178,GILGFVFTL,positive,5,0.45999223,1.0
1911,GILGFVFTL,10x,5,0.1738095,0.0
2001,NLVPMVATV,10x,5,0.41886762,0.0
462,GILGFVFTL,10x,5,0.23160405,0.0
491,NLVPMVATV,10x,5,0.078327425,0.0
3420,GLCTLVAML,10x,5,0.35519972,0.0
2060,GLCTLVAML,10x,5,0.026466735,0.0
1960,GILGFVFTL,10x,5,0.007129444,0.0
4228,GILGFVFTL,positive,5,0.25327134,1.0
6001,GLCTLVAML,positive,5,0.018664453,1.0
4951,KTWGQYWQV,10x,5,0.4557734,0.0
2699,GLCTLVAML,positive,5,0.01893501,1.0
622,KTWGQYWQV,10x,5,0.2885002,0.0
1677,GILGFVFTL,positive,5,0.403131,1.0
1208,GLCTLVAML,swapped_217,5,0.06428779,0.0
4139,GILGFVFTL,swapped_3041,5,0.007742653,0.0
4634,GILGFVFTL,10x,5,0.5340549,0.0
5042,GILGFVFTL,10x,5,0.37797445,0.0
5013,GILGFVFTL,10x,5,0.020022389,0.0
4257,GILGFVFTL,positive,5,0.056770094,1.0
1137,GLCTLVAML,10x,5,0.99903584,0.0
6770,NLVPMVATV,swapped_5932,5,0.9519368,0.0
1041,GLCTLVAML,10x,5,0.9999751,0.0
4580,GILGFVFTL,10x,5,0.014896298,0.0
6021,LLFGYPVYV,10x,5,0.8601742,0.0
263,GILGFVFTL,positive,5,0.17063566,1.0
1625,GILGFVFTL,positive,5,0.061742276,1.0
2549,GILGFVFTL,swapped_1770,5,0.2492235,0.0
812,GILGFVFTL,10x,5,0.018724369,0.0
4274,KTWGQYWQV,positive,5,0.05778351,1.0
5825,GILGFVFTL,positive,5,0.9999292,1.0
289,GILGFVFTL,positive,5,0.9999776,1.0
3581,NLVPMVATV,10x,5,0.7442888,0.0
3823,GLCTLVAML,swapped_2731,5,0.9689465,0.0
2090,GILGFVFTL,10x,5,0.11874741,0.0
210,GLCTLVAML,positive,5,0.33968595,1.0
3346,GLCTLVAML,10x,5,0.01644344,0.0
6036,FLYALALLL,10x,5,0.14284083,0.0
1820,GILGFVFTL,10x,5,0.34862277,0.0
934,GILGFVFTL,10x,5,0.41312292,0.0
6360,GILGFVFTL,10x,5,0.6321514,0.0
2763,GILGFVFTL,positive,5,0.9505832,1.0
1279,GLCTLVAML,swapped_34,5,0.9999788,0.0
5658,GLCTLVAML,swapped_4252,5,0.6589787,0.0
4312,GILGFVFTL,positive,5,0.995593,1.0
3345,GLCTLVAML,10x,5,0.03670499,0.0
3115,NLVPMVATV,10x,5,0.9951858,0.0
4451,IMDQVPFSV,positive,5,0.37325007,1.0
2912,FLYALALLL,positive,5,0.008850542,1.0
3410,GLCTLVAML,10x,5,0.51441514,0.0
5004,GILGFVFTL,10x,5,0.46431324,0.0
2577,NLVPMVATV,swapped_1802,5,0.9337276,0.0
1966,GILGFVFTL,10x,5,0.36658514,0.0
5197,GILGFVFTL,10x,5,0.44985703,0.0
454,GILGFVFTL,10x,5,0.90154487,0.0
5105,GILGFVFTL,10x,5,0.44105062,0.0
4613,GILGFVFTL,10x,5,0.34446445,0.0
451,GILGFVFTL,10x,5,0.9767967,0.0
19,GILGFVFTL,positive,5,0.71115726,1.0
1337,GILGFVFTL,swapped_156,5,0.10695171,0.0
6237,GLCTLVAML,10x,5,0.080208585,0.0
1671,GILGFVFTL,positive,5,0.13021527,1.0
5862,GILGFVFTL,positive,5,0.3359368,1.0
1834,GILGFVFTL,10x,5,0.95909846,0.0
2059,GILGFVFTL,10x,5,0.009648864,0.0
1490,GILGFVFTL,swapped_169,5,0.1098773,0.0
2828,FLYALALLL,positive,5,0.019420598,1.0
2053,GILGFVFTL,10x,5,0.034203876,0.0
312,GILGFVFTL,positive,5,0.9977417,1.0
1600,GILGFVFTL,positive,5,0.017981974,1.0
5696,NLVPMVATV,swapped_4228,5,0.31711963,0.0
3378,GILGFVFTL,10x,5,0.06931814,0.0
2162,GILGFVFTL,10x,5,0.9321694,0.0
1085,NLVPMVATV,10x,5,0.041165933,0.0
6657,NLVPMVATV,swapped_5981,5,0.8990829,0.0
645,YLLEMLWRL,10x,5,0.27078107,0.0
539,GILGFVFTL,10x,5,0.65250266,0.0
171,MLDLQPETT,positive,5,0.31657737,1.0
3725,GILGFVFTL,10x,5,0.029070582,0.0
4424,GILGFVFTL,positive,5,0.8048399,1.0
3255,GILGFVFTL,10x,5,0.051364012,0.0
92,GILGFVFTL,positive,5,0.9999124,1.0
4818,NLVPMVATV,10x,5,0.02782619,0.0
339,GLCTLVAML,positive,5,0.023634315,1.0
5597,GILGFVFTL,swapped_4464,5,0.02468601,0.0
3829,LLFGYPVYV,swapped_3051,5,0.999923,0.0
1387,NLVPMVATV,swapped_96,5,0.33454525,0.0
3332,GILGFVFTL,10x,5,0.055717167,0.0
3286,NLVPMVATV,10x,5,0.042910814,0.0
890,GILGFVFTL,10x,5,0.69402015,0.0
6423,NLVPMVATV,10x,5,0.028301658,0.0
3642,GILGFVFTL,10x,5,0.9435597,0.0
6725,NLVPMVATV,swapped_5728,5,0.040801294,0.0
3971,GLCTLVAML,swapped_2831,5,0.9982356,0.0
3157,GILGFVFTL,10x,5,0.022737097,0.0
121,GILGFVFTL,positive,5,0.97139883,1.0
5347,GILGFVFTL,swapped_4236,5,0.21841757,0.0
1204,GILGFVFTL,swapped_190,5,0.050596934,0.0
1348,NLVPMVATV,swapped_141,5,0.9903474,0.0
435,YLLEMLWRL,10x,5,0.5817197,0.0
41,GILGFVFTL,positive,5,0.7175755,1.0
5192,GILGFVFTL,10x,5,0.024858814,0.0
741,GILGFVFTL,10x,5,0.3646016,0.0
5295,GILGFVFTL,10x,5,0.26085255,0.0
2831,GILGFVFTL,positive,5,0.9969103,1.0
5606,GILGFVFTL,swapped_4471,5,0.4383066,0.0
3706,GILGFVFTL,10x,5,0.023672247,0.0
2329,NLVPMVATV,10x,5,0.16337146,0.0
2600,NLVPMVATV,swapped_1629,5,0.597661,0.0
2348,GILGFVFTL,10x,5,0.038716502,0.0
4215,GILGFVFTL,positive,5,0.80978304,1.0
3813,GILGFVFTL,swapped_2730,5,0.48066765,0.0
5906,GILGFVFTL,positive,5,0.9988319,1.0
3096,GILGFVFTL,10x,5,0.019597735,0.0
2361,GILGFVFTL,10x,5,0.011674466,0.0
6169,GILGFVFTL,10x,5,0.01919656,0.0
6076,RMFPNAPYL,10x,5,0.25920895,0.0
2590,GILGFVFTL,swapped_1807,5,0.015344247,0.0
4439,GLCTLVAML,positive,5,0.05461182,1.0
3983,KVLEYVIKV,swapped_2888,5,0.021113755,0.0
42,GILGFVFTL,positive,5,0.9999733,1.0
855,GILGFVFTL,10x,5,0.92553943,0.0
5080,GILGFVFTL,10x,5,0.096261494,0.0
3409,GILGFVFTL,10x,5,0.0094743045,0.0
5945,GILGFVFTL,positive,5,0.97025764,1.0
2901,GILGFVFTL,positive,5,0.01601902,1.0
5868,GILGFVFTL,positive,5,0.30064967,1.0
1981,GLCTLVAML,10x,5,0.57575816,0.0
4911,LLFGYPVYV,10x,5,0.026552385,0.0
1921,NLVPMVATV,10x,5,0.013541898,0.0
1852,GILGFVFTL,10x,5,0.012169867,0.0
2895,GILGFVFTL,positive,5,0.9942713,1.0
1949,GILGFVFTL,10x,5,0.25062308,0.0
4316,GILGFVFTL,positive,5,0.06779074,1.0
6692,NLVPMVATV,swapped_5903,5,0.99974436,0.0
6280,GILGFVFTL,10x,5,0.70255023,0.0
3812,GLCTLVAML,swapped_3039,5,0.905799,0.0
3135,GILGFVFTL,10x,5,0.43155825,0.0
4760,GILGFVFTL,10x,5,0.0364937,0.0
5178,GILGFVFTL,10x,5,0.14569584,0.0
3436,GILGFVFTL,10x,5,0.005971371,0.0
5532,GLCTLVAML,swapped_4509,5,0.28140378,0.0
247,GILGFVFTL,positive,5,0.9991442,1.0
4252,GILGFVFTL,positive,5,0.7135612,1.0
3008,GLCTLVAML,positive,5,0.04398844,1.0
5115,GILGFVFTL,10x,5,0.014036274,0.0
4396,NLVPMVATV,positive,5,0.69255567,1.0
5882,SLLMWITQV,positive,5,0.07084159,1.0
1624,GILGFVFTL,positive,5,0.31210154,1.0
1807,FLYALALLL,positive,5,0.016843555,1.0
3946,NLVPMVATV,swapped_2798,5,0.9987413,0.0
2811,GILGFVFTL,positive,5,0.9772415,1.0
256,GILGFVFTL,positive,5,0.9784385,1.0
4641,GILGFVFTL,10x,5,0.9986242,0.0
5112,GILGFVFTL,10x,5,0.022020595,0.0
2832,GILGFVFTL,positive,5,0.9998388,1.0
1242,RTLNAWVKV,swapped_89,5,0.9696917,0.0
3970,GILGFVFTL,swapped_2804,5,0.6550932,0.0
4431,NLVPMVATV,positive,5,0.52229965,1.0
4137,KTWGQYWQV,swapped_2912,5,0.014477962,0.0
4587,GILGFVFTL,10x,5,0.21258956,0.0
3685,GILGFVFTL,10x,5,0.9080598,0.0
3719,GILGFVFTL,10x,5,0.1420174,0.0
4599,GLCTLVAML,10x,5,0.01933113,0.0
3779,GILGFVFTL,10x,5,0.6774536,0.0
1922,GILGFVFTL,10x,5,0.31154668,0.0
1145,GLCTLVAML,swapped_336,5,0.9998103,0.0
830,GILGFVFTL,10x,5,0.36969364,0.0
3355,GILGFVFTL,10x,5,0.35955837,0.0
1253,FLYALALLL,swapped_247,5,0.9991517,0.0
2407,RTLNAWVKV,swapped_1677,5,0.43148735,0.0
936,GILGFVFTL,10x,5,0.037442226,0.0
2674,NLVPMVATV,swapped_1788,5,0.42474112,0.0
5790,FLYALALLL,positive,5,0.061677024,1.0
5116,GILGFVFTL,10x,5,0.3230674,0.0
4240,GILGFVFTL,positive,5,0.99955374,1.0
4944,GILGFVFTL,10x,5,0.5497663,0.0
861,GILGFVFTL,10x,5,0.05902856,0.0
145,GILGFVFTL,positive,5,0.05109233,1.0
86,GILGFVFTL,positive,5,0.99409544,1.0
1075,GILGFVFTL,10x,5,0.88018763,0.0
3106,NLVPMVATV,10x,5,0.5725994,0.0
3775,GILGFVFTL,10x,5,0.52123773,0.0
1867,GILGFVFTL,10x,5,0.043903437,0.0
3969,GLCTLVAML,swapped_2846,5,0.9541429,0.0
4222,GILGFVFTL,positive,5,0.99321353,1.0
1154,GILGFVFTL,swapped_65,5,0.028460389,0.0
151,GILGFVFTL,positive,5,0.9993555,1.0
2789,GILGFVFTL,positive,5,0.99952745,1.0
4606,GILGFVFTL,10x,5,0.48995972,0.0
49,GLCTLVAML,positive,5,0.027558224,1.0
664,GILGFVFTL,10x,5,0.991435,0.0
1749,GILGFVFTL,positive,5,0.95401204,1.0
3250,GLCTLVAML,10x,5,0.23380195,0.0
6853,GLCTLVAML,swapped_5906,5,0.99921227,0.0
6387,NLVPMVATV,10x,5,0.47474116,0.0
1979,GILGFVFTL,10x,5,0.7126996,0.0
1349,RTLNAWVKV,swapped_121,5,0.96905386,0.0
4413,GILGFVFTL,positive,5,0.99997234,1.0
235,GILGFVFTL,positive,5,0.84689486,1.0
3098,GILGFVFTL,10x,5,0.65927124,0.0
2973,GILGFVFTL,positive,5,0.9716153,1.0
3914,GLCTLVAML,swapped_2882,5,0.9933513,0.0
5937,GILGFVFTL,positive,5,0.9999758,1.0
3240,GILGFVFTL,10x,5,0.018587172,0.0
4163,NLVPMVATV,swapped_2801,5,0.9763055,0.0
526,GILGFVFTL,10x,5,0.031561438,0.0
4238,SLLMWITQV,positive,5,0.99801385,1.0
234,FLYALALLL,positive,5,0.01215263,1.0
2725,GILGFVFTL,positive,5,0.8096531,1.0
4721,GILGFVFTL,10x,5,0.60850155,0.0
1001,GILGFVFTL,10x,5,0.33946982,0.0
1704,GLCTLVAML,positive,5,0.93636686,1.0
4364,GILGFVFTL,positive,5,0.99935573,1.0
911,GILGFVFTL,10x,5,0.030647965,0.0
763,GILGFVFTL,10x,5,0.10294957,0.0
3233,FLYALALLL,10x,5,0.66438,0.0
1939,GILGFVFTL,10x,5,0.3220702,0.0
5732,GILGFVFTL,positive,5,0.929746,1.0
3756,GILGFVFTL,10x,5,0.9988393,0.0
5965,GILGFVFTL,positive,5,0.9988411,1.0
5527,GLCTLVAML,swapped_4186,5,0.6565305,0.0
6257,GILGFVFTL,10x,5,0.60749304,0.0
2866,GILGFVFTL,positive,5,0.29324996,1.0
5717,GILGFVFTL,positive,5,0.9840263,1.0
1168,GLCTLVAML,swapped_287,5,0.9408231,0.0
2613,LLFGYPVYV,swapped_1679,5,0.6540858,0.0
5369,GLCTLVAML,swapped_4185,5,0.939815,0.0
5032,GILGFVFTL,10x,5,0.1087662,0.0
661,SLFNTVATL,10x,5,0.0069766575,0.0
3376,GILGFVFTL,10x,5,0.8742067,0.0
4174,GLCTLVAML,positive,5,0.6003127,1.0
1379,LLFGYPVYV,swapped_341,5,0.022784293,0.0
155,GILGFVFTL,positive,5,0.9845685,1.0
2853,GILGFVFTL,positive,5,0.9158125,1.0
6576,FLYALALLL,10x,5,0.34299567,0.0
1690,GLCTLVAML,positive,5,0.33291906,1.0
3920,NLVPMVATV,swapped_3056,5,0.4768711,0.0
3743,GILGFVFTL,10x,5,0.014681247,0.0
4538,GILGFVFTL,positive,5,0.009764608,1.0
5405,GILGFVFTL,swapped_4505,5,0.019409833,0.0
6844,SLFNTVATL,swapped_5870,5,0.99869955,0.0
2846,GILGFVFTL,positive,5,0.9626609,1.0
4375,GILGFVFTL,positive,5,0.9719282,1.0
918,GILGFVFTL,10x,5,0.24449928,0.0
2897,GLCTLVAML,positive,5,0.17732608,1.0
4024,GLCTLVAML,swapped_2955,5,0.03706166,0.0
1121,NLVPMVATV,10x,5,0.9905562,0.0
4644,GILGFVFTL,10x,5,0.20122813,0.0
1117,GILGFVFTL,10x,5,0.33183149,0.0
2045,GILGFVFTL,10x,5,0.007751982,0.0
565,GILGFVFTL,10x,5,0.9985519,0.0
1514,LLFGYPVYV,swapped_229,5,0.9114295,0.0
6418,GILGFVFTL,10x,5,0.40138802,0.0
2689,GLCTLVAML,swapped_1749,5,0.98528755,0.0
5990,GILGFVFTL,positive,5,0.9997842,1.0
5946,GILGFVFTL,positive,5,0.96390134,1.0
4839,NLVPMVATV,10x,5,0.7293157,0.0
2979,GILGFVFTL,positive,5,0.9924852,1.0
5062,GILGFVFTL,10x,5,0.93821466,0.0
4787,GILGFVFTL,10x,5,0.14538676,0.0
5293,GILGFVFTL,10x,5,0.99879885,0.0
6796,GILGFVFTL,swapped_5989,5,0.053561088,0.0
4121,NLVPMVATV,swapped_2763,5,0.9519451,0.0
2088,GILGFVFTL,10x,5,0.391952,0.0
1115,GILGFVFTL,10x,5,0.014116672,0.0
6274,GILGFVFTL,10x,5,0.14469986,0.0
3186,NLVPMVATV,10x,5,0.46334428,0.0
6523,GILGFVFTL,10x,5,0.42598426,0.0
2467,GLCTLVAML,swapped_1742,5,0.9999876,0.0
5306,GILGFVFTL,10x,5,0.025256654,0.0
1276,GLCTLVAML,swapped_155,5,0.98765683,0.0
6611,FLYALALLL,swapped_5974,5,0.41305897,0.0
6889,YLLEMLWRL,swapped_5969,5,0.2114035,0.0
5903,GILGFVFTL,positive,5,0.9997874,1.0
4991,GILGFVFTL,10x,5,0.103591956,0.0
1311,NLVPMVATV,swapped_119,5,0.972258,0.0
463,GILGFVFTL,10x,5,0.01977358,0.0
1503,FLYALALLL,swapped_33,5,0.009451737,0.0
3386,GLCTLVAML,10x,5,0.029338807,0.0
5969,GILGFVFTL,positive,5,0.2055239,1.0
107,GILGFVFTL,positive,5,0.97943133,1.0
4976,GILGFVFTL,10x,5,0.082765445,0.0
1491,GILGFVFTL,swapped_73,5,0.21562119,0.0
4185,GILGFVFTL,positive,5,0.9495635,1.0
272,GILGFVFTL,positive,5,0.5715159,1.0
2739,GILGFVFTL,positive,5,0.95735884,1.0
5728,KTWGQYWQV,positive,5,0.051440567,1.0
6221,FLYALALLL,10x,5,0.1370484,0.0
6827,GLCTLVAML,swapped_5769,5,0.9604354,0.0
336,GILGFVFTL,positive,5,0.9996661,1.0
1347,LLFGYPVYV,swapped_256,5,0.9781269,0.0
1564,NLVPMVATV,positive,5,0.7952061,1.0
58,GILGFVFTL,positive,5,0.015649965,1.0
3932,GILGFVFTL,swapped_2876,5,0.24592897,0.0
4960,RTLNAWVKV,10x,5,0.0666801,0.0
73,KVLEYVIKV,positive,5,0.25245076,1.0
5215,MLDLQPETT,10x,5,0.05494164,0.0
3486,GILGFVFTL,10x,5,0.040744517,0.0
2072,NLVPMVATV,10x,5,0.024529083,0.0
352,GILGFVFTL,positive,5,0.9947241,1.0
886,GILGFVFTL,10x,5,0.110089704,0.0
3538,GILGFVFTL,10x,5,0.36345273,0.0
1510,YLLEMLWRL,swapped_137,5,0.027179344,0.0
6764,FLYALALLL,swapped_5860,5,0.16155607,0.0
6391,GILGFVFTL,10x,5,0.36601493,0.0
3884,NLVPMVATV,swapped_2992,5,0.9369501,0.0
5243,MLDLQPETT,10x,5,0.4451175,0.0
5182,GILGFVFTL,10x,5,0.57649136,0.0
915,GILGFVFTL,10x,5,0.83350384,0.0
2962,GILGFVFTL,positive,5,0.8422551,1.0
2731,GILGFVFTL,positive,5,0.9757923,1.0
2282,GLCTLVAML,10x,5,0.23512115,0.0
2691,NLVPMVATV,swapped_1600,5,0.025295805,0.0
6291,GILGFVFTL,10x,5,0.008452526,0.0
2830,GILGFVFTL,positive,5,0.93766,1.0
1014,GILGFVFTL,10x,5,0.17608842,0.0
2296,GLCTLVAML,10x,5,0.06885901,0.0
4295,GILGFVFTL,positive,5,0.99998236,1.0
2852,GLCTLVAML,positive,5,0.02744058,1.0
1078,SLLMWITQV,10x,5,0.7189253,0.0
2070,GILGFVFTL,10x,5,0.017171163,0.0
3918,GLCTLVAML,swapped_2790,5,0.9935476,0.0
4719,GILGFVFTL,10x,5,0.021197759,0.0
6016,GILGFVFTL,10x,5,0.5273737,0.0
1702,GILGFVFTL,positive,5,0.9938339,1.0
38,GILGFVFTL,positive,5,0.024162034,1.0
5038,GILGFVFTL,10x,5,0.27419025,0.0
4873,NLVPMVATV,10x,5,0.043057375,0.0
5693,GLCTLVAML,swapped_4205,5,0.8323199,0.0
3657,GILGFVFTL,10x,5,0.019969366,0.0
6183,GLCTLVAML,10x,5,0.520655,0.0
6316,GILGFVFTL,10x,5,0.012960873,0.0
18,GLCTLVAML,positive,5,0.0539424,1.0
2515,NLVPMVATV,swapped_1727,5,0.943055,0.0
2670,GLCTLVAML,swapped_1623,5,0.9294598,0.0
2635,RTLNAWVKV,swapped_1800,5,0.21917178,0.0
21,GILGFVFTL,positive,5,0.55872667,1.0
5363,GLCTLVAML,swapped_4312,5,0.9963148,0.0
6216,GILGFVFTL,10x,5,0.020680591,0.0
5604,GLCTLVAML,swapped_4397,5,0.79589874,0.0
2255,GILGFVFTL,10x,5,0.046333894,0.0
2781,GILGFVFTL,positive,5,0.86798894,1.0
3231,RTLNAWVKV,10x,5,0.0051587275,0.0
1243,RTLNAWVKV,swapped_320,5,0.55172557,0.0
2948,NLVPMVATV,positive,5,0.23865563,1.0
1431,FLYALALLL,swapped_362,5,0.44813776,0.0
3524,GILGFVFTL,10x,5,0.23577811,0.0
3798,GILGFVFTL,10x,5,0.36908582,0.0
3390,GILGFVFTL,10x,5,0.018443601,0.0
6741,NLVPMVATV,swapped_5760,5,0.8027532,0.0
4360,GILGFVFTL,positive,5,0.99504745,1.0
3998,GILGFVFTL,swapped_2944,5,0.95434505,0.0
6004,GILGFVFTL,positive,5,0.88422245,1.0
3965,GILGFVFTL,swapped_2958,5,0.011942881,0.0
5403,GLCTLVAML,swapped_4277,5,0.9999484,0.0
2823,GILGFVFTL,positive,5,0.84800595,1.0
2026,GILGFVFTL,10x,5,0.01849468,0.0
3044,GILGFVFTL,positive,5,0.9998424,1.0
2798,GILGFVFTL,positive,5,0.998879,1.0
2051,NLVPMVATV,10x,5,0.017608868,0.0
1291,KTWGQYWQV,swapped_49,5,0.031827163,0.0
6160,GILGFVFTL,10x,5,0.40143973,0.0
3586,GLCTLVAML,10x,5,0.3865988,0.0
5641,LLFGYPVYV,swapped_4238,5,0.9975787,0.0
2024,GILGFVFTL,10x,5,0.58772314,0.0
6236,NLVPMVATV,10x,5,0.1665384,0.0
1590,GILGFVFTL,positive,5,0.03487672,1.0
3870,LLFGYPVYV,swapped_2916,5,0.99137735,0.0
3671,GILGFVFTL,10x,5,0.53502625,0.0
3751,NLVPMVATV,10x,5,0.0952487,0.0
4891,GILGFVFTL,10x,5,0.1308885,0.0
3648,GILGFVFTL,10x,5,0.3186274,0.0
5520,MLDLQPETT,swapped_4243,5,0.99996114,0.0
2160,FLYALALLL,10x,5,0.5564134,0.0
2588,GILGFVFTL,swapped_1739,5,0.010781596,0.0
4186,GILGFVFTL,positive,5,0.5279133,1.0
3361,GLCTLVAML,10x,5,0.02877755,0.0
1596,GILGFVFTL,positive,5,0.1318109,1.0
3130,NLVPMVATV,10x,5,0.059314884,0.0
406,GILGFVFTL,10x,5,0.26753432,0.0
3210,GILGFVFTL,10x,5,0.3265287,0.0
1056,GLCTLVAML,10x,5,0.018571835,0.0
6338,GILGFVFTL,10x,5,0.27250442,0.0
4015,NLVPMVATV,swapped_2898,5,0.020378556,0.0
379,GILGFVFTL,positive,5,0.9997907,1.0
3215,GILGFVFTL,10x,5,0.9568574,0.0
1310,FLYALALLL,swapped_283,5,0.9999733,0.0
2460,NLVPMVATV,swapped_1776,5,0.011428667,0.0
4090,GLCTLVAML,swapped_3019,5,0.9962057,0.0
5809,GILGFVFTL,positive,5,0.023612779,1.0
1126,GILGFVFTL,10x,5,0.060086142,0.0
1766,GILGFVFTL,positive,5,0.5905022,1.0
5294,GILGFVFTL,10x,5,0.02063533,0.0
3383,GILGFVFTL,10x,5,0.17263559,0.0
1069,GILGFVFTL,10x,5,0.5293543,0.0
1970,GILGFVFTL,10x,5,0.67934203,0.0
4546,GILGFVFTL,positive,5,0.9965497,1.0
4321,GILGFVFTL,positive,5,0.9999769,1.0
1727,GILGFVFTL,positive,5,0.93356997,1.0
6201,GILGFVFTL,10x,5,0.023655253,0.0
6668,GLCTLVAML,swapped_5862,5,0.38146615,0.0
418,GLCTLVAML,10x,5,0.56705713,0.0
3152,NLVPMVATV,10x,5,0.7782453,0.0
203,GILGFVFTL,positive,5,0.14737228,1.0
2955,GILGFVFTL,positive,5,0.015428434,1.0
471,GILGFVFTL,10x,5,0.008486379,0.0
242,GILGFVFTL,positive,5,0.93061846,1.0
2898,SLFNTVATL,positive,5,0.017052174,1.0
1225,LLFGYPVYV,swapped_41,5,0.72095823,0.0
1592,GLCTLVAML,positive,5,0.022533348,1.0
2247,GILGFVFTL,10x,5,0.21529925,0.0
3911,GLCTLVAML,swapped_2979,5,0.99361527,0.0
3140,GLCTLVAML,10x,5,0.06464192,0.0
4505,GLCTLVAML,positive,5,0.07884775,1.0
1929,GILGFVFTL,10x,5,0.5824906,0.0
2274,GILGFVFTL,10x,5,0.009160218,0.0
3241,GILGFVFTL,10x,5,0.26065987,0.0
3312,GILGFVFTL,10x,5,0.6880761,0.0
2851,GILGFVFTL,positive,5,0.9970662,1.0
4716,GLCTLVAML,10x,5,0.040142994,0.0
4236,GLCTLVAML,positive,5,0.2694404,1.0
4311,GILGFVFTL,positive,5,0.03456804,1.0
2297,GILGFVFTL,10x,5,0.30133548,0.0
5878,LLFGYPVYV,positive,5,0.5494601,1.0
4115,NLVPMVATV,swapped_2827,5,0.034512416,0.0
6124,GILGFVFTL,10x,5,0.097310364,0.0
4882,GILGFVFTL,10x,5,0.023248572,0.0
2368,GILGFVFTL,10x,5,0.017626068,0.0
1726,GILGFVFTL,positive,5,0.3822232,1.0
323,GILGFVFTL,positive,5,0.65367883,1.0
3280,NLVPMVATV,10x,5,0.06867828,0.0
1700,GILGFVFTL,positive,5,0.38962546,1.0
3200,GILGFVFTL,10x,5,0.49417704,0.0
4083,GLCTLVAML,swapped_2859,5,0.99841416,0.0
1446,KVAELVHFL,swapped_318,5,0.99995923,0.0
2398,RMFPNAPYL,10x,5,0.017164871,0.0
6465,GLCTLVAML,10x,5,0.12984473,0.0
3678,GILGFVFTL,10x,5,0.2682633,0.0
2817,GILGFVFTL,positive,5,0.99037766,1.0
1245,RTLNAWVKV,swapped_234,5,0.016436355,0.0
685,GILGFVFTL,10x,5,0.17978056,0.0
6039,GILGFVFTL,10x,5,0.07819859,0.0
5176,GILGFVFTL,10x,5,0.022057738,0.0
3169,GILGFVFTL,10x,5,0.036953334,0.0
2794,GILGFVFTL,positive,5,0.9403957,1.0
785,GLCTLVAML,10x,5,0.41478342,0.0
22,FLYALALLL,positive,5,0.024943298,1.0
4555,GILGFVFTL,positive,5,0.011099537,1.0
186,FLYALALLL,positive,5,0.009136773,1.0
5629,GLCTLVAML,swapped_4536,5,0.04694947,0.0
268,GILGFVFTL,positive,5,0.02054063,1.0
4040,GLCTLVAML,swapped_2794,5,0.96649873,0.0
6068,GLCTLVAML,10x,5,0.61078644,0.0
5755,GLCTLVAML,positive,5,0.015374989,1.0
2790,GILGFVFTL,positive,5,0.9910719,1.0
1131,GILGFVFTL,10x,5,0.8041024,0.0
5870,GILGFVFTL,positive,5,0.9987937,1.0
2807,GILGFVFTL,positive,5,0.012580192,1.0
6303,GILGFVFTL,10x,5,0.42550176,0.0
1838,NLVPMVATV,10x,5,0.019980805,0.0
1354,GILGFVFTL,swapped_166,5,0.9770065,0.0
393,GLCTLVAML,10x,5,0.34401292,0.0
457,GILGFVFTL,10x,5,0.019795593,0.0
422,GILGFVFTL,10x,5,0.030411066,0.0
3796,GILGFVFTL,10x,5,0.28254318,0.0
4699,GLCTLVAML,10x,5,0.42780694,0.0
4367,GLCTLVAML,positive,5,0.016521676,1.0
1371,LLFGYPVYV,swapped_38,5,0.02401406,0.0
2443,SLLMWITQV,swapped_1700,5,0.4605978,0.0
2916,GILGFVFTL,positive,5,0.9918829,1.0
392,GILGFVFTL,10x,5,0.016196648,0.0
1381,NLVPMVATV,swapped_289,5,0.9999622,0.0
514,GILGFVFTL,10x,5,0.010146851,0.0
2159,GILGFVFTL,10x,5,0.06827663,0.0
1138,NLVPMVATV,10x,5,0.12991013,0.0
1329,NLVPMVATV,swapped_55,5,0.8646113,0.0
551,GILGFVFTL,10x,5,0.37607634,0.0
845,GILGFVFTL,10x,5,0.6366934,0.0
675,GILGFVFTL,10x,5,0.05191656,0.0
1944,GILGFVFTL,10x,5,0.12827414,0.0
290,GILGFVFTL,positive,5,0.9084951,1.0
5974,GILGFVFTL,positive,5,0.3875139,1.0
4932,GILGFVFTL,10x,5,0.012660444,0.0
3481,GILGFVFTL,10x,5,0.068331875,0.0
5720,GILGFVFTL,positive,5,0.51820064,1.0
1393,KLQCVDLHV,swapped_349,5,0.14432001,0.0
4130,NLVPMVATV,swapped_2761,5,0.51906866,0.0
2432,GILGFVFTL,swapped_1714,5,0.9346988,0.0
424,GLCTLVAML,10x,5,0.0407257,0.0
5981,GILGFVFTL,positive,5,0.92494214,1.0
4802,GILGFVFTL,10x,5,0.017157584,0.0
5439,RMFPNAPYL,swapped_4365,5,0.046164736,0.0
2884,GILGFVFTL,positive,5,0.3079335,1.0
150,GILGFVFTL,positive,5,0.99996006,1.0
2945,GILGFVFTL,positive,5,0.56958556,1.0
4645,GLCTLVAML,10x,5,0.0880064,0.0
4374,GILGFVFTL,positive,5,0.9860583,1.0
1389,GILGFVFTL,swapped_18,5,0.014357483,0.0
926,GILGFVFTL,10x,5,0.41250226,0.0
4610,GILGFVFTL,10x,5,0.0048312987,0.0
5930,NLVPMVATV,positive,5,0.2519997,1.0
6353,GILGFVFTL,10x,5,0.016858747,0.0
5071,NLVPMVATV,10x,5,0.45002273,0.0
5276,GILGFVFTL,10x,5,0.024636853,0.0
671,GILGFVFTL,10x,5,0.04961125,0.0
3160,RMFPNAPYL,10x,5,0.24461618,0.0
696,GLCTLVAML,10x,5,0.01985225,0.0
4869,GILGFVFTL,10x,5,0.36999428,0.0
2167,GILGFVFTL,10x,5,0.4779523,0.0
4858,GILGFVFTL,10x,5,0.247763,0.0
103,GILGFVFTL,positive,5,0.9975787,1.0
3126,GILGFVFTL,10x,5,0.19711736,0.0
4906,GILGFVFTL,10x,5,0.6920688,0.0
5208,GILGFVFTL,10x,5,0.6435352,0.0
6153,GILGFVFTL,10x,5,0.011548016,0.0
5144,GILGFVFTL,10x,5,0.5502044,0.0
4515,GILGFVFTL,positive,5,0.1720636,1.0
3326,GILGFVFTL,10x,5,0.0108509865,0.0
1522,LLFGYPVYV,swapped_186,5,0.008306594,0.0
2936,GILGFVFTL,positive,5,0.027206272,1.0
6056,GLCTLVAML,10x,5,0.2852862,0.0
6609,GILGFVFTL,10x,5,0.26531163,0.0
4328,GILGFVFTL,positive,5,0.029429873,1.0
6148,GILGFVFTL,10x,5,0.6087497,0.0
34,GILGFVFTL,positive,5,0.99995184,1.0
2464,GLCTLVAML,swapped_1778,5,0.93667257,0.0
1087,GILGFVFTL,10x,5,0.44741213,0.0
2492,KTWGQYWQV,swapped_1709,5,0.9025587,0.0
5181,GILGFVFTL,10x,5,0.009138042,0.0
2377,SLFNTVATL,10x,5,0.1270693,0.0
593,FLYALALLL,10x,5,0.98691225,0.0
4485,GILGFVFTL,positive,5,0.024073593,1.0
4706,GILGFVFTL,10x,5,0.014553131,0.0
1370,KVAELVHFL,swapped_323,5,0.7449684,0.0
249,GILGFVFTL,positive,5,0.9999721,1.0
3041,GLCTLVAML,positive,5,0.019387031,1.0
6233,GILGFVFTL,10x,5,0.020107577,0.0
3953,NLVPMVATV,swapped_2746,5,0.28744423,0.0
3692,GILGFVFTL,10x,5,0.37833637,0.0
1990,GILGFVFTL,10x,5,0.025254881,0.0
5229,GILGFVFTL,10x,5,0.46581742,0.0
1322,GILGFVFTL,swapped_344,5,0.008316325,0.0
6063,RTLNAWVKV,10x,5,0.04277484,0.0
5598,SLLMWITQV,swapped_4214,5,0.9999018,0.0
3626,RMFPNAPYL,10x,5,0.042176835,0.0
5748,GILGFVFTL,positive,5,0.3400203,1.0
4886,GILGFVFTL,10x,5,0.027450366,0.0
1469,GLCTLVAML,swapped_290,5,0.90615934,0.0
5816,NLVPMVATV,positive,5,0.31053814,1.0
3189,GILGFVFTL,10x,5,0.3125453,0.0
3278,GLCTLVAML,10x,5,0.79974806,0.0
2882,GILGFVFTL,positive,5,0.99031115,1.0
1926,KTWGQYWQV,10x,5,0.03856641,0.0
6721,GLCTLVAML,swapped_5809,5,0.033743907,0.0
736,GILGFVFTL,10x,5,0.1219037,0.0
3447,GILGFVFTL,10x,5,0.05285745,0.0
4397,GILGFVFTL,positive,5,0.5420862,1.0
6162,GILGFVFTL,10x,5,0.30546167,0.0
5513,GLCTLVAML,swapped_4292,5,0.99869835,0.0
6819,NLVPMVATV,swapped_5937,5,0.9999697,0.0
1084,IMDQVPFSV,10x,5,0.032143746,0.0
578,GLCTLVAML,10x,5,0.076128624,0.0
5760,GILGFVFTL,positive,5,0.77910393,1.0
6639,GLCTLVAML,swapped_5732,5,0.98260987,0.0
5430,NLVPMVATV,swapped_4356,5,0.9999263,0.0
5233,GILGFVFTL,10x,5,0.43559664,0.0
6252,GILGFVFTL,10x,5,0.114350095,0.0
6040,GILGFVFTL,10x,5,0.7168309,0.0
2116,GILGFVFTL,10x,5,0.5805033,0.0
1210,GILGFVFTL,swapped_339,5,0.007772828,0.0
485,GILGFVFTL,10x,5,0.011671533,0.0
987,NLVPMVATV,10x,5,0.4861797,0.0
4874,GILGFVFTL,10x,5,0.48802295,0.0
3606,GILGFVFTL,10x,5,0.8021484,0.0
3195,GILGFVFTL,10x,5,0.017779183,0.0
5656,FLYALALLL,swapped_4360,5,0.9949308,0.0
5624,GLCTLVAML,swapped_4290,5,0.47681987,0.0
704,GLCTLVAML,10x,5,0.027911793,0.0
320,GILGFVFTL,positive,5,0.5071395,1.0
4584,YLLEMLWRL,10x,5,0.029466353,0.0
1324,MLDLQPETT,swapped_379,5,0.9997538,0.0
3122,GILGFVFTL,10x,5,0.8074851,0.0
1623,GILGFVFTL,positive,5,0.9273343,1.0
5067,GILGFVFTL,10x,5,0.1061814,0.0
3921,NLVPMVATV,swapped_2977,5,0.9999505,0.0
6441,GLCTLVAML,10x,5,0.054015066,0.0
2253,GILGFVFTL,10x,5,0.98608613,0.0
119,GILGFVFTL,positive,5,0.9723732,1.0
5061,NLVPMVATV,10x,5,0.4959492,0.0
6104,GILGFVFTL,10x,5,0.66507685,0.0
2273,NLVPMVATV,10x,5,0.08634778,0.0
757,GLCTLVAML,10x,5,0.030586185,0.0
1714,NLVPMVATV,positive,5,0.9580053,1.0
1148,NLVPMVATV,swapped_293,5,0.999959,0.0
3594,GILGFVFTL,10x,5,0.23795304,0.0
6518,GILGFVFTL,10x,5,0.231918,0.0
5211,GILGFVFTL,10x,5,0.066892564,0.0
3869,NLVPMVATV,swapped_2989,5,0.9983966,0.0
2900,GILGFVFTL,positive,5,0.027526338,1.0
1890,GLCTLVAML,10x,5,0.04357099,0.0
5452,NLVPMVATV,swapped_4219,5,0.9959526,0.0
160,GILGFVFTL,positive,5,0.9999639,1.0
5560,RMFPNAPYL,swapped_4502,5,0.95266426,0.0
4737,GILGFVFTL,10x,5,0.032694776,0.0
4919,GILGFVFTL,10x,5,0.19073105,0.0
1891,GILGFVFTL,10x,5,0.04368875,0.0
5666,NLVPMVATV,swapped_4311,5,0.048296187,0.0
1872,GILGFVFTL,10x,5,0.7528155,0.0
5540,GILGFVFTL,swapped_4512,5,0.96705186,0.0
5776,GLCTLVAML,positive,5,0.04803726,1.0
5337,FLYALALLL,swapped_4201,5,0.38512415,0.0
33,GLCTLVAML,positive,5,0.02953655,1.0
2788,GILGFVFTL,positive,5,0.9988257,1.0
1399,GLCTLVAML,swapped_151,5,0.99964356,0.0
6594,GLCTLVAML,10x,5,0.31007245,0.0
3039,GILGFVFTL,positive,5,0.93363804,1.0
1272,GLCTLVAML,swapped_309,5,0.9999908,0.0
947,GILGFVFTL,10x,5,0.03592772,0.0
1876,GILGFVFTL,10x,5,0.6318565,0.0
4034,NLVPMVATV,swapped_2817,5,0.99096596,0.0
2578,GILGFVFTL,swapped_1675,5,0.0139200725,0.0
3252,GLCTLVAML,10x,5,0.024483172,0.0
1039,NLVPMVATV,10x,5,0.8561428,0.0
6368,NLVPMVATV,10x,5,0.25031018,0.0
3522,GILGFVFTL,10x,5,0.46592394,0.0
2260,GILGFVFTL,10x,5,0.00828751,0.0
2923,GILGFVFTL,positive,5,0.12705596,1.0
2799,GILGFVFTL,positive,5,0.3991293,1.0
2173,GILGFVFTL,10x,5,0.28760114,0.0
2944,NLVPMVATV,positive,5,0.94387096,1.0
5029,NLVPMVATV,10x,5,0.98604244,0.0
3636,IMDQVPFSV,10x,5,0.1626742,0.0
3988,GILGFVFTL,swapped_3008,5,0.010942869,0.0
2203,GILGFVFTL,10x,5,0.047541786,0.0
6575,GILGFVFTL,10x,5,0.07493315,0.0
2309,GILGFVFTL,10x,5,0.86851853,0.0
6079,GILGFVFTL,10x,5,0.010279745,0.0
2533,GILGFVFTL,swapped_1689,5,0.23234487,0.0
2711,GILGFVFTL,positive,5,0.9999144,1.0
3887,SLFNTVATL,swapped_2860,5,0.9983778,0.0
443,KTWGQYWQV,10x,5,0.021507856,0.0
6392,GILGFVFTL,10x,5,0.039866548,0.0
4471,NLVPMVATV,positive,5,0.55773634,1.0
1919,GILGFVFTL,10x,5,0.47040424,0.0
6479,GILGFVFTL,10x,5,0.014328825,0.0
6031,GILGFVFTL,10x,5,0.049170457,0.0
2237,GILGFVFTL,10x,5,0.13235694,0.0
966,IMDQVPFSV,10x,5,0.03362652,0.0
6265,GLCTLVAML,10x,5,0.89231056,0.0
3047,GILGFVFTL,positive,5,0.0102265505,1.0
1723,NLVPMVATV,positive,5,0.7818809,1.0
5385,GILGFVFTL,swapped_4199,5,0.19105005,0.0
634,GILGFVFTL,10x,5,0.010616654,0.0
2107,GILGFVFTL,10x,5,0.543234,0.0
1554,GILGFVFTL,positive,5,0.88549614,1.0
4390,GILGFVFTL,positive,5,0.0954197,1.0
3826,GLCTLVAML,swapped_2701,5,0.9999896,0.0
2185,NLVPMVATV,10x,5,0.018512558,0.0
1850,GILGFVFTL,10x,5,0.19187249,0.0
3922,NLVPMVATV,swapped_2938,5,0.99354786,0.0
5241,GILGFVFTL,10x,5,0.031411808,0.0
1693,GILGFVFTL,positive,5,0.999982,1.0
2892,GILGFVFTL,positive,5,0.037032925,1.0
6400,GILGFVFTL,10x,5,0.03506353,0.0
1153,NLVPMVATV,swapped_133,5,0.82203305,0.0
1313,GLCTLVAML,swapped_352,5,0.99649787,0.0
5697,GLCTLVAML,swapped_4538,5,0.015505336,0.0
3622,GILGFVFTL,10x,5,0.9960443,0.0
4067,NLVPMVATV,swapped_2808,5,0.5758038,0.0
6335,GILGFVFTL,10x,5,0.3572717,0.0
4199,NLVPMVATV,positive,5,0.235868,1.0
5401,NLVPMVATV,swapped_4413,5,0.9999654,0.0
3028,GILGFVFTL,positive,5,0.9941115,1.0
1169,RTLNAWVKV,swapped_47,5,0.50208634,0.0
6708,GLCTLVAML,swapped_5825,5,0.99995434,0.0
3219,GILGFVFTL,10x,5,0.014970406,0.0
5086,GILGFVFTL,10x,5,0.1972365,0.0
1226,NLVPMVATV,swapped_160,5,0.99994206,0.0
3075,GILGFVFTL,10x,5,0.21356004,0.0
6874,GILGFVFTL,swapped_5970,5,0.03492001,0.0
3405,GILGFVFTL,10x,5,0.018831698,0.0
3569,GILGFVFTL,10x,5,0.0995989,0.0
5970,NLVPMVATV,positive,5,0.0487809,1.0
4824,GILGFVFTL,10x,5,0.09496891,0.0
331,GILGFVFTL,positive,5,0.9404166,1.0
1689,NLVPMVATV,positive,5,0.30136672,1.0
1999,GILGFVFTL,10x,5,0.31034276,0.0
5314,RTLNAWVKV,10x,5,0.019987147,0.0
341,GILGFVFTL,positive,5,0.022924868,1.0
2808,GILGFVFTL,positive,5,0.557945,1.0
669,GILGFVFTL,10x,5,0.017531842,0.0
6812,GLCTLVAML,swapped_5748,5,0.40516976,0.0
3308,GILGFVFTL,10x,5,0.617917,0.0
3999,GILGFVFTL,swapped_2869,5,0.009401614,0.0
5040,GLCTLVAML,10x,5,0.15353957,0.0
2228,GILGFVFTL,10x,5,0.030437697,0.0
3941,GLCTLVAML,swapped_2789,5,0.99975246,0.0
3112,NLVPMVATV,10x,5,0.8739257,0.0
1164,GLCTLVAML,swapped_42,5,0.99998593,0.0
2469,MLDLQPETT,swapped_1726,5,0.4127433,0.0
1157,GILGFVFTL,swapped_210,5,0.121518224,0.0
1298,KVLEYVIKV,swapped_268,5,0.027786868,0.0
5223,GILGFVFTL,10x,5,0.010253997,0.0
6151,GILGFVFTL,10x,5,0.26850152,0.0
5860,GILGFVFTL,positive,5,0.15858406,1.0
2381,NLVPMVATV,10x,5,0.028300187,0.0
5389,NLVPMVATV,swapped_4222,5,0.99381316,0.0
2269,GILGFVFTL,10x,5,0.020683594,0.0
1429,MLDLQPETT,swapped_45,5,0.99996054,0.0
1963,GLCTLVAML,10x,5,0.891056,0.0
505,NLVPMVATV,10x,5,0.4038442,0.0
4502,GILGFVFTL,positive,5,0.9563507,1.0
4350,GILGFVFTL,positive,5,0.9968189,1.0
2170,GILGFVFTL,10x,5,0.5052037,0.0
5544,GLCTLVAML,swapped_4336,5,0.85690016,0.0
2591,LLFGYPVYV,swapped_1564,5,0.6988801,0.0
6904,GILGFVFTL,swapped_5737,5,0.010214857,0.0
5740,GLCTLVAML,positive,5,0.14362033,1.0
641,GILGFVFTL,10x,5,0.014928261,0.0
4078,RTLNAWVKV,swapped_2852,5,0.014469106,0.0
1340,GLCTLVAML,swapped_167,5,0.69921815,0.0
1776,GILGFVFTL,positive,5,0.00809099,1.0
4499,GILGFVFTL,positive,5,0.9999666,1.0
460,GLCTLVAML,10x,5,0.57284963,0.0
2497,FLYALALLL,swapped_1590,5,0.03805872,0.0
2783,GILGFVFTL,positive,5,0.8707538,1.0
3791,GILGFVFTL,10x,5,0.39125285,0.0
5630,GLCTLVAML,swapped_4215,5,0.781803,0.0
2501,GLCTLVAML,swapped_1671,5,0.16180705,0.0
2933,GILGFVFTL,positive,5,0.9860707,1.0
4624,GILGFVFTL,10x,5,0.007780842,0.0
3954,GLCTLVAML,swapped_2851,5,0.99867994,0.0
2525,RMFPNAPYL,swapped_1595,5,0.17330635,0.0
5312,GLCTLVAML,10x,5,0.5829545,0.0
1547,GLCTLVAML,positive,5,0.029542236,1.0
3702,GLCTLVAML,10x,5,0.28869045,0.0
1233,GLCTLVAML,swapped_86,5,0.99550396,0.0
4830,GLCTLVAML,10x,5,0.98644817,0.0
3523,GILGFVFTL,10x,5,0.6500736,0.0
6178,NLVPMVATV,10x,5,0.1662383,0.0
4290,LLFGYPVYV,positive,5,0.3975937,1.0
3856,NLVPMVATV,swapped_2725,5,0.8515524,0.0
287,GILGFVFTL,positive,5,0.9511824,1.0
96,GILGFVFTL,positive,5,0.2670495,1.0
6366,GILGFVFTL,10x,5,0.014084131,0.0
3116,GILGFVFTL,10x,5,0.22767025,0.0
2200,KTWGQYWQV,10x,5,0.72222257,0.0
2695,GILGFVFTL,positive,5,0.9870357,1.0
1825,GLCTLVAML,10x,5,0.6872955,0.0
690,SLFNTVATL,10x,5,0.025073726,0.0
518,NLVPMVATV,10x,5,0.7606357,0.0
1091,GILGFVFTL,10x,5,0.5780662,0.0
2551,GILGFVFTL,swapped_1777,5,0.24081686,0.0
2792,GILGFVFTL,positive,5,0.99998045,1.0
1854,NLVPMVATV,10x,5,0.542641,0.0
3369,NLVPMVATV,10x,5,0.035557486,0.0
5028,GILGFVFTL,10x,5,0.28612033,0.0
5128,CLGGLLTMV,10x,5,0.017285664,0.0
6306,GILGFVFTL,10x,5,0.097092025,0.0
4205,GILGFVFTL,positive,5,0.80107605,1.0
1318,GLCTLVAML,swapped_24,5,0.99433315,0.0
2509,GILGFVFTL,swapped_1736,5,0.042618394,0.0
4687,RTLNAWVKV,10x,5,0.011751975,0.0
2701,GILGFVFTL,positive,5,0.9999795,1.0
556,GILGFVFTL,10x,5,0.4160962,0.0
3705,FLYALALLL,10x,5,0.29131842,0.0
187,GILGFVFTL,positive,5,0.98889846,1.0
3765,GILGFVFTL,10x,5,0.016015984,0.0
137,NLVPMVATV,positive,5,0.028754063,1.0
1672,GILGFVFTL,positive,5,0.2626263,1.0
646,GILGFVFTL,10x,5,0.016922336,0.0
594,FLYALALLL,10x,5,0.41332415,0.0
1777,NLVPMVATV,positive,5,0.2918233,1.0
5424,NLVPMVATV,swapped_4267,5,0.9998673,0.0
3055,GILGFVFTL,positive,5,0.99746597,1.0
6531,GILGFVFTL,10x,5,0.46426246,0.0
1709,GILGFVFTL,positive,5,0.9499364,1.0
849,GILGFVFTL,10x,5,0.010855912,0.0
5667,GLCTLVAML,swapped_4396,5,0.6335351,0.0
2505,NLVPMVATV,swapped_1690,5,0.3471392,0.0
2257,GILGFVFTL,10x,5,0.02095903,0.0
5660,GILGFVFTL,swapped_4535,5,0.011613673,0.0
3351,NLVPMVATV,10x,5,0.02563039,0.0
241,GILGFVFTL,positive,5,0.3319858,1.0
3118,GLCTLVAML,10x,5,0.4630556,0.0
251,RMFPNAPYL,positive,5,0.618889,1.0
167,GILGFVFTL,positive,5,0.6443088,1.0
576,GILGFVFTL,10x,5,0.14634362,0.0
6773,NLVPMVATV,swapped_5871,5,0.9999168,0.0
3222,GILGFVFTL,10x,5,0.48541814,0.0
2494,GILGFVFTL,swapped_1592,5,0.007945027,0.0
1361,NLVPMVATV,swapped_317,5,0.99993134,0.0
6261,GILGFVFTL,10x,5,0.31427535,0.0
4862,GLCTLVAML,10x,5,0.056237634,0.0
5432,RTLNAWVKV,swapped_4515,5,0.2256523,0.0
4160,GILGFVFTL,swapped_2948,5,0.18938786,0.0
4887,GILGFVFTL,10x,5,0.44099158,0.0
2199,GLCTLVAML,10x,5,0.067467,0.0
4129,GLCTLVAML,swapped_2711,5,0.9999584,0.0
1274,LLFGYPVYV,swapped_263,5,0.15804723,0.0
349,GILGFVFTL,positive,5,0.12380011,1.0
3368,LLFGYPVYV,10x,5,0.012562529,0.0
2066,GILGFVFTL,10x,5,0.9911361,0.0
6903,RTLNAWVKV,swapped_5717,5,0.98408264,0.0
1010,GILGFVFTL,10x,5,0.024171919,0.0
6128,GILGFVFTL,10x,5,0.5374178,0.0
6493,GILGFVFTL,10x,5,0.14252855,0.0
4043,GLCTLVAML,swapped_2892,5,0.10101888,0.0
6788,LLFGYPVYV,swapped_6004,5,0.86333996,0.0
1629,GILGFVFTL,positive,5,0.58069354,1.0
5680,GLCTLVAML,swapped_4522,5,0.9996712,0.0
5398,GILGFVFTL,swapped_4268,5,0.015802497,0.0
3985,KTWGQYWQV,swapped_2945,5,0.5873942,0.0
4898,GILGFVFTL,10x,5,0.3289934,0.0
6302,NLVPMVATV,10x,5,0.035641223,0.0
5231,GLCTLVAML,10x,5,0.056194145,0.0
1843,GILGFVFTL,10x,5,0.060005944,0.0
2328,GILGFVFTL,10x,5,0.90693045,0.0
5217,GILGFVFTL,10x,5,0.98876894,0.0
4005,NLVPMVATV,swapped_3044,5,0.99978894,0.0
1428,GLCTLVAML,swapped_331,5,0.9415182,0.0
5686,RMFPNAPYL,swapped_4295,5,0.9999715,0.0
3741,GLCTLVAML,10x,5,0.35833028,0.0
4143,LLFGYPVYV,swapped_2828,5,0.017653996,0.0
2372,LLFGYPVYV,10x,5,0.04927821,0.0
1289,NLVPMVATV,swapped_187,5,0.9894734,0.0
6336,GLCTLVAML,10x,5,0.2783892,0.0
330,LLFGYPVYV,positive,5,0.81464094,1.0
