4397,GILGFVFTL,positive,5,0.921485,1.0
1809,GLCTLVAML,positive,5,0.5088362,1.0
4201,GILGFVFTL,positive,5,0.2345034,1.0
1208,GLCTLVAML,swapped_217,5,0.09826886,0.0
3741,GLCTLVAML,10x,5,0.49132904,0.0
864,GILGFVFTL,10x,5,0.27548274,0.0
3333,FLYALALLL,10x,5,0.5088362,0.0
3152,NLVPMVATV,10x,5,0.4222667,0.0
3523,GILGFVFTL,10x,5,0.19689077,0.0
2955,GILGFVFTL,positive,5,0.33401093,1.0
4031,FLYALALLL,swapped_2943,5,3.2443594e-07,0.0
5525,GLCTLVAML,swapped_4316,5,0.5088362,0.0
947,GILGFVFTL,10x,5,0.75851023,0.0
5876,GLCTLVAML,positive,5,0.10862473,1.0
1672,GILGFVFTL,positive,5,0.21095876,1.0
5231,GLCTLVAML,10x,5,0.5088362,0.0
1164,GLCTLVAML,swapped_42,5,3.415562e-07,0.0
4119,GLCTLVAML,swapped_2781,5,5.5851638e-06,0.0
2001,NLVPMVATV,10x,5,0.5088362,0.0
6021,LLFGYPVYV,10x,5,0.5088362,0.0
2209,NLVPMVATV,10x,5,0.5088362,0.0
5108,GILGFVFTL,10x,5,0.23529723,0.0
2577,NLVPMVATV,swapped_1802,5,0.0004447486,0.0
1188,RTLNAWVKV,swapped_308,5,0.0009525298,0.0
5529,RTLNAWVKV,swapped_4321,5,4.2562357e-07,0.0
2309,GILGFVFTL,10x,5,0.510202,0.0
3732,GILGFVFTL,10x,5,0.25982097,0.0
2944,NLVPMVATV,positive,5,0.5088362,1.0
3575,GLCTLVAML,10x,5,0.5088362,0.0
2116,GILGFVFTL,10x,5,0.45823613,0.0
4223,NLVPMVATV,positive,5,0.5088362,1.0
1135,GLCTLVAML,10x,5,0.3430611,0.0
4005,NLVPMVATV,swapped_3044,5,7.810531e-06,0.0
6031,GILGFVFTL,10x,5,0.20002142,0.0
4760,GILGFVFTL,10x,5,0.38029575,0.0
2853,GILGFVFTL,positive,5,0.024642307,1.0
3956,NLVPMVATV,swapped_3028,5,0.48115465,0.0
741,GILGFVFTL,10x,5,0.2605351,0.0
454,GILGFVFTL,10x,5,0.33599502,0.0
2943,GILGFVFTL,positive,5,0.023384249,1.0
1788,GILGFVFTL,positive,5,0.9496223,1.0
1313,GLCTLVAML,swapped_352,5,0.016718948,0.0
3266,GILGFVFTL,10x,5,0.17567706,0.0
4165,NLVPMVATV,swapped_2823,5,7.040376e-05,0.0
2936,GILGFVFTL,positive,5,0.49823835,1.0
6160,GILGFVFTL,10x,5,0.15617207,0.0
6796,GILGFVFTL,swapped_5989,5,0.45068577,0.0
3922,NLVPMVATV,swapped_2938,5,0.00018010508,0.0
2529,GLCTLVAML,swapped_1773,5,0.5088362,0.0
2725,GILGFVFTL,positive,5,0.15805127,1.0
6874,GILGFVFTL,swapped_5970,5,0.17650536,0.0
5513,GLCTLVAML,swapped_4292,5,0.008489854,0.0
5668,GLCTLVAML,swapped_4381,5,1.6915872e-07,0.0
966,IMDQVPFSV,10x,5,0.5088362,0.0
4787,GILGFVFTL,10x,5,0.24020511,0.0
2255,GILGFVFTL,10x,5,0.26491708,0.0
6149,GILGFVFTL,10x,5,0.36773372,0.0
3825,GLCTLVAML,swapped_2695,5,0.012509782,0.0
1387,NLVPMVATV,swapped_96,5,0.5088362,0.0
2090,GILGFVFTL,10x,5,0.3027497,0.0
6037,GILGFVFTL,10x,5,0.87463456,0.0
564,GILGFVFTL,10x,5,0.27641273,0.0
166,GLCTLVAML,positive,5,0.24527985,1.0
911,GILGFVFTL,10x,5,0.2617946,0.0
5308,NLVPMVATV,10x,5,0.5088362,0.0
6319,GILGFVFTL,10x,5,0.25328967,0.0
4019,NLVPMVATV,swapped_2830,5,0.5088362,0.0
203,GILGFVFTL,positive,5,0.24973534,1.0
2823,GILGFVFTL,positive,5,0.17497051,1.0
1319,GLCTLVAML,swapped_251,5,0.5088362,0.0
1979,GILGFVFTL,10x,5,0.4981534,0.0
1510,YLLEMLWRL,swapped_137,5,0.45598477,0.0
5288,GILGFVFTL,10x,5,0.17886037,0.0
421,LLFGYPVYV,10x,5,0.5088362,0.0
5243,MLDLQPETT,10x,5,0.5088362,0.0
986,GILGFVFTL,10x,5,0.2748067,0.0
141,GILGFVFTL,positive,5,0.11868213,1.0
2372,LLFGYPVYV,10x,5,0.5088362,0.0
2876,MLDLQPETT,positive,5,0.46888727,1.0
2060,GLCTLVAML,10x,5,0.5088362,0.0
341,GILGFVFTL,positive,5,0.1803684,1.0
855,GILGFVFTL,10x,5,0.2696762,0.0
4336,GILGFVFTL,positive,5,0.47544467,1.0
5278,GILGFVFTL,10x,5,0.46599773,0.0
2348,GILGFVFTL,10x,5,0.28306526,0.0
4962,GILGFVFTL,10x,5,0.47596785,0.0
634,GILGFVFTL,10x,5,0.26855725,0.0
5686,RMFPNAPYL,swapped_4295,5,1.4754175e-06,0.0
2788,GILGFVFTL,positive,5,0.09299614,1.0
1825,GLCTLVAML,10x,5,0.5088362,0.0
6244,GILGFVFTL,10x,5,0.39202785,0.0
365,GILGFVFTL,positive,5,0.93458146,1.0
4921,GILGFVFTL,10x,5,0.29474267,0.0
4078,RTLNAWVKV,swapped_2852,5,0.3197904,0.0
45,GILGFVFTL,positive,5,0.03435139,1.0
4277,GILGFVFTL,positive,5,0.041229416,1.0
641,GILGFVFTL,10x,5,0.47947,0.0
5465,NLVPMVATV,swapped_4328,5,0.2936969,0.0
514,GILGFVFTL,10x,5,0.44766355,0.0
227,GILGFVFTL,positive,5,0.39513022,1.0
6280,GILGFVFTL,10x,5,0.26978472,0.0
1930,NLVPMVATV,10x,5,0.5088362,0.0
968,GILGFVFTL,10x,5,0.49900562,0.0
6898,GLCTLVAML,swapped_5731,5,5.840299e-05,0.0
4849,GILGFVFTL,10x,5,0.47018015,0.0
460,GLCTLVAML,10x,5,0.5088362,0.0
2662,YLLEMLWRL,swapped_1554,5,0.00089352013,0.0
3041,GLCTLVAML,positive,5,0.5088362,1.0
89,GILGFVFTL,positive,5,0.7943992,1.0
3225,GILGFVFTL,10x,5,0.298533,0.0
5662,FLYALALLL,swapped_4431,5,0.5088362,0.0
2012,GILGFVFTL,10x,5,0.5039246,0.0
241,GILGFVFTL,positive,5,0.07196177,1.0
4641,GILGFVFTL,10x,5,0.44159317,0.0
1686,FLYALALLL,positive,5,0.5088362,1.0
3802,GILGFVFTL,10x,5,0.32949024,0.0
2730,KTWGQYWQV,positive,5,0.376211,1.0
5731,GILGFVFTL,positive,5,0.36563107,1.0
5211,GILGFVFTL,10x,5,0.15194319,0.0
251,RMFPNAPYL,positive,5,0.5088362,1.0
6437,GILGFVFTL,10x,5,0.35034892,0.0
1921,NLVPMVATV,10x,5,0.5088362,0.0
1091,GILGFVFTL,10x,5,0.52050596,0.0
344,GLCTLVAML,positive,5,0.58809984,1.0
1448,FLYALALLL,swapped_107,5,2.4460389e-05,0.0
5405,GILGFVFTL,swapped_4505,5,0.033920947,0.0
4891,GILGFVFTL,10x,5,0.5051275,0.0
2866,GILGFVFTL,positive,5,0.3163763,1.0
1088,GILGFVFTL,10x,5,0.121411175,0.0
5132,GILGFVFTL,10x,5,0.4876916,0.0
4131,KTWGQYWQV,swapped_2811,5,7.89639e-07,0.0
1554,GILGFVFTL,positive,5,0.36933357,1.0
256,GILGFVFTL,positive,5,0.028883135,1.0
1393,KLQCVDLHV,swapped_349,5,0.5088362,0.0
1274,LLFGYPVYV,swapped_263,5,0.14814727,0.0
1843,GILGFVFTL,10x,5,0.25612637,0.0
6306,GILGFVFTL,10x,5,0.39386386,0.0
229,GILGFVFTL,positive,5,0.18497491,1.0
1900,NLVPMVATV,10x,5,0.5088362,0.0
5314,RTLNAWVKV,10x,5,0.5088362,0.0
1117,GILGFVFTL,10x,5,0.2801803,0.0
1854,NLVPMVATV,10x,5,0.5088362,0.0
1279,GLCTLVAML,swapped_34,5,3.1370348e-07,0.0
3725,GILGFVFTL,10x,5,0.2946267,0.0
5795,GILGFVFTL,positive,5,0.019022463,1.0
3200,GILGFVFTL,10x,5,0.21406393,0.0
3368,LLFGYPVYV,10x,5,0.5088362,0.0
2783,GILGFVFTL,positive,5,0.63770074,1.0
3100,GILGFVFTL,10x,5,0.1786084,0.0
6131,SLLMWITQV,10x,5,0.5088362,0.0
3998,GILGFVFTL,swapped_2944,5,0.20599918,0.0
938,GLCTLVAML,10x,5,0.5088362,0.0
2464,GLCTLVAML,swapped_1778,5,4.1335003e-05,0.0
4130,NLVPMVATV,swapped_2761,5,3.445442e-06,0.0
5144,GILGFVFTL,10x,5,0.3437008,0.0
6445,GILGFVFTL,10x,5,0.45455462,0.0
3116,GILGFVFTL,10x,5,0.57297057,0.0
3893,NLVPMVATV,swapped_2933,5,0.49079975,0.0
531,NLVPMVATV,10x,5,0.5088362,0.0
3598,GILGFVFTL,10x,5,0.22527726,0.0
287,GILGFVFTL,positive,5,0.024696391,1.0
3647,NLVPMVATV,10x,5,0.5088362,0.0
949,GILGFVFTL,10x,5,0.38606983,0.0
4670,GILGFVFTL,10x,5,0.5037476,0.0
2368,GILGFVFTL,10x,5,0.5854332,0.0
526,GILGFVFTL,10x,5,0.36565262,0.0
1702,GILGFVFTL,positive,5,0.020331237,1.0
2213,GILGFVFTL,10x,5,0.39970496,0.0
4606,GILGFVFTL,10x,5,0.2094331,0.0
6609,GILGFVFTL,10x,5,0.8533151,0.0
2203,GILGFVFTL,10x,5,0.4466598,0.0
1595,GILGFVFTL,positive,5,0.4496845,1.0
1375,GLCTLVAML,swapped_272,5,0.065197505,0.0
6563,NLVPMVATV,10x,5,0.5088362,0.0
5249,RTLNAWVKV,10x,5,0.5088362,0.0
6076,RMFPNAPYL,10x,5,0.5088362,0.0
5540,GILGFVFTL,swapped_4512,5,0.11701374,0.0
622,KTWGQYWQV,10x,5,0.5088362,0.0
933,GILGFVFTL,10x,5,0.24073817,0.0
1361,NLVPMVATV,swapped_317,5,1.116057e-06,0.0
5192,GILGFVFTL,10x,5,0.2560079,0.0
2831,GILGFVFTL,positive,5,0.054925505,1.0
247,GILGFVFTL,positive,5,0.11785144,1.0
6764,FLYALALLL,swapped_5860,5,0.009427156,0.0
33,GLCTLVAML,positive,5,0.6150268,1.0
5989,GLCTLVAML,positive,5,0.5088362,1.0
6082,GILGFVFTL,10x,5,0.38266635,0.0
5935,GILGFVFTL,positive,5,0.53043437,1.0
1126,GILGFVFTL,10x,5,0.26091695,0.0
4381,GILGFVFTL,positive,5,0.02770037,1.0
1389,GILGFVFTL,swapped_18,5,0.007877039,0.0
5233,GILGFVFTL,10x,5,0.27333754,0.0
3870,LLFGYPVYV,swapped_2916,5,4.8320345e-07,0.0
1169,RTLNAWVKV,swapped_47,5,0.5088362,0.0
1153,NLVPMVATV,swapped_133,5,0.0006635019,0.0
5508,NLVPMVATV,swapped_4375,5,7.9924195e-07,0.0
2451,KTWGQYWQV,swapped_1720,5,0.003513573,0.0
190,NLVPMVATV,positive,5,0.4864759,1.0
883,GILGFVFTL,10x,5,0.44830826,0.0
963,RTLNAWVKV,10x,5,0.5088362,0.0
795,GLCTLVAML,10x,5,0.22939096,0.0
2512,NLVPMVATV,swapped_1766,5,0.0011412129,0.0
3084,GLCTLVAML,10x,5,0.5088362,0.0
5707,GILGFVFTL,positive,5,0.018866071,1.0
3378,GILGFVFTL,10x,5,0.29483485,0.0
2746,GILGFVFTL,positive,5,0.40976456,1.0
5539,GLCTLVAML,swapped_4463,5,7.4592595e-07,0.0
4034,NLVPMVATV,swapped_2817,5,7.981131e-07,0.0
4041,NLVPMVATV,swapped_2799,5,0.34274122,0.0
1981,GLCTLVAML,10x,5,0.023055587,0.0
627,GLCTLVAML,10x,5,0.25559083,0.0
886,GILGFVFTL,10x,5,0.4351563,0.0
5769,GILGFVFTL,positive,5,0.22701308,1.0
6441,GLCTLVAML,10x,5,0.4371039,0.0
3447,GILGFVFTL,10x,5,0.4425826,0.0
1946,GLCTLVAML,10x,5,0.5088362,0.0
6493,GILGFVFTL,10x,5,0.09375552,0.0
662,GILGFVFTL,10x,5,0.34730285,0.0
435,YLLEMLWRL,10x,5,0.5088362,0.0
1675,FLYALALLL,positive,5,0.5883792,1.0
6571,GILGFVFTL,10x,5,0.41193977,0.0
2317,GILGFVFTL,10x,5,0.3465292,0.0
6455,GILGFVFTL,10x,5,0.25083178,0.0
2469,MLDLQPETT,swapped_1726,5,0.5088362,0.0
2349,GILGFVFTL,10x,5,0.48858792,0.0
4129,GLCTLVAML,swapped_2711,5,0.00013558981,0.0
4004,IMDQVPFSV,swapped_3031,5,3.1313397e-05,0.0
2253,GILGFVFTL,10x,5,0.24464257,0.0
6167,RTLNAWVKV,10x,5,0.3630382,0.0
3253,GILGFVFTL,10x,5,0.43122807,0.0
2711,GILGFVFTL,positive,5,0.39764017,1.0
2938,GILGFVFTL,positive,5,0.2748717,1.0
1700,GILGFVFTL,positive,5,0.45703226,1.0
987,NLVPMVATV,10x,5,0.5088362,0.0
3995,NLVPMVATV,swapped_3055,5,2.8758075e-07,0.0
925,NLVPMVATV,10x,5,0.37673268,0.0
2591,LLFGYPVYV,swapped_1564,5,0.5088362,0.0
4141,NLVPMVATV,swapped_2962,5,4.6033136e-05,0.0
6687,GILGFVFTL,swapped_5930,5,0.2583401,0.0
5403,GLCTLVAML,swapped_4277,5,5.16957e-07,0.0
2860,GILGFVFTL,positive,5,0.06009102,1.0
6721,GLCTLVAML,swapped_5809,5,0.0019708562,0.0
918,GILGFVFTL,10x,5,0.20411578,0.0
2888,GILGFVFTL,positive,5,0.45407093,1.0
4646,GILGFVFTL,10x,5,0.22060232,0.0
4522,GILGFVFTL,positive,5,0.11981499,1.0
3051,GILGFVFTL,positive,5,0.05976836,1.0
4874,GILGFVFTL,10x,5,0.13990276,0.0
1770,NLVPMVATV,positive,5,0.5088362,1.0
3920,NLVPMVATV,swapped_3056,5,0.0009066797,0.0
3189,GILGFVFTL,10x,5,0.31748325,0.0
6575,GILGFVFTL,10x,5,0.2614382,0.0
1742,GILGFVFTL,positive,5,0.030872542,1.0
3031,GILGFVFTL,positive,5,0.12919717,1.0
5697,GLCTLVAML,swapped_4538,5,0.5088362,0.0
1085,NLVPMVATV,10x,5,0.5088362,0.0
3948,GILGFVFTL,swapped_2699,5,0.015027263,0.0
6261,GILGFVFTL,10x,5,0.40982932,0.0
4886,GILGFVFTL,10x,5,0.5005796,0.0
65,NLVPMVATV,positive,5,0.5088362,1.0
6423,NLVPMVATV,10x,5,0.5069504,0.0
5038,GILGFVFTL,10x,5,0.2664966,0.0
4795,NLVPMVATV,10x,5,0.49427953,0.0
6847,GILGFVFTL,swapped_5816,5,0.41276997,0.0
60,GILGFVFTL,positive,5,0.54300016,1.0
58,GILGFVFTL,positive,5,0.30450255,1.0
1929,GILGFVFTL,10x,5,0.2826328,0.0
4268,GLCTLVAML,positive,5,0.5565822,1.0
709,GILGFVFTL,10x,5,0.22117601,0.0
273,NLVPMVATV,positive,5,0.5009874,1.0
1215,NLVPMVATV,swapped_257,5,0.17869183,0.0
1020,GILGFVFTL,10x,5,0.23849271,0.0
2817,GILGFVFTL,positive,5,0.020384563,1.0
4555,GILGFVFTL,positive,5,0.48015293,1.0
1802,GILGFVFTL,positive,5,0.4435747,1.0
2035,LLFGYPVYV,10x,5,0.45648116,0.0
2319,NLVPMVATV,10x,5,0.5088362,0.0
3914,GLCTLVAML,swapped_2882,5,1.1566573e-06,0.0
628,GILGFVFTL,10x,5,0.4552836,0.0
2070,GILGFVFTL,10x,5,0.22170016,0.0
4431,NLVPMVATV,positive,5,0.5088362,1.0
6083,GILGFVFTL,10x,5,0.36625844,0.0
1884,GILGFVFTL,10x,5,0.19490093,0.0
5594,GILGFVFTL,swapped_4223,5,0.43823588,0.0
2827,GILGFVFTL,positive,5,0.40250352,1.0
3019,GILGFVFTL,positive,5,0.027317625,1.0
249,GILGFVFTL,positive,5,0.035005033,1.0
1131,GILGFVFTL,10x,5,0.36336482,0.0
1891,GILGFVFTL,10x,5,0.3508853,0.0
3493,GLCTLVAML,10x,5,0.48253587,0.0
3813,GILGFVFTL,swapped_2730,5,0.013500447,0.0
3685,GILGFVFTL,10x,5,0.50500184,0.0
4292,GILGFVFTL,positive,5,0.90371966,1.0
5639,NLVPMVATV,swapped_4281,5,7.657812e-06,0.0
2869,GLCTLVAML,positive,5,0.1841538,1.0
4951,KTWGQYWQV,10x,5,0.5088362,0.0
451,GILGFVFTL,10x,5,0.2320415,0.0
4783,GILGFVFTL,10x,5,0.26805246,0.0
3430,GLCTLVAML,10x,5,0.5088362,0.0
4471,NLVPMVATV,positive,5,0.5088362,1.0
4390,GILGFVFTL,positive,5,0.681504,1.0
193,GILGFVFTL,positive,5,0.49003568,1.0
1693,GILGFVFTL,positive,5,0.026613329,1.0
4435,GILGFVFTL,positive,5,0.35699436,1.0
3932,GILGFVFTL,swapped_2876,5,0.29203093,0.0
4354,GILGFVFTL,positive,5,0.041435048,1.0
5737,GLCTLVAML,positive,5,0.6408892,1.0
3098,GILGFVFTL,10x,5,0.28058812,0.0
5191,GLCTLVAML,10x,5,0.5088362,0.0
4536,FLYALALLL,positive,5,0.5088362,1.0
872,GILGFVFTL,10x,5,0.42039183,0.0
6309,GLCTLVAML,10x,5,0.5088362,0.0
4850,GILGFVFTL,10x,5,0.24018532,0.0
6222,GILGFVFTL,10x,5,0.39242247,0.0
1345,GLCTLVAML,swapped_365,5,0.11254204,0.0
4139,GILGFVFTL,swapped_3041,5,0.18695378,0.0
2032,GILGFVFTL,10x,5,0.51884,0.0
55,GLCTLVAML,positive,5,0.15184389,1.0
2444,GILGFVFTL,swapped_1686,5,0.16323142,0.0
5755,GLCTLVAML,positive,5,0.5088362,1.0
5448,GLCTLVAML,swapped_4240,5,8.4641695e-05,0.0
6425,GLCTLVAML,10x,5,0.2895575,0.0
1420,GILGFVFTL,swapped_171,5,0.41580063,0.0
1873,MLDLQPETT,10x,5,0.06828617,0.0
5816,NLVPMVATV,positive,5,0.5088362,1.0
3104,RTLNAWVKV,10x,5,0.0814013,0.0
3542,GILGFVFTL,10x,5,0.3921823,0.0
5970,NLVPMVATV,positive,5,0.5088362,1.0
1911,GILGFVFTL,10x,5,0.40096757,0.0
2852,GLCTLVAML,positive,5,0.5412638,1.0
1210,GILGFVFTL,swapped_339,5,0.008353634,0.0
3567,NLVPMVATV,10x,5,0.5088362,0.0
3648,GILGFVFTL,10x,5,0.5076858,0.0
1084,IMDQVPFSV,10x,5,0.5088362,0.0
5637,NLVPMVATV,swapped_4274,5,0.5088362,0.0
2808,GILGFVFTL,positive,5,0.22741401,1.0
1773,GILGFVFTL,positive,5,0.45440012,1.0
1737,NLVPMVATV,positive,5,0.5088362,1.0
3887,SLFNTVATL,swapped_2860,5,7.5499324e-06,0.0
6265,GLCTLVAML,10x,5,0.31403616,0.0
3594,GILGFVFTL,10x,5,0.24446537,0.0
676,GILGFVFTL,10x,5,0.37582368,0.0
2199,GLCTLVAML,10x,5,0.14893003,0.0
5932,GILGFVFTL,positive,5,0.64098215,1.0
551,GILGFVFTL,10x,5,0.5079715,0.0
145,GILGFVFTL,positive,5,0.40166724,1.0
2170,GILGFVFTL,10x,5,0.32003388,0.0
4919,GILGFVFTL,10x,5,0.3919806,0.0
1777,NLVPMVATV,positive,5,0.5088362,1.0
4342,GLCTLVAML,positive,5,0.37779328,1.0
5385,GILGFVFTL,swapped_4199,5,0.30985734,0.0
369,GILGFVFTL,positive,5,0.15747605,1.0
457,GILGFVFTL,10x,5,0.3133051,0.0
47,GILGFVFTL,positive,5,0.4055449,1.0
6320,GILGFVFTL,10x,5,0.17099781,0.0
5401,NLVPMVATV,swapped_4413,5,3.1659596e-07,0.0
4015,NLVPMVATV,swapped_2898,5,0.5088362,0.0
5312,GLCTLVAML,10x,5,0.19125731,0.0
3326,GILGFVFTL,10x,5,0.35261583,0.0
4485,GILGFVFTL,positive,5,0.35191897,1.0
6431,GILGFVFTL,10x,5,0.36707148,0.0
3419,GILGFVFTL,10x,5,0.41562712,0.0
6363,GILGFVFTL,10x,5,0.29932147,0.0
3241,GILGFVFTL,10x,5,0.4816755,0.0
2695,GILGFVFTL,positive,5,0.83805144,1.0
801,GILGFVFTL,10x,5,0.33415312,0.0
3765,GILGFVFTL,10x,5,0.42379862,0.0
2036,RTLNAWVKV,10x,5,0.0060359766,0.0
2799,GILGFVFTL,positive,5,0.53212035,1.0
4350,GILGFVFTL,positive,5,0.023833625,1.0
2933,GILGFVFTL,positive,5,0.6133923,1.0
5057,GILGFVFTL,10x,5,0.57699883,0.0
5146,GILGFVFTL,10x,5,0.38508958,0.0
3775,GILGFVFTL,10x,5,0.44411403,0.0
3639,GILGFVFTL,10x,5,0.40442875,0.0
6844,SLFNTVATL,swapped_5870,5,4.8011434e-06,0.0
4561,GILGFVFTL,10x,5,0.3840849,0.0
111,GILGFVFTL,positive,5,0.11419324,1.0
3983,KVLEYVIKV,swapped_2888,5,0.5088362,0.0
3271,GILGFVFTL,10x,5,0.24899678,0.0
1800,GILGFVFTL,positive,5,0.9113319,1.0
931,MLDLQPETT,10x,5,0.19915906,0.0
2505,NLVPMVATV,swapped_1690,5,0.4844286,0.0
3522,GILGFVFTL,10x,5,0.2742661,0.0
5536,GILGFVFTL,swapped_4367,5,0.21056081,0.0
1390,GILGFVFTL,swapped_273,5,0.056169763,0.0
2189,GILGFVFTL,10x,5,0.39107636,0.0
6034,GLCTLVAML,10x,5,0.5088362,0.0
6802,MLDLQPETT,swapped_5979,5,6.879838e-07,0.0
5115,GILGFVFTL,10x,5,0.20524968,0.0
1514,LLFGYPVYV,swapped_229,5,0.00015188885,0.0
3233,FLYALALLL,10x,5,0.43308684,0.0
393,GLCTLVAML,10x,5,0.122932486,0.0
2846,GILGFVFTL,positive,5,0.17307936,1.0
6479,GILGFVFTL,10x,5,0.25470862,0.0
196,GILGFVFTL,positive,5,0.596003,1.0
1759,FLYALALLL,positive,5,0.5088362,1.0
191,GILGFVFTL,positive,5,0.7040169,1.0
1001,GILGFVFTL,10x,5,0.24573018,0.0
6487,CLGGLLTMV,10x,5,0.39932328,0.0
1739,GLCTLVAML,positive,5,0.52577144,1.0
2446,GILGFVFTL,swapped_1552,5,0.14890613,0.0
5439,RMFPNAPYL,swapped_4365,5,0.5088362,0.0
2122,GILGFVFTL,10x,5,0.36706787,0.0
4163,NLVPMVATV,swapped_2801,5,0.00017593034,0.0
6100,GILGFVFTL,10x,5,0.21320474,0.0
4810,GILGFVFTL,10x,5,0.30313498,0.0
3351,NLVPMVATV,10x,5,0.5088362,0.0
1242,RTLNAWVKV,swapped_89,5,0.007076452,0.0
6151,GILGFVFTL,10x,5,0.22102785,0.0
3698,GILGFVFTL,10x,5,0.33638522,0.0
1148,NLVPMVATV,swapped_293,5,6.676726e-07,0.0
1458,NLVPMVATV,swapped_178,5,1.5493282e-05,0.0
156,NLVPMVATV,positive,5,0.5088362,1.0
5109,NLVPMVATV,10x,5,0.5088362,0.0
2114,GILGFVFTL,10x,5,0.33563685,0.0
1093,GILGFVFTL,10x,5,0.35459623,0.0
5178,GILGFVFTL,10x,5,0.36994618,0.0
5979,GILGFVFTL,positive,5,0.027512552,1.0
6635,GILGFVFTL,swapped_5740,5,0.50105095,0.0
3706,GILGFVFTL,10x,5,0.29681388,0.0
6153,GILGFVFTL,10x,5,0.275699,0.0
4118,GLCTLVAML,swapped_2866,5,0.26734066,0.0
3845,GLCTLVAML,swapped_2936,5,0.5088362,0.0
6366,GILGFVFTL,10x,5,0.3797404,0.0
24,GILGFVFTL,positive,5,0.17777267,1.0
5945,GILGFVFTL,positive,5,0.9561534,1.0
3969,GLCTLVAML,swapped_2846,5,4.4023764e-05,0.0
5728,KTWGQYWQV,positive,5,0.5088362,1.0
1348,NLVPMVATV,swapped_141,5,0.0008418538,0.0
4512,GLCTLVAML,positive,5,0.20792386,1.0
4915,GILGFVFTL,10x,5,0.10012377,0.0
6345,GLCTLVAML,10x,5,0.5088362,0.0
6612,GLCTLVAML,swapped_5875,5,4.2495107e-05,0.0
293,GILGFVFTL,positive,5,0.030239236,1.0
4624,GILGFVFTL,10x,5,0.13574797,0.0
397,RMFPNAPYL,10x,5,0.5088362,0.0
1283,GLCTLVAML,swapped_145,5,0.0026503243,0.0
35,GILGFVFTL,positive,5,0.5128487,1.0
1736,NLVPMVATV,positive,5,0.5088362,1.0
1926,KTWGQYWQV,10x,5,0.5088362,0.0
5875,GILGFVFTL,positive,5,0.26289377,1.0
3383,GILGFVFTL,10x,5,0.482746,0.0
505,NLVPMVATV,10x,5,0.4100551,0.0
4898,GILGFVFTL,10x,5,0.4351502,0.0
754,GILGFVFTL,10x,5,0.36873809,0.0
1349,RTLNAWVKV,swapped_121,5,0.5088362,0.0
3444,GILGFVFTL,10x,5,0.19541566,0.0
2501,GLCTLVAML,swapped_1671,5,0.0016962157,0.0
3151,GILGFVFTL,10x,5,0.4668329,0.0
42,GILGFVFTL,positive,5,0.03990799,1.0
936,GILGFVFTL,10x,5,0.40642723,0.0
119,GILGFVFTL,positive,5,0.15344676,1.0
1709,GILGFVFTL,positive,5,0.3047924,1.0
1564,NLVPMVATV,positive,5,0.5088362,1.0
3155,GILGFVFTL,10x,5,0.34495434,0.0
807,GILGFVFTL,10x,5,0.27243823,0.0
1364,GLCTLVAML,swapped_111,5,8.544993e-06,0.0
4029,FLYALALLL,swapped_3022,5,0.5088362,0.0
2992,GILGFVFTL,positive,5,0.4065235,1.0
2024,GILGFVFTL,10x,5,0.3526391,0.0
2147,GILGFVFTL,10x,5,0.35922587,0.0
6146,NLVPMVATV,10x,5,0.5088362,0.0
6398,NLVPMVATV,10x,5,0.5088362,0.0
5597,GILGFVFTL,swapped_4464,5,0.3752006,0.0
4043,GLCTLVAML,swapped_2892,5,0.5088362,0.0
6402,GILGFVFTL,10x,5,0.4880348,0.0
2494,GILGFVFTL,swapped_1592,5,0.0091513535,0.0
3751,NLVPMVATV,10x,5,0.5088362,0.0
3308,GILGFVFTL,10x,5,0.48688027,0.0
2509,GILGFVFTL,swapped_1736,5,0.26797307,0.0
4991,GILGFVFTL,10x,5,0.3091017,0.0
5424,NLVPMVATV,swapped_4267,5,1.233914e-06,0.0
3921,NLVPMVATV,swapped_2977,5,3.4152458e-07,0.0
3495,GLCTLVAML,10x,5,0.3868554,0.0
6128,GILGFVFTL,10x,5,0.3684805,0.0
3215,GILGFVFTL,10x,5,0.40112302,0.0
4222,GILGFVFTL,positive,5,0.024586372,1.0
4168,GILGFVFTL,swapped_2897,5,0.31624833,0.0
1850,GILGFVFTL,10x,5,0.23366237,0.0
309,GILGFVFTL,positive,5,0.021983149,1.0
4356,GILGFVFTL,positive,5,0.029447364,1.0
6854,GLCTLVAML,swapped_5935,5,0.0005385063,0.0
4662,GILGFVFTL,10x,5,0.18684609,0.0
2898,SLFNTVATL,positive,5,0.5088362,1.0
1627,GILGFVFTL,positive,5,0.026510391,1.0
2185,NLVPMVATV,10x,5,0.5088362,0.0
3450,GILGFVFTL,10x,5,0.22195563,0.0
4499,GILGFVFTL,positive,5,0.053381316,1.0
3954,GLCTLVAML,swapped_2851,5,0.00054287584,0.0
1713,GILGFVFTL,positive,5,0.9788109,1.0
5906,GILGFVFTL,positive,5,0.64309764,1.0
5544,GLCTLVAML,swapped_4336,5,0.00022882698,0.0
6392,GILGFVFTL,10x,5,0.38757235,0.0
3096,GILGFVFTL,10x,5,0.26013848,0.0
2231,RTLNAWVKV,10x,5,0.49036103,0.0
3400,SLLMWITQV,10x,5,0.5088362,0.0
2110,LLFGYPVYV,10x,5,0.5088362,0.0
6534,GILGFVFTL,10x,5,0.25526175,0.0
6709,GILGFVFTL,swapped_5755,5,0.23722148,0.0
3261,GILGFVFTL,10x,5,0.33876553,0.0
6664,NLVPMVATV,swapped_5720,5,0.5088362,0.0
1949,GILGFVFTL,10x,5,0.28488582,0.0
2009,GILGFVFTL,10x,5,0.20916545,0.0
1838,NLVPMVATV,10x,5,0.5088362,0.0
2236,YLLEMLWRL,10x,5,0.47308624,0.0
6696,GLCTLVAML,swapped_5707,5,1.212056e-07,0.0
4267,GILGFVFTL,positive,5,0.04358396,1.0
5398,GILGFVFTL,swapped_4268,5,0.013538057,0.0
5004,GILGFVFTL,10x,5,0.5062332,0.0
6327,NLVPMVATV,10x,5,0.13984387,0.0
1379,LLFGYPVYV,swapped_341,5,0.5088362,0.0
1704,GLCTLVAML,positive,5,0.16864,1.0
5369,GLCTLVAML,swapped_4185,5,6.77932e-05,0.0
2497,FLYALALLL,swapped_1590,5,0.13874216,0.0
1329,NLVPMVATV,swapped_55,5,0.21715257,0.0
601,GILGFVFTL,10x,5,0.32769826,0.0
4509,GILGFVFTL,positive,5,0.35801354,1.0
5086,GILGFVFTL,10x,5,0.48066226,0.0
3791,GILGFVFTL,10x,5,0.48940676,0.0
518,NLVPMVATV,10x,5,0.5088362,0.0
437,GILGFVFTL,10x,5,0.3364123,0.0
1963,GLCTLVAML,10x,5,0.5025696,0.0
3355,GILGFVFTL,10x,5,0.4805607,0.0
2999,GILGFVFTL,positive,5,0.17847994,1.0
1289,NLVPMVATV,swapped_187,5,0.00014954522,0.0
6812,GLCTLVAML,swapped_5748,5,0.08425215,0.0
5604,GLCTLVAML,swapped_4397,5,0.12449322,0.0
6853,GLCTLVAML,swapped_5906,5,0.002274494,0.0
1834,GILGFVFTL,10x,5,0.26441196,0.0
5650,NLVPMVATV,swapped_4499,5,2.185056e-06,0.0
4328,GILGFVFTL,positive,5,0.88292706,1.0
6400,GILGFVFTL,10x,5,0.4509581,0.0
1469,GLCTLVAML,swapped_290,5,9.113124e-05,0.0
6152,GILGFVFTL,10x,5,0.3703706,0.0
4445,GILGFVFTL,positive,5,0.32100707,1.0
133,GILGFVFTL,positive,5,0.47969398,1.0
6657,NLVPMVATV,swapped_5981,5,0.0009962161,0.0
5722,GILGFVFTL,positive,5,0.04452425,1.0
1890,GLCTLVAML,10x,5,0.5088362,0.0
1310,FLYALALLL,swapped_283,5,9.611073e-07,0.0
542,GILGFVFTL,10x,5,0.35046408,0.0
5871,GILGFVFTL,positive,5,0.018871378,1.0
4839,NLVPMVATV,10x,5,0.046748072,0.0
3192,GILGFVFTL,10x,5,0.37681168,0.0
1790,NLVPMVATV,positive,5,0.5088362,1.0
5216,GILGFVFTL,10x,5,0.30087087,0.0
751,GILGFVFTL,10x,5,0.24701856,0.0
6147,GILGFVFTL,10x,5,0.5122853,0.0
3910,GLCTLVAML,swapped_2698,5,0.5088362,0.0
6903,RTLNAWVKV,swapped_5717,5,0.0001300379,0.0
469,RMFPNAPYL,10x,5,0.5088362,0.0
2600,NLVPMVATV,swapped_1629,5,0.0013358574,0.0
2832,GILGFVFTL,positive,5,0.060931556,1.0
661,SLFNTVATL,10x,5,0.5088362,0.0
5520,MLDLQPETT,swapped_4243,5,1.9266922e-07,0.0
6904,GILGFVFTL,swapped_5737,5,0.005812526,0.0
4722,GILGFVFTL,10x,5,0.43265545,0.0
6101,GILGFVFTL,10x,5,0.4516227,0.0
2518,GILGFVFTL,swapped_1809,5,0.2296088,0.0
2155,GILGFVFTL,10x,5,0.28732586,0.0
5067,GILGFVFTL,10x,5,0.2612665,0.0
3965,GILGFVFTL,swapped_2958,5,0.12872456,0.0
400,GILGFVFTL,10x,5,0.41738084,0.0
956,RTLNAWVKV,10x,5,0.5088362,0.0
2228,GILGFVFTL,10x,5,0.38425446,0.0
1867,GILGFVFTL,10x,5,0.46482378,0.0
5868,GILGFVFTL,positive,5,0.5163352,1.0
5102,GILGFVFTL,10x,5,0.33544004,0.0
1914,GILGFVFTL,10x,5,0.3851694,0.0
2361,GILGFVFTL,10x,5,0.25731936,0.0
3901,MLDLQPETT,swapped_2832,5,5.2586947e-06,0.0
2698,GILGFVFTL,positive,5,0.30761135,1.0
4360,GILGFVFTL,positive,5,0.21423031,1.0
4205,GILGFVFTL,positive,5,0.32946295,1.0
2635,RTLNAWVKV,swapped_1800,5,0.3787227,0.0
2260,GILGFVFTL,10x,5,0.38781288,0.0
4853,GILGFVFTL,10x,5,0.52376986,0.0
5159,GILGFVFTL,10x,5,0.27033734,0.0
2798,GILGFVFTL,positive,5,0.053050864,1.0
4705,GILGFVFTL,10x,5,0.24491422,0.0
2269,GILGFVFTL,10x,5,0.41158637,0.0
3339,GILGFVFTL,10x,5,0.41163412,0.0
3829,LLFGYPVYV,swapped_3051,5,6.22208e-06,0.0
3719,GILGFVFTL,10x,5,0.47827083,0.0
6592,GILGFVFTL,10x,5,0.4303811,0.0
6391,GILGFVFTL,10x,5,0.4654876,0.0
491,NLVPMVATV,10x,5,0.5088362,0.0
1340,GLCTLVAML,swapped_167,5,0.29184222,0.0
1233,GLCTLVAML,swapped_86,5,2.2400867e-05,0.0
1253,FLYALALLL,swapped_247,5,6.0788975e-06,0.0
6523,GILGFVFTL,10x,5,0.8655847,0.0
283,GILGFVFTL,positive,5,0.08072026,1.0
1689,NLVPMVATV,positive,5,0.5088362,1.0
2460,NLVPMVATV,swapped_1776,5,0.5088362,0.0
3489,GILGFVFTL,10x,5,0.2945577,0.0
3702,GLCTLVAML,10x,5,0.5088362,0.0
4502,GILGFVFTL,positive,5,0.25040558,1.0
3028,GILGFVFTL,positive,5,0.6089742,1.0
2432,GILGFVFTL,swapped_1714,5,0.27659908,0.0
1381,NLVPMVATV,swapped_289,5,1.1864455e-06,0.0
6016,GILGFVFTL,10x,5,0.10265832,0.0
3569,GILGFVFTL,10x,5,0.513543,0.0
4666,GILGFVFTL,10x,5,0.4793656,0.0
5418,NLVPMVATV,swapped_4521,5,4.3903357e-05,0.0
5588,GILGFVFTL,swapped_4427,5,0.18495227,0.0
5614,GILGFVFTL,swapped_4439,5,0.3020424,0.0
613,GILGFVFTL,10x,5,0.30914706,0.0
4862,GLCTLVAML,10x,5,0.5088362,0.0
3705,FLYALALLL,10x,5,0.43404964,0.0
6429,SLFNTVATL,10x,5,0.5088362,0.0
4056,RMFPNAPYL,swapped_2853,5,8.083925e-07,0.0
354,GILGFVFTL,positive,5,0.042877823,1.0
2962,GILGFVFTL,positive,5,0.08670225,1.0
3653,GILGFVFTL,10x,5,0.36350873,0.0
6639,GLCTLVAML,swapped_5732,5,2.9627898e-05,0.0
2801,GILGFVFTL,positive,5,0.28050786,1.0
1837,RMFPNAPYL,10x,5,0.5088362,0.0
3763,GILGFVFTL,10x,5,0.5124456,0.0
2200,KTWGQYWQV,10x,5,0.102565676,0.0
2859,GILGFVFTL,positive,5,0.893682,1.0
2482,GLCTLVAML,swapped_1624,5,0.3326227,0.0
1723,NLVPMVATV,positive,5,0.32318,1.0
169,NLVPMVATV,positive,5,0.5088362,1.0
4199,NLVPMVATV,positive,5,0.5088362,1.0
462,GILGFVFTL,10x,5,0.33839288,0.0
137,NLVPMVATV,positive,5,0.5088362,1.0
2239,GILGFVFTL,10x,5,0.25365177,0.0
2159,GILGFVFTL,10x,5,0.46917048,0.0
4619,GILGFVFTL,10x,5,0.24712871,0.0
3992,NLVPMVATV,swapped_2739,5,2.6637648e-05,0.0
331,GILGFVFTL,positive,5,0.3717187,1.0
5560,RMFPNAPYL,swapped_4502,5,8.79264e-05,0.0
3770,GILGFVFTL,10x,5,0.35889855,0.0
3386,GLCTLVAML,10x,5,0.5088362,0.0
3345,GLCTLVAML,10x,5,0.5088362,0.0
336,GILGFVFTL,positive,5,0.029986117,1.0
3892,GLCTLVAML,swapped_2793,5,6.402744e-06,0.0
825,GILGFVFTL,10x,5,0.4333144,0.0
3674,GILGFVFTL,10x,5,0.29357374,0.0
734,SLLMWITQV,10x,5,0.5088362,0.0
2977,GILGFVFTL,positive,5,0.039500363,1.0
2094,GLCTLVAML,10x,5,0.5088362,0.0
6719,GILGFVFTL,swapped_5878,5,0.24104941,0.0
4753,GILGFVFTL,10x,5,0.40140402,0.0
3101,GILGFVFTL,10x,5,0.49235496,0.0
2792,GILGFVFTL,positive,5,0.021968141,1.0
5946,GILGFVFTL,positive,5,0.34874263,1.0
96,GILGFVFTL,positive,5,0.4029287,1.0
18,GLCTLVAML,positive,5,0.67660606,1.0
2901,GILGFVFTL,positive,5,0.50909084,1.0
1060,GILGFVFTL,10x,5,0.32201728,0.0
2590,GILGFVFTL,swapped_1807,5,0.13245238,0.0
4566,GILGFVFTL,10x,5,0.23669508,0.0
6773,NLVPMVATV,swapped_5871,5,9.487603e-07,0.0
5195,GILGFVFTL,10x,5,0.4835995,0.0
3068,GILGFVFTL,10x,5,0.36808923,0.0
1623,GILGFVFTL,positive,5,0.10582109,1.0
4427,NLVPMVATV,positive,5,0.5088362,1.0
5116,GILGFVFTL,10x,5,0.27774367,0.0
4180,GILGFVFTL,positive,5,0.04308193,1.0
3927,FLYALALLL,swapped_2923,5,0.01486006,0.0
4571,GILGFVFTL,10x,5,0.45458955,0.0
2232,NLVPMVATV,10x,5,0.45704144,0.0
4754,GLCTLVAML,10x,5,0.027924716,0.0
4687,RTLNAWVKV,10x,5,0.5088362,0.0
1137,GLCTLVAML,10x,5,7.8369885e-06,0.0
3826,GLCTLVAML,swapped_2701,5,8.27451e-08,0.0
6827,GLCTLVAML,swapped_5769,5,0.00062853267,0.0
1399,GLCTLVAML,swapped_151,5,1.237343e-05,0.0
1776,GILGFVFTL,positive,5,0.28849623,1.0
4535,GLCTLVAML,positive,5,0.6412779,1.0
1170,GLCTLVAML,swapped_193,5,0.00020633687,0.0
2395,GILGFVFTL,10x,5,0.34085914,0.0
6725,NLVPMVATV,swapped_5728,5,0.5088362,0.0
4661,GILGFVFTL,10x,5,0.27647,0.0
593,FLYALALLL,10x,5,0.01992491,0.0
4295,GILGFVFTL,positive,5,0.046546113,1.0
1244,NLVPMVATV,swapped_150,5,1.6434388e-06,0.0
2237,GILGFVFTL,10x,5,0.17078705,0.0
4214,GILGFVFTL,positive,5,0.025721379,1.0
5181,GILGFVFTL,10x,5,0.18222056,0.0
4521,GILGFVFTL,positive,5,0.101861686,1.0
5062,GILGFVFTL,10x,5,0.49171022,0.0
3157,GILGFVFTL,10x,5,0.50208086,0.0
1778,GILGFVFTL,positive,5,0.27870038,1.0
160,GILGFVFTL,positive,5,0.048494972,1.0
3172,FLYALALLL,10x,5,0.5088362,0.0
3773,GILGFVFTL,10x,5,0.43302453,0.0
257,GILGFVFTL,positive,5,0.94695604,1.0
100,GILGFVFTL,positive,5,0.9259854,1.0
3369,NLVPMVATV,10x,5,0.5088362,0.0
6708,GLCTLVAML,swapped_5825,5,7.9914834e-08,0.0
3882,GLCTLVAML,swapped_2895,5,1.9426186e-07,0.0
4273,GILGFVFTL,positive,5,0.024306562,1.0
6063,RTLNAWVKV,10x,5,0.5088362,0.0
6018,RMFPNAPYL,10x,5,0.42040002,0.0
3047,GILGFVFTL,positive,5,0.9183927,1.0
2974,GILGFVFTL,positive,5,0.51829344,1.0
4703,NLVPMVATV,10x,5,0.5088362,0.0
1226,NLVPMVATV,swapped_160,5,6.370397e-06,0.0
178,GILGFVFTL,positive,5,0.110047966,1.0
6335,GILGFVFTL,10x,5,0.4370902,0.0
3783,GILGFVFTL,10x,5,0.50710404,0.0
5776,GLCTLVAML,positive,5,0.5088362,1.0
1041,GLCTLVAML,10x,5,2.6534895e-08,0.0
3642,GILGFVFTL,10x,5,0.4279351,0.0
4281,GILGFVFTL,positive,5,0.07435909,1.0
1465,GLCTLVAML,swapped_35,5,0.36371282,0.0
1939,GILGFVFTL,10x,5,0.25791267,0.0
22,FLYALALLL,positive,5,0.5357219,1.0
6233,GILGFVFTL,10x,5,0.28298303,0.0
1592,GLCTLVAML,positive,5,0.5219182,1.0
5286,GILGFVFTL,10x,5,0.45230833,0.0
1220,NLVPMVATV,swapped_196,5,0.0068602907,0.0
1846,NLVPMVATV,10x,5,0.5088362,0.0
849,GILGFVFTL,10x,5,0.23633711,0.0
5640,NLVPMVATV,swapped_4273,5,5.887995e-07,0.0
4505,GLCTLVAML,positive,5,0.04684893,1.0
6036,FLYALALLL,10x,5,0.5088362,0.0
2804,FLYALALLL,positive,5,0.5088362,1.0
5367,NLVPMVATV,swapped_4390,5,0.014541243,0.0
3130,NLVPMVATV,10x,5,0.5088362,0.0
2989,GILGFVFTL,positive,5,0.019081753,1.0
3022,GILGFVFTL,positive,5,0.30886215,1.0
422,GILGFVFTL,10x,5,0.3823549,0.0
4464,NLVPMVATV,positive,5,0.5088362,1.0
6052,NLVPMVATV,10x,5,0.38413036,0.0
736,GILGFVFTL,10x,5,0.20361651,0.0
2613,LLFGYPVYV,swapped_1679,5,0.00045766938,0.0
34,GILGFVFTL,positive,5,0.03579827,1.0
1204,GILGFVFTL,swapped_190,5,0.14364128,0.0
5860,GILGFVFTL,positive,5,0.7079238,1.0
2161,GILGFVFTL,10x,5,0.20581977,0.0
4623,LLFGYPVYV,10x,5,0.14106844,0.0
318,GILGFVFTL,positive,5,0.109856926,1.0
5532,GLCTLVAML,swapped_4509,5,0.5088362,0.0
4749,GILGFVFTL,10x,5,0.387811,0.0
5026,GILGFVFTL,10x,5,0.20727777,0.0
4599,GLCTLVAML,10x,5,0.5088362,0.0
3112,NLVPMVATV,10x,5,0.5088362,0.0
3440,GILGFVFTL,10x,5,0.48895234,0.0
348,GILGFVFTL,positive,5,0.32054093,1.0
5337,FLYALALLL,swapped_4201,5,0.466168,0.0
3292,SLFNTVATL,10x,5,0.5088362,0.0
6252,GILGFVFTL,10x,5,0.26318195,0.0
1852,GILGFVFTL,10x,5,0.24687913,0.0
6170,GILGFVFTL,10x,5,0.1908374,0.0
483,GILGFVFTL,10x,5,0.16312945,0.0
3953,NLVPMVATV,swapped_2746,5,0.5088362,0.0
5902,GILGFVFTL,positive,5,0.3497145,1.0
6770,NLVPMVATV,swapped_5932,5,0.26799348,0.0
3930,GLCTLVAML,swapped_2807,5,0.5088362,0.0
320,GILGFVFTL,positive,5,0.05621655,1.0
217,GILGFVFTL,positive,5,0.8506499,1.0
980,NLVPMVATV,10x,5,0.5088362,0.0
3056,GILGFVFTL,positive,5,0.49094453,1.0
3486,GILGFVFTL,10x,5,0.25470325,0.0
2958,GLCTLVAML,positive,5,0.5088362,1.0
3641,GILGFVFTL,10x,5,0.06100823,0.0
4771,GILGFVFTL,10x,5,0.2534404,0.0
4908,GLCTLVAML,10x,5,0.4713711,0.0
6281,NLVPMVATV,10x,5,0.5088362,0.0
5664,GLCTLVAML,swapped_4546,5,8.191021e-08,0.0
1727,GILGFVFTL,positive,5,0.028236005,1.0
6481,LLFGYPVYV,10x,5,0.5088362,0.0
6177,GILGFVFTL,10x,5,0.5027699,0.0
5683,RMFPNAPYL,swapped_4364,5,7.705943e-05,0.0
5693,GLCTLVAML,swapped_4205,5,0.115429394,0.0
1302,LLFGYPVYV,swapped_227,5,0.024355376,0.0
5229,GILGFVFTL,10x,5,0.18188807,0.0
588,NLVPMVATV,10x,5,0.5088362,0.0
3918,GLCTLVAML,swapped_2790,5,0.0008219128,0.0
1679,GILGFVFTL,positive,5,0.3934107,1.0
1297,GILGFVFTL,swapped_330,5,0.2529945,0.0
1862,GILGFVFTL,10x,5,0.4340261,0.0
4137,KTWGQYWQV,swapped_2912,5,0.5088362,0.0
1522,LLFGYPVYV,swapped_186,5,0.5088362,0.0
6166,GILGFVFTL,10x,5,0.5687971,0.0
6801,GILGFVFTL,swapped_5882,5,0.36681092,0.0
5937,GILGFVFTL,positive,5,0.023743035,1.0
1720,GILGFVFTL,positive,5,0.27224553,1.0
5598,SLLMWITQV,swapped_4214,5,1.4427025e-07,0.0
2162,GILGFVFTL,10x,5,0.55209696,0.0
4780,GILGFVFTL,10x,5,0.5062074,0.0
5040,GLCTLVAML,10x,5,0.5088362,0.0
480,GILGFVFTL,10x,5,0.32820413,0.0
704,GLCTLVAML,10x,5,0.5088362,0.0
3186,NLVPMVATV,10x,5,0.5088362,0.0
2793,GILGFVFTL,positive,5,0.12633552,1.0
1069,GILGFVFTL,10x,5,0.19600353,0.0
2761,GILGFVFTL,positive,5,0.041549392,1.0
2882,GILGFVFTL,positive,5,0.06375268,1.0
5441,FLYALALLL,swapped_4424,5,6.967344e-06,0.0
5466,GLCTLVAML,swapped_4435,5,0.5088362,0.0
2892,GILGFVFTL,positive,5,0.18756078,1.0
1225,LLFGYPVYV,swapped_41,5,3.219083e-05,0.0
1875,GILGFVFTL,10x,5,0.17377949,0.0
1992,GILGFVFTL,10x,5,0.22281271,0.0
5411,GILGFVFTL,swapped_4174,5,0.5105031,0.0
1864,GILGFVFTL,10x,5,0.32977358,0.0
1876,GILGFVFTL,10x,5,0.28476313,0.0
5792,NLVPMVATV,positive,5,0.5088362,1.0
5128,CLGGLLTMV,10x,5,0.5088362,0.0
3970,GILGFVFTL,swapped_2804,5,0.16315341,0.0
317,GILGFVFTL,positive,5,0.039596956,1.0
1428,GLCTLVAML,swapped_331,5,0.000120721445,0.0
4219,GILGFVFTL,positive,5,0.33036885,1.0
5112,GILGFVFTL,10x,5,0.37115106,0.0
6127,GILGFVFTL,10x,5,0.2917633,0.0
4960,RTLNAWVKV,10x,5,0.5088362,0.0
3405,GILGFVFTL,10x,5,0.15512978,0.0
308,GILGFVFTL,positive,5,0.21087039,1.0
1521,FLYALALLL,swapped_103,5,2.9836744e-06,0.0
1552,GLCTLVAML,positive,5,0.5088362,1.0
5658,GLCTLVAML,swapped_4252,5,0.4185549,0.0
3603,GILGFVFTL,10x,5,0.35406783,0.0
6104,GILGFVFTL,10x,5,0.44743758,0.0
3312,GILGFVFTL,10x,5,0.19083779,0.0
4731,GLCTLVAML,10x,5,0.5088362,0.0
4083,GLCTLVAML,swapped_2859,5,0.11784274,0.0
1075,GILGFVFTL,10x,5,0.32775477,0.0
2895,GILGFVFTL,positive,5,0.02245754,1.0
2407,RTLNAWVKV,swapped_1677,5,0.00041370458,0.0
3884,NLVPMVATV,swapped_2992,5,0.0004592376,0.0
362,GILGFVFTL,positive,5,0.24879219,1.0
5430,NLVPMVATV,swapped_4356,5,6.6100637e-07,0.0
3394,GLCTLVAML,10x,5,0.5088362,0.0
6510,GLCTLVAML,10x,5,7.58625e-05,0.0
2297,GILGFVFTL,10x,5,0.39990702,0.0
3626,RMFPNAPYL,10x,5,0.21870416,0.0
854,GLCTLVAML,10x,5,0.5088362,0.0
132,FLYALALLL,positive,5,0.003999264,1.0
1547,GLCTLVAML,positive,5,0.6019163,1.0
664,GILGFVFTL,10x,5,0.3507049,0.0
3665,GILGFVFTL,10x,5,0.46273836,0.0
4365,GILGFVFTL,positive,5,0.30090043,1.0
1010,GILGFVFTL,10x,5,0.26562676,0.0
1144,GLCTLVAML,swapped_249,5,2.3338538e-07,0.0
4463,GILGFVFTL,positive,5,0.0412781,1.0
3717,GILGFVFTL,10x,5,0.46109906,0.0
330,LLFGYPVYV,positive,5,0.032799132,1.0
3303,GILGFVFTL,10x,5,0.23121375,0.0
5295,GILGFVFTL,10x,5,0.1471648,0.0
4841,GILGFVFTL,10x,5,0.43508506,0.0
6668,GLCTLVAML,swapped_5862,5,0.5088362,0.0
4439,GLCTLVAML,positive,5,0.5088362,1.0
6865,GILGFVFTL,swapped_5776,5,0.25919995,0.0
1118,GILGFVFTL,10x,5,0.3763793,0.0
3286,NLVPMVATV,10x,5,0.36436272,0.0
4243,GILGFVFTL,positive,5,0.02064259,1.0
684,GLCTLVAML,10x,5,0.5088362,0.0
1127,GILGFVFTL,10x,5,0.5040369,0.0
3272,GILGFVFTL,10x,5,0.11748309,0.0
187,GILGFVFTL,positive,5,0.19396305,1.0
1250,GLCTLVAML,swapped_312,5,1.400462e-05,0.0
5740,GLCTLVAML,positive,5,0.4135006,1.0
4706,GILGFVFTL,10x,5,0.23983547,0.0
3576,GILGFVFTL,10x,5,0.26156554,0.0
504,GILGFVFTL,10x,5,0.23320797,0.0
2381,NLVPMVATV,10x,5,0.5088362,0.0
5696,NLVPMVATV,swapped_4228,5,0.5088362,0.0
4905,GILGFVFTL,10x,5,0.42779282,0.0
2781,GILGFVFTL,positive,5,0.051536284,1.0
6594,GLCTLVAML,10x,5,0.5088362,0.0
5748,GILGFVFTL,positive,5,0.55507374,1.0
3287,GILGFVFTL,10x,5,0.31337586,0.0
4716,GLCTLVAML,10x,5,0.5088362,0.0
6436,GILGFVFTL,10x,5,0.3447631,0.0
1087,GILGFVFTL,10x,5,0.4846393,0.0
934,GILGFVFTL,10x,5,0.25410268,0.0
3941,GLCTLVAML,swapped_2789,5,0.07296706,0.0
4634,GILGFVFTL,10x,5,0.30500042,0.0
4315,GILGFVFTL,positive,5,0.61800885,1.0
6236,NLVPMVATV,10x,5,0.5088362,0.0
5029,NLVPMVATV,10x,5,0.19004777,0.0
3524,GILGFVFTL,10x,5,0.35512114,0.0
4178,GILGFVFTL,positive,5,0.4675659,1.0
2790,GILGFVFTL,positive,5,0.8086525,1.0
6336,GLCTLVAML,10x,5,0.5088362,0.0
6120,GLCTLVAML,10x,5,0.5088362,0.0
242,GILGFVFTL,positive,5,0.07796841,1.0
5096,NLVPMVATV,10x,5,0.0073940423,0.0
1919,GILGFVFTL,10x,5,0.5624009,0.0
4143,LLFGYPVYV,swapped_2828,5,0.5088362,0.0
3420,GLCTLVAML,10x,5,0.5088362,0.0
1311,NLVPMVATV,swapped_119,5,3.8107468e-05,0.0
2900,GILGFVFTL,positive,5,0.46283272,1.0
4236,GLCTLVAML,positive,5,0.094581254,1.0
861,GILGFVFTL,10x,5,0.35758066,0.0
4228,GILGFVFTL,positive,5,0.19624114,1.0
3911,GLCTLVAML,swapped_2979,5,1.1635238e-07,0.0
3636,IMDQVPFSV,10x,5,0.5088362,0.0
6001,GLCTLVAML,positive,5,0.528295,1.0
3581,NLVPMVATV,10x,5,0.42979234,0.0
5660,GILGFVFTL,swapped_4535,5,0.008086383,0.0
4976,GILGFVFTL,10x,5,0.42302492,0.0
1902,GILGFVFTL,10x,5,0.42004135,0.0
2699,GLCTLVAML,positive,5,0.56749827,1.0
3150,GLCTLVAML,10x,5,0.33258292,0.0
5186,LLFGYPVYV,10x,5,0.5088362,0.0
3067,GILGFVFTL,10x,5,0.027240666,0.0
1677,GILGFVFTL,positive,5,0.4772575,1.0
3606,GILGFVFTL,10x,5,0.19764817,0.0
3219,GILGFVFTL,10x,5,0.7762638,0.0
3999,GILGFVFTL,swapped_2869,5,0.13914074,0.0
2549,GILGFVFTL,swapped_1770,5,0.3823156,0.0
5042,GILGFVFTL,10x,5,0.3195279,0.0
5013,GILGFVFTL,10x,5,0.3560229,0.0
1276,GLCTLVAML,swapped_155,5,2.70492e-07,0.0
4257,GILGFVFTL,positive,5,0.7930243,1.0
1318,GLCTLVAML,swapped_24,5,2.6659088e-06,0.0
349,GILGFVFTL,positive,5,0.21175812,1.0
6040,GILGFVFTL,10x,5,0.2252438,0.0
3779,GILGFVFTL,10x,5,0.35333344,0.0
6670,NLVPMVATV,swapped_5946,5,0.0032483141,0.0
812,GILGFVFTL,10x,5,0.13865072,0.0
4580,GILGFVFTL,10x,5,0.41750592,0.0
5636,GLCTLVAML,swapped_4315,5,0.011543913,0.0
499,GILGFVFTL,10x,5,0.1721986,0.0
565,GILGFVFTL,10x,5,0.13977653,0.0
6013,NLVPMVATV,10x,5,0.5088362,0.0
4048,KTWGQYWQV,swapped_2788,5,7.590303e-06,0.0
263,GILGFVFTL,positive,5,0.78634846,1.0
1416,LLFGYPVYV,swapped_19,5,0.21048361,0.0
1625,GILGFVFTL,positive,5,0.50547546,1.0
2923,GILGFVFTL,positive,5,0.228647,1.0
2477,GILGFVFTL,swapped_1704,5,0.058418702,0.0
3118,GLCTLVAML,10x,5,0.47449464,0.0
323,GILGFVFTL,positive,5,0.2286084,1.0
4274,KTWGQYWQV,positive,5,0.5088362,1.0
3701,GILGFVFTL,10x,5,0.30480304,0.0
5825,GILGFVFTL,positive,5,0.02632619,1.0
6247,GILGFVFTL,10x,5,0.50723356,0.0
3985,KTWGQYWQV,swapped_2945,5,0.3253979,0.0
289,GILGFVFTL,positive,5,0.03365812,1.0
2515,NLVPMVATV,swapped_1727,5,9.314403e-07,0.0
2377,SLFNTVATL,10x,5,0.5088362,0.0
6305,GILGFVFTL,10x,5,0.17881371,0.0
3560,GILGFVFTL,10x,5,0.40090927,0.0
21,GILGFVFTL,positive,5,0.457907,1.0
667,LLFGYPVYV,10x,5,0.44101128,0.0
6443,GILGFVFTL,10x,5,0.17811899,0.0
5677,GLCTLVAML,swapped_4354,5,2.4242053e-07,0.0
210,GLCTLVAML,positive,5,0.015711332,1.0
6243,GILGFVFTL,10x,5,0.3822827,0.0
3533,GILGFVFTL,10x,5,0.22933015,0.0
3346,GLCTLVAML,10x,5,0.5088362,0.0
2508,MLDLQPETT,swapped_1596,5,0.5088362,0.0
6368,NLVPMVATV,10x,5,0.5088362,0.0
6741,NLVPMVATV,swapped_5760,5,0.00024316444,0.0
1453,GLCTLVAML,swapped_100,5,0.0013696612,0.0
6360,GILGFVFTL,10x,5,0.4697393,0.0
2763,GILGFVFTL,positive,5,0.051752735,1.0
167,GILGFVFTL,positive,5,0.51212764,1.0
3390,GILGFVFTL,10x,5,0.2961218,0.0
4312,GILGFVFTL,positive,5,0.18817829,1.0
915,GILGFVFTL,10x,5,0.40287307,0.0
418,GLCTLVAML,10x,5,0.5088362,0.0
6531,GILGFVFTL,10x,5,0.5426128,0.0
869,GILGFVFTL,10x,5,0.25199866,0.0
3115,NLVPMVATV,10x,5,0.5088362,0.0
4451,IMDQVPFSV,positive,5,0.5088362,1.0
1490,GILGFVFTL,swapped_169,5,0.44707403,0.0
2912,FLYALALLL,positive,5,0.5088362,1.0
6771,GILGFVFTL,swapped_5876,5,0.33709148,0.0
3946,NLVPMVATV,swapped_2798,5,5.8386095e-06,0.0
4252,GILGFVFTL,positive,5,0.53672653,1.0
1966,GILGFVFTL,10x,5,0.49458864,0.0
1964,GILGFVFTL,10x,5,0.24769665,0.0
2107,GILGFVFTL,10x,5,0.14814752,0.0
5878,LLFGYPVYV,positive,5,0.5088362,1.0
3798,GILGFVFTL,10x,5,0.24091963,0.0
5105,GILGFVFTL,10x,5,0.31538394,0.0
4870,GILGFVFTL,10x,5,0.2189633,0.0
4613,GILGFVFTL,10x,5,0.28155613,0.0
6156,GILGFVFTL,10x,5,0.26144138,0.0
1176,RTLNAWVKV,swapped_242,5,6.7795074e-05,0.0
2486,GLCTLVAML,swapped_1702,5,1.5981816e-07,0.0
6302,NLVPMVATV,10x,5,0.5088362,0.0
3181,GILGFVFTL,10x,5,0.32183114,0.0
19,GILGFVFTL,positive,5,0.9629793,1.0
5436,IMDQVPFSV,swapped_4374,5,2.7094925e-06,0.0
1370,KVAELVHFL,swapped_323,5,0.5088362,0.0
6237,GLCTLVAML,10x,5,0.5088362,0.0
1671,GILGFVFTL,positive,5,0.44297782,1.0
5862,GILGFVFTL,positive,5,0.24868852,1.0
268,GILGFVFTL,positive,5,0.5203329,1.0
2676,GILGFVFTL,swapped_1737,5,0.36800662,0.0
2059,GILGFVFTL,10x,5,0.25330517,0.0
6004,GILGFVFTL,positive,5,0.30518216,1.0
2828,FLYALALLL,positive,5,0.5088362,1.0
2053,GILGFVFTL,10x,5,0.43113086,0.0
312,GILGFVFTL,positive,5,0.18853155,1.0
4719,GILGFVFTL,10x,5,0.24295814,0.0
5629,GLCTLVAML,swapped_4536,5,0.53261167,0.0
1600,GILGFVFTL,positive,5,0.23217534,1.0
5606,GILGFVFTL,swapped_4471,5,0.36913067,0.0
4887,GILGFVFTL,10x,5,0.2128412,0.0
5241,GILGFVFTL,10x,5,0.46427998,0.0
5294,GILGFVFTL,10x,5,0.23926958,0.0
3294,GILGFVFTL,10x,5,0.31722906,0.0
4644,GILGFVFTL,10x,5,0.4898673,0.0
3169,GILGFVFTL,10x,5,0.28873792,0.0
5667,GLCTLVAML,swapped_4396,5,0.5088362,0.0
3692,GILGFVFTL,10x,5,0.35043716,0.0
1179,GILGFVFTL,swapped_132,5,0.23236945,0.0
645,YLLEMLWRL,10x,5,0.4894233,0.0
539,GILGFVFTL,10x,5,0.4923434,0.0
2066,GILGFVFTL,10x,5,0.45505375,0.0
171,MLDLQPETT,positive,5,0.5088362,1.0
4627,GILGFVFTL,10x,5,0.22545086,0.0
2088,GILGFVFTL,10x,5,0.45811164,0.0
4424,GILGFVFTL,positive,5,0.11959069,1.0
3255,GILGFVFTL,10x,5,0.5951681,0.0
4584,YLLEMLWRL,10x,5,0.014816099,0.0
3760,NLVPMVATV,10x,5,0.45495093,0.0
5347,GILGFVFTL,swapped_4236,5,0.5981992,0.0
92,GILGFVFTL,positive,5,0.13836618,1.0
3222,GILGFVFTL,10x,5,0.22030824,0.0
4818,NLVPMVATV,10x,5,0.5088362,0.0
5469,NLVPMVATV,swapped_4350,5,1.4550334e-06,0.0
339,GLCTLVAML,positive,5,0.5375763,1.0
107,GILGFVFTL,positive,5,0.23127666,1.0
1099,GILGFVFTL,10x,5,0.29980513,0.0
4737,GILGFVFTL,10x,5,0.4174352,0.0
3332,GILGFVFTL,10x,5,0.37405032,0.0
890,GILGFVFTL,10x,5,0.44556403,0.0
6339,GILGFVFTL,10x,5,0.2004185,0.0
3409,GILGFVFTL,10x,5,0.17999361,0.0
1157,GILGFVFTL,swapped_210,5,0.17902742,0.0
4063,NLVPMVATV,swapped_2901,5,0.37430593,0.0
121,GILGFVFTL,positive,5,0.4411049,1.0
4121,NLVPMVATV,swapped_2763,5,2.5790723e-06,0.0
1205,GLCTLVAML,swapped_369,5,9.747329e-06,0.0
6889,YLLEMLWRL,swapped_5969,5,0.24550635,0.0
41,GILGFVFTL,positive,5,0.07285884,1.0
4367,GLCTLVAML,positive,5,0.04814621,1.0
2731,GILGFVFTL,positive,5,0.09915599,1.0
2329,NLVPMVATV,10x,5,0.5088362,0.0
6576,FLYALALLL,10x,5,0.5088362,0.0
2674,NLVPMVATV,swapped_1788,5,0.4041127,0.0
4215,GILGFVFTL,positive,5,0.061431933,1.0
2551,GILGFVFTL,swapped_1777,5,0.24982849,0.0
2525,RMFPNAPYL,swapped_1595,5,0.5088362,0.0
6169,GILGFVFTL,10x,5,0.45277986,0.0
3837,NLVPMVATV,swapped_2974,5,0.37322003,0.0
1258,NLVPMVATV,swapped_92,5,5.913868e-05,0.0
3848,GLCTLVAML,swapped_2973,5,5.830658e-06,0.0
5080,GILGFVFTL,10x,5,0.22871955,0.0
669,GILGFVFTL,10x,5,0.2972552,0.0
2492,KTWGQYWQV,swapped_1709,5,6.6664055e-05,0.0
6808,NLVPMVATV,swapped_5945,5,0.095847055,0.0
1371,LLFGYPVYV,swapped_38,5,0.5088362,0.0
5674,GILGFVFTL,swapped_4451,5,0.35085374,0.0
1322,GILGFVFTL,swapped_344,5,0.025978,0.0
1168,GLCTLVAML,swapped_287,5,1.863001e-07,0.0
4911,LLFGYPVYV,10x,5,0.5088362,0.0
2274,GILGFVFTL,10x,5,0.48780352,0.0
5990,GILGFVFTL,positive,5,0.40924758,1.0
4316,GILGFVFTL,positive,5,0.23889127,1.0
3278,GLCTLVAML,10x,5,0.5088362,0.0
3231,RTLNAWVKV,10x,5,0.5088362,0.0
887,GLCTLVAML,10x,5,0.34046748,0.0
1807,FLYALALLL,positive,5,0.5088362,1.0
3135,GILGFVFTL,10x,5,0.634927,0.0
5717,GILGFVFTL,positive,5,0.31739205,1.0
876,GLCTLVAML,10x,5,0.5088362,0.0
3436,GILGFVFTL,10x,5,0.26068065,0.0
38,GILGFVFTL,positive,5,0.31355315,1.0
471,GILGFVFTL,10x,5,0.13759361,0.0
2689,GLCTLVAML,swapped_1749,5,0.14228293,0.0
3008,GLCTLVAML,positive,5,0.22145285,1.0
4396,NLVPMVATV,positive,5,0.5088362,1.0
3122,GILGFVFTL,10x,5,0.36813483,0.0
5882,SLLMWITQV,positive,5,0.022671873,1.0
1624,GILGFVFTL,positive,5,0.51758623,1.0
4185,GILGFVFTL,positive,5,0.36976177,1.0
2811,GILGFVFTL,positive,5,0.027148023,1.0
3971,GLCTLVAML,swapped_2831,5,2.2150189e-06,0.0
3869,NLVPMVATV,swapped_2989,5,6.1340825e-07,0.0
689,GLCTLVAML,10x,5,0.5088362,0.0
3973,LLFGYPVYV,swapped_2792,5,4.0887107e-07,0.0
4067,NLVPMVATV,swapped_2808,5,0.0005764936,0.0
4290,LLFGYPVYV,positive,5,0.5088362,1.0
4587,GILGFVFTL,10x,5,0.38492978,0.0
2948,NLVPMVATV,positive,5,0.442707,1.0
6274,GILGFVFTL,10x,5,0.36690322,0.0
1872,GILGFVFTL,10x,5,0.3393804,0.0
1922,GILGFVFTL,10x,5,0.19226322,0.0
2328,GILGFVFTL,10x,5,0.5039901,0.0
830,GILGFVFTL,10x,5,0.20937175,0.0
1429,MLDLQPETT,swapped_45,5,7.764129e-07,0.0
5530,GLCTLVAML,swapped_4445,5,0.0017426261,0.0
1339,GLCTLVAML,swapped_354,5,3.6781995e-07,0.0
5790,FLYALALLL,positive,5,0.5088362,1.0
6788,LLFGYPVYV,swapped_6004,5,0.37482825,0.0
4240,GILGFVFTL,positive,5,0.39474562,1.0
4944,GILGFVFTL,10x,5,0.5176208,0.0
86,GILGFVFTL,positive,5,0.22295126,1.0
6611,FLYALALLL,swapped_5974,5,0.42161742,0.0
3106,NLVPMVATV,10x,5,0.093270816,0.0
4024,GLCTLVAML,swapped_2955,5,0.5088362,0.0
2459,GLCTLVAML,swapped_1790,5,0.5088362,0.0
1006,GILGFVFTL,10x,5,0.0654825,0.0
5624,GLCTLVAML,swapped_4290,5,0.5088362,0.0
151,GILGFVFTL,positive,5,0.09999139,1.0
2789,GILGFVFTL,positive,5,0.9186444,1.0
1766,GILGFVFTL,positive,5,0.18121833,1.0
49,GLCTLVAML,positive,5,0.5088362,1.0
1749,GILGFVFTL,positive,5,0.9317641,1.0
3250,GLCTLVAML,10x,5,0.25542593,0.0
2916,GILGFVFTL,positive,5,0.018793302,1.0
5345,SLLMWITQV,swapped_4178,5,0.5088362,0.0
443,KTWGQYWQV,10x,5,0.5088362,0.0
4413,GILGFVFTL,positive,5,0.019865997,1.0
235,GILGFVFTL,positive,5,0.026923455,1.0
6257,GILGFVFTL,10x,5,0.5088362,0.0
975,GILGFVFTL,10x,5,0.30393443,0.0
186,FLYALALLL,positive,5,0.5088362,1.0
2973,GILGFVFTL,positive,5,0.107479684,1.0
6079,GILGFVFTL,10x,5,0.3138129,0.0
3240,GILGFVFTL,10x,5,0.3423169,0.0
3075,GILGFVFTL,10x,5,0.27008915,0.0
1991,GILGFVFTL,10x,5,0.4436288,0.0
4238,SLLMWITQV,positive,5,0.06415326,1.0
234,FLYALALLL,positive,5,0.5088362,1.0
4721,GILGFVFTL,10x,5,0.35668027,0.0
5432,RTLNAWVKV,swapped_4515,5,0.0004895003,0.0
5292,GILGFVFTL,10x,5,0.22103661,0.0
1291,KTWGQYWQV,swapped_49,5,0.5088362,0.0
4364,GILGFVFTL,positive,5,0.17406751,1.0
3347,GILGFVFTL,10x,5,0.28307268,0.0
763,GILGFVFTL,10x,5,0.21601011,0.0
3824,GLCTLVAML,swapped_2999,5,1.0467149e-05,0.0
5732,GILGFVFTL,positive,5,0.24563946,1.0
3756,GILGFVFTL,10x,5,0.51553756,0.0
5965,GILGFVFTL,positive,5,0.03611346,1.0
5217,GILGFVFTL,10x,5,0.48792672,0.0
1198,LLFGYPVYV,swapped_191,5,0.06254551,0.0
6387,NLVPMVATV,10x,5,0.49881145,0.0
646,GILGFVFTL,10x,5,0.30166894,0.0
6178,NLVPMVATV,10x,5,0.5088362,0.0
594,FLYALALLL,10x,5,0.5088362,0.0
5032,GILGFVFTL,10x,5,0.19103068,0.0
3579,LLFGYPVYV,10x,5,0.5088362,0.0
3376,GILGFVFTL,10x,5,0.4084179,0.0
4174,GLCTLVAML,positive,5,0.42683843,1.0
5666,NLVPMVATV,swapped_4311,5,0.5088362,0.0
155,GILGFVFTL,positive,5,0.02952617,1.0
5641,LLFGYPVYV,swapped_4238,5,0.08979287,0.0
1690,GLCTLVAML,positive,5,0.3658385,1.0
1999,GILGFVFTL,10x,5,0.3983655,0.0
3743,GILGFVFTL,10x,5,0.26265618,0.0
4538,GILGFVFTL,positive,5,0.12881123,1.0
5760,GILGFVFTL,positive,5,0.14274274,1.0
6700,GLCTLVAML,swapped_5965,5,6.985335e-07,0.0
4375,GILGFVFTL,positive,5,0.020635888,1.0
2897,GLCTLVAML,positive,5,0.5088362,1.0
485,GILGFVFTL,10x,5,0.29510635,0.0
4830,GLCTLVAML,10x,5,0.5088362,0.0
1121,NLVPMVATV,10x,5,0.5088362,0.0
2045,GILGFVFTL,10x,5,0.45316568,0.0
4040,GLCTLVAML,swapped_2794,5,0.00025564374,0.0
3039,GILGFVFTL,positive,5,0.1702973,1.0
1596,GILGFVFTL,positive,5,0.37271935,1.0
1337,GILGFVFTL,swapped_156,5,0.36366707,0.0
6632,NLVPMVATV,swapped_5795,5,2.2965031e-07,0.0
4115,NLVPMVATV,swapped_2827,5,0.43617854,0.0
1503,FLYALALLL,swapped_33,5,0.54407626,0.0
2979,GILGFVFTL,positive,5,0.017746205,1.0
1298,KVLEYVIKV,swapped_268,5,0.32621774,0.0
5293,GILGFVFTL,10x,5,0.23242374,0.0
578,GLCTLVAML,10x,5,0.5088362,0.0
2592,RTLNAWVKV,swapped_1713,5,0.37266818,0.0
1115,GILGFVFTL,10x,5,0.28287145,0.0
1431,FLYALALLL,swapped_362,5,0.5088362,0.0
1455,GLCTLVAML,swapped_58,5,0.46579343,0.0
3622,GILGFVFTL,10x,5,0.41907683,0.0
2273,NLVPMVATV,10x,5,0.5088362,0.0
5306,GILGFVFTL,10x,5,0.353987,0.0
2257,GILGFVFTL,10x,5,0.3187803,0.0
6703,GILGFVFTL,swapped_6001,5,0.10923523,0.0
5452,NLVPMVATV,swapped_4219,5,0.0034825539,0.0
5903,GILGFVFTL,positive,5,0.07555922,1.0
463,GILGFVFTL,10x,5,0.35418403,0.0
1354,GILGFVFTL,swapped_166,5,0.32315528,0.0
3624,IMDQVPFSV,10x,5,0.5088362,0.0
5969,GILGFVFTL,positive,5,0.9150966,1.0
5151,GILGFVFTL,10x,5,0.43828085,0.0
6762,KTWGQYWQV,swapped_5868,5,0.31213626,0.0
272,GILGFVFTL,positive,5,0.56194353,1.0
2739,GILGFVFTL,positive,5,0.11038122,1.0
6660,GILGFVFTL,swapped_5790,5,0.21944834,0.0
6221,FLYALALLL,10x,5,0.5088362,0.0
1990,GILGFVFTL,10x,5,0.28443915,0.0
5456,NLVPMVATV,swapped_4180,5,2.8631753e-06,0.0
991,GLCTLVAML,swapped_73,5,0.5088362,0.0
6518,GILGFVFTL,10x,5,0.39890152,0.0
4824,GILGFVFTL,10x,5,0.33500263,0.0
6905,RMFPNAPYL,swapped_5902,5,0.000166859,0.0
73,KVLEYVIKV,positive,5,0.5088362,1.0
5215,MLDLQPETT,10x,5,0.5088362,0.0
2072,NLVPMVATV,10x,5,0.5088362,0.0
352,GILGFVFTL,positive,5,0.5124277,1.0
3591,NLVPMVATV,10x,5,0.5088362,0.0
3538,GILGFVFTL,10x,5,0.17039168,0.0
3410,GLCTLVAML,10x,5,0.051246237,0.0
6418,GILGFVFTL,10x,5,0.17426726,0.0
556,GILGFVFTL,10x,5,0.50936544,0.0
3988,GILGFVFTL,swapped_3008,5,0.06261113,0.0
5182,GILGFVFTL,10x,5,0.46795505,0.0
5680,GLCTLVAML,swapped_4522,5,2.405822e-05,0.0
2670,GLCTLVAML,swapped_1623,5,1.2879325e-05,0.0
2393,GILGFVFTL,10x,5,0.32564992,0.0
2282,GLCTLVAML,10x,5,0.5088362,0.0
6291,GILGFVFTL,10x,5,0.34617835,0.0
2830,GILGFVFTL,positive,5,0.44366133,1.0
1820,GILGFVFTL,10x,5,0.3053893,0.0
1014,GILGFVFTL,10x,5,0.34781477,0.0
2296,GLCTLVAML,10x,5,0.5088362,0.0
1446,KVAELVHFL,swapped_318,5,2.7109269e-05,0.0
1078,SLLMWITQV,10x,5,0.5088362,0.0
4515,GILGFVFTL,positive,5,0.16593066,1.0
1171,GLCTLVAML,swapped_348,5,0.31887275,0.0
1347,LLFGYPVYV,swapped_256,5,5.6453973e-06,0.0
1491,GILGFVFTL,swapped_73,5,0.460082,0.0
6216,GILGFVFTL,10x,5,0.4643009,0.0
4873,NLVPMVATV,10x,5,0.5088362,0.0
1039,NLVPMVATV,10x,5,0.0005386008,0.0
3657,GILGFVFTL,10x,5,0.48548332,0.0
1960,GILGFVFTL,10x,5,0.21302536,0.0
6183,GLCTLVAML,10x,5,0.017583529,0.0
6316,GILGFVFTL,10x,5,0.28531736,0.0
3873,MLDLQPETT,swapped_3047,5,0.34765786,0.0
5197,GILGFVFTL,10x,5,0.24253736,0.0
3252,GLCTLVAML,10x,5,0.5088362,0.0
5061,NLVPMVATV,10x,5,0.45904398,0.0
2578,GILGFVFTL,swapped_1675,5,0.022002088,0.0
1714,NLVPMVATV,positive,5,0.5088362,1.0
5028,GILGFVFTL,10x,5,0.3309497,0.0
3055,GILGFVFTL,positive,5,0.026645685,1.0
4003,GLCTLVAML,swapped_2884,5,0.08869474,0.0
2026,GILGFVFTL,10x,5,0.1576053,0.0
3044,GILGFVFTL,positive,5,0.061256714,1.0
2524,GILGFVFTL,swapped_1723,5,0.5302214,0.0
2051,NLVPMVATV,10x,5,0.5088362,0.0
1519,FLYALALLL,swapped_203,5,0.5088362,0.0
3586,GLCTLVAML,10x,5,0.5088362,0.0
2173,GILGFVFTL,10x,5,0.32134762,0.0
379,GILGFVFTL,positive,5,0.51996905,1.0
1590,GILGFVFTL,positive,5,0.87415004,1.0
3823,GLCTLVAML,swapped_2731,5,4.3333434e-06,0.0
537,GILGFVFTL,10x,5,0.48904178,0.0
690,SLFNTVATL,10x,5,0.33909133,0.0
3671,GILGFVFTL,10x,5,0.21915834,0.0
2467,GLCTLVAML,swapped_1742,5,6.6223805e-08,0.0
2160,FLYALALLL,10x,5,0.5088362,0.0
1629,GILGFVFTL,positive,5,0.51562715,1.0
4186,GILGFVFTL,positive,5,0.17266418,1.0
3361,GLCTLVAML,10x,5,0.5088362,0.0
4170,NLVPMVATV,swapped_2900,5,0.5088362,0.0
406,GILGFVFTL,10x,5,0.45812112,0.0
3210,GILGFVFTL,10x,5,0.5466632,0.0
1056,GLCTLVAML,10x,5,0.28027424,0.0
6338,GILGFVFTL,10x,5,0.50342613,0.0
1324,MLDLQPETT,swapped_379,5,0.00015225992,0.0
4153,GLCTLVAML,swapped_2783,5,0.0017664698,0.0
6056,GLCTLVAML,10x,5,0.5088362,0.0
3280,NLVPMVATV,10x,5,0.5088362,0.0
5809,GILGFVFTL,positive,5,0.46986106,1.0
1403,GLCTLVAML,swapped_235,5,2.4965775e-07,0.0
2807,GILGFVFTL,positive,5,0.32721364,1.0
1970,GILGFVFTL,10x,5,0.503839,0.0
4546,GILGFVFTL,positive,5,0.019920804,1.0
4321,GILGFVFTL,positive,5,0.021876516,1.0
1498,NLVPMVATV,swapped_60,5,0.0020735355,0.0
6201,GILGFVFTL,10x,5,0.38499117,0.0
5479,GILGFVFTL,swapped_4342,5,0.10156119,0.0
2430,GILGFVFTL,swapped_1547,5,0.0105836475,0.0
6882,NLVPMVATV,swapped_5722,5,1.3975615e-05,0.0
1145,GLCTLVAML,swapped_336,5,3.088217e-07,0.0
2646,NLVPMVATV,swapped_1625,5,0.5088362,0.0
2247,GILGFVFTL,10x,5,0.42468837,0.0
3140,GLCTLVAML,10x,5,0.5088362,0.0
2851,GILGFVFTL,positive,5,0.31111768,1.0
1214,NLVPMVATV,swapped_241,5,2.052896e-05,0.0
4311,GILGFVFTL,positive,5,0.3613855,1.0
2468,NLVPMVATV,swapped_1627,5,6.853173e-07,0.0
3856,NLVPMVATV,swapped_2725,5,4.44749e-05,0.0
6124,GILGFVFTL,10x,5,0.2258364,0.0
4882,GILGFVFTL,10x,5,0.2855624,0.0
1726,GILGFVFTL,positive,5,0.48345447,1.0
1272,GLCTLVAML,swapped_309,5,8.729462e-08,0.0
1147,GILGFVFTL,swapped_22,5,0.0529295,0.0
5656,FLYALALLL,swapped_4360,5,0.00045578074,0.0
1245,RTLNAWVKV,swapped_234,5,0.5088362,0.0
2398,RMFPNAPYL,10x,5,0.5088362,0.0
6465,GLCTLVAML,10x,5,0.5088362,0.0
3678,GILGFVFTL,10x,5,0.35513258,0.0
6692,NLVPMVATV,swapped_5903,5,1.4023437e-05,0.0
6790,KTWGQYWQV,swapped_5792,5,0.5088362,0.0
685,GILGFVFTL,10x,5,0.36138684,0.0
6039,GILGFVFTL,10x,5,0.17784405,0.0
5176,GILGFVFTL,10x,5,0.1269786,0.0
2794,GILGFVFTL,positive,5,0.22530307,1.0
785,GLCTLVAML,10x,5,0.5088362,0.0
4090,GLCTLVAML,swapped_3019,5,1.631989e-07,0.0
5389,NLVPMVATV,swapped_4222,5,3.9245595e-07,0.0
1243,RTLNAWVKV,swapped_320,5,1.5925787e-05,0.0
3195,GILGFVFTL,10x,5,0.5035983,0.0
5363,GLCTLVAML,swapped_4312,5,1.5070554e-05,0.0
5223,GILGFVFTL,10x,5,0.38865957,0.0
6068,GLCTLVAML,10x,5,0.03027238,0.0
5481,GLCTLVAML,swapped_4485,5,0.5088362,0.0
3812,GLCTLVAML,swapped_3039,5,2.3699045e-05,0.0
5870,GILGFVFTL,positive,5,0.044587936,1.0
2533,GILGFVFTL,swapped_1689,5,0.42376903,0.0
6303,GILGFVFTL,10x,5,0.4414102,0.0
2691,NLVPMVATV,swapped_1600,5,0.102370806,0.0
5631,FLYALALLL,swapped_4555,5,0.5088362,0.0
3796,GILGFVFTL,10x,5,0.23294054,0.0
4699,GLCTLVAML,10x,5,0.32421452,0.0
2693,GILGFVFTL,swapped_1759,5,0.09204002,0.0
5543,RTLNAWVKV,swapped_4257,5,0.115582295,0.0
2588,GILGFVFTL,swapped_1739,5,0.007960349,0.0
6819,NLVPMVATV,swapped_5937,5,5.04689e-07,0.0
392,GILGFVFTL,10x,5,0.14678872,0.0
2701,GILGFVFTL,positive,5,0.020548787,1.0
1138,NLVPMVATV,10x,5,0.36358377,0.0
845,GILGFVFTL,10x,5,0.27131316,0.0
675,GILGFVFTL,10x,5,0.418936,0.0
1944,GILGFVFTL,10x,5,0.47878405,0.0
290,GILGFVFTL,positive,5,0.36324006,1.0
5974,GILGFVFTL,positive,5,0.5633706,1.0
4160,GILGFVFTL,swapped_2948,5,0.217752,0.0
4932,GILGFVFTL,10x,5,0.34509778,0.0
3481,GILGFVFTL,10x,5,0.3504548,0.0
5720,GILGFVFTL,positive,5,0.39021027,1.0
1154,GILGFVFTL,swapped_65,5,0.36920965,0.0
576,GILGFVFTL,10x,5,0.46833047,0.0
6148,GILGFVFTL,10x,5,0.35689533,0.0
5527,GLCTLVAML,swapped_4186,5,0.5088362,0.0
424,GLCTLVAML,10x,5,0.5088362,0.0
5981,GILGFVFTL,positive,5,0.47703332,1.0
1474,NLVPMVATV,swapped_21,5,0.0008141261,0.0
4802,GILGFVFTL,10x,5,0.45463112,0.0
757,GLCTLVAML,10x,5,0.013830375,0.0
2884,GILGFVFTL,positive,5,0.94547415,1.0
150,GILGFVFTL,positive,5,0.038495954,1.0
2945,GILGFVFTL,positive,5,0.504731,1.0
2443,SLLMWITQV,swapped_1700,5,0.00031959976,0.0
4645,GLCTLVAML,10x,5,0.5088362,0.0
4374,GILGFVFTL,positive,5,0.024763072,1.0
6162,GILGFVFTL,10x,5,0.3895889,0.0
926,GILGFVFTL,10x,5,0.24426354,0.0
5630,GLCTLVAML,swapped_4215,5,5.1877973e-06,0.0
4610,GILGFVFTL,10x,5,0.2792881,0.0
5930,NLVPMVATV,positive,5,0.5088362,1.0
6353,GILGFVFTL,10x,5,0.33449602,0.0
5071,NLVPMVATV,10x,5,0.24543658,0.0
5276,GILGFVFTL,10x,5,0.33098614,0.0
671,GILGFVFTL,10x,5,0.27922037,0.0
3160,RMFPNAPYL,10x,5,0.5088362,0.0
2511,GLCTLVAML,swapped_1672,5,0.00023373368,0.0
696,GLCTLVAML,10x,5,0.4521742,0.0
4869,GILGFVFTL,10x,5,0.50085187,0.0
6715,GLCTLVAML,swapped_5990,5,1.7921047e-05,0.0
2167,GILGFVFTL,10x,5,0.317603,0.0
2683,FLYALALLL,swapped_1693,5,9.9490904e-08,0.0
4858,GILGFVFTL,10x,5,0.45266575,0.0
103,GILGFVFTL,positive,5,0.06354179,1.0
3126,GILGFVFTL,10x,5,0.37029082,0.0
4906,GILGFVFTL,10x,5,0.26151115,0.0
5208,GILGFVFTL,10x,5,0.27643284,0.0
